rank_model,player_id,player_display,name_key,field_status,r1_tee_time,r1_wave,data_depth_class,baseline_confidence_band,neutral_skill_sg,neutral_skill_index,venue_fit_score,venue_fit_delta,venue_fit_conf_band,comp_course_adjustment,comp_course_trace,venue_history_rounds,venue_history_sg,venue_history_delta,venue_history_conf_band,pre_penalty_vts,blend_class,blend_weights_used,tier_eligibility_gate_status,debut_flag,debut_class,debut_penalty_applied,anti_pattern_flags,anti_pattern_penalty_total,ap_pen_bomb_spray,ap_pen_wedge_liab,ap_pen_poor_birdie,ap_pen_rough_approach,anti_pattern_trigger_trace,anti_pattern_modifier_trace,primary_risk_trait,risk_stressor_active,risk_secondary_discount_applied,risk_discount_trace,form_score_adjusted,recent_form_index,form_vs_baseline,recent_form_gate_applied,recent_form_gate_reason,form_delta_vts,injury_flag,health_gate_status,health_gate_reason,health_delta_vts,player_variance_band,volatility_index,venue_variance_class,variance_adjustment_trace,probability_compression_class,probability_compression_coefficients,probability_compression_trace,vts_final_raw,vts_final,tier,tier_reason,tier_gate_check,win_pct,top3_pct,top5_pct,top10_pct,top20_pct,make_cut_pct,miss_cut_pct,no_cut_note,primary_trait_driver,trait_summary_label,trace_notes
1,23,"Scheffler, Scottie",SCHEFFLER_SCOTTIE,confirmed,TBD,TBD,deep,high,3.17,100.0,89.84675627202843,-10.15324372797157,high,-0.4,"DataGolf course-fit tool; comp courses: Colonial CC, TPC Potomac, Harbour Town; cf_adj_total scaled ×20, capped ±7 VTS pts",22,2.321,-0.008000000000000007,medium,81.95162688160852,Balanced,"{""neutral"": 0.4, ""venuefit"": 0.3, ""venuehistory"": 0.3}",clear,False,,0.0,,0.0,0.0,0.0,0.0,0.0,,Standard venue (non-major birdie-fest). AP_TO_VTS=2.0 (vs 3.0 for major). Mild weather — no setup amplification. Weather modifier ×1.0 all patterns.,ARG_Bunker,False,0.0,,3.04868833771,100.0,-0.266619038,False,,0.0,False,ok,,0.0,low,25.0,standard,Standard venue variance class. No compression multiplier applied.,standard,"{""win_exponent"": 4.5, ""win_cap"": 0.14, ""top3_center"": 80, ""top5_center"": 76, ""top10_center"": 68, ""top20_center"": 59}","72-player no-cut field. Win exp=4.5, cap=0.14. No cut survival probability generated (not applicable).",81.95162688160852,81.95162688160852,1,Tier1: NeutralSG=3.17+VFD=-10.2; 22CH-rds → elite birdie-fest fit at TPC River Highlands,ok,0.14030784234986848,0.49377275649301505,0.5800939446216585,0.7004481775166498,0.7762413455869349,not_applicable,not_applicable,Signature event — all 72 players complete 4 rounds (barring WD). make_cut_pct and miss_cut_pct are not_applicable. No cut-survival probability is generated.,APP_Wedge,APP_Wedge+APP_100-150; weak ARG_Bunker,NeutralSG=3.17; VFD=-10.2; VHD=-0.0(22rds); →Tier1 VTS=82.0
2,32,"Fleetwood, Tommy",FLEETWOOD_TOMMY,confirmed,TBD,TBD,deep,high,2.09,73.91304347826086,77.26015603630896,3.347112558048096,high,2.4,"DataGolf course-fit tool; comp courses: Colonial CC, TPC Potomac, Harbour Town; cf_adj_total scaled ×20, capped ±7 VTS pts",18,1.76,1.0136,medium,68.04734420219702,Balanced,"{""neutral"": 0.4, ""venuefit"": 0.3, ""venuehistory"": 0.3}",clear,False,,0.0,,0.0,0.0,0.0,0.0,0.0,,Standard venue (non-major birdie-fest). AP_TO_VTS=2.0 (vs 3.0 for major). Mild weather — no setup amplification. Weather modifier ×1.0 all patterns.,ARG_Bunker,False,0.0,,1.9078772282599998,71.08690592875838,-0.4002698279999999,False,,-0.4002698279999999,False,ok,,0.0,low,25.0,standard,Standard venue variance class. No compression multiplier applied.,standard,"{""win_exponent"": 4.5, ""win_cap"": 0.14, ""top3_center"": 80, ""top5_center"": 76, ""top10_center"": 68, ""top20_center"": 59}","72-player no-cut field. Win exp=4.5, cap=0.14. No cut survival probability generated (not applicable).",67.64707437419702,67.64707437419702,2,"Tier2: NeutralSG=2.09, VFD=3.3; 18CH-rds",ok,0.060110011336926325,0.20273080152228753,0.27227443502220294,0.4428538568839124,0.5997236903111912,not_applicable,not_applicable,Signature event — all 72 players complete 4 rounds (barring WD). make_cut_pct and miss_cut_pct are not_applicable. No cut-survival probability is generated.,OTT_Accuracy,OTT_Accuracy+PUTT_BirdieConv; weak ARG_Bunker,NeutralSG=2.09; VFD=3.3; VHD=1.0(18rds); →Tier2 VTS=67.6
3,12,"Henley, Russell",HENLEY_RUSSELL,confirmed,TBD,TBD,deep,high,1.86,68.35748792270532,80.58500265820987,12.227514735504556,high,5.6,"DataGolf course-fit tool; comp courses: Colonial CC, TPC Potomac, Harbour Town; cf_adj_total scaled ×20, capped ±7 VTS pts",30,1.445,1.4056,medium,66.94017596654508,Balanced,"{""neutral"": 0.4, ""venuefit"": 0.3, ""venuehistory"": 0.3}",clear,False,,0.0,,0.0,0.0,0.0,0.0,0.0,,Standard venue (non-major birdie-fest). AP_TO_VTS=2.0 (vs 3.0 for major). Mild weather — no setup amplification. Weather modifier ×1.0 all patterns.,ARG_Bunker,False,0.0,,1.746234257,68.01131574372292,-0.2500346,False,,0.0,False,ok,,0.0,low,25.0,standard,Standard venue variance class. No compression multiplier applied.,standard,"{""win_exponent"": 4.5, ""win_cap"": 0.14, ""top3_center"": 80, ""top5_center"": 76, ""top10_center"": 68, ""top20_center"": 59}","72-player no-cut field. Win exp=4.5, cap=0.14. No cut survival probability generated (not applicable).",66.94017596654508,66.94017596654508,2,"Tier2: NeutralSG=1.86, VFD=12.2; 30CH-rds",ok,0.0573346345537376,0.1918439189832697,0.2590403983353511,0.42855482012573703,0.5883037168049191,not_applicable,not_applicable,Signature event — all 72 players complete 4 rounds (barring WD). make_cut_pct and miss_cut_pct are not_applicable. No cut-survival probability is generated.,OTT_Accuracy,OTT_Accuracy+APP_100-150; weak ARG_Bunker,NeutralSG=1.86; VFD=12.2; VHD=1.4(30rds); →Tier2 VTS=66.9
4,38,"Fitzpatrick, Matt",FITZPATRICK_MATT,confirmed,TBD,TBD,deep,high,2.02,72.22222222222223,71.83610282678455,-0.3861193954376745,high,-0.2,"DataGolf course-fit tool; comp courses: Colonial CC, TPC Potomac, Harbour Town; cf_adj_total scaled ×20, capped ±7 VTS pts",14,0.727,-0.8535999999999999,medium,65.18363973692426,Balanced,"{""neutral"": 0.4, ""venuefit"": 0.3, ""venuehistory"": 0.3}",clear,False,,0.0,,0.0,0.0,0.0,0.0,0.0,,Standard venue (non-major birdie-fest). AP_TO_VTS=2.0 (vs 3.0 for major). Mild weather — no setup amplification. Weather modifier ×1.0 all patterns.,PUTT_Lag,False,0.0,,2.019976188485,76.2644636990783,-5.233300000018204e-05,False,,0.0,False,ok,,0.0,low,25.0,standard,Standard venue variance class. No compression multiplier applied.,standard,"{""win_exponent"": 4.5, ""win_cap"": 0.14, ""top3_center"": 80, ""top5_center"": 76, ""top10_center"": 68, ""top20_center"": 59}","72-player no-cut field. Win exp=4.5, cap=0.14. No cut survival probability generated (not applicable).",65.18363973692426,65.18363973692426,2,"Tier2: NeutralSG=2.02, VFD=-0.4; 14CH-rds",ok,0.05086862010648589,0.1666623909162468,0.2278768848701337,0.39327210238024973,0.559089836888966,not_applicable,not_applicable,Signature event — all 72 players complete 4 rounds (barring WD). make_cut_pct and miss_cut_pct are not_applicable. No cut-survival probability is generated.,ARG_Rough,ARG_Rough+ARG_Bunker; weak PUTT_Lag,NeutralSG=2.02; VFD=-0.4; VHD=-0.9(14rds); →Tier2 VTS=65.2
5,42,"Young, Cameron",YOUNG_CAMERON,confirmed,TBD,TBD,deep,high,2.02,72.22222222222223,67.93683894283997,-4.285383279382259,high,-2.2,"DataGolf course-fit tool; comp courses: Colonial CC, TPC Potomac, Harbour Town; cf_adj_total scaled ×20, capped ±7 VTS pts",12,0.702,0.015200000000000005,medium,64.27450057174089,Balanced,"{""neutral"": 0.4, ""venuefit"": 0.3, ""venuehistory"": 0.3}",clear,False,,0.0,,0.0,0.0,0.0,0.0,0.0,,Standard venue (non-major birdie-fest). AP_TO_VTS=2.0 (vs 3.0 for major). Mild weather — no setup amplification. Weather modifier ×1.0 all patterns.,ARG_Bunker,False,0.0,,2.050317962675,77.4145184905933,0.0666328850000002,False,,0.0,False,ok,,0.0,low,25.0,standard,Standard venue variance class. No compression multiplier applied.,standard,"{""win_exponent"": 4.5, ""win_cap"": 0.14, ""top3_center"": 80, ""top5_center"": 76, ""top10_center"": 68, ""top20_center"": 59}","72-player no-cut field. Win exp=4.5, cap=0.14. No cut survival probability generated (not applicable).",64.27450057174089,64.27450057174089,3,"Tier3: NeutralSG=2.02, moderate fit VFD=-4.3; 12CH-rds",ok,0.0477529739462429,0.15466786290255935,0.2127549414946125,0.37525755700552366,0.5435569586985061,not_applicable,not_applicable,Signature event — all 72 players complete 4 rounds (barring WD). make_cut_pct and miss_cut_pct are not_applicable. No cut-survival probability is generated.,OTT_Distance,OTT_Distance+PAR5_Scoring; weak ARG_Bunker,NeutralSG=2.02; VFD=-4.3; VHD=0.0(12rds); →Tier3 VTS=64.3
6,39,"Aberg, Ludvig",ABERG_LUDVIG,confirmed,TBD,TBD,deep,high,1.84,67.8743961352657,69.19218313970148,1.317787004435786,high,-1.8,"DataGolf course-fit tool; comp courses: Colonial CC, TPC Potomac, Harbour Town; cf_adj_total scaled ×20, capped ±7 VTS pts",12,1.119,0.0456,medium,62.92109339601672,Balanced,"{""neutral"": 0.4, ""venuefit"": 0.3, ""venuehistory"": 0.3}",clear,False,,0.0,,0.0,0.0,0.0,0.0,0.0,,Standard venue (non-major birdie-fest). AP_TO_VTS=2.0 (vs 3.0 for major). Mild weather — no setup amplification. Weather modifier ×1.0 all patterns.,ARG_Bunker,False,0.0,,1.8755791627100002,73.17924399763909,0.0781959619999999,False,,0.0,False,ok,,0.0,low,25.0,standard,Standard venue variance class. No compression multiplier applied.,standard,"{""win_exponent"": 4.5, ""win_cap"": 0.14, ""top3_center"": 80, ""top5_center"": 76, ""top10_center"": 68, ""top20_center"": 59}","72-player no-cut field. Win exp=4.5, cap=0.14. No cut survival probability generated (not applicable).",62.92109339601672,62.92109339601672,3,"Tier3: NeutralSG=1.84, moderate fit VFD=1.3; 12CH-rds",ok,0.04339197314971771,0.13809375630027268,0.1915560243235259,0.34890626795412866,0.5200065675119155,not_applicable,not_applicable,Signature event — all 72 players complete 4 rounds (barring WD). make_cut_pct and miss_cut_pct are not_applicable. No cut-survival probability is generated.,OTT_Distance,OTT_Distance+APP_100-150; weak ARG_Bunker,NeutralSG=1.84; VFD=1.3; VHD=0.0(12rds); →Tier3 VTS=62.9
7,7,"Rose, Justin",ROSE_JUSTIN,confirmed,TBD,TBD,deep,high,1.57,61.352657004830924,69.04821797936378,7.69556097453286,high,0.4,"DataGolf course-fit tool; comp courses: Colonial CC, TPC Potomac, Harbour Town; cf_adj_total scaled ×20, capped ±7 VTS pts",38,0.811,-0.08560000000000001,medium,60.2298481957415,Balanced,"{""neutral"": 0.4, ""venuefit"": 0.3, ""venuehistory"": 0.3}",clear,False,,0.0,,0.0,0.0,0.0,0.0,0.0,,Standard venue (non-major birdie-fest). AP_TO_VTS=2.0 (vs 3.0 for major). Mild weather — no setup amplification. Weather modifier ×1.0 all patterns.,ARG_Bunker,False,0.0,,1.5083845065150001,62.843203856619446,-0.13541866700000016,False,,0.0,False,ok,,0.0,low,25.0,standard,Standard venue variance class. No compression multiplier applied.,standard,"{""win_exponent"": 4.5, ""win_cap"": 0.14, ""top3_center"": 80, ""top5_center"": 76, ""top10_center"": 68, ""top20_center"": 59}","72-player no-cut field. Win exp=4.5, cap=0.14. No cut survival probability generated (not applicable).",60.2298481957415,60.2298481957415,3,"Tier3: NeutralSG=1.57, moderate fit VFD=7.7; 38CH-rds",ok,0.035643404874391264,0.1094736430740204,0.1540967586558066,0.2987679737506134,0.47211942708332355,not_applicable,not_applicable,Signature event — all 72 players complete 4 rounds (barring WD). make_cut_pct and miss_cut_pct are not_applicable. No cut-survival probability is generated.,APP_Wedge,APP_Wedge+APP_100-150; weak ARG_Bunker,NeutralSG=1.57; VFD=7.7; VHD=-0.1(38rds); →Tier3 VTS=60.2
8,31,"Hovland, Viktor",HOVLAND_VIKTOR,confirmed,TBD,TBD,deep,high,1.33,55.55555555555556,69.46703822729837,13.911482671742817,high,1.4,"DataGolf course-fit tool; comp courses: Colonial CC, TPC Potomac, Harbour Town; cf_adj_total scaled ×20, capped ±7 VTS pts",19,1.423,0.1336,medium,58.10241369041174,Balanced,"{""neutral"": 0.4, ""venuefit"": 0.3, ""venuehistory"": 0.3}",clear,False,,0.0,,0.0,0.0,0.0,0.0,0.0,,Standard venue (non-major birdie-fest). AP_TO_VTS=2.0 (vs 3.0 for major). Mild weather — no setup amplification. Weather modifier ×1.0 all patterns.,ARG_Bunker,False,0.0,,1.233006723165,55.58934535273128,-0.2131720370000001,False,,0.0,False,ok,,0.0,low,25.0,standard,Standard venue variance class. No compression multiplier applied.,standard,"{""win_exponent"": 4.5, ""win_cap"": 0.14, ""top3_center"": 80, ""top5_center"": 76, ""top10_center"": 68, ""top20_center"": 59}","72-player no-cut field. Win exp=4.5, cap=0.14. No cut survival probability generated (not applicable).",58.10241369041174,58.10241369041174,3,"Tier3: NeutralSG=1.33, moderate fit VFD=13.9; 19CH-rds",ok,0.03031796234637013,0.09060655022771782,0.12879208672079487,0.26185348623821164,0.4338503850939985,not_applicable,not_applicable,Signature event — all 72 players complete 4 rounds (barring WD). make_cut_pct and miss_cut_pct are not_applicable. No cut-survival probability is generated.,APP_Wedge,APP_Wedge+APP_100-150; weak ARG_Bunker,NeutralSG=1.33; VFD=13.9; VHD=0.1(19rds); →Tier3 VTS=58.1
9,62,"Noren, Alex",NOREN_ALEX,confirmed,TBD,TBD,deep,high,1.27,54.10628019323672,66.02091753041493,11.914637337178213,high,2.0,"DataGolf course-fit tool; comp courses: Colonial CC, TPC Potomac, Harbour Town; cf_adj_total scaled ×20, capped ±7 VTS pts",4,1.006,-0.039999999999999994,low,57.654461232263586,Blended,"{""neutral"": 0.5, ""venuefit"": 0.35, ""venuehistory"": 0.15}",clear,False,,0.0,,0.0,0.0,0.0,0.0,0.0,,Standard venue (non-major birdie-fest). AP_TO_VTS=2.0 (vs 3.0 for major). Mild weather — no setup amplification. Weather modifier ×1.0 all patterns.,OTT_Distance,False,0.0,,1.1621254236449998,53.69867715512544,-0.23708698100000003,False,,0.0,False,ok,,0.0,low,25.0,standard,Standard venue variance class. No compression multiplier applied.,standard,"{""win_exponent"": 4.5, ""win_cap"": 0.14, ""top3_center"": 80, ""top5_center"": 76, ""top10_center"": 68, ""top20_center"": 59}","72-player no-cut field. Win exp=4.5, cap=0.14. No cut survival probability generated (not applicable).",57.654461232263586,57.654461232263586,3,"Tier3: NeutralSG=1.27, moderate fit VFD=11.9; 4CH-rds",ok,0.0292802214302417,0.08702115197442285,0.12392700305413319,0.2544317172322658,0.4258036613265899,not_applicable,not_applicable,Signature event — all 72 players complete 4 rounds (barring WD). make_cut_pct and miss_cut_pct are not_applicable. No cut-survival probability is generated.,PUTT_BirdieConv,PUTT_BirdieConv+PUTT_Lag; weak OTT_Distance,NeutralSG=1.27; VFD=11.9; VHD=-0.0(4rds); →Tier3 VTS=57.7
10,17,"Schauffele, Xander",SCHAUFFELE_XANDER,confirmed,TBD,TBD,deep,high,1.86,68.35748792270532,64.37335428684368,-3.984133635861639,high,-2.4,"DataGolf course-fit tool; comp courses: Colonial CC, TPC Potomac, Harbour Town; cf_adj_total scaled ×20, capped ±7 VTS pts",26,1.684,0.7192000000000001,medium,61.87076145513524,Balanced,"{""neutral"": 0.4, ""venuefit"": 0.3, ""venuehistory"": 0.3}",clear,False,,0.0,bomb_and_spray,-3.028241335044929,-3.028241335044929,0.0,0.0,0.0,bomb_and_spray,Standard venue (non-major birdie-fest). AP_TO_VTS=2.0 (vs 3.0 for major). Mild weather — no setup amplification. Weather modifier ×1.0 all patterns.,ARG_Bunker,False,0.0,,1.881077511,73.12232637200988,0.04632419999999993,False,,0.0,False,ok,,0.0,low,25.0,standard,Standard venue variance class. No compression multiplier applied.,standard,"{""win_exponent"": 4.5, ""win_cap"": 0.14, ""top3_center"": 80, ""top5_center"": 76, ""top10_center"": 68, ""top20_center"": 59}","72-player no-cut field. Win exp=4.5, cap=0.14. No cut survival probability generated (not applicable).",55.81427878504538,55.81427878504538,3,"Tier3: NeutralSG=1.86, moderate fit VFD=-4.0; 26CH-rds",ok,0.025303474117430294,0.07359065883576928,0.10554004556699009,0.22532033461358658,0.3929653958736407,not_applicable,not_applicable,Signature event — all 72 players complete 4 rounds (barring WD). make_cut_pct and miss_cut_pct are not_applicable. No cut-survival probability is generated.,OTT_Distance,OTT_Distance+APP_150-200; weak ARG_Bunker,NeutralSG=1.86; VFD=-4.0; VHD=0.7(26rds); AP=-3.0SG(bomb_and_spray); →Tier3 VTS=55.8
11,51,"Bhatia, Akshay",BHATIA_AKSHAY,confirmed,TBD,TBD,deep,high,1.13,50.724637681159415,62.04378588826327,11.319148207103858,high,-2.2,"DataGolf course-fit tool; comp courses: Colonial CC, TPC Potomac, Harbour Town; cf_adj_total scaled ×20, capped ±7 VTS pts",8,1.186,0.7767999999999999,medium,54.136030838942744,Balanced,"{""neutral"": 0.4, ""venuefit"": 0.3, ""venuehistory"": 0.3}",clear,False,,0.0,,0.0,0.0,0.0,0.0,0.0,,Standard venue (non-major birdie-fest). AP_TO_VTS=2.0 (vs 3.0 for major). Mild weather — no setup amplification. Weather modifier ×1.0 all patterns.,OTT_Accuracy,False,0.0,,1.19056427741,56.6338688899324,0.13310830200000012,False,,0.0,False,ok,,0.0,low,25.0,standard,Standard venue variance class. No compression multiplier applied.,standard,"{""win_exponent"": 4.5, ""win_cap"": 0.14, ""top3_center"": 80, ""top5_center"": 76, ""top10_center"": 68, ""top20_center"": 59}","72-player no-cut field. Win exp=4.5, cap=0.14. No cut survival probability generated (not applicable).",54.136030838942744,54.136030838942744,3,"Tier3: NeutralSG=1.13, moderate fit VFD=11.3; 8CH-rds",ok,0.022055406883759277,0.06301713551063017,0.09088084695892751,0.2007797538963646,0.36353677926012345,not_applicable,not_applicable,Signature event — all 72 players complete 4 rounds (barring WD). make_cut_pct and miss_cut_pct are not_applicable. No cut-survival probability is generated.,APP_100-150,APP_100-150+APP_150-200; weak OTT_Accuracy,NeutralSG=1.13; VFD=11.3; VHD=0.8(8rds); →Tier3 VTS=54.1
12,48,"Griffin, Ben",GRIFFIN_BEN,confirmed,TBD,TBD,deep,high,1.4,57.24637681159421,56.085835094075215,-1.1605417175189956,high,-2.2,"DataGolf course-fit tool; comp courses: Colonial CC, TPC Potomac, Harbour Town; cf_adj_total scaled ×20, capped ±7 VTS pts",10,-0.082,-1.86,medium,54.16630125286025,Balanced,"{""neutral"": 0.4, ""venuefit"": 0.3, ""venuehistory"": 0.3}",clear,False,,0.0,,0.0,0.0,0.0,0.0,0.0,,Standard venue (non-major birdie-fest). AP_TO_VTS=2.0 (vs 3.0 for major). Mild weather — no setup amplification. Weather modifier ×1.0 all patterns.,OTT_Accuracy,False,0.0,,1.2337460571449999,54.688736586916434,-0.365393281,False,,-0.365393281,False,ok,,0.0,low,25.0,standard,Standard venue variance class. No compression multiplier applied.,standard,"{""win_exponent"": 4.5, ""win_cap"": 0.14, ""top3_center"": 80, ""top5_center"": 76, ""top10_center"": 68, ""top20_center"": 59}","72-player no-cut field. Win exp=4.5, cap=0.14. No cut survival probability generated (not applicable).",53.80090797186025,53.80090797186025,3,"Tier3: NeutralSG=1.40, moderate fit VFD=-1.2; 10CH-rds",ok,0.021447636880366584,0.0610812336241792,0.08817914557899664,0.1961143076639775,0.3577425355133944,not_applicable,not_applicable,Signature event — all 72 players complete 4 rounds (barring WD). make_cut_pct and miss_cut_pct are not_applicable. No cut-survival probability is generated.,ARG_Bunker,ARG_Bunker+ARG_Rough; weak OTT_Accuracy,NeutralSG=1.40; VFD=-1.2; VHD=-1.9(10rds); →Tier3 VTS=53.8
13,15,"Fowler, Rickie",FOWLER_RICKIE,confirmed,TBD,TBD,deep,high,1.18,51.93236714975845,59.39999589804566,7.467628748287211,high,1.2,"DataGolf course-fit tool; comp courses: Colonial CC, TPC Potomac, Harbour Town; cf_adj_total scaled ×20, capped ±7 VTS pts",26,0.561,-0.17279999999999995,medium,53.54110562931707,Balanced,"{""neutral"": 0.4, ""venuefit"": 0.3, ""venuehistory"": 0.3}",clear,False,,0.0,,0.0,0.0,0.0,0.0,0.0,,Standard venue (non-major birdie-fest). AP_TO_VTS=2.0 (vs 3.0 for major). Mild weather — no setup amplification. Weather modifier ×1.0 all patterns.,ARG_Bunker,False,0.0,,1.120909787,53.33042200939031,-0.1298686,False,,0.0,False,ok,,0.0,low,25.0,standard,Standard venue variance class. No compression multiplier applied.,standard,"{""win_exponent"": 4.5, ""win_cap"": 0.14, ""top3_center"": 80, ""top5_center"": 76, ""top10_center"": 68, ""top20_center"": 59}","72-player no-cut field. Win exp=4.5, cap=0.14. No cut survival probability generated (not applicable).",53.54110562931707,53.54110562931707,3,"Tier3: NeutralSG=1.18, moderate fit VFD=7.5; 26CH-rds",ok,0.020985495763717513,0.059618532830495986,0.08613416147278324,0.19255160467351068,0.3532723375421208,not_applicable,not_applicable,Signature event — all 72 players complete 4 rounds (barring WD). make_cut_pct and miss_cut_pct are not_applicable. No cut-survival probability is generated.,OTT_Accuracy,OTT_Accuracy+OTT_Distance; weak ARG_Bunker,NeutralSG=1.18; VFD=7.5; VHD=-0.2(26rds); →Tier3 VTS=53.5
14,36,"Morikawa, Collin",MORIKAWA_COLLIN,confirmed,TBD,TBD,deep,high,1.32,55.31400966183575,68.26814728319083,12.95413762135508,high,3.0,"DataGolf course-fit tool; comp courses: Colonial CC, TPC Potomac, Harbour Town; cf_adj_total scaled ×20, capped ±7 VTS pts",16,0.569,-2.788,medium,56.769648049691554,Balanced,"{""neutral"": 0.4, ""venuefit"": 0.3, ""venuehistory"": 0.3}",clear,False,,0.0,poor_birdie_conv,-2.3460826650215925,0.0,0.0,-2.3460826650215925,0.0,poor_birdie_conv,Standard venue (non-major birdie-fest). AP_TO_VTS=2.0 (vs 3.0 for major). Mild weather — no setup amplification. Weather modifier ×1.0 all patterns.,PUTT_Lag,False,0.0,,1.558753125065,68.06888592682736,0.524732143,False,,0.0,False,ok,,0.0,low,25.0,standard,Standard venue variance class. No compression multiplier applied.,standard,"{""win_exponent"": 4.5, ""win_cap"": 0.14, ""top3_center"": 80, ""top5_center"": 76, ""top10_center"": 68, ""top20_center"": 59}","72-player no-cut field. Win exp=4.5, cap=0.14. No cut survival probability generated (not applicable).",52.07748271964837,52.07748271964837,3,"Tier3: NeutralSG=1.32, moderate fit VFD=13.0; 16CH-rds",ok,0.018524698610178036,0.051969885190736434,0.07538890717653446,0.17336479486320105,0.3284846187746622,not_applicable,not_applicable,Signature event — all 72 players complete 4 rounds (barring WD). make_cut_pct and miss_cut_pct are not_applicable. No cut-survival probability is generated.,APP_Wedge,APP_Wedge+APP_100-150; weak PUTT_Lag,NeutralSG=1.32; VFD=13.0; VHD=-2.8(16rds); AP=-2.3SG(poor_birdie_conv); →Tier3 VTS=52.1
15,19,"Kim, Si Woo",KIM_SI WOO,confirmed,TBD,TBD,deep,high,1.46,58.69565217391304,66.27121463674058,7.575562462827541,high,4.0,"DataGolf course-fit tool; comp courses: Colonial CC, TPC Potomac, Harbour Town; cf_adj_total scaled ×20, capped ±7 VTS pts",25,0.426,-0.56,medium,58.191625260587394,Balanced,"{""neutral"": 0.4, ""venuefit"": 0.3, ""venuehistory"": 0.3}",clear,False,,0.0,poor_birdie_conv,-3.1030228254164087,0.0,0.0,-3.1030228254164087,0.0,poor_birdie_conv,Standard venue (non-major birdie-fest). AP_TO_VTS=2.0 (vs 3.0 for major). Mild weather — no setup amplification. Weather modifier ×1.0 all patterns.,PUTT_Lag,False,0.0,,1.6319189549349997,68.98485175858447,0.377843857,False,,0.0,False,ok,,0.0,low,25.0,standard,Standard venue variance class. No compression multiplier applied.,standard,"{""win_exponent"": 4.5, ""win_cap"": 0.14, ""top3_center"": 80, ""top5_center"": 76, ""top10_center"": 68, ""top20_center"": 59}","72-player no-cut field. Win exp=4.5, cap=0.14. No cut survival probability generated (not applicable).",51.98557960975457,51.98557960975457,3,"Tier3: NeutralSG=1.46, moderate fit VFD=7.6; 25CH-rds",ok,0.018378041689209774,0.05152167049882615,0.07475651989677598,0.1722100066295849,0.3269525163804765,not_applicable,not_applicable,Signature event — all 72 players complete 4 rounds (barring WD). make_cut_pct and miss_cut_pct are not_applicable. No cut-survival probability is generated.,OTT_Accuracy,OTT_Accuracy+APP_150-200; weak PUTT_Lag,NeutralSG=1.46; VFD=7.6; VHD=-0.6(25rds); AP=-3.1SG(poor_birdie_conv); →Tier3 VTS=52.0
16,24,"Spaun, J.J.",SPAUN_J.J.,confirmed,TBD,TBD,deep,high,1.42,57.729468599033815,66.24327864710689,8.513810048073076,high,2.8,"DataGolf course-fit tool; comp courses: Colonial CC, TPC Potomac, Harbour Town; cf_adj_total scaled ×20, capped ±7 VTS pts",22,-0.081,-0.5960000000000001,medium,57.78597103374559,Balanced,"{""neutral"": 0.4, ""venuefit"": 0.3, ""venuehistory"": 0.3}",clear,False,,0.0,poor_birdie_conv,-3.04194941394201,0.0,0.0,-3.04194941394201,0.0,poor_birdie_conv,Standard venue (non-major birdie-fest). AP_TO_VTS=2.0 (vs 3.0 for major). Mild weather — no setup amplification. Weather modifier ×1.0 all patterns.,PUTT_Lag,False,0.0,,1.266757456,55.67465566006871,-0.3367967999999999,False,,-0.3367967999999999,False,ok,,0.0,low,25.0,standard,Standard venue variance class. No compression multiplier applied.,standard,"{""win_exponent"": 4.5, ""win_cap"": 0.14, ""top3_center"": 80, ""top5_center"": 76, ""top10_center"": 68, ""top20_center"": 59}","72-player no-cut field. Win exp=4.5, cap=0.14. No cut survival probability generated (not applicable).",51.36527540586157,51.36527540586157,3,"Tier3: NeutralSG=1.42, moderate fit VFD=8.5; 22CH-rds",ok,0.017411633610656042,0.04859016505990084,0.07061300981094745,0.16456921157100482,0.31669357809572873,not_applicable,not_applicable,Signature event — all 72 players complete 4 rounds (barring WD). make_cut_pct and miss_cut_pct are not_applicable. No cut-survival probability is generated.,APP_Wedge,APP_Wedge+APP_150-200; weak PUTT_Lag,NeutralSG=1.42; VFD=8.5; VHD=-0.6(22rds); AP=-3.0SG(poor_birdie_conv); →Tier3 VTS=51.4
17,34,"Lowry, Shane",LOWRY_SHANE,confirmed,TBD,TBD,deep,high,1.1,50.000000000000014,64.91752889593126,14.917528895931241,high,1.6,"DataGolf course-fit tool; comp courses: Colonial CC, TPC Potomac, Harbour Town; cf_adj_total scaled ×20, capped ±7 VTS pts",18,1.003,0.084,medium,54.50045866877938,Balanced,"{""neutral"": 0.4, ""venuefit"": 0.3, ""venuehistory"": 0.3}",clear,False,,0.0,rough_approach_liab,-1.9118443316412863,0.0,0.0,0.0,-1.9118443316412863,rough_approach_liab,Standard venue (non-major birdie-fest). AP_TO_VTS=2.0 (vs 3.0 for major). Mild weather — no setup amplification. Weather modifier ×1.0 all patterns.,ARG_Bunker,False,0.0,,1.1818163937500001,56.70027996330903,0.17981625,False,,0.0,False,ok,,0.0,low,25.0,standard,Standard venue variance class. No compression multiplier applied.,standard,"{""win_exponent"": 4.5, ""win_cap"": 0.14, ""top3_center"": 80, ""top5_center"": 76, ""top10_center"": 68, ""top20_center"": 59}","72-player no-cut field. Win exp=4.5, cap=0.14. No cut survival probability generated (not applicable).",50.676770005496806,50.676770005496806,3,"Tier3: NeutralSG=1.10, moderate fit VFD=14.9; 18CH-rds",ok,0.016385752622137054,0.04552079121510833,0.06626074928116854,0.15639944799781577,0.30548235043226296,not_applicable,not_applicable,Signature event — all 72 players complete 4 rounds (barring WD). make_cut_pct and miss_cut_pct are not_applicable. No cut-survival probability is generated.,APP_Wedge,APP_Wedge+APP_100-150; weak ARG_Bunker,NeutralSG=1.10; VFD=14.9; VHD=0.1(18rds); AP=-1.9SG(rough_approach_liab); →Tier3 VTS=50.7
18,22,"Burns, Sam",BURNS_SAM,confirmed,TBD,TBD,deep,high,1.6,62.077294685990346,63.17659614768619,1.0993014616958448,high,-3.4,"DataGolf course-fit tool; comp courses: Colonial CC, TPC Potomac, Harbour Town; cf_adj_total scaled ×20, capped ±7 VTS pts",22,0.84,0.7496,medium,59.008776718701995,Balanced,"{""neutral"": 0.4, ""venuefit"": 0.3, ""venuehistory"": 0.3}",clear,False,,0.0,bomb_and_spray;rough_approach_liab,-4.339904081114014,-2.5160462130937096,0.0,0.0,-1.8238578680203048,bomb_and_spray;rough_approach_liab,Standard venue (non-major birdie-fest). AP_TO_VTS=2.0 (vs 3.0 for major). Mild weather — no setup amplification. Weather modifier ×1.0 all patterns.,ARG_Bunker,False,0.0,,1.65166255367,67.87593623351978,0.113544074,False,,0.0,False,ok,,0.0,low,25.0,standard,Standard venue variance class. No compression multiplier applied.,standard,"{""win_exponent"": 4.5, ""win_cap"": 0.14, ""top3_center"": 80, ""top5_center"": 76, ""top10_center"": 68, ""top20_center"": 59}","72-player no-cut field. Win exp=4.5, cap=0.14. No cut survival probability generated (not applicable).",50.32896855647397,50.32896855647397,3,"Tier3: NeutralSG=1.60, moderate fit VFD=1.1; 22CH-rds",ok,0.01588573671518103,0.04404092943151135,0.06415726500972219,0.1523957721257337,0.29989294257005944,not_applicable,not_applicable,Signature event — all 72 players complete 4 rounds (barring WD). make_cut_pct and miss_cut_pct are not_applicable. No cut-survival probability is generated.,PUTT_BirdieConv,PUTT_BirdieConv+PUTT_Lag; weak ARG_Bunker,NeutralSG=1.60; VFD=1.1; VHD=0.7(22rds); AP=-4.3SG(bomb_and_spray;rough_approach_liab); →Tier3 VTS=50.3
19,4,"English, Harris",ENGLISH_HARRIS,confirmed,TBD,TBD,deep,high,1.46,58.69565217391304,62.21030642967766,3.5146542557646185,high,-0.4,"DataGolf course-fit tool; comp courses: Colonial CC, TPC Potomac, Harbour Town; cf_adj_total scaled ×20, capped ±7 VTS pts",43,0.686,0.8759999999999999,medium,57.404152798468516,Balanced,"{""neutral"": 0.4, ""venuefit"": 0.3, ""venuehistory"": 0.3}",clear,False,,0.0,wedge_liability,-3.546835443037975,0.0,-3.546835443037975,0.0,0.0,wedge_liability,Standard venue (non-major birdie-fest). AP_TO_VTS=2.0 (vs 3.0 for major). Mild weather — no setup amplification. Weather modifier ×1.0 all patterns.,APP_Wedge,False,0.0,,1.410423687305,60.58943980143757,-0.10895892899999993,False,,0.0,False,ok,,0.0,low,25.0,standard,Standard venue variance class. No compression multiplier applied.,standard,"{""win_exponent"": 4.5, ""win_cap"": 0.14, ""top3_center"": 80, ""top5_center"": 76, ""top10_center"": 68, ""top20_center"": 59}","72-player no-cut field. Win exp=4.5, cap=0.14. No cut survival probability generated (not applicable).",50.31048191239257,50.31048191239257,3,"Tier3: NeutralSG=1.46, moderate fit VFD=3.5; 43CH-rds",ok,0.01585949569266425,0.04396356115413537,0.0640472018953162,0.152185266465978,0.29959728204330943,not_applicable,not_applicable,Signature event — all 72 players complete 4 rounds (barring WD). make_cut_pct and miss_cut_pct are not_applicable. No cut-survival probability is generated.,PUTT_BirdieConv,PUTT_BirdieConv+PUTT_Lag; weak APP_Wedge,NeutralSG=1.46; VFD=3.5; VHD=0.9(43rds); AP=-3.5SG(wedge_liability); →Tier3 VTS=50.3
20,40,"Matsuyama, Hideki",MATSUYAMA_HIDEKI,confirmed,TBD,TBD,deep,high,1.24,53.3816425120773,58.789944695006675,5.408302182929376,high,-1.8,"DataGolf course-fit tool; comp courses: Colonial CC, TPC Potomac, Harbour Town; cf_adj_total scaled ×20, capped ±7 VTS pts",12,1.619,0.8928,medium,54.25748041333292,Balanced,"{""neutral"": 0.4, ""venuefit"": 0.3, ""venuehistory"": 0.3}",clear,False,,0.0,poor_birdie_conv,-2.1665638494756303,0.0,0.0,-2.1665638494756303,0.0,poor_birdie_conv,Standard venue (non-major birdie-fest). AP_TO_VTS=2.0 (vs 3.0 for major). Mild weather — no setup amplification. Weather modifier ×1.0 all patterns.,PUTT_Lag,False,0.0,,1.203373789015,55.66011339725697,-0.08049716700000009,False,,0.0,False,ok,,0.0,low,25.0,standard,Standard venue variance class. No compression multiplier applied.,standard,"{""win_exponent"": 4.5, ""win_cap"": 0.14, ""top3_center"": 80, ""top5_center"": 76, ""top10_center"": 68, ""top20_center"": 59}","72-player no-cut field. Win exp=4.5, cap=0.14. No cut survival probability generated (not applicable).",49.92435271438166,49.92435271438166,4,"Tier4: Below-avg or mismatch VFD=5.4, AP=-2.2SG; 12CH-rds",ok,0.015319063552091847,0.042376762483730034,0.06178783613017202,0.14784126071772793,0.2934555603743631,not_applicable,not_applicable,Signature event — all 72 players complete 4 rounds (barring WD). make_cut_pct and miss_cut_pct are not_applicable. No cut-survival probability is generated.,ARG_Bunker,ARG_Bunker+ARG_Rough; weak PUTT_Lag,NeutralSG=1.24; VFD=5.4; VHD=0.9(12rds); AP=-2.2SG(poor_birdie_conv); →Tier4 VTS=49.9
21,5,"Cantlay, Patrick",CANTLAY_PATRICK,confirmed,TBD,TBD,deep,high,1.55,60.86956521739131,62.836426519499106,1.9668613021077945,high,-0.8,"DataGolf course-fit tool; comp courses: Colonial CC, TPC Potomac, Harbour Town; cf_adj_total scaled ×20, capped ±7 VTS pts",40,1.778,1.5928,medium,58.67659404280626,Balanced,"{""neutral"": 0.4, ""venuefit"": 0.3, ""venuehistory"": 0.3}",clear,False,,0.0,bomb_and_spray;poor_birdie_conv,-4.532567180277471,-2.3697047496790757,0.0,-2.162862430598396,0.0,bomb_and_spray;poor_birdie_conv,Standard venue (non-major birdie-fest). AP_TO_VTS=2.0 (vs 3.0 for major). Mild weather — no setup amplification. Weather modifier ×1.0 all patterns.,PUTT_Lag,False,0.0,,1.5756168958499999,65.65685985793725,0.05630087000000006,False,,0.0,False,ok,,0.0,low,25.0,standard,Standard venue variance class. No compression multiplier applied.,standard,"{""win_exponent"": 4.5, ""win_cap"": 0.14, ""top3_center"": 80, ""top5_center"": 76, ""top10_center"": 68, ""top20_center"": 59}","72-player no-cut field. Win exp=4.5, cap=0.14. No cut survival probability generated (not applicable).",49.611459682251315,49.611459682251315,4,"Tier4: Below-avg or mismatch VFD=2.0, AP=-4.5SG; 40CH-rds",ok,0.014891733256094065,0.04113101101269367,0.0600113856820526,0.14439469989266765,0.288526785528456,not_applicable,not_applicable,Signature event — all 72 players complete 4 rounds (barring WD). make_cut_pct and miss_cut_pct are not_applicable. No cut-survival probability is generated.,APP_100-150,APP_100-150+APP_Wedge; weak PUTT_Lag,NeutralSG=1.55; VFD=2.0; VHD=1.6(40rds); AP=-4.5SG(bomb_and_spray;poor_birdie_conv); →Tier4 VTS=49.6
22,1,"Harman, Brian",HARMAN_BRIAN,confirmed,TBD,TBD,deep,high,0.71,40.57971014492754,54.98543161100791,14.405721466080372,high,1.8,"DataGolf course-fit tool; comp courses: Colonial CC, TPC Potomac, Harbour Town; cf_adj_total scaled ×20, capped ±7 VTS pts",56,1.614,4.216,medium,48.99231354127339,Balanced,"{""neutral"": 0.4, ""venuefit"": 0.3, ""venuehistory"": 0.3}",clear,False,,0.0,,0.0,0.0,0.0,0.0,0.0,,Standard venue (non-major birdie-fest). AP_TO_VTS=2.0 (vs 3.0 for major). Mild weather — no setup amplification. Weather modifier ×1.0 all patterns.,PUTT_Lag,False,0.0,,0.59142191037,39.49615992126372,-0.26061118599999994,False,,0.0,False,ok,,0.0,low,25.0,standard,Standard venue variance class. No compression multiplier applied.,standard,"{""win_exponent"": 4.5, ""win_cap"": 0.14, ""top3_center"": 80, ""top5_center"": 76, ""top10_center"": 68, ""top20_center"": 59}","72-player no-cut field. Win exp=4.5, cap=0.14. No cut survival probability generated (not applicable).",48.99231354127339,48.99231354127339,4,"Tier4: Below-avg or mismatch VFD=14.4, AP=0.0SG; 56CH-rds",ok,0.014073495971976251,0.03876800416639913,0.05663521372985749,0.1377666090745655,0.2789045978367289,not_applicable,not_applicable,Signature event — all 72 players complete 4 rounds (barring WD). make_cut_pct and miss_cut_pct are not_applicable. No cut-survival probability is generated.,ARG_Rough,ARG_Rough+OTT_Accuracy; weak PUTT_Lag,NeutralSG=0.71; VFD=14.4; VHD=4.2(56rds); →Tier4 VTS=49.0
23,16,"Clark, Wyndham",CLARK_WYNDHAM,confirmed,TBD,TBD,deep,high,1.21,52.65700483091788,54.680498729000945,2.0234938980830677,high,-4.6,"DataGolf course-fit tool; comp courses: Colonial CC, TPC Potomac, Harbour Town; cf_adj_total scaled ×20, capped ±7 VTS pts",26,0.347,1.8304,medium,53.01607155106744,Balanced,"{""neutral"": 0.4, ""venuefit"": 0.3, ""venuehistory"": 0.3}",clear,False,,0.0,bomb_and_spray,-2.0731707317073167,-2.0731707317073167,0.0,0.0,0.0,bomb_and_spray,Standard venue (non-major birdie-fest). AP_TO_VTS=2.0 (vs 3.0 for major). Mild weather — no setup amplification. Weather modifier ×1.0 all patterns.,OTT_Accuracy,False,0.0,,1.310670083605,60.12498721009387,0.22125293099999999,False,,0.0,False,ok,,0.0,low,25.0,standard,Standard venue variance class. No compression multiplier applied.,standard,"{""win_exponent"": 4.5, ""win_cap"": 0.14, ""top3_center"": 80, ""top5_center"": 76, ""top10_center"": 68, ""top20_center"": 59}","72-player no-cut field. Win exp=4.5, cap=0.14. No cut survival probability generated (not applicable).",48.869730087652805,48.869730087652805,4,"Tier4: Below-avg or mismatch VFD=2.0, AP=-2.1SG; 26CH-rds",ok,0.013915728820792143,0.038315782070038044,0.05598812282052601,0.13648427751852907,0.27702059765853515,not_applicable,not_applicable,Signature event — all 72 players complete 4 rounds (barring WD). make_cut_pct and miss_cut_pct are not_applicable. No cut-survival probability is generated.,ARG_Rough,ARG_Rough+ARG_Bunker; weak OTT_Accuracy,NeutralSG=1.21; VFD=2.0; VHD=1.8(26rds); AP=-2.1SG(bomb_and_spray); →Tier4 VTS=48.9
24,41,"Rai, Aaron",RAI_AARON,confirmed,TBD,TBD,deep,high,0.98,47.10144927536232,67.06193622628446,19.96048695092214,high,6.6,"DataGolf course-fit tool; comp courses: Colonial CC, TPC Potomac, Harbour Town; cf_adj_total scaled ×20, capped ±7 VTS pts",12,1.358,0.8408000000000001,medium,54.211400578030265,Balanced,"{""neutral"": 0.4, ""venuefit"": 0.3, ""venuehistory"": 0.3}",clear,False,,0.0,poor_birdie_conv,-2.7328809376927827,0.0,0.0,-2.7328809376927827,0.0,poor_birdie_conv,Standard venue (non-major birdie-fest). AP_TO_VTS=2.0 (vs 3.0 for major). Mild weather — no setup amplification. Weather modifier ×1.0 all patterns.,PUTT_Lag,False,0.0,,0.95662180334,49.756591859859746,-0.05138065199999997,False,,0.0,False,ok,,0.0,low,25.0,standard,Standard venue variance class. No compression multiplier applied.,standard,"{""win_exponent"": 4.5, ""win_cap"": 0.14, ""top3_center"": 80, ""top5_center"": 76, ""top10_center"": 68, ""top20_center"": 59}","72-player no-cut field. Win exp=4.5, cap=0.14. No cut survival probability generated (not applicable).",48.7456387026447,48.7456387026447,4,"Tier4: Below-avg or mismatch VFD=20.0, AP=-2.7SG; 12CH-rds",ok,0.013757425470102082,0.03786313344046434,0.05534010779201131,0.1351961720682724,0.2751206420892734,not_applicable,not_applicable,Signature event — all 72 players complete 4 rounds (barring WD). make_cut_pct and miss_cut_pct are not_applicable. No cut-survival probability is generated.,OTT_Accuracy,OTT_Accuracy+APP_100-150; weak PUTT_Lag,NeutralSG=0.98; VFD=20.0; VHD=0.8(12rds); AP=-2.7SG(poor_birdie_conv); →Tier4 VTS=48.7
25,20,"Taylor, Nick",TAYLOR_NICK,confirmed,TBD,TBD,deep,high,0.84,43.71980676328503,56.34664248019253,12.6268357169075,high,1.6,"DataGolf course-fit tool; comp courses: Colonial CC, TPC Potomac, Harbour Town; cf_adj_total scaled ×20, capped ±7 VTS pts",25,-0.746,-2.3007999999999997,medium,48.70167544937176,Balanced,"{""neutral"": 0.4, ""venuefit"": 0.3, ""venuehistory"": 0.3}",clear,False,,0.0,,0.0,0.0,0.0,0.0,0.0,,Standard venue (non-major birdie-fest). AP_TO_VTS=2.0 (vs 3.0 for major). Mild weather — no setup amplification. Weather modifier ×1.0 all patterns.,PUTT_Lag,False,0.0,,0.87870758619,48.660646257996355,0.08507161800000007,False,,0.0,False,ok,,0.0,low,25.0,standard,Standard venue variance class. No compression multiplier applied.,standard,"{""win_exponent"": 4.5, ""win_cap"": 0.14, ""top3_center"": 80, ""top5_center"": 76, ""top10_center"": 68, ""top20_center"": 59}","72-player no-cut field. Win exp=4.5, cap=0.14. No cut survival probability generated (not applicable).",48.70167544937176,48.70167544937176,4,"Tier4: Below-avg or mismatch VFD=12.6, AP=0.0SG; 25CH-rds",ok,0.013701678885704068,0.0377039983565705,0.05511221423579746,0.13474222724725263,0.27444927582924233,not_applicable,not_applicable,Signature event — all 72 players complete 4 rounds (barring WD). make_cut_pct and miss_cut_pct are not_applicable. No cut-survival probability is generated.,ARG_Bunker,ARG_Bunker+ARG_Rough; weak PUTT_Lag,NeutralSG=0.84; VFD=12.6; VHD=-2.3(25rds); →Tier4 VTS=48.7
26,50,"Gotterup, Chris",GOTTERUP_CHRIS,confirmed,TBD,TBD,deep,high,1.47,58.937198067632856,53.83329827431456,-5.103899793318298,high,-5.8,"DataGolf course-fit tool; comp courses: Colonial CC, TPC Potomac, Harbour Town; cf_adj_total scaled ×20, capped ±7 VTS pts",8,0.101,1.0192,medium,55.03062870934751,Balanced,"{""neutral"": 0.4, ""venuefit"": 0.3, ""venuehistory"": 0.3}",clear,False,,0.0,bomb_and_spray,-3.1784338896020534,-3.1784338896020534,0.0,0.0,0.0,bomb_and_spray,Standard venue (non-major birdie-fest). AP_TO_VTS=2.0 (vs 3.0 for major). Mild weather — no setup amplification. Weather modifier ×1.0 all patterns.,ARG_Bunker,False,0.0,,1.5471896516299999,65.64066587207206,0.16964758599999996,False,,0.0,False,ok,,0.0,low,25.0,standard,Standard venue variance class. No compression multiplier applied.,standard,"{""win_exponent"": 4.5, ""win_cap"": 0.14, ""top3_center"": 80, ""top5_center"": 76, ""top10_center"": 68, ""top20_center"": 59}","72-player no-cut field. Win exp=4.5, cap=0.14. No cut survival probability generated (not applicable).",48.6737609301434,48.6737609301434,4,"Tier4: Below-avg or mismatch VFD=-5.1, AP=-3.2SG; 8CH-rds",ok,0.013666373828630049,0.03760328753751771,0.054967968607646064,0.13445464678816418,0.27402346869290833,not_applicable,not_applicable,Signature event — all 72 players complete 4 rounds (barring WD). make_cut_pct and miss_cut_pct are not_applicable. No cut-survival probability is generated.,OTT_Distance,OTT_Distance+PUTT_BirdieConv; weak ARG_Bunker,NeutralSG=1.47; VFD=-5.1; VHD=1.0(8rds); AP=-3.2SG(bomb_and_spray); →Tier4 VTS=48.7
27,27,"Straka, Sepp",STRAKA_SEPP,confirmed,TBD,TBD,deep,high,0.79,42.512077294685994,61.35681522050873,18.844737925822734,high,1.6,"DataGolf course-fit tool; comp courses: Colonial CC, TPC Potomac, Harbour Town; cf_adj_total scaled ×20, capped ±7 VTS pts",22,0.448,-0.35679999999999995,medium,50.30483548402701,Balanced,"{""neutral"": 0.4, ""venuefit"": 0.3, ""venuehistory"": 0.3}",clear,False,,0.0,rough_approach_liab,-1.684771573604061,0.0,0.0,0.0,-1.684771573604061,rough_approach_liab,Standard venue (non-major birdie-fest). AP_TO_VTS=2.0 (vs 3.0 for major). Mild weather — no setup amplification. Weather modifier ×1.0 all patterns.,ARG_Rough,False,0.0,,0.7564112134049998,44.68851299050595,-0.07382150900000006,False,,0.0,False,ok,,0.0,low,25.0,standard,Standard venue variance class. No compression multiplier applied.,standard,"{""win_exponent"": 4.5, ""win_cap"": 0.14, ""top3_center"": 80, ""top5_center"": 76, ""top10_center"": 68, ""top20_center"": 59}","72-player no-cut field. Win exp=4.5, cap=0.14. No cut survival probability generated (not applicable).",46.93529233681889,46.93529233681889,4,"Tier4: Below-avg or mismatch VFD=18.8, AP=-1.7SG; 22CH-rds",ok,0.011603101670545355,0.03181488284254543,0.0466511538599936,0.11752369278185931,0.24825865386259746,not_applicable,not_applicable,Signature event — all 72 players complete 4 rounds (barring WD). make_cut_pct and miss_cut_pct are not_applicable. No cut-survival probability is generated.,APP_Wedge,APP_Wedge+APP_100-150; weak ARG_Rough,NeutralSG=0.79; VFD=18.8; VHD=-0.4(22rds); AP=-1.7SG(rough_approach_liab); →Tier4 VTS=46.9
28,44,"Cole, Eric",COLE_ERIC,confirmed,TBD,TBD,deep,high,0.65,39.1304347826087,48.421447580920706,9.291012798312003,high,-4.0,"DataGolf course-fit tool; comp courses: Colonial CC, TPC Potomac, Harbour Town; cf_adj_total scaled ×20, capped ±7 VTS pts",11,1.02,2.0832,medium,45.80356818731969,Balanced,"{""neutral"": 0.4, ""venuefit"": 0.3, ""venuehistory"": 0.3}",clear,False,,0.0,,0.0,0.0,0.0,0.0,0.0,,Standard venue (non-major birdie-fest). AP_TO_VTS=2.0 (vs 3.0 for major). Mild weather — no setup amplification. Weather modifier ×1.0 all patterns.,OTT_Accuracy,False,0.0,,0.788472509175,47.76100740111387,0.304335185,False,,0.0,False,ok,,0.0,low,25.0,standard,Standard venue variance class. No compression multiplier applied.,standard,"{""win_exponent"": 4.5, ""win_cap"": 0.14, ""top3_center"": 80, ""top5_center"": 76, ""top10_center"": 68, ""top20_center"": 59}","72-player no-cut field. Win exp=4.5, cap=0.14. No cut survival probability generated (not applicable).",45.80356818731969,45.80356818731969,4,"Tier4: Below-avg or mismatch VFD=9.3, AP=0.0SG; 11CH-rds",ok,0.010396164144130525,0.02851845736842446,0.04189167673060296,0.10750215779110847,0.23231633588113443,not_applicable,not_applicable,Signature event — all 72 players complete 4 rounds (barring WD). make_cut_pct and miss_cut_pct are not_applicable. No cut-survival probability is generated.,ARG_Bunker,ARG_Bunker+PUTT_BirdieConv; weak OTT_Accuracy,NeutralSG=0.65; VFD=9.3; VHD=2.1(11rds); →Tier4 VTS=45.8
29,18,"Mccarthy, Denny",MCCARTHY_DENNY,confirmed,TBD,TBD,deep,high,0.53,36.23188405797102,51.938930131988876,15.707046074017853,high,-1.2,"DataGolf course-fit tool; comp courses: Colonial CC, TPC Potomac, Harbour Town; cf_adj_total scaled ×20, capped ±7 VTS pts",25,0.769,0.976,medium,45.36723266278507,Balanced,"{""neutral"": 0.4, ""venuefit"": 0.3, ""venuehistory"": 0.3}",clear,False,,0.0,,0.0,0.0,0.0,0.0,0.0,,Standard venue (non-major birdie-fest). AP_TO_VTS=2.0 (vs 3.0 for major). Mild weather — no setup amplification. Weather modifier ×1.0 all patterns.,OTT_Accuracy,False,0.0,,0.42884714547,35.72194306861288,-0.22231396600000003,False,,0.0,False,ok,,0.0,low,25.0,standard,Standard venue variance class. No compression multiplier applied.,standard,"{""win_exponent"": 4.5, ""win_cap"": 0.14, ""top3_center"": 80, ""top5_center"": 76, ""top10_center"": 68, ""top20_center"": 59}","72-player no-cut field. Win exp=4.5, cap=0.14. No cut survival probability generated (not applicable).",45.36723266278507,45.36723266278507,4,"Tier4: Below-avg or mismatch VFD=15.7, AP=0.0SG; 25CH-rds",ok,0.0099578716559569,0.02733783832381141,0.04018295476151393,0.10383998689772123,0.22635115671067316,not_applicable,not_applicable,Signature event — all 72 players complete 4 rounds (barring WD). make_cut_pct and miss_cut_pct are not_applicable. No cut-survival probability is generated.,PUTT_BirdieConv,PUTT_BirdieConv+PUTT_Lag; weak OTT_Accuracy,NeutralSG=0.53; VFD=15.7; VHD=1.0(25rds); →Tier4 VTS=45.4
30,49,"Hall, Harry",HALL_HARRY,confirmed,TBD,TBD,deep,high,1.08,49.51690821256038,54.00247967063261,4.485571458072229,high,-2.6,"DataGolf course-fit tool; comp courses: Colonial CC, TPC Potomac, Harbour Town; cf_adj_total scaled ×20, capped ±7 VTS pts",8,1.12,2.044,medium,51.620707186213934,Balanced,"{""neutral"": 0.4, ""venuefit"": 0.3, ""venuehistory"": 0.3}",clear,False,,0.0,wedge_liability,-3.1753497668221184,0.0,-3.1753497668221184,0.0,0.0,wedge_liability,Standard venue (non-major birdie-fest). AP_TO_VTS=2.0 (vs 3.0 for major). Mild weather — no setup amplification. Weather modifier ×1.0 all patterns.,OTT_Accuracy,False,0.0,,0.9045563816500001,46.456520981906316,-0.38559037000000007,False,,-0.38559037000000007,False,ok,,0.0,low,25.0,standard,Standard venue variance class. No compression multiplier applied.,standard,"{""win_exponent"": 4.5, ""win_cap"": 0.14, ""top3_center"": 80, ""top5_center"": 76, ""top10_center"": 68, ""top20_center"": 59}","72-player no-cut field. Win exp=4.5, cap=0.14. No cut survival probability generated (not applicable).",44.88441728256969,44.88441728256969,4,"Tier4: Below-avg or mismatch VFD=4.5, AP=-3.2SG; 8CH-rds",ok,0.009489785279207366,0.026086631455611492,0.03836969761199306,0.09991461832225182,0.219870145613715,not_applicable,not_applicable,Signature event — all 72 players complete 4 rounds (barring WD). make_cut_pct and miss_cut_pct are not_applicable. No cut-survival probability is generated.,ARG_Bunker,ARG_Bunker+PUTT_BirdieConv; weak OTT_Accuracy,NeutralSG=1.08; VFD=4.5; VHD=2.0(8rds); AP=-3.2SG(wedge_liability); →Tier4 VTS=44.9
31,59,"Bridgeman, Jacob",BRIDGEMAN_JACOB,confirmed,TBD,TBD,deep,high,0.97,46.85990338164252,57.21212215601447,10.352218774371956,high,-1.0,"DataGolf course-fit tool; comp courses: Colonial CC, TPC Potomac, Harbour Town; cf_adj_total scaled ×20, capped ±7 VTS pts",4,-0.244,-0.092,low,50.94039444542632,Blended,"{""neutral"": 0.5, ""venuefit"": 0.35, ""venuehistory"": 0.15}",clear,False,,0.0,wedge_liability,-3.235043304463691,0.0,-3.235043304463691,0.0,0.0,wedge_liability,Standard venue (non-major birdie-fest). AP_TO_VTS=2.0 (vs 3.0 for major). Mild weather — no setup amplification. Weather modifier ×1.0 all patterns.,PAR5_Scoring,False,0.0,,1.196870118475,58.995468795312725,0.4986156450000001,False,,0.0,False,ok,,0.0,low,25.0,standard,Standard venue variance class. No compression multiplier applied.,standard,"{""win_exponent"": 4.5, ""win_cap"": 0.14, ""top3_center"": 80, ""top5_center"": 76, ""top10_center"": 68, ""top20_center"": 59}","72-player no-cut field. Win exp=4.5, cap=0.14. No cut survival probability generated (not applicable).",44.47030783649894,44.47030783649894,4,"Tier4: Below-avg or mismatch VFD=10.4, AP=-3.2SG; 4CH-rds",ok,0.009102104896833507,0.0250578841491797,0.03687699788412238,0.09665189660538631,0.21441234191062886,not_applicable,not_applicable,Signature event — all 72 players complete 4 rounds (barring WD). make_cut_pct and miss_cut_pct are not_applicable. No cut-survival probability is generated.,PUTT_BirdieConv,PUTT_BirdieConv+PUTT_Lag; weak PAR5_Scoring,NeutralSG=0.97; VFD=10.4; VHD=-0.1(4rds); AP=-3.2SG(wedge_liability); →Tier4 VTS=44.5
32,25,"Kim, Michael",KIM_MICHAEL,confirmed,TBD,TBD,deep,high,0.54,36.473429951690825,49.550039646979435,13.07660969528861,high,-2.0,"DataGolf course-fit tool; comp courses: Colonial CC, TPC Potomac, Harbour Town; cf_adj_total scaled ×20, capped ±7 VTS pts",22,-0.66,-0.07119999999999999,medium,44.43302387477016,Balanced,"{""neutral"": 0.4, ""venuefit"": 0.3, ""venuehistory"": 0.3}",clear,False,,0.0,,0.0,0.0,0.0,0.0,0.0,,Standard venue (non-major birdie-fest). AP_TO_VTS=2.0 (vs 3.0 for major). Mild weather — no setup amplification. Weather modifier ×1.0 all patterns.,OTT_Accuracy,False,0.0,,0.5159717484799999,38.89159540265096,-0.052809344000000036,False,,0.0,False,ok,,0.0,low,25.0,standard,Standard venue variance class. No compression multiplier applied.,standard,"{""win_exponent"": 4.5, ""win_cap"": 0.14, ""top3_center"": 80, ""top5_center"": 76, ""top10_center"": 68, ""top20_center"": 59}","72-player no-cut field. Win exp=4.5, cap=0.14. No cut survival probability generated (not applicable).",44.43302387477016,44.43302387477016,4,"Tier4: Below-avg or mismatch VFD=13.1, AP=0.0SG; 22CH-rds",ok,0.009067814773458312,0.024967219308094934,0.03674536491967909,0.09636278599710589,0.2139255503620731,not_applicable,not_applicable,Signature event — all 72 players complete 4 rounds (barring WD). make_cut_pct and miss_cut_pct are not_applicable. No cut-survival probability is generated.,PUTT_BirdieConv,PUTT_BirdieConv+APP_100-150; weak OTT_Accuracy,NeutralSG=0.54; VFD=13.1; VHD=-0.1(22rds); →Tier4 VTS=44.4
33,26,"Poston, J.T.",POSTON_J.T.,confirmed,TBD,TBD,deep,high,0.79,42.512077294685994,54.19232635709261,11.680249062406617,high,2.0,"DataGolf course-fit tool; comp courses: Colonial CC, TPC Potomac, Harbour Town; cf_adj_total scaled ×20, capped ±7 VTS pts",22,-0.069,-1.5168,medium,47.807488825002174,Balanced,"{""neutral"": 0.4, ""venuefit"": 0.3, ""venuehistory"": 0.3}",clear,False,,0.0,rough_approach_liab,-1.7379018612521153,0.0,0.0,0.0,-1.7379018612521153,rough_approach_liab,Standard venue (non-major birdie-fest). AP_TO_VTS=2.0 (vs 3.0 for major). Mild weather — no setup amplification. Weather modifier ×1.0 all patterns.,ARG_Rough,False,0.0,,0.835648050175,47.6918542988024,0.10032538499999999,False,,0.0,False,ok,,0.0,low,25.0,standard,Standard venue variance class. No compression multiplier applied.,standard,"{""win_exponent"": 4.5, ""win_cap"": 0.14, ""top3_center"": 80, ""top5_center"": 76, ""top10_center"": 68, ""top20_center"": 59}","72-player no-cut field. Win exp=4.5, cap=0.14. No cut survival probability generated (not applicable).",44.33168510249794,44.33168510249794,4,"Tier4: Below-avg or mismatch VFD=11.7, AP=-1.7SG; 22CH-rds",ok,0.008975120824262084,0.02472239731146488,0.03638985252613639,0.09558081900764008,0.21260628522668532,not_applicable,not_applicable,Signature event — all 72 players complete 4 rounds (barring WD). make_cut_pct and miss_cut_pct are not_applicable. No cut-survival probability is generated.,OTT_Accuracy,OTT_Accuracy+OTT_Distance; weak ARG_Rough,NeutralSG=0.79; VFD=11.7; VHD=-1.5(22rds); AP=-1.7SG(rough_approach_liab); →Tier4 VTS=44.3
34,45,"Mcnealy, Maverick",MCNEALY_MAVERICK,confirmed,TBD,TBD,deep,high,1.5,59.66183574879227,54.16739787567636,-5.494437873115913,high,-4.0,"DataGolf course-fit tool; comp courses: Colonial CC, TPC Potomac, Harbour Town; cf_adj_total scaled ×20, capped ±7 VTS pts",10,0.718,0.37920000000000004,medium,55.22871366221982,Balanced,"{""neutral"": 0.4, ""venuefit"": 0.3, ""venuehistory"": 0.3}",clear,False,,0.0,bomb_and_spray;wedge_liability,-5.718616857054647,-2.3465982028241337,-3.372018654230513,0.0,0.0,bomb_and_spray;wedge_liability,Standard venue (non-major birdie-fest). AP_TO_VTS=2.0 (vs 3.0 for major). Mild weather — no setup amplification. Weather modifier ×1.0 all patterns.,APP_Wedge,False,0.0,,1.53905955326,64.93452279149123,0.08584517199999997,False,,0.0,False,ok,,0.0,low,25.0,standard,Standard venue variance class. No compression multiplier applied.,standard,"{""win_exponent"": 4.5, ""win_cap"": 0.14, ""top3_center"": 80, ""top5_center"": 76, ""top10_center"": 68, ""top20_center"": 59}","72-player no-cut field. Win exp=4.5, cap=0.14. No cut survival probability generated (not applicable).",43.79147994811052,43.79147994811052,4,"Tier4: Below-avg or mismatch VFD=-5.5, AP=-5.7SG; 10CH-rds",ok,0.008493359888476416,0.023456195822367024,0.03454966934200026,0.09150615694623555,0.20566885838874657,not_applicable,not_applicable,Signature event — all 72 players complete 4 rounds (barring WD). make_cut_pct and miss_cut_pct are not_applicable. No cut-survival probability is generated.,PUTT_BirdieConv,PUTT_BirdieConv+ARG_Rough; weak APP_Wedge,NeutralSG=1.50; VFD=-5.5; VHD=0.4(10rds); AP=-5.7SG(bomb_and_spray;wedge_liability); →Tier4 VTS=43.8
35,69,"Meissner, Mac",MEISSNER_MAC,confirmed,TBD,TBD,deep,high,0.74,41.30434782608695,47.301905384713635,5.997557558626681,high,-2.4,"DataGolf course-fit tool; comp courses: Colonial CC, TPC Potomac, Harbour Town; cf_adj_total scaled ×20, capped ±7 VTS pts",0,,0.0,none,43.70337084953763,Neutral+Venue,"{""neutral"": 0.6, ""venuefit"": 0.4, ""venuehistory"": 0.0}",clear,False,,0.0,,0.0,0.0,0.0,0.0,0.0,,Standard venue (non-major birdie-fest). AP_TO_VTS=2.0 (vs 3.0 for major). Mild weather — no setup amplification. Weather modifier ×1.0 all patterns.,PUTT_Lag,False,0.0,,0.72724967514,44.24650166070973,-0.02802269199999996,False,,0.0,False,ok,,0.0,low,25.0,standard,Standard venue variance class. No compression multiplier applied.,standard,"{""win_exponent"": 4.5, ""win_cap"": 0.14, ""top3_center"": 80, ""top5_center"": 76, ""top10_center"": 68, ""top20_center"": 59}","72-player no-cut field. Win exp=4.5, cap=0.14. No cut survival probability generated (not applicable).",43.70337084953763,43.70337084953763,4,"Tier4: Below-avg or mismatch VFD=6.0, AP=0.0SG; 0CH-rds",ok,0.008416730759923228,0.023255750053370314,0.034258128968135286,0.0908563626461456,0.20455258297664905,not_applicable,not_applicable,Signature event — all 72 players complete 4 rounds (barring WD). make_cut_pct and miss_cut_pct are not_applicable. No cut-survival probability is generated.,ARG_Bunker,ARG_Bunker+ARG_Rough; weak PUTT_Lag,NeutralSG=0.74; VFD=6.0; VHD=0.0(0rds); →Tier4 VTS=43.7
36,30,"Spieth, Jordan",SPIETH_JORDAN,confirmed,TBD,TBD,deep,high,0.91,45.410628019323674,50.40315555338527,4.992527534061594,high,-1.4,"DataGolf course-fit tool; comp courses: Colonial CC, TPC Potomac, Harbour Town; cf_adj_total scaled ×20, capped ±7 VTS pts",20,0.238,-2.2960000000000003,medium,47.59639787374505,Balanced,"{""neutral"": 0.4, ""venuefit"": 0.3, ""venuehistory"": 0.3}",clear,False,,0.0,bomb_and_spray,-2.3966623876765087,-2.3966623876765087,0.0,0.0,0.0,bomb_and_spray,Standard venue (non-major birdie-fest). AP_TO_VTS=2.0 (vs 3.0 for major). Mild weather — no setup amplification. Weather modifier ×1.0 all patterns.,ARG_Bunker,False,0.0,,1.000493509015,52.3481083355674,0.19888683299999987,False,,0.0,False,ok,,0.0,low,25.0,standard,Standard venue variance class. No compression multiplier applied.,standard,"{""win_exponent"": 4.5, ""win_cap"": 0.14, ""top3_center"": 80, ""top5_center"": 76, ""top10_center"": 68, ""top20_center"": 59}","72-player no-cut field. Win exp=4.5, cap=0.14. No cut survival probability generated (not applicable).",42.803073098392034,42.803073098392034,4,"Tier4: Below-avg or mismatch VFD=5.0, AP=-2.4SG; 20CH-rds",ok,0.0076641413167132825,0.02130091045570268,0.03141158252574277,0.08444844408019411,0.19339240804995708,not_applicable,not_applicable,Signature event — all 72 players complete 4 rounds (barring WD). make_cut_pct and miss_cut_pct are not_applicable. No cut-survival probability is generated.,OTT_Distance,OTT_Distance+ARG_Rough; weak ARG_Bunker,NeutralSG=0.91; VFD=5.0; VHD=-2.3(20rds); AP=-2.4SG(bomb_and_spray); →Tier4 VTS=42.8
37,54,"Smalley, Alex",SMALLEY_ALEX,confirmed,TBD,TBD,deep,high,0.66,39.371980676328505,50.66684799109665,11.294867314768148,high,-0.0,"DataGolf course-fit tool; comp courses: Colonial CC, TPC Potomac, Harbour Town; cf_adj_total scaled ×20, capped ±7 VTS pts",6,1.09,1.5088,medium,46.4014866678604,Balanced,"{""neutral"": 0.4, ""venuefit"": 0.3, ""venuehistory"": 0.3}",clear,False,,0.0,rough_approach_liab,-1.8742808798646362,0.0,0.0,0.0,-1.8742808798646362,rough_approach_liab,Standard venue (non-major birdie-fest). AP_TO_VTS=2.0 (vs 3.0 for major). Mild weather — no setup amplification. Weather modifier ×1.0 all patterns.,ARG_Rough,False,0.0,,0.85646855956,50.205623570049305,0.4317990319999999,False,,0.0,False,ok,,0.0,low,25.0,standard,Standard venue variance class. No compression multiplier applied.,standard,"{""win_exponent"": 4.5, ""win_cap"": 0.14, ""top3_center"": 80, ""top5_center"": 76, ""top10_center"": 68, ""top20_center"": 59}","72-player no-cut field. Win exp=4.5, cap=0.14. No cut survival probability generated (not applicable).",42.652924908131126,42.652924908131126,4,"Tier4: Below-avg or mismatch VFD=11.3, AP=-1.9SG; 6CH-rds",ok,0.007543899719050054,0.02099087397653895,0.03095956940214311,0.08342000300884357,0.19157482083558028,not_applicable,not_applicable,Signature event — all 72 players complete 4 rounds (barring WD). make_cut_pct and miss_cut_pct are not_applicable. No cut-survival probability is generated.,OTT_Distance,OTT_Distance+OTT_Accuracy; weak ARG_Rough,NeutralSG=0.66; VFD=11.3; VHD=1.5(6rds); AP=-1.9SG(rough_approach_liab); →Tier4 VTS=42.7
38,2,"Bradley, Keegan",BRADLEY_KEEGAN,confirmed,TBD,TBD,deep,high,1.02,48.06763285024155,49.65067461215136,1.5830417619098114,high,-1.0,"DataGolf course-fit tool; comp courses: Colonial CC, TPC Potomac, Harbour Town; cf_adj_total scaled ×20, capped ±7 VTS pts",56,1.364,1.4664,medium,49.56217552374203,Balanced,"{""neutral"": 0.4, ""venuefit"": 0.3, ""venuehistory"": 0.3}",clear,False,,0.0,wedge_liability,-3.4903397734843433,0.0,-3.4903397734843433,0.0,0.0,wedge_liability,Standard venue (non-major birdie-fest). AP_TO_VTS=2.0 (vs 3.0 for major). Mild weather — no setup amplification. Weather modifier ×1.0 all patterns.,PUTT_Lag,False,0.0,,0.927465162605,48.120810736706574,-0.20337326899999997,False,,0.0,False,ok,,0.0,low,25.0,standard,Standard venue variance class. No compression multiplier applied.,standard,"{""win_exponent"": 4.5, ""win_cap"": 0.14, ""top3_center"": 80, ""top5_center"": 76, ""top10_center"": 68, ""top20_center"": 59}","72-player no-cut field. Win exp=4.5, cap=0.14. No cut survival probability generated (not applicable).",42.58149597677334,42.58149597677334,4,"Tier4: Below-avg or mismatch VFD=1.6, AP=-3.5SG; 56CH-rds",ok,0.007487215665024828,0.02084493291132917,0.030746744351865966,0.08293470790384058,0.1907145387892812,not_applicable,not_applicable,Signature event — all 72 players complete 4 rounds (barring WD). make_cut_pct and miss_cut_pct are not_applicable. No cut-survival probability is generated.,ARG_Bunker,ARG_Bunker+ARG_Rough; weak PUTT_Lag,NeutralSG=1.02; VFD=1.6; VHD=1.5(56rds); AP=-3.5SG(wedge_liability); →Tier4 VTS=42.6
39,35,"Scott, Adam",SCOTT_ADAM,confirmed,TBD,TBD,deep,high,1.04,48.55072463768116,56.84979978256517,8.299075144884014,high,-1.2,"DataGolf course-fit tool; comp courses: Colonial CC, TPC Potomac, Harbour Town; cf_adj_total scaled ×20, capped ±7 VTS pts",18,1.05,0.8679999999999999,medium,51.73562978984202,Balanced,"{""neutral"": 0.4, ""venuefit"": 0.3, ""venuehistory"": 0.3}",clear,False,,0.0,bomb_and_spray;poor_birdie_conv,-5.122929236695205,-2.5121951219512195,0.0,-2.6107341147439858,0.0,bomb_and_spray;poor_birdie_conv,Standard venue (non-major birdie-fest). AP_TO_VTS=2.0 (vs 3.0 for major). Mild weather — no setup amplification. Weather modifier ×1.0 all patterns.,PUTT_Lag,False,0.0,,1.2193302875,58.91815237432859,0.3941325,False,,0.0,False,ok,,0.0,low,25.0,standard,Standard venue variance class. No compression multiplier applied.,standard,"{""win_exponent"": 4.5, ""win_cap"": 0.14, ""top3_center"": 80, ""top5_center"": 76, ""top10_center"": 68, ""top20_center"": 59}","72-player no-cut field. Win exp=4.5, cap=0.14. No cut survival probability generated (not applicable).",41.48977131645161,41.48977131645161,4,"Tier4: Below-avg or mismatch VFD=8.3, AP=-5.1SG; 18CH-rds",ok,0.006661329403960457,0.018733937389105466,0.027664532886362544,0.07582737830532574,0.17791766328749425,not_applicable,not_applicable,Signature event — all 72 players complete 4 rounds (barring WD). make_cut_pct and miss_cut_pct are not_applicable. No cut-survival probability is generated.,APP_Wedge,APP_Wedge+APP_150-200; weak PUTT_Lag,NeutralSG=1.04; VFD=8.3; VHD=0.9(18rds); AP=-5.1SG(bomb_and_spray;poor_birdie_conv); →Tier4 VTS=41.5
40,60,"Knapp, Jake",KNAPP_JAKE,confirmed,TBD,TBD,medium,medium,1.4575,58.635265700483096,59.63416029854891,0.9988945980658173,medium,-4.2,"DataGolf course-fit tool; comp courses: Colonial CC, TPC Potomac, Harbour Town; cf_adj_total scaled ×20, capped ±7 VTS pts",4,-0.383,-0.068,low,57.67938895473367,Blended,"{""neutral"": 0.5, ""venuefit"": 0.35, ""venuehistory"": 0.15}",clear,False,,0.0,bomb_and_spray;wedge_liability;rough_approach_liab,-8.262224064179518,-3.201540436456996,-3.318720852764823,0.0,-1.7419627749576991,bomb_and_spray;wedge_liability;rough_approach_liab,Standard venue (non-major birdie-fest). AP_TO_VTS=2.0 (vs 3.0 for major). Mild weather — no setup amplification. Weather modifier ×1.0 all patterns.,ARG_Bunker,False,0.0,,1.63106906671,68.98580357890262,0.26254888900000006,False,,0.0,False,ok,,0.0,medium,50.0,standard,Standard venue variance class. No compression multiplier applied.,standard,"{""win_exponent"": 4.5, ""win_cap"": 0.14, ""top3_center"": 80, ""top5_center"": 76, ""top10_center"": 68, ""top20_center"": 59}","72-player no-cut field. Win exp=4.5, cap=0.14. No cut survival probability generated (not applicable).",41.15494082637463,41.15494082637463,4,"Tier4: Below-avg or mismatch VFD=1.0, AP=-8.3SG; 4CH-rds",ok,0.006936635877930524,0.020143866321923696,0.029756314014352796,0.0819565625084702,0.19347216880983437,not_applicable,not_applicable,Signature event — all 72 players complete 4 rounds (barring WD). make_cut_pct and miss_cut_pct are not_applicable. No cut-survival probability is generated.,OTT_Distance,OTT_Distance+PUTT_Lag; weak ARG_Bunker,NeutralSG=1.46; VFD=1.0; VHD=-0.1(4rds); AP=-8.3SG(bomb_and_spray;wedge_liability;rough_approach_liab); →Tier4 VTS=41.2
41,9,"Snedeker, Brandt",SNEDEKER_BRANDT,confirmed,TBD,TBD,deep,high,-0.02,22.946859903381643,56.06704260799944,33.1201827046178,high,5.2,"DataGolf course-fit tool; comp courses: Colonial CC, TPC Potomac, Harbour Town; cf_adj_total scaled ×20, capped ±7 VTS pts",36,0.609,0.34240000000000004,medium,41.10157674375249,Balanced,"{""neutral"": 0.4, ""venuefit"": 0.3, ""venuehistory"": 0.3}",clear,False,,0.0,,0.0,0.0,0.0,0.0,0.0,,Standard venue (non-major birdie-fest). AP_TO_VTS=2.0 (vs 3.0 for major). Mild weather — no setup amplification. Weather modifier ×1.0 all patterns.,OTT_Distance,False,0.0,,0.07917894986999999,29.76474243519977,0.217975714,False,,0.0,False,ok,,0.0,low,25.0,standard,Standard venue variance class. No compression multiplier applied.,standard,"{""win_exponent"": 4.5, ""win_cap"": 0.14, ""top3_center"": 80, ""top5_center"": 76, ""top10_center"": 68, ""top20_center"": 59}","72-player no-cut field. Win exp=4.5, cap=0.14. No cut survival probability generated (not applicable).",41.10157674375249,41.10157674375249,4,"Tier4: Below-avg or mismatch VFD=33.1, AP=0.0SG; 36CH-rds",ok,0.006385418955834016,0.018034924581597844,0.02664236992261704,0.07343633570765092,0.17352619466493072,not_applicable,not_applicable,Signature event — all 72 players complete 4 rounds (barring WD). make_cut_pct and miss_cut_pct are not_applicable. No cut-survival probability is generated.,ARG_Bunker,ARG_Bunker+ARG_Rough; weak OTT_Distance,NeutralSG=-0.02; VFD=33.1; VHD=0.3(36rds); →Tier4 VTS=41.1
42,55,"Kitayama, Kurt",KITAYAMA_KURT,confirmed,TBD,TBD,deep,high,1.24,53.3816425120773,61.565265808037786,8.183623295960487,high,-0.6,"DataGolf course-fit tool; comp courses: Colonial CC, TPC Potomac, Harbour Town; cf_adj_total scaled ×20, capped ±7 VTS pts",6,0.692,0.7064,medium,55.03415674724226,Balanced,"{""neutral"": 0.4, ""venuefit"": 0.3, ""venuehistory"": 0.3}",clear,False,,0.0,bomb_and_spray;poor_birdie_conv;rough_approach_liab,-7.035673168074029,-2.816431322207959,0.0,-2.305367057371993,-1.913874788494078,bomb_and_spray;poor_birdie_conv;rough_approach_liab,Standard venue (non-major birdie-fest). AP_TO_VTS=2.0 (vs 3.0 for major). Mild weather — no setup amplification. Weather modifier ×1.0 all patterns.,ARG_Bunker,False,0.0,,1.205483859705,55.7400921385222,-0.07585964900000008,False,,0.0,False,ok,,0.0,low,25.0,standard,Standard venue variance class. No compression multiplier applied.,standard,"{""win_exponent"": 4.5, ""win_cap"": 0.14, ""top3_center"": 80, ""top5_center"": 76, ""top10_center"": 68, ""top20_center"": 59}","72-player no-cut field. Win exp=4.5, cap=0.14. No cut survival probability generated (not applicable).",40.962810411094196,40.962810411094196,4,"Tier4: Below-avg or mismatch VFD=8.2, AP=-7.0SG; 6CH-rds",ok,0.006288978060632154,0.01779130203471273,0.026285940135014743,0.07259841613640727,0.17197654468506676,not_applicable,not_applicable,Signature event — all 72 players complete 4 rounds (barring WD). make_cut_pct and miss_cut_pct are not_applicable. No cut-survival probability is generated.,OTT_Distance,OTT_Distance+APP_150-200; weak ARG_Bunker,NeutralSG=1.24; VFD=8.2; VHD=0.7(6rds); AP=-7.0SG(bomb_and_spray;poor_birdie_conv;rough_approach_liab); →Tier4 VTS=41.0
43,53,"Macintyre, Robert",MACINTYRE_ROBERT,confirmed,TBD,TBD,deep,high,1.38,56.763285024154584,51.902763049876945,-4.860521974277638,high,-1.4,"DataGolf course-fit tool; comp courses: Colonial CC, TPC Potomac, Harbour Town; cf_adj_total scaled ×20, capped ±7 VTS pts",8,1.686,2.2864,medium,53.96206292462492,Balanced,"{""neutral"": 0.4, ""venuefit"": 0.3, ""venuehistory"": 0.3}",clear,False,,0.0,bomb_and_spray;wedge_liability,-6.618144001559935,-2.4274711168164314,-4.190672884743504,0.0,0.0,bomb_and_spray;wedge_liability,Standard venue (non-major birdie-fest). AP_TO_VTS=2.0 (vs 3.0 for major). Mild weather — no setup amplification. Weather modifier ×1.0 all patterns.,APP_Wedge,False,0.0,,1.297788998855,57.381501848607485,-0.1806835189999998,False,,0.0,False,ok,,0.0,low,25.0,standard,Standard venue variance class. No compression multiplier applied.,standard,"{""win_exponent"": 4.5, ""win_cap"": 0.14, ""top3_center"": 80, ""top5_center"": 76, ""top10_center"": 68, ""top20_center"": 59}","72-player no-cut field. Win exp=4.5, cap=0.14. No cut survival probability generated (not applicable).",40.72577492150505,40.72577492150505,4,"Tier4: Below-avg or mismatch VFD=-4.9, AP=-6.6SG; 8CH-rds",ok,0.0061268652728307905,0.01738259313666914,0.025687771083601194,0.0711872676124835,0.16935398203620297,not_applicable,not_applicable,Signature event — all 72 players complete 4 rounds (barring WD). make_cut_pct and miss_cut_pct are not_applicable. No cut-survival probability is generated.,PUTT_BirdieConv,PUTT_BirdieConv+PUTT_Lag; weak APP_Wedge,NeutralSG=1.38; VFD=-4.9; VHD=2.3(8rds); AP=-6.6SG(bomb_and_spray;wedge_liability); →Tier4 VTS=40.7
44,57,"Gerard, Ryan",GERARD_RYAN,confirmed,TBD,TBD,deep,high,0.86,44.20289855072465,56.487086368507896,12.284187817783248,high,1.0,"DataGolf course-fit tool; comp courses: Colonial CC, TPC Potomac, Harbour Town; cf_adj_total scaled ×20, capped ±7 VTS pts",4,-0.494,-0.14,low,49.35092950434009,Blended,"{""neutral"": 0.5, ""venuefit"": 0.35, ""venuehistory"": 0.15}",clear,False,,0.0,poor_birdie_conv;rough_approach_liab,-4.3234740519680885,0.0,0.0,-2.4238124614435534,-1.8996615905245349,poor_birdie_conv;rough_approach_liab,Standard venue (non-major birdie-fest). AP_TO_VTS=2.0 (vs 3.0 for major). Mild weather — no setup amplification. Weather modifier ×1.0 all patterns.,ARG_Bunker,False,0.0,,1.1266939598049999,57.79483636600576,0.5861405709999999,False,,0.0,False,ok,,0.0,low,25.0,standard,Standard venue variance class. No compression multiplier applied.,standard,"{""win_exponent"": 4.5, ""win_cap"": 0.14, ""top3_center"": 80, ""top5_center"": 76, ""top10_center"": 68, ""top20_center"": 59}","72-player no-cut field. Win exp=4.5, cap=0.14. No cut survival probability generated (not applicable).",40.70398140040391,40.70398140040391,4,"Tier4: Below-avg or mismatch VFD=12.3, AP=-4.3SG; 4CH-rds",ok,0.006112125113567981,0.017345480906444527,0.0256334420849426,0.07105878995455372,0.16911440722338691,not_applicable,not_applicable,Signature event — all 72 players complete 4 rounds (barring WD). make_cut_pct and miss_cut_pct are not_applicable. No cut-survival probability is generated.,APP_Wedge,APP_Wedge+APP_100-150; weak ARG_Bunker,NeutralSG=0.86; VFD=12.3; VHD=-0.1(4rds); AP=-4.3SG(poor_birdie_conv;rough_approach_liab); →Tier4 VTS=40.7
45,52,"Lee, Min Woo",LEE_MIN WOO,confirmed,TBD,TBD,deep,high,1.08,49.51690821256038,43.94269054871566,-5.5742176638447205,high,-3.0,"DataGolf course-fit tool; comp courses: Colonial CC, TPC Potomac, Harbour Town; cf_adj_total scaled ×20, capped ±7 VTS pts",8,0.745,0.45359999999999995,medium,48.12565044963885,Balanced,"{""neutral"": 0.4, ""venuefit"": 0.3, ""venuehistory"": 0.3}",clear,False,,0.0,wedge_liability,-3.875682878081279,0.0,-3.875682878081279,0.0,0.0,wedge_liability,Standard venue (non-major birdie-fest). AP_TO_VTS=2.0 (vs 3.0 for major). Mild weather — no setup amplification. Weather modifier ×1.0 all patterns.,APP_Wedge,False,0.0,,1.231864722555,58.86260255787029,0.33376862099999993,False,,0.0,False,ok,,0.0,low,25.0,standard,Standard venue variance class. No compression multiplier applied.,standard,"{""win_exponent"": 4.5, ""win_cap"": 0.14, ""top3_center"": 80, ""top5_center"": 76, ""top10_center"": 68, ""top20_center"": 59}","72-player no-cut field. Win exp=4.5, cap=0.14. No cut survival probability generated (not applicable).",40.37428469347629,40.37428469347629,4,"Tier4: Below-avg or mismatch VFD=-5.6, AP=-3.9SG; 8CH-rds",ok,0.005892478546531141,0.01679342744903647,0.024825027176537756,0.06914086148947278,0.1655218246386522,not_applicable,not_applicable,Signature event — all 72 players complete 4 rounds (barring WD). make_cut_pct and miss_cut_pct are not_applicable. No cut-survival probability is generated.,OTT_Distance,OTT_Distance+ARG_Rough; weak APP_Wedge,NeutralSG=1.08; VFD=-5.6; VHD=0.5(8rds); AP=-3.9SG(wedge_liability); →Tier4 VTS=40.4
46,67,"Hojgaard, Nicolai",HOJGAARD_NICOLAI,confirmed,TBD,TBD,deep,high,1.07,49.275362318840585,50.04967966100207,0.7743173421614813,high,-5.6,"DataGolf course-fit tool; comp courses: Colonial CC, TPC Potomac, Harbour Town; cf_adj_total scaled ×20, capped ±7 VTS pts",0,,0.0,none,49.58508925570518,Neutral+Venue,"{""neutral"": 0.6, ""venuefit"": 0.4, ""venuehistory"": 0.0}",clear,False,,0.0,bomb_and_spray;rough_approach_liab,-4.6323567678636985,-2.8626444159178437,0.0,0.0,-1.7697123519458546,bomb_and_spray;rough_approach_liab,Standard venue (non-major birdie-fest). AP_TO_VTS=2.0 (vs 3.0 for major). Mild weather — no setup amplification. Weather modifier ×1.0 all patterns.,OTT_Accuracy,False,0.0,,1.0552834040149999,52.30224130601364,-0.03234416699999998,False,,0.0,False,ok,,0.0,low,25.0,standard,Standard venue variance class. No compression multiplier applied.,standard,"{""win_exponent"": 4.5, ""win_cap"": 0.14, ""top3_center"": 80, ""top5_center"": 76, ""top10_center"": 68, ""top20_center"": 59}","72-player no-cut field. Win exp=4.5, cap=0.14. No cut survival probability generated (not applicable).",40.32037571997778,40.32037571997778,4,"Tier4: Below-avg or mismatch VFD=0.8, AP=-4.6SG; 0CH-rds",ok,0.005857156009165356,0.01670481521913389,0.024695220361877806,0.0688318094369245,0.1649400558687292,not_applicable,not_applicable,Signature event — all 72 players complete 4 rounds (barring WD). make_cut_pct and miss_cut_pct are not_applicable. No cut-survival probability is generated.,OTT_Distance,OTT_Distance+APP_Wedge; weak OTT_Accuracy,NeutralSG=1.07; VFD=0.8; VHD=0.0(0rds); AP=-4.6SG(bomb_and_spray;rough_approach_liab); →Tier4 VTS=40.3
47,14,"Cauley, Bud",CAULEY_BUD,confirmed,TBD,TBD,deep,high,0.65,39.1304347826087,48.96139411809935,9.830959335490647,high,0.4,"DataGolf course-fit tool; comp courses: Colonial CC, TPC Potomac, Harbour Town; cf_adj_total scaled ×20, capped ±7 VTS pts",27,0.245,-0.3263999999999999,medium,45.24267214847328,Balanced,"{""neutral"": 0.4, ""venuefit"": 0.3, ""venuehistory"": 0.3}",clear,False,,0.0,poor_birdie_conv,-2.736582356570017,0.0,0.0,-2.736582356570017,0.0,poor_birdie_conv,Standard venue (non-major birdie-fest). AP_TO_VTS=2.0 (vs 3.0 for major). Mild weather — no setup amplification. Weather modifier ×1.0 all patterns.,PUTT_Lag,False,0.0,,0.77224470076,47.14591914995916,0.268669672,False,,0.0,False,ok,,0.0,low,25.0,standard,Standard venue variance class. No compression multiplier applied.,standard,"{""win_exponent"": 4.5, ""win_cap"": 0.14, ""top3_center"": 80, ""top5_center"": 76, ""top10_center"": 68, ""top20_center"": 59}","72-player no-cut field. Win exp=4.5, cap=0.14. No cut survival probability generated (not applicable).",39.769507435333246,39.769507435333246,4,"Tier4: Below-avg or mismatch VFD=9.8, AP=-2.7SG; 27CH-rds",ok,0.005505568615022174,0.015825229819036807,0.023406052140077294,0.06574567997712676,0.15908602848605283,not_applicable,not_applicable,Signature event — all 72 players complete 4 rounds (barring WD). make_cut_pct and miss_cut_pct are not_applicable. No cut-survival probability is generated.,ARG_Rough,ARG_Rough+APP_Wedge; weak PUTT_Lag,NeutralSG=0.65; VFD=9.8; VHD=-0.3(27rds); AP=-2.7SG(poor_birdie_conv); →Tier4 VTS=39.8
48,21,"Woodland, Gary",WOODLAND_GARY,confirmed,TBD,TBD,deep,high,0.82,43.236714975845416,58.57566415473307,15.338949178887653,high,-1.0,"DataGolf course-fit tool; comp courses: Colonial CC, TPC Potomac, Harbour Town; cf_adj_total scaled ×20, capped ±7 VTS pts",23,0.428,0.47119999999999995,medium,50.00874523675808,Balanced,"{""neutral"": 0.4, ""venuefit"": 0.3, ""venuehistory"": 0.3}",clear,False,,0.0,bomb_and_spray;rough_approach_liab,-5.294935152664378,-2.993581514762516,0.0,0.0,-2.3013536379018618,bomb_and_spray;rough_approach_liab,Standard venue (non-major birdie-fest). AP_TO_VTS=2.0 (vs 3.0 for major). Mild weather — no setup amplification. Weather modifier ×1.0 all patterns.,ARG_Bunker,False,0.0,,0.9297529091749999,50.860758268781005,0.24121518500000005,False,,0.0,False,ok,,0.0,low,25.0,standard,Standard venue variance class. No compression multiplier applied.,standard,"{""win_exponent"": 4.5, ""win_cap"": 0.14, ""top3_center"": 80, ""top5_center"": 76, ""top10_center"": 68, ""top20_center"": 59}","72-player no-cut field. Win exp=4.5, cap=0.14. No cut survival probability generated (not applicable).",39.41887493142933,39.41887493142933,4,"Tier4: Below-avg or mismatch VFD=15.3, AP=-5.3SG; 23CH-rds",ok,0.005290481945788618,0.015289224171798534,0.022619850409979842,0.06384823134213846,0.15544561053984166,not_applicable,not_applicable,Signature event — all 72 players complete 4 rounds (barring WD). make_cut_pct and miss_cut_pct are not_applicable. No cut-survival probability is generated.,OTT_Distance,OTT_Distance+PUTT_Lag; weak ARG_Bunker,NeutralSG=0.82; VFD=15.3; VHD=0.5(23rds); AP=-5.3SG(bomb_and_spray;rough_approach_liab); →Tier4 VTS=39.4
49,11,"Thomas, Justin",THOMAS_JUSTIN,confirmed,TBD,TBD,deep,high,1.15,51.20772946859904,47.037822802009856,-4.169906666589185,high,-3.2,"DataGolf course-fit tool; comp courses: Colonial CC, TPC Potomac, Harbour Town; cf_adj_total scaled ×20, capped ±7 VTS pts",34,1.134,0.588,medium,49.770838628042576,Balanced,"{""neutral"": 0.4, ""venuefit"": 0.3, ""venuehistory"": 0.3}",clear,False,,0.0,bomb_and_spray;wedge_liability,-5.315847971271184,-2.0616174582798457,-3.254230512991339,0.0,0.0,bomb_and_spray;wedge_liability,Standard venue (non-major birdie-fest). AP_TO_VTS=2.0 (vs 3.0 for major). Mild weather — no setup amplification. Weather modifier ×1.0 all patterns.,OTT_Accuracy,False,0.0,,1.1741617999349998,55.746836668780496,0.05310285700000006,False,,0.0,False,ok,,0.0,low,25.0,standard,Standard venue variance class. No compression multiplier applied.,standard,"{""win_exponent"": 4.5, ""win_cap"": 0.14, ""top3_center"": 80, ""top5_center"": 76, ""top10_center"": 68, ""top20_center"": 59}","72-player no-cut field. Win exp=4.5, cap=0.14. No cut survival probability generated (not applicable).",39.139142685500204,39.139142685500204,4,"Tier4: Below-avg or mismatch VFD=-4.2, AP=-5.3SG; 34CH-rds",ok,0.005123622375168128,0.014874432327831923,0.022011128948838162,0.062370866466522144,0.1525888247607806,not_applicable,not_applicable,Signature event — all 72 players complete 4 rounds (barring WD). make_cut_pct and miss_cut_pct are not_applicable. No cut-survival probability is generated.,ARG_Rough,ARG_Rough+ARG_Bunker; weak OTT_Accuracy,NeutralSG=1.15; VFD=-4.2; VHD=0.6(34rds); AP=-5.3SG(bomb_and_spray;wedge_liability); →Tier4 VTS=39.1
50,58,"James, Ben",JAMES_BEN,confirmed,TBD,TBD,medium,medium,0.55,36.71497584541063,51.91062567082075,15.195649825410122,medium,1.0,"DataGolf course-fit tool; comp courses: Colonial CC, TPC Potomac, Harbour Town; cf_adj_total scaled ×20, capped ±7 VTS pts",4,-2.676,-0.176,low,43.99980690749258,Blended,"{""neutral"": 0.5, ""venuefit"": 0.35, ""venuehistory"": 0.15}",clear,False,,0.0,poor_birdie_conv,-2.8550277606415793,0.0,0.0,-2.8550277606415793,0.0,poor_birdie_conv,Standard venue (non-major birdie-fest). AP_TO_VTS=2.0 (vs 3.0 for major). Mild weather — no setup amplification. Weather modifier ×1.0 all patterns.,PUTT_Lag,False,0.0,,0.55311349987,40.16673037461239,0.12798333300000003,False,,0.0,False,ok,,0.0,medium,50.0,standard,Standard venue variance class. No compression multiplier applied.,standard,"{""win_exponent"": 4.5, ""win_cap"": 0.14, ""top3_center"": 80, ""top5_center"": 76, ""top10_center"": 68, ""top20_center"": 59}","72-player no-cut field. Win exp=4.5, cap=0.14. No cut survival probability generated (not applicable).",38.28975138620942,38.28975138620942,4,"Tier4: Below-avg or mismatch VFD=15.2, AP=-2.9SG; 4CH-rds",ok,0.005013273981355831,0.015201770714537424,0.022510078009101517,0.06452978688453313,0.16018935102694304,not_applicable,not_applicable,Signature event — all 72 players complete 4 rounds (barring WD). make_cut_pct and miss_cut_pct are not_applicable. No cut-survival probability is generated.,ARG_Bunker,ARG_Bunker+ARG_Rough; weak PUTT_Lag,NeutralSG=0.55; VFD=15.2; VHD=-0.2(4rds); AP=-2.9SG(poor_birdie_conv); →Tier4 VTS=38.3
51,43,"Conners, Corey",CONNERS_COREY,confirmed,TBD,TBD,deep,high,0.54,36.473429951690825,57.62074300235175,21.147313050660927,high,3.8,"DataGolf course-fit tool; comp courses: Colonial CC, TPC Potomac, Harbour Town; cf_adj_total scaled ×20, capped ±7 VTS pts",12,1.203,0.3152,medium,46.97015488138186,Balanced,"{""neutral"": 0.4, ""venuefit"": 0.3, ""venuehistory"": 0.3}",clear,False,,0.0,poor_birdie_conv;rough_approach_liab,-4.596100775460825,0.0,0.0,-2.773596545342382,-1.8225042301184435,poor_birdie_conv;rough_approach_liab,Standard venue (non-major birdie-fest). AP_TO_VTS=2.0 (vs 3.0 for major). Mild weather — no setup amplification. Weather modifier ×1.0 all patterns.,PUTT_Lag,False,0.0,,0.47694008762999995,37.4121648228754,-0.13859321400000002,False,,0.0,False,ok,,0.0,low,25.0,standard,Standard venue variance class. No compression multiplier applied.,standard,"{""win_exponent"": 4.5, ""win_cap"": 0.14, ""top3_center"": 80, ""top5_center"": 76, ""top10_center"": 68, ""top20_center"": 59}","72-player no-cut field. Win exp=4.5, cap=0.14. No cut survival probability generated (not applicable).",37.77795333046021,37.77795333046021,4,"Tier4: Below-avg or mismatch VFD=21.1, AP=-4.6SG; 12CH-rds",ok,0.004369171993349249,0.013008855676798397,0.019269942667225034,0.05562394415904903,0.13928180406184262,not_applicable,not_applicable,Signature event — all 72 players complete 4 rounds (barring WD). make_cut_pct and miss_cut_pct are not_applicable. No cut-survival probability is generated.,APP_Wedge,APP_Wedge+APP_100-150; weak PUTT_Lag,NeutralSG=0.54; VFD=21.1; VHD=0.3(12rds); AP=-4.6SG(poor_birdie_conv;rough_approach_liab); →Tier4 VTS=37.8
52,6,"Day, Jason",DAY_JASON,confirmed,TBD,TBD,medium,medium,0.85,43.96135265700483,44.15609311482691,0.19474045782207838,medium,-1.6,"DataGolf course-fit tool; comp courses: Colonial CC, TPC Potomac, Harbour Town; cf_adj_total scaled ×20, capped ±7 VTS pts",40,1.188,1.256,medium,46.20816899725,Balanced,"{""neutral"": 0.4, ""venuefit"": 0.3, ""venuehistory"": 0.3}",clear,False,,0.0,wedge_liability,-4.364956695536309,0.0,-4.364956695536309,0.0,0.0,wedge_liability,Standard venue (non-major birdie-fest). AP_TO_VTS=2.0 (vs 3.0 for major). Mild weather — no setup amplification. Weather modifier ×1.0 all patterns.,APP_Wedge,False,0.0,,0.81920958463,46.27281115329027,-0.05894978299999998,False,,0.0,False,ok,,0.0,medium,50.0,standard,Standard venue variance class. No compression multiplier applied.,standard,"{""win_exponent"": 4.5, ""win_cap"": 0.14, ""top3_center"": 80, ""top5_center"": 76, ""top10_center"": 68, ""top20_center"": 59}","72-player no-cut field. Win exp=4.5, cap=0.14. No cut survival probability generated (not applicable).",37.478255606177385,37.478255606177385,4,"Tier4: Below-avg or mismatch VFD=0.2, AP=-4.4SG; 40CH-rds",ok,0.004552575327157087,0.014033508447910565,0.02079202738253958,0.06025873787761073,0.15164723410591602,not_applicable,not_applicable,Signature event — all 72 players complete 4 rounds (barring WD). make_cut_pct and miss_cut_pct are not_applicable. No cut-survival probability is generated.,ARG_Rough,ARG_Rough+ARG_Bunker; weak APP_Wedge,NeutralSG=0.85; VFD=0.2; VHD=1.3(40rds); AP=-4.4SG(wedge_liability); →Tier4 VTS=37.5
53,70,"Reitan, Kristoffer",REITAN_KRISTOFFER,confirmed,TBD,TBD,deep,high,0.89,44.927536231884055,50.907428822243716,5.979892590359661,high,-0.6,"DataGolf course-fit tool; comp courses: Colonial CC, TPC Potomac, Harbour Town; cf_adj_total scaled ×20, capped ±7 VTS pts",0,,0.0,none,47.31949326802793,Neutral+Venue,"{""neutral"": 0.6, ""venuefit"": 0.4, ""venuehistory"": 0.0}",clear,False,,0.0,wedge_liability;rough_approach_liab,-5.428233969232018,0.0,-3.4652898067954694,0.0,-1.9629441624365487,wedge_liability;rough_approach_liab,Standard venue (non-major birdie-fest). AP_TO_VTS=2.0 (vs 3.0 for major). Mild weather — no setup amplification. Weather modifier ×1.0 all patterns.,ARG_Bunker,False,0.0,,0.904937270985,48.991530528772266,0.03282916699999994,False,,0.0,False,ok,,0.0,low,25.0,standard,Standard venue variance class. No compression multiplier applied.,standard,"{""win_exponent"": 4.5, ""win_cap"": 0.14, ""top3_center"": 80, ""top5_center"": 76, ""top10_center"": 68, ""top20_center"": 59}","72-player no-cut field. Win exp=4.5, cap=0.14. No cut survival probability generated (not applicable).",36.46302532956389,36.46302532956389,4,"Tier4: Below-avg or mismatch VFD=6.0, AP=-5.4SG; 0CH-rds",ok,0.003725318175834586,0.011426327188209049,0.016940299053635616,0.049759036036485745,0.12734223663449568,not_applicable,not_applicable,Signature event — all 72 players complete 4 rounds (barring WD). make_cut_pct and miss_cut_pct are not_applicable. No cut-survival probability is generated.,OTT_Distance,OTT_Distance+PUTT_Lag; weak ARG_Bunker,NeutralSG=0.89; VFD=6.0; VHD=0.0(0rds); AP=-5.4SG(wedge_liability;rough_approach_liab); →Tier4 VTS=36.5
54,68,"Mccarty, Matt",MCCARTY_MATT,confirmed,TBD,TBD,deep,high,0.73,41.06280193236715,53.611287949367465,12.548486017000315,high,1.0,"DataGolf course-fit tool; comp courses: Colonial CC, TPC Potomac, Harbour Town; cf_adj_total scaled ×20, capped ±7 VTS pts",0,,0.0,none,46.082196339167275,Neutral+Venue,"{""neutral"": 0.6, ""venuefit"": 0.4, ""venuehistory"": 0.0}",clear,False,,0.0,wedge_liability;rough_approach_liab,-5.0750503612368965,0.0,-3.279280479680213,0.0,-1.7957698815566838,wedge_liability;rough_approach_liab,Standard venue (non-major birdie-fest). AP_TO_VTS=2.0 (vs 3.0 for major). Mild weather — no setup amplification. Weather modifier ×1.0 all patterns.,ARG_Bunker,False,0.0,,0.64673981754,41.32757031634698,-0.18298941199999996,False,,0.0,False,ok,,0.0,low,25.0,standard,Standard venue variance class. No compression multiplier applied.,standard,"{""win_exponent"": 4.5, ""win_cap"": 0.14, ""top3_center"": 80, ""top5_center"": 76, ""top10_center"": 68, ""top20_center"": 59}","72-player no-cut field. Win exp=4.5, cap=0.14. No cut survival probability generated (not applicable).",35.93209561669348,35.93209561669348,4,"Tier4: Below-avg or mismatch VFD=12.5, AP=-5.1SG; 0CH-rds",ok,0.003487367254449667,0.010842610869764067,0.016079997768861366,0.047559971130871,0.12276907548446876,not_applicable,not_applicable,Signature event — all 72 players complete 4 rounds (barring WD). make_cut_pct and miss_cut_pct are not_applicable. No cut-survival probability is generated.,PUTT_BirdieConv,PUTT_BirdieConv+PUTT_Lag; weak ARG_Bunker,NeutralSG=0.73; VFD=12.5; VHD=0.0(0rds); AP=-5.1SG(wedge_liability;rough_approach_liab); →Tier4 VTS=35.9
55,33,"Berger, Daniel",BERGER_DANIEL,confirmed,TBD,TBD,deep,high,0.38,32.60869565217392,58.13041857910228,25.521722926928362,high,2.6,"DataGolf course-fit tool; comp courses: Colonial CC, TPC Potomac, Harbour Town; cf_adj_total scaled ×20, capped ±7 VTS pts",18,0.878,-0.2288,medium,45.41396383460025,Balanced,"{""neutral"": 0.4, ""venuefit"": 0.3, ""venuehistory"": 0.3}",clear,False,,0.0,poor_birdie_conv;rough_approach_liab,-4.925789682999465,0.0,0.0,-2.403454657618754,-2.522335025380711,poor_birdie_conv;rough_approach_liab,Standard venue (non-major birdie-fest). AP_TO_VTS=2.0 (vs 3.0 for major). Mild weather — no setup amplification. Weather modifier ×1.0 all patterns.,ARG_Rough,False,0.0,,0.46526472499999993,39.09221692761796,0.18739499999999998,False,,0.0,False,ok,,0.0,low,25.0,standard,Standard venue variance class. No compression multiplier applied.,standard,"{""win_exponent"": 4.5, ""win_cap"": 0.14, ""top3_center"": 80, ""top5_center"": 76, ""top10_center"": 68, ""top20_center"": 59}","72-player no-cut field. Win exp=4.5, cap=0.14. No cut survival probability generated (not applicable).",35.56238446860132,35.56238446860132,4,"Tier4: Below-avg or mismatch VFD=25.5, AP=-4.9SG; 18CH-rds",ok,0.003328780456784542,0.010453638229651441,0.015506413452859054,0.04608319601713912,0.11966685721268512,not_applicable,not_applicable,Signature event — all 72 players complete 4 rounds (barring WD). make_cut_pct and miss_cut_pct are not_applicable. No cut-survival probability is generated.,APP_Wedge,APP_Wedge+APP_150-200; weak ARG_Rough,NeutralSG=0.38; VFD=25.5; VHD=-0.2(18rds); AP=-4.9SG(poor_birdie_conv;rough_approach_liab); →Tier4 VTS=35.6
56,3,"Glover, Lucas",GLOVER_LUCAS,confirmed,TBD,TBD,medium,medium,0.2425,29.287439613526573,53.06736273671784,23.779923123191267,medium,7.0,"DataGolf course-fit tool; comp courses: Colonial CC, TPC Potomac, Harbour Town; cf_adj_total scaled ×20, capped ±7 VTS pts",44,-0.208,-2.0303999999999998,medium,42.02606466642598,Balanced,"{""neutral"": 0.4, ""venuefit"": 0.3, ""venuehistory"": 0.3}",clear,False,,0.0,poor_birdie_conv,-3.510178901912399,0.0,0.0,-3.510178901912399,0.0,poor_birdie_conv,Standard venue (non-major birdie-fest). AP_TO_VTS=2.0 (vs 3.0 for major). Mild weather — no setup amplification. Weather modifier ×1.0 all patterns.,PUTT_BirdieConv,False,0.0,,-0.04759902701,21.47706281023116,-0.521343659,False,,-0.521343659,False,ok,,0.0,medium,50.0,standard,Standard venue variance class. No compression multiplier applied.,standard,"{""win_exponent"": 4.5, ""win_cap"": 0.14, ""top3_center"": 80, ""top5_center"": 76, ""top10_center"": 68, ""top20_center"": 59}","72-player no-cut field. Win exp=4.5, cap=0.14. No cut survival probability generated (not applicable).",34.484363203601184,34.484363203601184,5,"Tier5: Weak profile NeutralSG=0.24, AP=-3.5SG; 44CH-rds",ok,0.0031300402946416563,0.010440538649643656,0.01549588337388996,0.04669012545897612,0.12333173051917565,not_applicable,not_applicable,Signature event — all 72 players complete 4 rounds (barring WD). make_cut_pct and miss_cut_pct are not_applicable. No cut-survival probability is generated.,OTT_Accuracy,OTT_Accuracy+APP_Wedge; weak PUTT_BirdieConv,NeutralSG=0.24; VFD=23.8; VHD=-2.0(44rds); AP=-3.5SG(poor_birdie_conv); →Tier5 VTS=34.5
57,65,"Fitzpatrick, Alex",FITZPATRICK_ALEX,confirmed,TBD,TBD,deep,high,0.45,34.29951690821256,50.83559995181239,16.53608304359983,high,2.2,"DataGolf course-fit tool; comp courses: Colonial CC, TPC Potomac, Harbour Town; cf_adj_total scaled ×20, capped ±7 VTS pts",0,,0.0,none,40.91395012565249,Neutral+Venue,"{""neutral"": 0.6, ""venuefit"": 0.4, ""venuehistory"": 0.0}",clear,False,,0.0,wedge_liability,-3.253697534976682,0.0,-3.253697534976682,0.0,0.0,wedge_liability,Standard venue (non-major birdie-fest). AP_TO_VTS=2.0 (vs 3.0 for major). Mild weather — no setup amplification. Weather modifier ×1.0 all patterns.,PUTT_Lag,False,0.0,,0.720220363595,47.82725693345843,0.593890909,False,,0.0,False,ok,,0.0,low,25.0,standard,Standard venue variance class. No compression multiplier applied.,standard,"{""win_exponent"": 4.5, ""win_cap"": 0.14, ""top3_center"": 80, ""top5_center"": 76, ""top10_center"": 68, ""top20_center"": 59}","72-player no-cut field. Win exp=4.5, cap=0.14. No cut survival probability generated (not applicable).",34.40655505569913,34.40655505569913,5,"Tier5: Weak profile NeutralSG=0.45, AP=-3.3SG; 0CH-rds",ok,0.0028688747339094393,0.009324410714878143,0.013839864772627122,0.04174147824313352,0.11039426216124427,not_applicable,not_applicable,Signature event — all 72 players complete 4 rounds (barring WD). make_cut_pct and miss_cut_pct are not_applicable. No cut-survival probability is generated.,OTT_Accuracy,OTT_Accuracy+OTT_Distance; weak PUTT_Lag,NeutralSG=0.45; VFD=16.5; VHD=0.0(0rds); AP=-3.3SG(wedge_liability); →Tier5 VTS=34.4
58,56,"Stevens, Sam",STEVENS_SAM,confirmed,TBD,TBD,deep,high,0.51,35.7487922705314,44.35920379088013,8.610411520348727,high,-0.6,"DataGolf course-fit tool; comp courses: Colonial CC, TPC Potomac, Harbour Town; cf_adj_total scaled ×20, capped ±7 VTS pts",6,-0.048,-1.8599999999999999,medium,42.0492780454766,Balanced,"{""neutral"": 0.4, ""venuefit"": 0.3, ""venuehistory"": 0.3}",clear,False,,0.0,wedge_liability;poor_birdie_conv,-5.819233157742669,0.0,-3.188141239173884,-2.631091918568785,0.0,wedge_liability;poor_birdie_conv,Standard venue (non-major birdie-fest). AP_TO_VTS=2.0 (vs 3.0 for major). Mild weather — no setup amplification. Weather modifier ×1.0 all patterns.,PUTT_Lag,False,0.0,,0.614348629385,43.01839358478464,0.22933764700000003,False,,0.0,False,ok,,0.0,low,25.0,standard,Standard venue variance class. No compression multiplier applied.,standard,"{""win_exponent"": 4.5, ""win_cap"": 0.14, ""top3_center"": 80, ""top5_center"": 76, ""top10_center"": 68, ""top20_center"": 59}","72-player no-cut field. Win exp=4.5, cap=0.14. No cut survival probability generated (not applicable).",30.41081172999126,30.41081172999126,5,"Tier5: Weak profile NeutralSG=0.51, AP=-5.8SG; 6CH-rds",ok,0.00164608509212521,0.006274413103205374,0.00932833950994445,0.029547131615400422,0.08297464408478,not_applicable,not_applicable,Signature event — all 72 players complete 4 rounds (barring WD). make_cut_pct and miss_cut_pct are not_applicable. No cut-survival probability is generated.,OTT_Distance,OTT_Distance+OTT_Accuracy; weak PUTT_Lag,NeutralSG=0.51; VFD=8.6; VHD=-1.9(6rds); AP=-5.8SG(wedge_liability;poor_birdie_conv); →Tier5 VTS=30.4
59,61,"Fox, Ryan",FOX_RYAN,confirmed,TBD,TBD,deep,high,0.59,37.68115942028986,40.25454591324381,2.5733864929539507,high,-3.6,"DataGolf course-fit tool; comp courses: Colonial CC, TPC Potomac, Harbour Town; cf_adj_total scaled ×20, capped ±7 VTS pts",4,1.506,-0.003999999999999997,low,40.42907077978026,Blended,"{""neutral"": 0.5, ""venuefit"": 0.35, ""venuehistory"": 0.15}",clear,False,,0.0,bomb_and_spray;wedge_liability,-5.657977608423652,-2.3504492939666237,-3.3075283144570284,0.0,0.0,bomb_and_spray;wedge_liability,Standard venue (non-major birdie-fest). AP_TO_VTS=2.0 (vs 3.0 for major). Mild weather — no setup amplification. Weather modifier ×1.0 all patterns.,OTT_Accuracy,False,0.0,,0.704580019645,45.37717155547893,0.25182421900000007,False,,0.0,False,ok,,0.0,low,25.0,standard,Standard venue variance class. No compression multiplier applied.,standard,"{""win_exponent"": 4.5, ""win_cap"": 0.14, ""top3_center"": 80, ""top5_center"": 76, ""top10_center"": 68, ""top20_center"": 59}","72-player no-cut field. Win exp=4.5, cap=0.14. No cut survival probability generated (not applicable).",29.113115562932958,29.113115562932958,5,"Tier5: Weak profile NeutralSG=0.59, AP=-5.7SG; 4CH-rds",ok,0.0013527741772605749,0.005515482571229984,0.008203407587961464,0.02638562771846676,0.07547881916347143,not_applicable,not_applicable,Signature event — all 72 players complete 4 rounds (barring WD). make_cut_pct and miss_cut_pct are not_applicable. No cut-survival probability is generated.,OTT_Distance,OTT_Distance+ARG_Bunker; weak OTT_Accuracy,NeutralSG=0.59; VFD=2.6; VHD=-0.0(4rds); AP=-5.7SG(bomb_and_spray;wedge_liability); →Tier5 VTS=29.1
60,46,"Novak, Andrew",NOVAK_ANDREW,confirmed,TBD,TBD,deep,high,0.31,30.917874396135268,43.06834259093629,12.150468194801022,high,0.4,"DataGolf course-fit tool; comp courses: Colonial CC, TPC Potomac, Harbour Town; cf_adj_total scaled ×20, capped ±7 VTS pts",10,0.405,0.9344,medium,40.56797253573499,Balanced,"{""neutral"": 0.4, ""venuefit"": 0.3, ""venuehistory"": 0.3}",clear,False,,0.0,wedge_liability;poor_birdie_conv,-5.734604074355529,0.0,-3.1849433710859425,-2.5496607032695864,0.0,wedge_liability;poor_birdie_conv,Standard venue (non-major birdie-fest). AP_TO_VTS=2.0 (vs 3.0 for major). Mild weather — no setup amplification. Weather modifier ×1.0 all patterns.,PUTT_Lag,False,0.0,,0.341216132675,35.318992103155615,0.068606885,False,,0.0,False,ok,,0.0,low,25.0,standard,Standard venue variance class. No compression multiplier applied.,standard,"{""win_exponent"": 4.5, ""win_cap"": 0.14, ""top3_center"": 80, ""top5_center"": 76, ""top10_center"": 68, ""top20_center"": 59}","72-player no-cut field. Win exp=4.5, cap=0.14. No cut survival probability generated (not applicable).",29.09876438702393,29.09876438702393,5,"Tier5: Weak profile NeutralSG=0.31, AP=-5.7SG; 10CH-rds",ok,0.0013497759678144866,0.005507621286162732,0.008191750256119663,0.026352567121971242,0.07539946780032991,not_applicable,not_applicable,Signature event — all 72 players complete 4 rounds (barring WD). make_cut_pct and miss_cut_pct are not_applicable. No cut-survival probability is generated.,OTT_Distance,OTT_Distance+ARG_Bunker; weak PUTT_Lag,NeutralSG=0.31; VFD=12.2; VHD=0.9(10rds); AP=-5.7SG(wedge_liability;poor_birdie_conv); →Tier5 VTS=29.1
61,37,"Theegala, Sahith",THEEGALA_SAHITH,confirmed,TBD,TBD,deep,high,0.65,39.1304347826087,42.89477318322887,3.7643384006201686,high,-2.6,"DataGolf course-fit tool; comp courses: Colonial CC, TPC Potomac, Harbour Town; cf_adj_total scaled ×20, capped ±7 VTS pts",14,0.821,1.0952000000000002,medium,43.84916586801214,Balanced,"{""neutral"": 0.4, ""venuefit"": 0.3, ""venuehistory"": 0.3}",clear,False,,0.0,bomb_and_spray;wedge_liability;poor_birdie_conv,-7.623620362489163,-2.0,-3.1924050632911394,-2.4312152991980236,0.0,bomb_and_spray;wedge_liability;poor_birdie_conv,Standard venue (non-major birdie-fest). AP_TO_VTS=2.0 (vs 3.0 for major). Mild weather — no setup amplification. Weather modifier ×1.0 all patterns.,PUTT_Lag,False,0.0,,0.805214396155,48.3955809504318,0.34113054099999995,False,,0.0,False,ok,,0.0,low,25.0,standard,Standard venue variance class. No compression multiplier applied.,standard,"{""win_exponent"": 4.5, ""win_cap"": 0.14, ""top3_center"": 80, ""top5_center"": 76, ""top10_center"": 68, ""top20_center"": 59}","72-player no-cut field. Win exp=4.5, cap=0.14. No cut survival probability generated (not applicable).",28.601925143033817,28.601925143033817,5,"Tier5: Weak profile NeutralSG=0.65, AP=-7.6SG; 14CH-rds",ok,0.001249122182332667,0.005242222534668393,0.007798137510826682,0.025232464524639224,0.07269866433747788,not_applicable,not_applicable,Signature event — all 72 players complete 4 rounds (barring WD). make_cut_pct and miss_cut_pct are not_applicable. No cut-survival probability is generated.,ARG_Bunker,ARG_Bunker+ARG_Rough; weak PUTT_Lag,NeutralSG=0.65; VFD=3.8; VHD=1.1(14rds); AP=-7.6SG(bomb_and_spray;wedge_liability;poor_birdie_conv); →Tier5 VTS=28.6
62,64,"Echavarria, Nico",ECHAVARRIA_NICO,confirmed,TBD,TBD,deep,high,0.35,31.88405797101449,47.80016751705784,15.916109546043348,high,1.4,"DataGolf course-fit tool; comp courses: Colonial CC, TPC Potomac, Harbour Town; cf_adj_total scaled ×20, capped ±7 VTS pts",2,-1.656,-0.05280000000000001,low,38.25050178943182,Neutral+Venue,"{""neutral"": 0.6, ""venuefit"": 0.4, ""venuehistory"": 0.0}",clear,False,,0.0,wedge_liability;rough_approach_liab,-5.533152179426914,0.0,-3.6433044636908725,0.0,-1.889847715736041,wedge_liability;rough_approach_liab,Standard venue (non-major birdie-fest). AP_TO_VTS=2.0 (vs 3.0 for major). Mild weather — no setup amplification. Weather modifier ×1.0 all patterns.,ARG_Rough,False,0.0,,0.15498741359499998,27.729653512244962,-0.428599091,False,,-0.428599091,False,ok,,0.0,low,25.0,standard,Standard venue variance class. No compression multiplier applied.,standard,"{""win_exponent"": 4.5, ""win_cap"": 0.14, ""top3_center"": 80, ""top5_center"": 76, ""top10_center"": 68, ""top20_center"": 59}","72-player no-cut field. Win exp=4.5, cap=0.14. No cut survival probability generated (not applicable).",26.755598339577997,26.755598339577997,5,"Tier5: Weak profile NeutralSG=0.35, AP=-5.5SG; 2CH-rds",ok,0.0009251075588395408,0.004362718382701438,0.0064929312157419134,0.02146156179521415,0.06341945473432566,not_applicable,not_applicable,Signature event — all 72 players complete 4 rounds (barring WD). make_cut_pct and miss_cut_pct are not_applicable. No cut-survival probability is generated.,PUTT_BirdieConv,PUTT_BirdieConv+PUTT_Lag; weak ARG_Rough,NeutralSG=0.35; VFD=15.9; VHD=-0.1(2rds); AP=-5.5SG(wedge_liability;rough_approach_liab); →Tier5 VTS=26.8
63,66,"Hisatsune, Ryo",HISATSUNE_RYO,confirmed,TBD,TBD,deep,high,0.11,26.086956521739136,45.74114478479515,19.65418826305601,high,1.8,"DataGolf course-fit tool; comp courses: Colonial CC, TPC Potomac, Harbour Town; cf_adj_total scaled ×20, capped ±7 VTS pts",0,,0.0,none,33.94863182696154,Neutral+Venue,"{""neutral"": 0.6, ""venuefit"": 0.4, ""venuehistory"": 0.0}",clear,False,,0.0,poor_birdie_conv;rough_approach_liab,-4.584469385007062,0.0,0.0,-2.8550277606415793,-1.7294416243654827,poor_birdie_conv;rough_approach_liab,Standard venue (non-major birdie-fest). AP_TO_VTS=2.0 (vs 3.0 for major). Mild weather — no setup amplification. Weather modifier ×1.0 all patterns.,PUTT_Lag,False,0.0,,0.411392246155,40.63213595407634,0.662400541,False,,0.0,False,ok,,0.0,low,25.0,standard,Standard venue variance class. No compression multiplier applied.,standard,"{""win_exponent"": 4.5, ""win_cap"": 0.14, ""top3_center"": 80, ""top5_center"": 76, ""top10_center"": 68, ""top20_center"": 59}","72-player no-cut field. Win exp=4.5, cap=0.14. No cut survival probability generated (not applicable).",24.779693056947416,24.779693056947416,5,"Tier5: Weak profile NeutralSG=0.11, AP=-4.6SG; 0CH-rds",ok,0.0006550250011617953,0.0035836230619374237,0.005335688249729878,0.018035184397522303,0.05471044705618146,not_applicable,not_applicable,Signature event — all 72 players complete 4 rounds (barring WD). make_cut_pct and miss_cut_pct are not_applicable. No cut-survival probability is generated.,OTT_Distance,OTT_Distance+OTT_Accuracy; weak PUTT_Lag,NeutralSG=0.11; VFD=19.7; VHD=0.0(0rds); AP=-4.6SG(poor_birdie_conv;rough_approach_liab); →Tier5 VTS=24.8
64,47,"Pendrith, Taylor",PENDRITH_TAYLOR,confirmed,TBD,TBD,deep,high,0.46,34.54106280193237,41.00688424047398,6.46582143854161,high,-1.4,"DataGolf course-fit tool; comp courses: Colonial CC, TPC Potomac, Harbour Town; cf_adj_total scaled ×20, capped ±7 VTS pts",10,1.118,1.6320000000000001,medium,41.608090392915145,Balanced,"{""neutral"": 0.4, ""venuefit"": 0.3, ""venuehistory"": 0.3}",clear,False,,0.0,bomb_and_spray;wedge_liability;poor_birdie_conv,-8.797847816877493,-2.6739409499358153,-3.7371085942704863,-2.3867982726711903,0.0,bomb_and_spray;wedge_liability;poor_birdie_conv,Standard venue (non-major birdie-fest). AP_TO_VTS=2.0 (vs 3.0 for major). Mild weather — no setup amplification. Weather modifier ×1.0 all patterns.,APP_Wedge,False,0.0,,0.35700835943000003,33.92764464133937,-0.22635525400000003,False,,0.0,False,ok,,0.0,low,25.0,standard,Standard venue variance class. No compression multiplier applied.,standard,"{""win_exponent"": 4.5, ""win_cap"": 0.14, ""top3_center"": 80, ""top5_center"": 76, ""top10_center"": 68, ""top20_center"": 59}","72-player no-cut field. Win exp=4.5, cap=0.14. No cut survival probability generated (not applicable).",24.01239475916016,24.01239475916016,5,"Tier5: Weak profile NeutralSG=0.46, AP=-8.8SG; 10CH-rds",ok,0.0005685725128940395,0.0033199131616804566,0.004943759286687834,0.016854298409946032,0.05164000432064554,not_applicable,not_applicable,Signature event — all 72 players complete 4 rounds (barring WD). make_cut_pct and miss_cut_pct are not_applicable. No cut-survival probability is generated.,OTT_Distance,OTT_Distance+OTT_Accuracy; weak APP_Wedge,NeutralSG=0.46; VFD=6.5; VHD=1.6(10rds); AP=-8.8SG(bomb_and_spray;wedge_liability;poor_birdie_conv); →Tier5 VTS=24.0
65,28,"Hubbard, Mark",HUBBARD_MARK,confirmed,TBD,TBD,deep,high,-0.14,20.048309178743963,41.19642234584421,21.14811316710025,high,1.6,"DataGolf course-fit tool; comp courses: Colonial CC, TPC Potomac, Harbour Town; cf_adj_total scaled ×20, capped ±7 VTS pts",22,0.544,1.8087999999999997,medium,35.92089037525085,Balanced,"{""neutral"": 0.4, ""venuefit"": 0.3, ""venuehistory"": 0.3}",clear,False,,0.0,wedge_liability;poor_birdie_conv;rough_approach_liab,-7.5466194420604715,0.0,-3.2051965356429046,-2.570018507094386,-1.7714043993231812,wedge_liability;poor_birdie_conv;rough_approach_liab,Standard venue (non-major birdie-fest). AP_TO_VTS=2.0 (vs 3.0 for major). Mild weather — no setup amplification. Weather modifier ×1.0 all patterns.,PUTT_Lag,False,0.0,,-0.25765719147,18.589465902701814,-0.258587234,False,,0.0,False,ok,,0.0,low,25.0,standard,Standard venue variance class. No compression multiplier applied.,standard,"{""win_exponent"": 4.5, ""win_cap"": 0.14, ""top3_center"": 80, ""top5_center"": 76, ""top10_center"": 68, ""top20_center"": 59}","72-player no-cut field. Win exp=4.5, cap=0.14. No cut survival probability generated (not applicable).",20.827651491129906,20.827651491129906,5,"Tier5: Weak profile NeutralSG=-0.14, AP=-7.5SG; 22CH-rds",ok,0.0002997143826580899,0.0024168641537549856,0.0036007819087842045,0.012713401511643154,0.04054879915883527,not_applicable,not_applicable,Signature event — all 72 players complete 4 rounds (barring WD). make_cut_pct and miss_cut_pct are not_applicable. No cut-survival probability is generated.,ARG_Bunker,ARG_Bunker+APP_100-150; weak PUTT_Lag,NeutralSG=-0.14; VFD=21.1; VHD=1.8(22rds); AP=-7.5SG(wedge_liability;poor_birdie_conv;rough_approach_liab); →Tier5 VTS=20.8
66,29,"Im, Sungjae",IM_SUNGJAE,confirmed,TBD,TBD,deep,high,0.14,26.811594202898547,31.29988661660005,4.488292413701501,high,-0.4,"DataGolf course-fit tool; comp courses: Colonial CC, TPC Potomac, Harbour Town; cf_adj_total scaled ×20, capped ±7 VTS pts",20,1.062,-0.1288,medium,35.07596366613943,Balanced,"{""neutral"": 0.4, ""venuefit"": 0.3, ""venuehistory"": 0.3}",clear,False,,0.0,wedge_liability;poor_birdie_conv,-7.491822724804889,0.0,-5.142038640906062,-2.3497840838988266,0.0,wedge_liability;poor_birdie_conv,Standard venue (non-major birdie-fest). AP_TO_VTS=2.0 (vs 3.0 for major). Mild weather — no setup amplification. Weather modifier ×1.0 all patterns.,APP_Wedge,False,0.0,,0.24542293125000003,33.943358300831804,0.23169875,False,,0.0,False,ok,,0.0,low,25.0,standard,Standard venue variance class. No compression multiplier applied.,standard,"{""win_exponent"": 4.5, ""win_cap"": 0.14, ""top3_center"": 80, ""top5_center"": 76, ""top10_center"": 68, ""top20_center"": 59}","72-player no-cut field. Win exp=4.5, cap=0.14. No cut survival probability generated (not applicable).",20.09231821652965,20.09231821652965,5,"Tier5: Weak profile NeutralSG=0.14, AP=-7.5SG; 20CH-rds",ok,0.0002549537711531158,0.0022459485925202956,0.003346454316732076,0.01191003931566999,0.03833091541912157,not_applicable,not_applicable,Signature event — all 72 players complete 4 rounds (barring WD). make_cut_pct and miss_cut_pct are not_applicable. No cut-survival probability is generated.,ARG_Bunker,ARG_Bunker+ARG_Rough; weak APP_Wedge,NeutralSG=0.14; VFD=4.5; VHD=-0.1(20rds); AP=-7.5SG(wedge_liability;poor_birdie_conv); →Tier5 VTS=20.1
67,8,"Hoge, Tom",HOGE_TOM,confirmed,TBD,TBD,deep,high,-0.61,8.695652173913043,33.99989211106587,25.304239937152825,high,1.6,"DataGolf course-fit tool; comp courses: Colonial CC, TPC Potomac, Harbour Town; cf_adj_total scaled ×20, capped ±7 VTS pts",37,-0.049,-0.33759999999999996,medium,28.576948502884974,Balanced,"{""neutral"": 0.4, ""venuefit"": 0.3, ""venuehistory"": 0.3}",clear,False,,0.0,poor_birdie_conv;rough_approach_liab,-5.111513646503016,0.0,0.0,-3.0382479950647756,-2.0732656514382404,poor_birdie_conv;rough_approach_liab,Standard venue (non-major birdie-fest). AP_TO_VTS=2.0 (vs 3.0 for major). Mild weather — no setup amplification. Weather modifier ×1.0 all patterns.,PUTT_Lag,False,0.0,,-0.43115592277000003,18.248383868925032,0.39306390599999996,False,,0.0,False,ok,,0.0,low,25.0,standard,Standard venue variance class. No compression multiplier applied.,standard,"{""win_exponent"": 4.5, ""win_cap"": 0.14, ""top3_center"": 80, ""top5_center"": 76, ""top10_center"": 68, ""top20_center"": 59}","72-player no-cut field. Win exp=4.5, cap=0.14. No cut survival probability generated (not applicable).",18.35392120987894,18.35392120987894,5,"Tier5: Weak profile NeutralSG=-0.61, AP=-5.1SG; 37CH-rds",ok,0.00016967040982077724,0.0018883181192737273,0.0028141356648224555,0.010204659106220364,0.03353970570179643,not_applicable,not_applicable,Signature event — all 72 players complete 4 rounds (barring WD). make_cut_pct and miss_cut_pct are not_applicable. No cut-survival probability is generated.,APP_Wedge,APP_Wedge+APP_100-150; weak PUTT_Lag,NeutralSG=-0.61; VFD=25.3; VHD=-0.3(37rds); AP=-5.1SG(poor_birdie_conv;rough_approach_liab); →Tier5 VTS=18.4
68,10,"Finau, Tony",FINAU_TONY,confirmed,TBD,TBD,deep,high,-0.1,21.01449275362319,26.664252689139612,5.649759935516421,high,-4.2,"DataGolf course-fit tool; comp courses: Colonial CC, TPC Potomac, Harbour Town; cf_adj_total scaled ×20, capped ±7 VTS pts",34,0.543,-1.1256,medium,31.06739290819116,Balanced,"{""neutral"": 0.4, ""venuefit"": 0.3, ""venuehistory"": 0.3}",clear,False,,0.0,bomb_and_spray;wedge_liability;poor_birdie_conv,-8.653857083145471,-2.0,-4.120852764823451,-2.5330043183220208,0.0,bomb_and_spray;wedge_liability;poor_birdie_conv,Standard venue (non-major birdie-fest). AP_TO_VTS=2.0 (vs 3.0 for major). Mild weather — no setup amplification. Weather modifier ×1.0 all patterns.,OTT_Accuracy,False,0.0,,0.099693561795,31.60360859884109,0.438886949,False,,0.0,False,ok,,0.0,low,25.0,standard,Standard venue variance class. No compression multiplier applied.,standard,"{""win_exponent"": 4.5, ""win_cap"": 0.14, ""top3_center"": 80, ""top5_center"": 76, ""top10_center"": 68, ""top20_center"": 59}","72-player no-cut field. Win exp=4.5, cap=0.14. No cut survival probability generated (not applicable).",13.759678741900217,13.759678741900217,5,"Tier5: Weak profile NeutralSG=-0.10, AP=-8.7SG; 34CH-rds",ok,4.6404868800175504e-05,0.001193673412162325,0.001779590634263607,0.006774799821619905,0.023493377188366166,not_applicable,not_applicable,Signature event — all 72 players complete 4 rounds (barring WD). make_cut_pct and miss_cut_pct are not_applicable. No cut-survival probability is generated.,ARG_Rough,ARG_Rough+ARG_Bunker; weak OTT_Accuracy,NeutralSG=-0.10; VFD=5.6; VHD=-1.1(34rds); AP=-8.7SG(bomb_and_spray;wedge_liability;poor_birdie_conv); →Tier5 VTS=13.8
69,71,"Suber, Jackson",SUBER_JACKSON,confirmed,TBD,TBD,deep,high,-0.01,23.18840579710145,37.33274557227811,14.144339775176658,high,-0.4,"DataGolf course-fit tool; comp courses: Colonial CC, TPC Potomac, Harbour Town; cf_adj_total scaled ×20, capped ±7 VTS pts",0,,0.0,none,28.846141707172112,Neutral+Venue,"{""neutral"": 0.6, ""venuefit"": 0.4, ""venuehistory"": 0.0}",clear,False,,0.0,wedge_liability;poor_birdie_conv;rough_approach_liab,-7.830855789139923,0.0,-3.6731512325116586,-2.3257248611967922,-1.8319796954314724,wedge_liability;poor_birdie_conv;rough_approach_liab,Standard venue (non-major birdie-fest). AP_TO_VTS=2.0 (vs 3.0 for major). Mild weather — no setup amplification. Weather modifier ×1.0 all patterns.,OTT_Accuracy,False,0.0,,-0.024919955505,25.686383802860107,-0.032791111,False,,0.0,False,ok,,0.0,low,25.0,standard,Standard venue variance class. No compression multiplier applied.,standard,"{""win_exponent"": 4.5, ""win_cap"": 0.14, ""top3_center"": 80, ""top5_center"": 76, ""top10_center"": 68, ""top20_center"": 59}","72-player no-cut field. Win exp=4.5, cap=0.14. No cut survival probability generated (not applicable).",13.184430128892267,13.184430128892267,5,"Tier5: Weak profile NeutralSG=-0.01, AP=-7.8SG; 0CH-rds",ok,3.829149818286123e-05,0.0011270287414285305,0.0016802944356774819,0.006435421368383959,0.02246308802179932,not_applicable,not_applicable,Signature event — all 72 players complete 4 rounds (barring WD). make_cut_pct and miss_cut_pct are not_applicable. No cut-survival probability is generated.,OTT_Distance,OTT_Distance+PUTT_BirdieConv; weak OTT_Accuracy,NeutralSG=-0.01; VFD=14.1; VHD=0.0(0rds); AP=-7.8SG(wedge_liability;poor_birdie_conv;rough_approach_liab); →Tier5 VTS=13.2
70,13,"Vegas, Jhonattan",VEGAS_JHONATTAN,confirmed,TBD,TBD,deep,high,-0.42,13.285024154589376,31.706343335800327,18.42131918121095,high,-0.4,"DataGolf course-fit tool; comp courses: Colonial CC, TPC Potomac, Harbour Town; cf_adj_total scaled ×20, capped ±7 VTS pts",28,0.04,0.14640000000000003,medium,29.86983266257585,Balanced,"{""neutral"": 0.4, ""venuefit"": 0.3, ""venuehistory"": 0.3}",clear,False,,0.0,bomb_and_spray;wedge_liability;poor_birdie_conv;rough_approach_liab,-9.0,-2.0847240051347877,-3.7408394403730845,-3.0178901912399754,-1.7368866328257193,bomb_and_spray;wedge_liability;poor_birdie_conv;rough_approach_liab,Standard venue (non-major birdie-fest). AP_TO_VTS=2.0 (vs 3.0 for major). Mild weather — no setup amplification. Weather modifier ×1.0 all patterns.,PUTT_Lag,False,0.0,,-0.593151605445,9.587632752153464,-0.380552979,False,,-0.380552979,False,ok,,0.0,low,25.0,standard,Standard venue variance class. No compression multiplier applied.,standard,"{""win_exponent"": 4.5, ""win_cap"": 0.14, ""top3_center"": 80, ""top5_center"": 76, ""top10_center"": 68, ""top20_center"": 59}","72-player no-cut field. Win exp=4.5, cap=0.14. No cut survival probability generated (not applicable).",11.489279683575848,11.489279683575848,5,"Tier5: Weak profile NeutralSG=-0.42, AP=-9.0SG; 28CH-rds",ok,2.0613124788937542e-05,0.0009514815058958714,0.0014187059424913334,0.0055304326640745905,0.01967663083615887,not_applicable,not_applicable,Signature event — all 72 players complete 4 rounds (barring WD). make_cut_pct and miss_cut_pct are not_applicable. No cut-survival probability is generated.,OTT_Distance,OTT_Distance+ARG_Bunker; weak PUTT_Lag,NeutralSG=-0.42; VFD=18.4; VHD=0.1(28rds); AP=-9.0SG(bomb_and_spray;wedge_liability;poor_birdie_conv;rough_approach_liab); →Tier5 VTS=11.5
71,63,"Campbell, Brian",CAMPBELL_BRIAN,confirmed,TBD,TBD,deep,high,-0.97,0.0,30.77071170882795,30.77071170882795,high,4.8,"DataGolf course-fit tool; comp courses: Colonial CC, TPC Potomac, Harbour Town; cf_adj_total scaled ×20, capped ±7 VTS pts",2,-1.793,-0.05280000000000001,low,12.30828468353118,Neutral+Venue,"{""neutral"": 0.6, ""venuefit"": 0.4, ""venuehistory"": 0.0}",clear,False,,0.0,wedge_liability;rough_approach_liab,-6.88050053489439,0.0,-5.089806795469686,0.0,-1.790693739424704,wedge_liability;rough_approach_liab,Standard venue (non-major birdie-fest). AP_TO_VTS=2.0 (vs 3.0 for major). Mild weather — no setup amplification. Weather modifier ×1.0 all patterns.,OTT_Distance,False,0.0,,-1.038601108485,0.0,-0.1507716670000001,False,,0.0,False,ok,,0.0,low,25.0,standard,Standard venue variance class. No compression multiplier applied.,standard,"{""win_exponent"": 4.5, ""win_cap"": 0.14, ""top3_center"": 80, ""top5_center"": 76, ""top10_center"": 68, ""top20_center"": 59}","72-player no-cut field. Win exp=4.5, cap=0.14. No cut survival probability generated (not applicable).",0.0,0.0,5,"Tier5: Weak profile NeutralSG=-0.97, AP=-6.9SG; 2CH-rds",ok,0.0,0.0003018151174198303,0.0004501809963716075,0.0019742700210378713,0.00795276041454695,not_applicable,not_applicable,Signature event — all 72 players complete 4 rounds (barring WD). make_cut_pct and miss_cut_pct are not_applicable. No cut-survival probability is generated.,PUTT_BirdieConv,PUTT_BirdieConv+ARG_Bunker; weak OTT_Distance,NeutralSG=-0.97; VFD=30.8; VHD=-0.1(2rds); AP=-6.9SG(wedge_liability;rough_approach_liab); →Tier5 VTS=0.0
