rank_model,player_name,neutral_skill_sg,neutral_skill_index,data_depth_class,baseline_confidence_band,venue_fit_score,venue_fit_delta,venue_fit_confidence_band,comp_course_adjustment,venue_history_rounds,venue_history_sg,venue_history_delta,venue_history_confidence_band,pre_penalty_vts,blend_class,blend_weights_used,tier_eligibility_gate_status,debut_class,debut_penalty_applied,anti_pattern_flags,anti_pattern_penalty_total,anti_pattern_trigger_trace,anti_pattern_modifier_trace,primary_risk_trait,risk_stressor_active,risk_secondary_discount_applied,risk_discount_trace,form_score_adjusted,recent_form_index,recent_form_gate_applied,health_flag,health_gate_status,health_gate_reason,player_variance_band,volatility_index,venue_variance_class,variance_adjustment_trace,probability_compression_class,probability_compression_coefficients,probability_compression_trace,vts_final,tier,tier_reason,win_pct,top3_pct,top5_pct,top10_pct,top20_pct,make_cut_pct,miss_cut_pct,trace_notes
1,Scottie Scheffler,-0.53,100.0,DEBUT,not_available_in_v3_source,97.57,97.57,1.0,not_available_in_v3_source,0,,49.61,NONE,83.26,v3_fixed_40_30_15_15,NSI=0.40;VFS=0.30;VHN=0.15;FORM=0.15,not_available_in_v3_source,RoyalBirkdaleDebut,0,No anti-pattern flags. Clean structural profile — no recurring weak-link traits identified for Royal Birkdale.,0.0,not_available_in_v3_source,not_available_in_v3_source,standard major championship variance,not_available_in_v3_source,not_available_in_v3_source,not_available_in_v3_source,43.64,43.64,not_available_in_v3_source,not_available_in_v3_source,not_available_in_v3_source,not_available_in_v3_source,not_available_in_v3_source,not_available_in_v3_source,HIGH,not_available_in_v3_source,not_available_in_v3_source,not_available_in_v3_source,not_available_in_v3_source,83.26,1,elite approach (SG:APP +1.09) — directly meets Birkdale's 175–225yd demand; positive links SG signal (+0.931/rd) supports links-surface fit.,3.69,not_available_in_v3_source,14.24,23.43,36.84,95.4,4.6,"NSI=100.0(w=0.40) + VFS=97.6(w=0.30) + VHN=49.6(w=0.15) + FORM=43.6(w=0.15) = VTS=83.3. VFS = base 93.8 + links_delta +3.7. Links trace: raw_sig=+0.931; delta_vfs=+3.72; windows=[6m:-0.161(ev=1,conf=0.40→adj=-0.064) | 12m:+1.638(ev=2,conf=0.75→adj=+1.228) | 24m:+2.198(ev=3,conf=0.75→adj=+1.648) | alltime:+1.939(ev=8,conf=1.00→adj=+1.939)]"
2,Tommy Fleetwood,0.47,96.77,FULL,not_available_in_v3_source,88.86,88.86,1.0,not_available_in_v3_source,1,1.302,56.77,LIGHT,82.23,v3_fixed_40_30_15_15,NSI=0.40;VFS=0.30;VHN=0.15;FORM=0.15,not_available_in_v3_source,BirkdaleHistoryThin,0,No anti-pattern flags. Clean structural profile — no recurring weak-link traits identified for Royal Birkdale.,0.0,not_available_in_v3_source,not_available_in_v3_source,standard major championship variance,not_available_in_v3_source,not_available_in_v3_source,not_available_in_v3_source,55.64,55.64,not_available_in_v3_source,not_available_in_v3_source,not_available_in_v3_source,not_available_in_v3_source,not_available_in_v3_source,not_available_in_v3_source,HIGH,not_available_in_v3_source,not_available_in_v3_source,not_available_in_v3_source,not_available_in_v3_source,82.23,1,strong approach game (SG:APP +0.63) in the primary scoring zone; single Birkdale event on record (SG +1.302/rd) — limited but positive signal; positive links SG signal (+1.482/rd) supports links-surface fit.,3.43,not_available_in_v3_source,13.43,22.31,35.46,94.9,5.1,"NSI=96.8(w=0.40) + VFS=88.9(w=0.30) + VHN=56.8(w=0.15) + FORM=55.6(w=0.15) = VTS=82.2. VFS = base 82.9 + links_delta +5.9. Links trace: raw_sig=+1.482; delta_vfs=+5.93; windows=[6m:+2.168(ev=1,conf=0.40→adj=+0.867) | 12m:+2.096(ev=4,conf=1.00→adj=+2.096) | 24m:+1.746(ev=8,conf=1.00→adj=+1.746) | alltime:+0.961(ev=44,conf=1.00→adj=+0.961)]"
3,Matt Fitzpatrick,0.24,97.42,FULL,not_available_in_v3_source,89.64,89.64,1.0,not_available_in_v3_source,1,0.802,52.44,LIGHT,81.66,v3_fixed_40_30_15_15,NSI=0.40;VFS=0.30;VHN=0.15;FORM=0.15,not_available_in_v3_source,BirkdaleHistoryThin,0,No anti-pattern flags. Clean structural profile — no recurring weak-link traits identified for Royal Birkdale.,0.0,not_available_in_v3_source,not_available_in_v3_source,standard major championship variance,not_available_in_v3_source,not_available_in_v3_source,not_available_in_v3_source,52.88,52.88,not_available_in_v3_source,not_available_in_v3_source,not_available_in_v3_source,not_available_in_v3_source,not_available_in_v3_source,not_available_in_v3_source,HIGH,not_available_in_v3_source,not_available_in_v3_source,not_available_in_v3_source,not_available_in_v3_source,81.66,1,elite approach (SG:APP +0.86) — directly meets Birkdale's 175–225yd demand; single Birkdale event on record (SG +0.802/rd) — limited but positive signal; elite links SG signal (+1.606/rd weighted) confirms links-surface upside.,3.29,not_available_in_v3_source,13.0,21.71,34.72,94.6,5.4,"NSI=97.4(w=0.40) + VFS=89.6(w=0.30) + VHN=52.4(w=0.15) + FORM=52.9(w=0.15) = VTS=81.7. VFS = base 83.2 + links_delta +6.4. Links trace: raw_sig=+1.606; delta_vfs=+6.42; windows=[6m:+3.168(ev=1,conf=0.40→adj=+1.267) | 12m:+2.239(ev=4,conf=1.00→adj=+2.239) | 24m:+1.571(ev=7,conf=1.00→adj=+1.571) | alltime:+0.646(ev=32,conf=1.00→adj=+0.646)]"
4,Si Woo Kim,0.35,93.55,FULL,not_available_in_v3_source,92.45,92.45,1.0,not_available_in_v3_source,1,0.022,48.98,LIGHT,80.63,v3_fixed_40_30_15_15,NSI=0.40;VFS=0.30;VHN=0.15;FORM=0.15,not_available_in_v3_source,BirkdaleHistoryThin,0,Anti-pattern flags: Poor Links Putter — below-field on fescue; links surfaces amplify weak putting.,0.0,not_available_in_v3_source,not_available_in_v3_source,putting volatility on links fescue,not_available_in_v3_source,not_available_in_v3_source,not_available_in_v3_source,54.2,54.2,not_available_in_v3_source,not_available_in_v3_source,not_available_in_v3_source,not_available_in_v3_source,not_available_in_v3_source,not_available_in_v3_source,HIGH,not_available_in_v3_source,not_available_in_v3_source,not_available_in_v3_source,not_available_in_v3_source,80.63,1,strong approach game (SG:APP +0.79) in the primary scoring zone; single Birkdale event on record (SG +0.022/rd) — limited but positive signal; positive links SG signal (+1.300/rd) supports links-surface fit.,3.06,not_available_in_v3_source,12.26,20.67,33.42,94.1,5.9,"NSI=93.5(w=0.40) + VFS=92.5(w=0.30) + VHN=49.0(w=0.15) + FORM=54.2(w=0.15) = VTS=80.6. VFS = base 87.2 + links_delta +5.2. Links trace: raw_sig=+1.300; delta_vfs=+5.20; windows=[6m:+2.668(ev=1,conf=0.40→adj=+1.067) | 12m:+1.977(ev=2,conf=0.75→adj=+1.483) | 24m:+1.517(ev=4,conf=1.00→adj=+1.517) | alltime:+1.043(ev=8,conf=1.00→adj=+1.043)]"
5,Russell Henley,-0.54,95.48,FULL,not_available_in_v3_source,88.96,88.96,0.3,not_available_in_v3_source,1,1.052,55.04,LIGHT,79.66,v3_fixed_40_30_15_15,NSI=0.40;VFS=0.30;VHN=0.15;FORM=0.15,not_available_in_v3_source,BirkdaleHistoryThin,0,No anti-pattern flags. Clean structural profile — no recurring weak-link traits identified for Royal Birkdale.,0.0,not_available_in_v3_source,not_available_in_v3_source,standard major championship variance,not_available_in_v3_source,not_available_in_v3_source,not_available_in_v3_source,43.52,43.52,not_available_in_v3_source,not_available_in_v3_source,not_available_in_v3_source,not_available_in_v3_source,not_available_in_v3_source,not_available_in_v3_source,HIGH,not_available_in_v3_source,not_available_in_v3_source,not_available_in_v3_source,not_available_in_v3_source,79.66,1,strong approach game (SG:APP +0.70) in the primary scoring zone; single Birkdale event on record (SG +1.052/rd) — limited but positive signal; positive links SG signal (+1.210/rd) supports links-surface fit.,2.86,not_available_in_v3_source,11.6,19.74,32.24,93.5,6.5,"NSI=95.5(w=0.40) + VFS=89.0(w=0.30) + VHN=55.0(w=0.15) + FORM=43.5(w=0.15) = VTS=79.7. VFS = base 84.1 + links_delta +4.8. Links trace: raw_sig=+1.210; delta_vfs=+4.84; windows=[6m:no_data | 12m:no_data | 24m:+4.039(ev=1,conf=0.40→adj=+1.616) | alltime:+0.400(ev=9,conf=1.00→adj=+0.400)]"
6,Rory McIlroy,-0.05,99.35,FULL,not_available_in_v3_source,72.5,72.5,1.0,not_available_in_v3_source,1,2.802,67.17,LIGHT,78.98,v3_fixed_40_30_15_15,NSI=0.40;VFS=0.30;VHN=0.15;FORM=0.15,not_available_in_v3_source,BirkdaleHistoryThin,0,No anti-pattern flags. Clean structural profile — no recurring weak-link traits identified for Royal Birkdale.,0.0,not_available_in_v3_source,not_available_in_v3_source,standard major championship variance,not_available_in_v3_source,not_available_in_v3_source,not_available_in_v3_source,49.4,49.4,not_available_in_v3_source,not_available_in_v3_source,not_available_in_v3_source,not_available_in_v3_source,not_available_in_v3_source,not_available_in_v3_source,HIGH,not_available_in_v3_source,not_available_in_v3_source,not_available_in_v3_source,not_available_in_v3_source,78.98,1,strong approach game (SG:APP +0.51) in the primary scoring zone; single Birkdale event on record (SG +2.802/rd) — limited but positive signal; elite links SG signal (+1.852/rd weighted) confirms links-surface upside.,2.72,not_available_in_v3_source,11.15,19.11,31.44,93.1,6.9,"NSI=99.3(w=0.40) + VFS=72.5(w=0.30) + VHN=67.2(w=0.15) + FORM=49.4(w=0.15) = VTS=79.0. VFS = base 65.1 + links_delta +7.4. Links trace: raw_sig=+1.852; delta_vfs=+7.41; windows=[6m:+2.918(ev=1,conf=0.40→adj=+1.167) | 12m:+3.066(ev=3,conf=0.75→adj=+2.300) | 24m:+2.260(ev=8,conf=1.00→adj=+2.260) | alltime:+1.870(ev=33,conf=1.00→adj=+1.870)]"
7,Jon Rahm,-0.49,98.06,FULL,not_available_in_v3_source,81.43,81.43,1.0,not_available_in_v3_source,1,0.802,52.44,LIGHT,78.14,v3_fixed_40_30_15_15,NSI=0.40;VFS=0.30;VHN=0.15;FORM=0.15,not_available_in_v3_source,BirkdaleHistoryThin,0,No anti-pattern flags. Clean structural profile — no recurring weak-link traits identified for Royal Birkdale.,0.0,not_available_in_v3_source,not_available_in_v3_source,standard major championship variance,not_available_in_v3_source,not_available_in_v3_source,not_available_in_v3_source,44.12,44.12,not_available_in_v3_source,not_available_in_v3_source,not_available_in_v3_source,not_available_in_v3_source,not_available_in_v3_source,not_available_in_v3_source,HIGH,not_available_in_v3_source,not_available_in_v3_source,not_available_in_v3_source,not_available_in_v3_source,78.14,1,strong approach game (SG:APP +0.63) in the primary scoring zone; single Birkdale event on record (SG +0.802/rd) — limited but positive signal; positive links SG signal (+0.750/rd) supports links-surface fit.,2.56,not_available_in_v3_source,10.63,18.36,30.48,92.5,7.5,"NSI=98.1(w=0.40) + VFS=81.4(w=0.30) + VHN=52.4(w=0.15) + FORM=44.1(w=0.15) = VTS=78.1. VFS = base 78.4 + links_delta +3.0. Links trace: raw_sig=+0.750; delta_vfs=+3.00; windows=[6m:+0.918(ev=1,conf=0.40→adj=+0.367) | 12m:+0.918(ev=1,conf=0.40→adj=+0.367) | 24m:+1.973(ev=3,conf=0.75→adj=+1.480) | alltime:+1.973(ev=13,conf=1.00→adj=+1.973)]"
8,Viktor Hovland,0.39,90.32,DEBUT,not_available_in_v3_source,87.6,87.6,1.0,not_available_in_v3_source,0,,49.85,NONE,78.09,v3_fixed_40_30_15_15,NSI=0.40;VFS=0.30;VHN=0.15;FORM=0.15,not_available_in_v3_source,RoyalBirkdaleDebut,0,No anti-pattern flags. Clean structural profile — no recurring weak-link traits identified for Royal Birkdale.,0.0,not_available_in_v3_source,not_available_in_v3_source,standard major championship variance,not_available_in_v3_source,not_available_in_v3_source,not_available_in_v3_source,54.68,54.68,not_available_in_v3_source,not_available_in_v3_source,not_available_in_v3_source,not_available_in_v3_source,not_available_in_v3_source,not_available_in_v3_source,HIGH,not_available_in_v3_source,not_available_in_v3_source,not_available_in_v3_source,not_available_in_v3_source,78.09,1,elite approach (SG:APP +0.83) — directly meets Birkdale's 175–225yd demand; positive links SG signal (+1.289/rd) supports links-surface fit.,2.55,not_available_in_v3_source,10.6,18.32,30.42,92.5,7.5,"NSI=90.3(w=0.40) + VFS=87.6(w=0.30) + VHN=49.9(w=0.15) + FORM=54.7(w=0.15) = VTS=78.1. VFS = base 82.5 + links_delta +5.2. Links trace: raw_sig=+1.289; delta_vfs=+5.16; windows=[6m:+2.168(ev=1,conf=0.40→adj=+0.867) | 12m:+2.227(ev=2,conf=0.75→adj=+1.670) | 24m:+1.210(ev=4,conf=1.00→adj=+1.210) | alltime:+1.589(ev=10,conf=1.00→adj=+1.589)]"
9,Cameron Young,-1.16,98.71,DEBUT,not_available_in_v3_source,85.55,85.55,0.3,not_available_in_v3_source,0,,49.49,NONE,77.98,v3_fixed_40_30_15_15,NSI=0.40;VFS=0.30;VHN=0.15;FORM=0.15,not_available_in_v3_source,RoyalBirkdaleDebut,0,No anti-pattern flags. Clean structural profile — no recurring weak-link traits identified for Royal Birkdale.,0.0,not_available_in_v3_source,not_available_in_v3_source,standard major championship variance,not_available_in_v3_source,not_available_in_v3_source,not_available_in_v3_source,36.08,36.08,not_available_in_v3_source,not_available_in_v3_source,not_available_in_v3_source,not_available_in_v3_source,not_available_in_v3_source,not_available_in_v3_source,HIGH,not_available_in_v3_source,not_available_in_v3_source,not_available_in_v3_source,not_available_in_v3_source,77.98,2,strong approach game (SG:APP +0.65) in the primary scoring zone; positive links SG signal (+0.938/rd) supports links-surface fit.,2.53,not_available_in_v3_source,10.53,18.22,30.3,92.4,7.6,"NSI=98.7(w=0.40) + VFS=85.5(w=0.30) + VHN=49.5(w=0.15) + FORM=36.1(w=0.15) = VTS=78.0. VFS = base 81.8 + links_delta +3.8. Links trace: raw_sig=+0.938; delta_vfs=+3.75; windows=[6m:no_data | 12m:no_data | 24m:+1.289(ev=1,conf=0.40→adj=+0.516) | alltime:+1.782(ev=4,conf=1.00→adj=+1.782)]"
10,Xander Schauffele,-0.8,96.13,FULL,not_available_in_v3_source,75.34,75.34,1.0,not_available_in_v3_source,1,1.802,61.11,LIGHT,76.28,v3_fixed_40_30_15_15,NSI=0.40;VFS=0.30;VHN=0.15;FORM=0.15,not_available_in_v3_source,BirkdaleHistoryThin,0,No anti-pattern flags. Clean structural profile — no recurring weak-link traits identified for Royal Birkdale.,0.0,not_available_in_v3_source,not_available_in_v3_source,standard major championship variance,not_available_in_v3_source,not_available_in_v3_source,not_available_in_v3_source,40.4,40.4,not_available_in_v3_source,not_available_in_v3_source,not_available_in_v3_source,not_available_in_v3_source,not_available_in_v3_source,not_available_in_v3_source,HIGH,not_available_in_v3_source,not_available_in_v3_source,not_available_in_v3_source,not_available_in_v3_source,76.28,2,strong approach game (SG:APP +0.67) in the primary scoring zone; single Birkdale event on record (SG +1.802/rd) — limited but positive signal; positive links SG signal (+0.764/rd) supports links-surface fit.,2.24,not_available_in_v3_source,9.56,16.8,28.45,91.1,8.9,"NSI=96.1(w=0.40) + VFS=75.3(w=0.30) + VHN=61.1(w=0.15) + FORM=40.4(w=0.15) = VTS=76.3. VFS = base 72.3 + links_delta +3.1. Links trace: raw_sig=+0.764; delta_vfs=+3.06; windows=[6m:-1.661(ev=1,conf=0.40→adj=-0.664) | 12m:+1.138(ev=2,conf=0.75→adj=+0.853) | 24m:+2.448(ev=4,conf=1.00→adj=+2.448) | alltime:+2.087(ev=10,conf=1.00→adj=+2.087)]"
11,J.J. Spaun,0.08,88.39,DEBUT,not_available_in_v3_source,82.5,82.5,1.0,not_available_in_v3_source,0,,49.97,NONE,75.25,v3_fixed_40_30_15_15,NSI=0.40;VFS=0.30;VHN=0.15;FORM=0.15,not_available_in_v3_source,RoyalBirkdaleDebut,0,Anti-pattern flags: Poor Links Putter — below-field on fescue; links surfaces amplify weak putting.,0.0,not_available_in_v3_source,not_available_in_v3_source,putting volatility on links fescue,not_available_in_v3_source,not_available_in_v3_source,not_available_in_v3_source,50.96,50.96,not_available_in_v3_source,not_available_in_v3_source,not_available_in_v3_source,not_available_in_v3_source,not_available_in_v3_source,not_available_in_v3_source,HIGH,not_available_in_v3_source,not_available_in_v3_source,not_available_in_v3_source,not_available_in_v3_source,75.25,2,elite approach (SG:APP +0.96) — directly meets Birkdale's 175–225yd demand.,2.08,not_available_in_v3_source,9.01,16.0,27.38,90.2,9.8,"NSI=88.4(w=0.40) + VFS=82.5(w=0.30) + VHN=50.0(w=0.15) + FORM=51.0(w=0.15) = VTS=75.2. VFS = base 82.0 + links_delta +0.5. Links trace: raw_sig=+0.119; delta_vfs=+0.48; windows=[6m:+0.668(ev=1,conf=0.40→adj=+0.267) | 12m:+0.058(ev=2,conf=0.75→adj=+0.044) | 24m:+0.058(ev=2,conf=0.75→adj=+0.044) | alltime:+0.023(ev=3,conf=0.75→adj=+0.017)]"
12,Collin Morikawa,-0.04,89.68,DEBUT,not_available_in_v3_source,80.0,80.0,0.65,not_available_in_v3_source,0,,50.0,NONE,74.8,v3_fixed_40_30_15_15,NSI=0.40;VFS=0.30;VHN=0.15;FORM=0.15,not_available_in_v3_source,RoyalBirkdaleDebut,0,Anti-pattern flags: Debut Risk — no Birkdale or Open data; full environmental uncertainty.,0.0,not_available_in_v3_source,not_available_in_v3_source,full links debut uncertainty,not_available_in_v3_source,not_available_in_v3_source,not_available_in_v3_source,49.52,49.52,not_available_in_v3_source,not_available_in_v3_source,not_available_in_v3_source,not_available_in_v3_source,not_available_in_v3_source,not_available_in_v3_source,HIGH,not_available_in_v3_source,not_available_in_v3_source,not_available_in_v3_source,not_available_in_v3_source,74.8,2,elite approach (SG:APP +0.92) — directly meets Birkdale's 175–225yd demand.,2.02,not_available_in_v3_source,8.78,15.66,26.93,89.8,10.2,"NSI=89.7(w=0.40) + VFS=80.0(w=0.30) + VHN=50.0(w=0.15) + FORM=49.5(w=0.15) = VTS=74.8. VFS = base 79.9 + links_delta +0.1. Links trace: raw_sig=+0.028; delta_vfs=+0.11; windows=[6m:no_data | 12m:-2.162(ev=1,conf=0.40→adj=-0.865) | 24m:+1.413(ev=3,conf=0.75→adj=+1.060) | alltime:+1.087(ev=8,conf=1.00→adj=+1.087)]"
13,Sam Burns,0.95,94.19,DEBUT,not_available_in_v3_source,66.31,66.31,0.65,not_available_in_v3_source,0,,49.58,NONE,74.22,v3_fixed_40_30_15_15,NSI=0.40;VFS=0.30;VHN=0.15;FORM=0.15,not_available_in_v3_source,RoyalBirkdaleDebut,0,No anti-pattern flags. Clean structural profile — no recurring weak-link traits identified for Royal Birkdale.,0.0,not_available_in_v3_source,not_available_in_v3_source,standard major championship variance,not_available_in_v3_source,not_available_in_v3_source,not_available_in_v3_source,61.4,61.4,not_available_in_v3_source,not_available_in_v3_source,not_available_in_v3_source,not_available_in_v3_source,not_available_in_v3_source,not_available_in_v3_source,HIGH,not_available_in_v3_source,not_available_in_v3_source,not_available_in_v3_source,not_available_in_v3_source,74.22,2,strong approach game (SG:APP +0.51) in the primary scoring zone.,1.94,not_available_in_v3_source,8.5,15.23,26.36,89.3,10.7,"NSI=94.2(w=0.40) + VFS=66.3(w=0.30) + VHN=49.6(w=0.15) + FORM=61.4(w=0.15) = VTS=74.2. VFS = base 64.5 + links_delta +1.9. Links trace: raw_sig=+0.463; delta_vfs=+1.85; windows=[6m:no_data | 12m:+0.787(ev=1,conf=0.40→adj=+0.315) | 24m:+1.038(ev=2,conf=0.75→adj=+0.778) | alltime:+0.351(ev=7,conf=1.00→adj=+0.351)]"
14,Chris Gotterup,0.23,92.9,DEBUT,not_available_in_v3_source,71.23,71.23,1.0,not_available_in_v3_source,0,,49.19,NONE,73.82,v3_fixed_40_30_15_15,NSI=0.40;VFS=0.30;VHN=0.15;FORM=0.15,not_available_in_v3_source,RoyalBirkdaleDebut,0,No anti-pattern flags. Clean structural profile — no recurring weak-link traits identified for Royal Birkdale.,0.0,not_available_in_v3_source,not_available_in_v3_source,standard major championship variance,not_available_in_v3_source,not_available_in_v3_source,not_available_in_v3_source,52.76,52.76,not_available_in_v3_source,not_available_in_v3_source,not_available_in_v3_source,not_available_in_v3_source,not_available_in_v3_source,not_available_in_v3_source,HIGH,not_available_in_v3_source,not_available_in_v3_source,not_available_in_v3_source,not_available_in_v3_source,73.82,2,competent approach (SG:APP +0.36) — sufficient for Birkdale's mid-iron corridors; elite links SG signal (+1.644/rd weighted) confirms links-surface upside.,1.88,not_available_in_v3_source,8.31,14.95,25.97,88.9,11.1,"NSI=92.9(w=0.40) + VFS=71.2(w=0.30) + VHN=49.2(w=0.15) + FORM=52.8(w=0.15) = VTS=73.8. VFS = base 64.7 + links_delta +6.6. Links trace: raw_sig=+1.644; delta_vfs=+6.58; windows=[6m:+2.418(ev=1,conf=0.40→adj=+0.967) | 12m:+3.227(ev=2,conf=0.75→adj=+2.420) | 24m:+2.037(ev=3,conf=0.75→adj=+1.528) | alltime:+2.037(ev=3,conf=0.75→adj=+1.528)]"
15,Patrick Cantlay,0.07,91.61,DEBUT,not_available_in_v3_source,73.45,73.45,1.0,not_available_in_v3_source,0,,49.79,NONE,73.77,v3_fixed_40_30_15_15,NSI=0.40;VFS=0.30;VHN=0.15;FORM=0.15,not_available_in_v3_source,RoyalBirkdaleDebut,0,No anti-pattern flags. Clean structural profile — no recurring weak-link traits identified for Royal Birkdale.,0.0,not_available_in_v3_source,not_available_in_v3_source,standard major championship variance,not_available_in_v3_source,not_available_in_v3_source,not_available_in_v3_source,50.84,50.84,not_available_in_v3_source,not_available_in_v3_source,not_available_in_v3_source,not_available_in_v3_source,not_available_in_v3_source,not_available_in_v3_source,HIGH,not_available_in_v3_source,not_available_in_v3_source,not_available_in_v3_source,not_available_in_v3_source,73.77,2,strong approach game (SG:APP +0.70) in the primary scoring zone.,1.87,not_available_in_v3_source,8.28,14.91,25.92,88.9,11.1,"NSI=91.6(w=0.40) + VFS=73.5(w=0.30) + VHN=49.8(w=0.15) + FORM=50.8(w=0.15) = VTS=73.8. VFS = base 71.8 + links_delta +1.6. Links trace: raw_sig=+0.403; delta_vfs=+1.61; windows=[6m:+0.339(ev=1,conf=0.40→adj=+0.136) | 12m:+0.339(ev=1,conf=0.40→adj=+0.136) | 24m:+1.139(ev=2,conf=0.75→adj=+0.854) | alltime:+1.372(ev=7,conf=1.00→adj=+1.372)]"
16,Justin Rose,-0.02,92.26,FULL,not_available_in_v3_source,69.76,69.76,0.65,not_available_in_v3_source,2,0.085,52.45,MODERATE,73.16,v3_fixed_40_30_15_15,NSI=0.40;VFS=0.30;VHN=0.15;FORM=0.15,not_available_in_v3_source,BirkdaleHistoryThin,0,No anti-pattern flags. Clean structural profile — no recurring weak-link traits identified for Royal Birkdale.,0.0,not_available_in_v3_source,not_available_in_v3_source,standard major championship variance,not_available_in_v3_source,not_available_in_v3_source,not_available_in_v3_source,49.76,49.76,not_available_in_v3_source,not_available_in_v3_source,not_available_in_v3_source,not_available_in_v3_source,not_available_in_v3_source,not_available_in_v3_source,HIGH,not_available_in_v3_source,not_available_in_v3_source,not_available_in_v3_source,not_available_in_v3_source,73.16,2,"elite approach (SG:APP +0.84) — directly meets Birkdale's 175–225yd demand; proven Birkdale performer (2 events, SG +0.085/rd at course); positive links SG signal (+1.167/rd) supports links-surface fit.",1.79,not_available_in_v3_source,8.0,14.48,25.34,88.2,11.8,"NSI=92.3(w=0.40) + VFS=69.8(w=0.30) + VHN=52.5(w=0.15) + FORM=49.8(w=0.15) = VTS=73.2. VFS = base 65.1 + links_delta +4.7. Links trace: raw_sig=+1.167; delta_vfs=+4.67; windows=[6m:no_data | 12m:+3.037(ev=1,conf=0.40→adj=+1.215) | 24m:+1.134(ev=4,conf=1.00→adj=+1.134) | alltime:+1.068(ev=24,conf=1.00→adj=+1.068)]"
17,Wyndham Clark,1.69,86.45,DEBUT,not_available_in_v3_source,68.46,68.46,1.0,not_available_in_v3_source,0,,49.64,NONE,73.11,v3_fixed_40_30_15_15,NSI=0.40;VFS=0.30;VHN=0.15;FORM=0.15,not_available_in_v3_source,RoyalBirkdaleDebut,0,No anti-pattern flags. Clean structural profile — no recurring weak-link traits identified for Royal Birkdale.,0.0,not_available_in_v3_source,not_available_in_v3_source,standard major championship variance,not_available_in_v3_source,not_available_in_v3_source,not_available_in_v3_source,70.28,70.28,not_available_in_v3_source,not_available_in_v3_source,not_available_in_v3_source,not_available_in_v3_source,not_available_in_v3_source,not_available_in_v3_source,HIGH,not_available_in_v3_source,not_available_in_v3_source,not_available_in_v3_source,not_available_in_v3_source,73.11,2,strong approach game (SG:APP +0.52) in the primary scoring zone; positive links SG signal (+1.233/rd) supports links-surface fit; arriving in peak form entering the championship.,1.79,not_available_in_v3_source,7.98,14.45,25.3,88.2,11.8,"NSI=86.5(w=0.40) + VFS=68.5(w=0.30) + VHN=49.6(w=0.15) + FORM=70.3(w=0.15) = VTS=73.1. VFS = base 63.5 + links_delta +4.9. Links trace: raw_sig=+1.233; delta_vfs=+4.93; windows=[6m:+2.168(ev=1,conf=0.40→adj=+0.867) | 12m:+2.227(ev=2,conf=0.75→adj=+1.670) | 24m:+1.210(ev=4,conf=1.00→adj=+1.210) | alltime:+1.028(ev=8,conf=1.00→adj=+1.028)]"
18,Ludvig Aberg,-0.71,94.84,DEBUT,not_available_in_v3_source,70.96,70.96,1.0,not_available_in_v3_source,0,,49.43,NONE,72.86,v3_fixed_40_30_15_15,NSI=0.40;VFS=0.30;VHN=0.15;FORM=0.15,not_available_in_v3_source,RoyalBirkdaleDebut,0,No anti-pattern flags. Clean structural profile — no recurring weak-link traits identified for Royal Birkdale.,0.0,not_available_in_v3_source,not_available_in_v3_source,standard major championship variance,not_available_in_v3_source,not_available_in_v3_source,not_available_in_v3_source,41.48,41.48,not_available_in_v3_source,not_available_in_v3_source,not_available_in_v3_source,not_available_in_v3_source,not_available_in_v3_source,not_available_in_v3_source,HIGH,not_available_in_v3_source,not_available_in_v3_source,not_available_in_v3_source,not_available_in_v3_source,72.86,2,strong approach game (SG:APP +0.69) in the primary scoring zone; positive links SG signal (+0.742/rd) supports links-surface fit.,1.76,not_available_in_v3_source,7.86,14.28,25.06,87.9,12.1,"NSI=94.8(w=0.40) + VFS=71.0(w=0.30) + VHN=49.4(w=0.15) + FORM=41.5(w=0.15) = VTS=72.9. VFS = base 68.0 + links_delta +3.0. Links trace: raw_sig=+0.742; delta_vfs=+2.97; windows=[6m:+0.339(ev=1,conf=0.40→adj=+0.136) | 12m:+1.280(ev=3,conf=0.75→adj=+0.960) | 24m:+1.245(ev=5,conf=1.00→adj=+1.245) | alltime:+1.093(ev=6,conf=1.00→adj=+1.093)]"
19,Aaron Rai,0.86,76.77,DEBUT,not_available_in_v3_source,81.68,81.68,1.0,not_available_in_v3_source,0,,50.48,NONE,71.83,v3_fixed_40_30_15_15,NSI=0.40;VFS=0.30;VHN=0.15;FORM=0.15,not_available_in_v3_source,RoyalBirkdaleDebut,0,Anti-pattern flags: Poor Links Putter — below-field on fescue; links surfaces amplify weak putting.,0.0,not_available_in_v3_source,not_available_in_v3_source,putting volatility on links fescue,not_available_in_v3_source,not_available_in_v3_source,not_available_in_v3_source,60.32,60.32,not_available_in_v3_source,not_available_in_v3_source,not_available_in_v3_source,not_available_in_v3_source,not_available_in_v3_source,not_available_in_v3_source,HIGH,not_available_in_v3_source,not_available_in_v3_source,not_available_in_v3_source,not_available_in_v3_source,71.83,2,strong approach game (SG:APP +0.76) in the primary scoring zone.,1.63,not_available_in_v3_source,7.41,13.6,24.12,86.8,13.2,"NSI=76.8(w=0.40) + VFS=81.7(w=0.30) + VHN=50.5(w=0.15) + FORM=60.3(w=0.15) = VTS=71.8. VFS = base 79.8 + links_delta +1.9. Links trace: raw_sig=+0.482; delta_vfs=+1.93; windows=[6m:-0.661(ev=1,conf=0.40→adj=-0.264) | 12m:+1.380(ev=3,conf=0.75→adj=+1.035) | 24m:+0.850(ev=6,conf=1.00→adj=+0.850) | alltime:+0.424(ev=17,conf=1.00→adj=+0.424)]"
20,Kurt Kitayama,0.15,83.23,DEBUT,not_available_in_v3_source,73.33,73.33,1.0,not_available_in_v3_source,0,,49.52,NONE,70.49,v3_fixed_40_30_15_15,NSI=0.40;VFS=0.30;VHN=0.15;FORM=0.15,not_available_in_v3_source,RoyalBirkdaleDebut,0,No anti-pattern flags. Clean structural profile — no recurring weak-link traits identified for Royal Birkdale.,0.0,not_available_in_v3_source,not_available_in_v3_source,standard major championship variance,not_available_in_v3_source,not_available_in_v3_source,not_available_in_v3_source,51.8,51.8,not_available_in_v3_source,not_available_in_v3_source,not_available_in_v3_source,not_available_in_v3_source,not_available_in_v3_source,not_available_in_v3_source,HIGH,not_available_in_v3_source,not_available_in_v3_source,not_available_in_v3_source,not_available_in_v3_source,70.49,2,strong approach game (SG:APP +0.80) in the primary scoring zone.,1.48,not_available_in_v3_source,6.87,12.75,22.96,85.2,14.8,"NSI=83.2(w=0.40) + VFS=73.3(w=0.30) + VHN=49.5(w=0.15) + FORM=51.8(w=0.15) = VTS=70.5. VFS = base 71.8 + links_delta +1.5. Links trace: raw_sig=+0.375; delta_vfs=+1.50; windows=[6m:+0.668(ev=1,conf=0.40→adj=+0.267) | 12m:+0.668(ev=1,conf=0.40→adj=+0.267) | 24m:+0.927(ev=3,conf=0.75→adj=+0.695) | alltime:+0.489(ev=9,conf=1.00→adj=+0.489)]"
21,Hideki Matsuyama,-0.27,83.23,FULL,not_available_in_v3_source,65.27,65.27,0.3,not_available_in_v3_source,1,2.052,62.84,LIGHT,69.31,v3_fixed_40_30_15_15,NSI=0.40;VFS=0.30;VHN=0.15;FORM=0.15,not_available_in_v3_source,BirkdaleHistoryThin,0,No anti-pattern flags. Clean structural profile — no recurring weak-link traits identified for Royal Birkdale.,0.0,not_available_in_v3_source,not_available_in_v3_source,standard major championship variance,not_available_in_v3_source,not_available_in_v3_source,not_available_in_v3_source,46.76,46.76,not_available_in_v3_source,not_available_in_v3_source,not_available_in_v3_source,not_available_in_v3_source,not_available_in_v3_source,not_available_in_v3_source,HIGH,not_available_in_v3_source,not_available_in_v3_source,not_available_in_v3_source,not_available_in_v3_source,69.31,2,strong approach game (SG:APP +0.64) in the primary scoring zone; single Birkdale event on record (SG +2.052/rd) — limited but positive signal.,1.36,not_available_in_v3_source,6.42,12.06,21.97,83.6,16.4,"NSI=83.2(w=0.40) + VFS=65.3(w=0.30) + VHN=62.8(w=0.15) + FORM=46.8(w=0.15) = VTS=69.3. VFS = base 64.5 + links_delta +0.7. Links trace: raw_sig=+0.180; delta_vfs=+0.72; windows=[6m:no_data | 12m:no_data | 24m:-0.215(ev=2,conf=0.75→adj=-0.161) | alltime:+0.862(ev=12,conf=1.00→adj=+0.862)]"
22,Robert MacIntyre,0.06,90.97,DEBUT,not_available_in_v3_source,57.03,57.03,1.0,not_available_in_v3_source,0,,49.85,NONE,68.58,v3_fixed_40_30_15_15,NSI=0.40;VFS=0.30;VHN=0.15;FORM=0.15,not_available_in_v3_source,RoyalBirkdaleDebut,0,Anti-pattern flags: Long-Iron Weakness — exposure in the dominant par-4 approach range at Birkdale.,0.0,not_available_in_v3_source,not_available_in_v3_source,standard major championship variance,not_available_in_v3_source,not_available_in_v3_source,not_available_in_v3_source,50.72,50.72,not_available_in_v3_source,not_available_in_v3_source,not_available_in_v3_source,not_available_in_v3_source,not_available_in_v3_source,not_available_in_v3_source,HIGH,not_available_in_v3_source,not_available_in_v3_source,not_available_in_v3_source,not_available_in_v3_source,68.58,2,competent approach (SG:APP +0.06) — sufficient for Birkdale's mid-iron corridors; elite links SG signal (+1.588/rd weighted) confirms links-surface upside.,1.29,not_available_in_v3_source,6.16,11.65,21.39,82.6,17.4,"NSI=91.0(w=0.40) + VFS=57.0(w=0.30) + VHN=49.9(w=0.15) + FORM=50.7(w=0.15) = VTS=68.6. VFS = base 50.7 + links_delta +6.3. Links trace: raw_sig=+1.588; delta_vfs=+6.35; windows=[6m:+3.168(ev=1,conf=0.40→adj=+1.267) | 12m:+1.953(ev=4,conf=1.00→adj=+1.953) | 24m:+1.724(ev=9,conf=1.00→adj=+1.724) | alltime:+1.162(ev=24,conf=1.00→adj=+1.162)]"
23,Harris English,-0.03,85.81,DEBUT,not_available_in_v3_source,64.3,64.3,1.0,not_available_in_v3_source,0,,49.91,NONE,68.55,v3_fixed_40_30_15_15,NSI=0.40;VFS=0.30;VHN=0.15;FORM=0.15,not_available_in_v3_source,RoyalBirkdaleDebut,0,No anti-pattern flags. Clean structural profile — no recurring weak-link traits identified for Royal Birkdale.,0.0,not_available_in_v3_source,not_available_in_v3_source,standard major championship variance,not_available_in_v3_source,not_available_in_v3_source,not_available_in_v3_source,49.64,49.64,not_available_in_v3_source,not_available_in_v3_source,not_available_in_v3_source,not_available_in_v3_source,not_available_in_v3_source,not_available_in_v3_source,HIGH,not_available_in_v3_source,not_available_in_v3_source,not_available_in_v3_source,not_available_in_v3_source,68.55,2,competent approach (SG:APP +0.08) — sufficient for Birkdale's mid-iron corridors; positive links SG signal (+0.594/rd) supports links-surface fit.,1.29,not_available_in_v3_source,6.15,11.63,21.36,82.6,17.4,"NSI=85.8(w=0.40) + VFS=64.3(w=0.30) + VHN=49.9(w=0.15) + FORM=49.6(w=0.15) = VTS=68.5. VFS = base 61.9 + links_delta +2.4. Links trace: raw_sig=+0.594; delta_vfs=+2.37; windows=[6m:+0.339(ev=1,conf=0.40→adj=+0.136) | 12m:+1.138(ev=2,conf=0.75→adj=+0.853) | 24m:+0.948(ev=4,conf=1.00→adj=+0.948) | alltime:+0.579(ev=13,conf=1.00→adj=+0.579)]"
24,Akshay Bhatia,-0.14,85.16,DEBUT,not_available_in_v3_source,61.76,61.76,0.3,not_available_in_v3_source,0,,49.97,NONE,67.34,v3_fixed_40_30_15_15,NSI=0.40;VFS=0.30;VHN=0.15;FORM=0.15,not_available_in_v3_source,RoyalBirkdaleDebut,0,No anti-pattern flags. Clean structural profile — no recurring weak-link traits identified for Royal Birkdale.,0.0,not_available_in_v3_source,not_available_in_v3_source,standard major championship variance,not_available_in_v3_source,not_available_in_v3_source,not_available_in_v3_source,48.32,48.32,not_available_in_v3_source,not_available_in_v3_source,not_available_in_v3_source,not_available_in_v3_source,not_available_in_v3_source,not_available_in_v3_source,HIGH,not_available_in_v3_source,not_available_in_v3_source,not_available_in_v3_source,not_available_in_v3_source,67.34,2,strong approach game (SG:APP +0.65) in the primary scoring zone.,1.18,not_available_in_v3_source,5.74,10.98,20.43,80.8,19.2,"NSI=85.2(w=0.40) + VFS=61.8(w=0.30) + VHN=50.0(w=0.15) + FORM=48.3(w=0.15) = VTS=67.3. VFS = base 61.9 + links_delta -0.1. Links trace: raw_sig=-0.036; delta_vfs=-0.14; windows=[6m:no_data | 12m:no_data | 24m:-0.089(ev=1,conf=0.40→adj=-0.036) | alltime:-0.089(ev=1,conf=0.40→adj=-0.036)]"
25,Joaquin Niemann,0.96,70.32,DEBUT,not_available_in_v3_source,73.39,73.39,0.3,not_available_in_v3_source,0,,49.4,NONE,66.78,v3_fixed_40_30_15_15,NSI=0.40;VFS=0.30;VHN=0.15;FORM=0.15,not_available_in_v3_source,RoyalBirkdaleDebut,0,No anti-pattern flags. Clean structural profile — no recurring weak-link traits identified for Royal Birkdale.,0.0,not_available_in_v3_source,not_available_in_v3_source,standard major championship variance,not_available_in_v3_source,not_available_in_v3_source,not_available_in_v3_source,61.52,61.52,not_available_in_v3_source,not_available_in_v3_source,not_available_in_v3_source,not_available_in_v3_source,not_available_in_v3_source,not_available_in_v3_source,HIGH,not_available_in_v3_source,not_available_in_v3_source,not_available_in_v3_source,not_available_in_v3_source,66.78,2,strong approach game (SG:APP +0.42) in the primary scoring zone.,1.14,not_available_in_v3_source,5.55,10.69,20.01,79.9,20.1,"NSI=70.3(w=0.40) + VFS=73.4(w=0.30) + VHN=49.4(w=0.15) + FORM=61.5(w=0.15) = VTS=66.8. VFS = base 71.8 + links_delta +1.5. Links trace: raw_sig=+0.385; delta_vfs=+1.54; windows=[6m:no_data | 12m:no_data | 24m:+0.396(ev=2,conf=0.75→adj=+0.297) | alltime:+0.562(ev=6,conf=1.00→adj=+0.562)]"
26,Rickie Fowler,-1.11,84.52,FULL,not_available_in_v3_source,60.95,60.95,0.3,not_available_in_v3_source,1,1.552,59.37,LIGHT,66.5,v3_fixed_40_30_15_15,NSI=0.40;VFS=0.30;VHN=0.15;FORM=0.15,not_available_in_v3_source,BirkdaleHistoryThin,0,Anti-pattern flags: Long-Iron Weakness — exposure in the dominant par-4 approach range at Birkdale.,0.0,not_available_in_v3_source,not_available_in_v3_source,standard major championship variance,not_available_in_v3_source,not_available_in_v3_source,not_available_in_v3_source,36.68,36.68,not_available_in_v3_source,not_available_in_v3_source,not_available_in_v3_source,not_available_in_v3_source,not_available_in_v3_source,not_available_in_v3_source,HIGH,not_available_in_v3_source,not_available_in_v3_source,not_available_in_v3_source,not_available_in_v3_source,66.5,2,competent approach (SG:APP +0.33) — sufficient for Birkdale's mid-iron corridors; single Birkdale event on record (SG +1.552/rd) — limited but positive signal.,1.12,not_available_in_v3_source,5.47,10.55,19.8,79.4,20.6,"NSI=84.5(w=0.40) + VFS=61.0(w=0.30) + VHN=59.4(w=0.15) + FORM=36.7(w=0.15) = VTS=66.5. VFS = base 62.0 + links_delta -1.0. Links trace: raw_sig=-0.251; delta_vfs=-1.00; windows=[6m:no_data | 12m:no_data | 24m:-1.382(ev=2,conf=0.75→adj=-1.036) | alltime:+1.320(ev=19,conf=1.00→adj=+1.320)]"
27,Shane Lowry,-0.02,81.29,FULL,not_available_in_v3_source,67.61,67.61,1.0,not_available_in_v3_source,1,-1.978,37.72,LIGHT,65.92,v3_fixed_40_30_15_15,NSI=0.40;VFS=0.30;VHN=0.15;FORM=0.15,not_available_in_v3_source,BirkdaleHistoryThin,0,No anti-pattern flags. Clean structural profile — no recurring weak-link traits identified for Royal Birkdale.,0.0,not_available_in_v3_source,not_available_in_v3_source,standard major championship variance,not_available_in_v3_source,not_available_in_v3_source,not_available_in_v3_source,49.76,49.76,not_available_in_v3_source,not_available_in_v3_source,not_available_in_v3_source,not_available_in_v3_source,not_available_in_v3_source,not_available_in_v3_source,HIGH,not_available_in_v3_source,not_available_in_v3_source,not_available_in_v3_source,not_available_in_v3_source,65.92,2,elite approach (SG:APP +0.88) — directly meets Birkdale's 175–225yd demand; single Birkdale event on record (SG -1.978/rd) — limited but positive signal; positive links SG signal (+0.631/rd) supports links-surface fit.,1.07,not_available_in_v3_source,5.29,10.26,19.38,78.4,21.6,"NSI=81.3(w=0.40) + VFS=67.6(w=0.30) + VHN=37.7(w=0.15) + FORM=49.8(w=0.15) = VTS=65.9. VFS = base 65.1 + links_delta +2.5. Links trace: raw_sig=+0.631; delta_vfs=+2.52; windows=[6m:-0.161(ev=1,conf=0.40→adj=-0.064) | 12m:+0.942(ev=2,conf=0.75→adj=+0.706) | 24m:+1.609(ev=6,conf=1.00→adj=+1.609) | alltime:+0.845(ev=43,conf=1.00→adj=+0.845)]"
28,Alex Noren,-0.69,82.58,FULL,not_available_in_v3_source,53.8,53.8,1.0,not_available_in_v3_source,2,1.96,68.62,MODERATE,65.72,v3_fixed_40_30_15_15,NSI=0.40;VFS=0.30;VHN=0.15;FORM=0.15,not_available_in_v3_source,BirkdaleHistoryThin,0,Anti-pattern flags: Long-Iron Weakness — exposure in the dominant par-4 approach range at Birkdale.,0.0,not_available_in_v3_source,not_available_in_v3_source,standard major championship variance,not_available_in_v3_source,not_available_in_v3_source,not_available_in_v3_source,41.72,41.72,not_available_in_v3_source,not_available_in_v3_source,not_available_in_v3_source,not_available_in_v3_source,not_available_in_v3_source,not_available_in_v3_source,HIGH,not_available_in_v3_source,not_available_in_v3_source,not_available_in_v3_source,not_available_in_v3_source,65.72,2,"competent approach (SG:APP +0.28) — sufficient for Birkdale's mid-iron corridors; proven Birkdale performer (2 events, SG +1.960/rd at course).",1.05,not_available_in_v3_source,5.23,10.16,19.24,78.1,21.9,"NSI=82.6(w=0.40) + VFS=53.8(w=0.30) + VHN=68.6(w=0.15) + FORM=41.7(w=0.15) = VTS=65.7. VFS = base 54.2 + links_delta -0.4. Links trace: raw_sig=-0.100; delta_vfs=-0.40; windows=[6m:-2.161(ev=1,conf=0.40→adj=-0.864) | 12m:-0.209(ev=3,conf=0.75→adj=-0.157) | 24m:+0.816(ev=6,conf=1.00→adj=+0.816) | alltime:+0.939(ev=32,conf=1.00→adj=+0.939)]"
29,Min Woo Lee,-0.03,81.94,DEBUT,not_available_in_v3_source,59.68,59.68,1.0,not_available_in_v3_source,0,,49.31,NONE,65.52,v3_fixed_40_30_15_15,NSI=0.40;VFS=0.30;VHN=0.15;FORM=0.15,not_available_in_v3_source,RoyalBirkdaleDebut,0,No anti-pattern flags. Clean structural profile — no recurring weak-link traits identified for Royal Birkdale.,0.0,not_available_in_v3_source,not_available_in_v3_source,standard major championship variance,not_available_in_v3_source,not_available_in_v3_source,not_available_in_v3_source,49.64,49.64,not_available_in_v3_source,not_available_in_v3_source,not_available_in_v3_source,not_available_in_v3_source,not_available_in_v3_source,not_available_in_v3_source,HIGH,not_available_in_v3_source,not_available_in_v3_source,not_available_in_v3_source,not_available_in_v3_source,65.52,2,competent approach (SG:APP +0.05) — sufficient for Birkdale's mid-iron corridors; positive links SG signal (+1.192/rd) supports links-surface fit.,1.04,not_available_in_v3_source,5.17,10.07,19.1,77.8,22.2,"NSI=81.9(w=0.40) + VFS=59.7(w=0.30) + VHN=49.3(w=0.15) + FORM=49.6(w=0.15) = VTS=65.5. VFS = base 54.9 + links_delta +4.8. Links trace: raw_sig=+1.192; delta_vfs=+4.77; windows=[6m:+3.668(ev=1,conf=0.40→adj=+1.467) | 12m:+3.668(ev=1,conf=0.40→adj=+1.467) | 24m:+0.558(ev=4,conf=1.00→adj=+0.558) | alltime:+0.536(ev=14,conf=1.00→adj=+0.536)]"
30,Jacob Bridgeman,0.11,77.42,DEBUT,not_available_in_v3_source,63.7,63.7,0.65,not_available_in_v3_source,0,,49.94,NONE,65.27,v3_fixed_40_30_15_15,NSI=0.40;VFS=0.30;VHN=0.15;FORM=0.15,not_available_in_v3_source,RoyalBirkdaleDebut,0,No anti-pattern flags. Clean structural profile — no recurring weak-link traits identified for Royal Birkdale.,0.0,not_available_in_v3_source,not_available_in_v3_source,standard major championship variance,not_available_in_v3_source,not_available_in_v3_source,not_available_in_v3_source,51.32,51.32,not_available_in_v3_source,not_available_in_v3_source,not_available_in_v3_source,not_available_in_v3_source,not_available_in_v3_source,not_available_in_v3_source,HIGH,not_available_in_v3_source,not_available_in_v3_source,not_available_in_v3_source,not_available_in_v3_source,65.27,2,competent approach (SG:APP +0.31) — sufficient for Birkdale's mid-iron corridors.,1.02,not_available_in_v3_source,5.1,9.95,18.92,77.3,22.7,"NSI=77.4(w=0.40) + VFS=63.7(w=0.30) + VHN=49.9(w=0.15) + FORM=51.3(w=0.15) = VTS=65.3. VFS = base 65.6 + links_delta -1.9. Links trace: raw_sig=-0.485; delta_vfs=-1.94; windows=[6m:no_data | 12m:-1.213(ev=1,conf=0.40→adj=-0.485) | 24m:-1.213(ev=1,conf=0.40→adj=-0.485) | alltime:-1.213(ev=1,conf=0.40→adj=-0.485)]"
31,Adam Scott,-0.71,74.19,FULL,not_available_in_v3_source,64.53,64.53,1.0,not_available_in_v3_source,2,1.585,65.92,MODERATE,65.14,v3_fixed_40_30_15_15,NSI=0.40;VFS=0.30;VHN=0.15;FORM=0.15,not_available_in_v3_source,BirkdaleHistoryThin,0,Anti-pattern flags: Poor Links Putter — below-field on fescue; links surfaces amplify weak putting.,0.0,not_available_in_v3_source,not_available_in_v3_source,putting volatility on links fescue,not_available_in_v3_source,not_available_in_v3_source,not_available_in_v3_source,41.48,41.48,not_available_in_v3_source,not_available_in_v3_source,not_available_in_v3_source,not_available_in_v3_source,not_available_in_v3_source,not_available_in_v3_source,HIGH,not_available_in_v3_source,not_available_in_v3_source,not_available_in_v3_source,not_available_in_v3_source,65.14,2,"strong approach game (SG:APP +0.70) in the primary scoring zone; proven Birkdale performer (2 events, SG +1.585/rd at course).",1.01,not_available_in_v3_source,5.06,9.89,18.83,77.1,22.9,"NSI=74.2(w=0.40) + VFS=64.5(w=0.30) + VHN=65.9(w=0.15) + FORM=41.5(w=0.15) = VTS=65.1. VFS = base 62.6 + links_delta +2.0. Links trace: raw_sig=+0.492; delta_vfs=+1.97; windows=[6m:-0.582(ev=1,conf=0.40→adj=-0.233) | 12m:+0.602(ev=2,conf=0.75→adj=+0.452) | 24m:+1.264(ev=5,conf=1.00→adj=+1.264) | alltime:+1.623(ev=24,conf=1.00→adj=+1.623)]"
32,Ben Griffin,0.43,88.39,DEBUT,not_available_in_v3_source,46.26,46.26,0.3,not_available_in_v3_source,0,,49.91,NONE,64.99,v3_fixed_40_30_15_15,NSI=0.40;VFS=0.30;VHN=0.15;FORM=0.15,not_available_in_v3_source,RoyalBirkdaleDebut,0,Anti-pattern flags: Approach Liability — below-field in the primary 150–200yd scoring zone; Long-Iron Weakness — exposure in the dominant par-4 approach range at Birkdale.,0.0,not_available_in_v3_source,not_available_in_v3_source,approach liability in primary scoring zone,not_available_in_v3_source,not_available_in_v3_source,not_available_in_v3_source,55.16,55.16,not_available_in_v3_source,not_available_in_v3_source,not_available_in_v3_source,not_available_in_v3_source,not_available_in_v3_source,not_available_in_v3_source,HIGH,not_available_in_v3_source,not_available_in_v3_source,not_available_in_v3_source,not_available_in_v3_source,64.99,2,competent approach (SG:APP +0.27) — sufficient for Birkdale's mid-iron corridors.,1.0,not_available_in_v3_source,5.01,9.82,18.73,76.8,23.2,"NSI=88.4(w=0.40) + VFS=46.3(w=0.30) + VHN=49.9(w=0.15) + FORM=55.2(w=0.15) = VTS=65.0. VFS = base 46.1 + links_delta +0.2. Links trace: raw_sig=+0.050; delta_vfs=+0.20; windows=[6m:no_data | 12m:no_data | 24m:-0.147(ev=2,conf=0.75→adj=-0.110) | alltime:+0.370(ev=4,conf=1.00→adj=+0.370)]"
33,Ryan Gerard,0.67,78.06,DEBUT,not_available_in_v3_source,58.21,58.21,1.0,not_available_in_v3_source,0,,49.91,NONE,64.88,v3_fixed_40_30_15_15,NSI=0.40;VFS=0.30;VHN=0.15;FORM=0.15,not_available_in_v3_source,RoyalBirkdaleDebut,0,Anti-pattern flags: Weak ARG/Links Rough — revetted bunkers and steep run-offs create up-and-down challenge.,0.0,not_available_in_v3_source,not_available_in_v3_source,standard major championship variance,not_available_in_v3_source,not_available_in_v3_source,not_available_in_v3_source,58.04,58.04,not_available_in_v3_source,not_available_in_v3_source,not_available_in_v3_source,not_available_in_v3_source,not_available_in_v3_source,not_available_in_v3_source,HIGH,not_available_in_v3_source,not_available_in_v3_source,not_available_in_v3_source,not_available_in_v3_source,64.88,2,strong approach game (SG:APP +0.54) in the primary scoring zone.,0.99,not_available_in_v3_source,4.98,9.76,18.65,76.6,23.4,"NSI=78.1(w=0.40) + VFS=58.2(w=0.30) + VHN=49.9(w=0.15) + FORM=58.0(w=0.15) = VTS=64.9. VFS = base 57.8 + links_delta +0.4. Links trace: raw_sig=+0.109; delta_vfs=+0.44; windows=[6m:+1.418(ev=1,conf=0.40→adj=+0.567) | 12m:-0.184(ev=3,conf=0.75→adj=-0.138) | 24m:-0.184(ev=3,conf=0.75→adj=-0.138) | alltime:-0.184(ev=3,conf=0.75→adj=-0.138)]"
34,Nicolai Hojgaard,-0.39,80.0,DEBUT,not_available_in_v3_source,61.68,61.68,1.0,not_available_in_v3_source,0,,49.19,NONE,64.68,v3_fixed_40_30_15_15,NSI=0.40;VFS=0.30;VHN=0.15;FORM=0.15,not_available_in_v3_source,RoyalBirkdaleDebut,0,No anti-pattern flags. Clean structural profile — no recurring weak-link traits identified for Royal Birkdale.,0.0,not_available_in_v3_source,not_available_in_v3_source,standard major championship variance,not_available_in_v3_source,not_available_in_v3_source,not_available_in_v3_source,45.32,45.32,not_available_in_v3_source,not_available_in_v3_source,not_available_in_v3_source,not_available_in_v3_source,not_available_in_v3_source,not_available_in_v3_source,HIGH,not_available_in_v3_source,not_available_in_v3_source,not_available_in_v3_source,not_available_in_v3_source,64.68,2,strong approach game (SG:APP +0.53) in the primary scoring zone; positive links SG signal (+1.192/rd) supports links-surface fit.,0.98,not_available_in_v3_source,4.93,9.67,18.51,76.3,23.7,"NSI=80.0(w=0.40) + VFS=61.7(w=0.30) + VHN=49.2(w=0.15) + FORM=45.3(w=0.15) = VTS=64.7. VFS = base 56.9 + links_delta +4.8. Links trace: raw_sig=+1.192; delta_vfs=+4.77; windows=[6m:+1.418(ev=1,conf=0.40→adj=+0.567) | 12m:+2.483(ev=3,conf=0.75→adj=+1.862) | 24m:+1.203(ev=8,conf=1.00→adj=+1.203) | alltime:+1.008(ev=17,conf=1.00→adj=+1.008)]"
35,Jake Knapp,-0.73,87.1,DEBUT,not_available_in_v3_source,52.11,52.11,1.0,not_available_in_v3_source,0,,49.37,NONE,64.06,v3_fixed_40_30_15_15,NSI=0.40;VFS=0.30;VHN=0.15;FORM=0.15,not_available_in_v3_source,RoyalBirkdaleDebut,0,Anti-pattern flags: Long-Iron Weakness — exposure in the dominant par-4 approach range at Birkdale; Weak ARG/Links Rough — revetted bunkers and steep run-offs create up-and-down challenge.,0.0,not_available_in_v3_source,not_available_in_v3_source,standard major championship variance,not_available_in_v3_source,not_available_in_v3_source,not_available_in_v3_source,41.24,41.24,not_available_in_v3_source,not_available_in_v3_source,not_available_in_v3_source,not_available_in_v3_source,not_available_in_v3_source,not_available_in_v3_source,HIGH,not_available_in_v3_source,not_available_in_v3_source,not_available_in_v3_source,not_available_in_v3_source,64.06,2,competent approach (SG:APP +0.15) — sufficient for Birkdale's mid-iron corridors.,0.94,not_available_in_v3_source,4.76,9.39,18.09,75.1,24.9,"NSI=87.1(w=0.40) + VFS=52.1(w=0.30) + VHN=49.4(w=0.15) + FORM=41.2(w=0.15) = VTS=64.1. VFS = base 51.5 + links_delta +0.6. Links trace: raw_sig=+0.148; delta_vfs=+0.59; windows=[6m:-1.161(ev=1,conf=0.40→adj=-0.464) | 12m:+0.638(ev=2,conf=0.75→adj=+0.479) | 24m:+0.638(ev=2,conf=0.75→adj=+0.479) | alltime:+0.638(ev=2,conf=0.75→adj=+0.479)]"
36,Patrick Reed,0.4,72.9,FULL,not_available_in_v3_source,68.65,68.65,1.0,not_available_in_v3_source,1,-0.978,40.32,LIGHT,64.02,v3_fixed_40_30_15_15,NSI=0.40;VFS=0.30;VHN=0.15;FORM=0.15,not_available_in_v3_source,BirkdaleHistoryThin,0,No anti-pattern flags. Clean structural profile — no recurring weak-link traits identified for Royal Birkdale.,0.0,not_available_in_v3_source,not_available_in_v3_source,standard major championship variance,not_available_in_v3_source,not_available_in_v3_source,not_available_in_v3_source,54.8,54.8,not_available_in_v3_source,not_available_in_v3_source,not_available_in_v3_source,not_available_in_v3_source,not_available_in_v3_source,not_available_in_v3_source,HIGH,not_available_in_v3_source,not_available_in_v3_source,not_available_in_v3_source,not_available_in_v3_source,64.02,2,strong approach game (SG:APP +0.59) in the primary scoring zone; single Birkdale event on record (SG -0.978/rd) — limited but positive signal; positive links SG signal (+0.707/rd) supports links-surface fit.,0.93,not_available_in_v3_source,4.74,9.37,18.06,75.1,24.9,"NSI=72.9(w=0.40) + VFS=68.7(w=0.30) + VHN=40.3(w=0.15) + FORM=54.8(w=0.15) = VTS=64.0. VFS = base 65.8 + links_delta +2.8. Links trace: raw_sig=+0.707; delta_vfs=+2.83; windows=[6m:+2.168(ev=1,conf=0.40→adj=+0.867) | 12m:+0.720(ev=3,conf=0.75→adj=+0.540) | 24m:+0.752(ev=4,conf=1.00→adj=+0.752) | alltime:+0.641(ev=16,conf=1.00→adj=+0.641)]"
37,Keegan Bradley,0.43,78.71,DEBUT,not_available_in_v3_source,54.6,54.6,0.3,not_available_in_v3_source,0,,49.7,NONE,63.59,v3_fixed_40_30_15_15,NSI=0.40;VFS=0.30;VHN=0.15;FORM=0.15,not_available_in_v3_source,RoyalBirkdaleDebut,0,No anti-pattern flags. Clean structural profile — no recurring weak-link traits identified for Royal Birkdale.,0.0,not_available_in_v3_source,not_available_in_v3_source,standard major championship variance,not_available_in_v3_source,not_available_in_v3_source,not_available_in_v3_source,55.16,55.16,not_available_in_v3_source,not_available_in_v3_source,not_available_in_v3_source,not_available_in_v3_source,not_available_in_v3_source,not_available_in_v3_source,HIGH,not_available_in_v3_source,not_available_in_v3_source,not_available_in_v3_source,not_available_in_v3_source,63.59,2,competent approach (SG:APP +0.19) — sufficient for Birkdale's mid-iron corridors.,0.91,not_available_in_v3_source,4.63,9.18,17.78,74.2,25.8,"NSI=78.7(w=0.40) + VFS=54.6(w=0.30) + VHN=49.7(w=0.15) + FORM=55.2(w=0.15) = VTS=63.6. VFS = base 53.9 + links_delta +0.7. Links trace: raw_sig=+0.185; delta_vfs=+0.74; windows=[6m:no_data | 12m:no_data | 24m:-0.089(ev=1,conf=0.40→adj=-0.036) | alltime:+0.625(ev=11,conf=1.00→adj=+0.625)]"
38,Nick Taylor,-0.33,73.55,DEBUT,not_available_in_v3_source,64.43,64.43,1.0,not_available_in_v3_source,0,,50.24,NONE,63.19,v3_fixed_40_30_15_15,NSI=0.40;VFS=0.30;VHN=0.15;FORM=0.15,not_available_in_v3_source,RoyalBirkdaleDebut,0,No anti-pattern flags. Clean structural profile — no recurring weak-link traits identified for Royal Birkdale.,0.0,not_available_in_v3_source,not_available_in_v3_source,standard major championship variance,not_available_in_v3_source,not_available_in_v3_source,not_available_in_v3_source,46.04,46.04,not_available_in_v3_source,not_available_in_v3_source,not_available_in_v3_source,not_available_in_v3_source,not_available_in_v3_source,not_available_in_v3_source,HIGH,not_available_in_v3_source,not_available_in_v3_source,not_available_in_v3_source,not_available_in_v3_source,63.19,3,competent approach (SG:APP +0.32) — sufficient for Birkdale's mid-iron corridors; positive links SG signal (+0.828/rd) supports links-surface fit.,0.88,not_available_in_v3_source,4.52,9.01,17.52,73.5,26.5,"NSI=73.5(w=0.40) + VFS=64.4(w=0.30) + VHN=50.2(w=0.15) + FORM=46.0(w=0.15) = VTS=63.2. VFS = base 61.1 + links_delta +3.3. Links trace: raw_sig=+0.828; delta_vfs=+3.31; windows=[6m:+1.418(ev=1,conf=0.40→adj=+0.567) | 12m:+1.477(ev=2,conf=0.75→adj=+1.108) | 24m:+0.853(ev=4,conf=1.00→adj=+0.853) | alltime:+0.714(ev=7,conf=1.00→adj=+0.714)]"
39,Maverick McNealy,-0.09,87.74,FULL,not_available_in_v3_source,51.44,51.44,0.65,not_available_in_v3_source,1,-2.978,35.12,LIGHT,63.13,v3_fixed_40_30_15_15,NSI=0.40;VFS=0.30;VHN=0.15;FORM=0.15,not_available_in_v3_source,BirkdaleHistoryThin,0,Anti-pattern flags: Long-Iron Weakness — exposure in the dominant par-4 approach range at Birkdale.,0.0,not_available_in_v3_source,not_available_in_v3_source,standard major championship variance,not_available_in_v3_source,not_available_in_v3_source,not_available_in_v3_source,48.92,48.92,not_available_in_v3_source,not_available_in_v3_source,not_available_in_v3_source,not_available_in_v3_source,not_available_in_v3_source,not_available_in_v3_source,HIGH,not_available_in_v3_source,not_available_in_v3_source,not_available_in_v3_source,not_available_in_v3_source,63.13,3,competent approach (SG:APP +0.20) — sufficient for Birkdale's mid-iron corridors; single Birkdale event on record (SG -2.978/rd) — limited but positive signal.,0.88,not_available_in_v3_source,4.51,8.98,17.48,73.4,26.6,"NSI=87.7(w=0.40) + VFS=51.4(w=0.30) + VHN=35.1(w=0.15) + FORM=48.9(w=0.15) = VTS=63.1. VFS = base 49.5 + links_delta +2.0. Links trace: raw_sig=+0.495; delta_vfs=+1.98; windows=[6m:no_data | 12m:+1.537(ev=1,conf=0.40→adj=+0.615) | 24m:+0.495(ev=2,conf=0.75→adj=+0.371) | alltime:+0.324(ev=4,conf=1.00→adj=+0.324)]"
40,Keith Mitchell,0.49,72.26,DEBUT,not_available_in_v3_source,61.02,61.02,0.65,not_available_in_v3_source,0,,49.55,NONE,63.02,v3_fixed_40_30_15_15,NSI=0.40;VFS=0.30;VHN=0.15;FORM=0.15,not_available_in_v3_source,RoyalBirkdaleDebut,0,No anti-pattern flags. Clean structural profile — no recurring weak-link traits identified for Royal Birkdale.,0.0,not_available_in_v3_source,not_available_in_v3_source,standard major championship variance,not_available_in_v3_source,not_available_in_v3_source,not_available_in_v3_source,55.88,55.88,not_available_in_v3_source,not_available_in_v3_source,not_available_in_v3_source,not_available_in_v3_source,not_available_in_v3_source,not_available_in_v3_source,HIGH,not_available_in_v3_source,not_available_in_v3_source,not_available_in_v3_source,not_available_in_v3_source,63.02,3,competent approach (SG:APP +0.20) — sufficient for Birkdale's mid-iron corridors.,0.87,not_available_in_v3_source,4.48,8.94,17.41,73.1,26.9,"NSI=72.3(w=0.40) + VFS=61.0(w=0.30) + VHN=49.5(w=0.15) + FORM=55.9(w=0.15) = VTS=63.0. VFS = base 60.4 + links_delta +0.6. Links trace: raw_sig=+0.149; delta_vfs=+0.60; windows=[6m:no_data | 12m:+0.537(ev=1,conf=0.40→adj=+0.215) | 24m:+0.117(ev=2,conf=0.75→adj=+0.088) | alltime:+0.042(ev=6,conf=1.00→adj=+0.042)]"
41,Tyrrell Hatton,0.81,75.48,FULL,not_available_in_v3_source,58.6,58.6,1.0,not_available_in_v3_source,1,-2.478,36.85,LIGHT,62.26,v3_fixed_40_30_15_15,NSI=0.40;VFS=0.30;VHN=0.15;FORM=0.15,not_available_in_v3_source,BirkdaleHistoryThin,0,No anti-pattern flags. Clean structural profile — no recurring weak-link traits identified for Royal Birkdale.,0.0,not_available_in_v3_source,not_available_in_v3_source,standard major championship variance,not_available_in_v3_source,not_available_in_v3_source,not_available_in_v3_source,59.72,59.72,not_available_in_v3_source,not_available_in_v3_source,not_available_in_v3_source,not_available_in_v3_source,not_available_in_v3_source,not_available_in_v3_source,HIGH,not_available_in_v3_source,not_available_in_v3_source,not_available_in_v3_source,not_available_in_v3_source,62.26,3,strong approach game (SG:APP +0.52) in the primary scoring zone; single Birkdale event on record (SG -2.478/rd) — limited but positive signal; positive links SG signal (+0.869/rd) supports links-surface fit.,0.82,not_available_in_v3_source,4.29,8.62,16.92,71.6,28.4,"NSI=75.5(w=0.40) + VFS=58.6(w=0.30) + VHN=36.9(w=0.15) + FORM=59.7(w=0.15) = VTS=62.3. VFS = base 55.1 + links_delta +3.5. Links trace: raw_sig=+0.869; delta_vfs=+3.47; windows=[6m:+1.918(ev=1,conf=0.40→adj=+0.767) | 12m:+0.920(ev=3,conf=0.75→adj=+0.690) | 24m:+1.330(ev=6,conf=1.00→adj=+1.330) | alltime:+0.925(ev=40,conf=1.00→adj=+0.925)]"
42,Corey Conners,-0.41,63.87,DEBUT,not_available_in_v3_source,74.25,74.25,1.0,not_available_in_v3_source,0,,50.09,NONE,62.1,v3_fixed_40_30_15_15,NSI=0.40;VFS=0.30;VHN=0.15;FORM=0.15,not_available_in_v3_source,RoyalBirkdaleDebut,0,Anti-pattern flags: Poor Links Putter — below-field on fescue; links surfaces amplify weak putting.,0.0,not_available_in_v3_source,not_available_in_v3_source,putting volatility on links fescue,not_available_in_v3_source,not_available_in_v3_source,not_available_in_v3_source,45.08,45.08,not_available_in_v3_source,not_available_in_v3_source,not_available_in_v3_source,not_available_in_v3_source,not_available_in_v3_source,not_available_in_v3_source,HIGH,not_available_in_v3_source,not_available_in_v3_source,not_available_in_v3_source,not_available_in_v3_source,62.1,3,strong approach game (SG:APP +0.60) in the primary scoring zone.,0.81,not_available_in_v3_source,4.25,8.55,16.82,71.3,28.7,"NSI=63.9(w=0.40) + VFS=74.2(w=0.30) + VHN=50.1(w=0.15) + FORM=45.1(w=0.15) = VTS=62.1. VFS = base 72.3 + links_delta +1.9. Links trace: raw_sig=+0.486; delta_vfs=+1.94; windows=[6m:+0.168(ev=1,conf=0.40→adj=+0.067) | 12m:+0.477(ev=2,conf=0.75→adj=+0.358) | 24m:+1.142(ev=4,conf=1.00→adj=+1.142) | alltime:+1.086(ev=9,conf=1.00→adj=+1.086)]"
43,J.T. Poston,0.51,69.03,DEBUT,not_available_in_v3_source,58.47,58.47,0.3,not_available_in_v3_source,0,,50.18,NONE,61.1,v3_fixed_40_30_15_15,NSI=0.40;VFS=0.30;VHN=0.15;FORM=0.15,not_available_in_v3_source,RoyalBirkdaleDebut,0,No anti-pattern flags. Clean structural profile — no recurring weak-link traits identified for Royal Birkdale.,0.0,not_available_in_v3_source,not_available_in_v3_source,standard major championship variance,not_available_in_v3_source,not_available_in_v3_source,not_available_in_v3_source,56.12,56.12,not_available_in_v3_source,not_available_in_v3_source,not_available_in_v3_source,not_available_in_v3_source,not_available_in_v3_source,not_available_in_v3_source,HIGH,not_available_in_v3_source,not_available_in_v3_source,not_available_in_v3_source,not_available_in_v3_source,61.1,3,competent approach (SG:APP +0.21) — sufficient for Birkdale's mid-iron corridors.,0.76,not_available_in_v3_source,4.02,8.16,16.21,69.2,30.8,"NSI=69.0(w=0.40) + VFS=58.5(w=0.30) + VHN=50.2(w=0.15) + FORM=56.1(w=0.15) = VTS=61.1. VFS = base 58.0 + links_delta +0.5. Links trace: raw_sig=+0.125; delta_vfs=+0.50; windows=[6m:no_data | 12m:no_data | 24m:-0.589(ev=1,conf=0.40→adj=-0.236) | alltime:+0.846(ev=4,conf=1.00→adj=+0.846)]"
44,Tom Kim,1.3,58.71,DEBUT,not_available_in_v3_source,66.92,66.92,1.0,not_available_in_v3_source,0,,50.09,NONE,60.91,v3_fixed_40_30_15_15,NSI=0.40;VFS=0.30;VHN=0.15;FORM=0.15,not_available_in_v3_source,RoyalBirkdaleDebut,0,No anti-pattern flags. Clean structural profile — no recurring weak-link traits identified for Royal Birkdale.,0.0,not_available_in_v3_source,not_available_in_v3_source,standard major championship variance,not_available_in_v3_source,not_available_in_v3_source,not_available_in_v3_source,65.6,65.6,not_available_in_v3_source,not_available_in_v3_source,not_available_in_v3_source,not_available_in_v3_source,not_available_in_v3_source,not_available_in_v3_source,HIGH,not_available_in_v3_source,not_available_in_v3_source,not_available_in_v3_source,not_available_in_v3_source,60.91,3,strong approach game (SG:APP +0.50) in the primary scoring zone; elite links SG signal (+1.959/rd weighted) confirms links-surface upside.,0.75,not_available_in_v3_source,3.97,8.08,16.1,68.8,31.2,"NSI=58.7(w=0.40) + VFS=66.9(w=0.30) + VHN=50.1(w=0.15) + FORM=65.6(w=0.15) = VTS=60.9. VFS = base 59.1 + links_delta +7.8. Links trace: raw_sig=+1.959; delta_vfs=+7.84; windows=[6m:+4.168(ev=1,conf=0.40→adj=+1.667) | 12m:+2.977(ev=2,conf=0.75→adj=+2.233) | 24m:+1.924(ev=4,conf=1.00→adj=+1.924) | alltime:+2.095(ev=8,conf=1.00→adj=+2.095)]"
45,Bryson DeChambeau,-0.32,80.65,FULL,not_available_in_v3_source,53.76,53.76,0.3,not_available_in_v3_source,1,-3.478,34.25,LIGHT,60.45,v3_fixed_40_30_15_15,NSI=0.40;VFS=0.30;VHN=0.15;FORM=0.15,not_available_in_v3_source,BirkdaleHistoryThin,0,Anti-pattern flags: Weak ARG/Links Rough — revetted bunkers and steep run-offs create up-and-down challenge.,0.0,not_available_in_v3_source,not_available_in_v3_source,standard major championship variance,not_available_in_v3_source,not_available_in_v3_source,not_available_in_v3_source,46.16,46.16,not_available_in_v3_source,not_available_in_v3_source,not_available_in_v3_source,not_available_in_v3_source,not_available_in_v3_source,not_available_in_v3_source,HIGH,not_available_in_v3_source,not_available_in_v3_source,not_available_in_v3_source,not_available_in_v3_source,60.45,3,competent approach (SG:APP +0.19) — sufficient for Birkdale's mid-iron corridors; single Birkdale event on record (SG -3.478/rd) — limited but positive signal.,0.72,not_available_in_v3_source,3.87,7.91,15.83,67.8,32.2,"NSI=80.7(w=0.40) + VFS=53.8(w=0.30) + VHN=34.2(w=0.15) + FORM=46.2(w=0.15) = VTS=60.5. VFS = base 54.5 + links_delta -0.7. Links trace: raw_sig=-0.183; delta_vfs=-0.73; windows=[6m:no_data | 12m:no_data | 24m:-1.089(ev=1,conf=0.40→adj=-0.436) | alltime:+0.323(ev=5,conf=1.00→adj=+0.323)]"
46,Kristoffer Reitan,0.06,74.84,DEBUT,not_available_in_v3_source,50.1,50.1,1.0,not_available_in_v3_source,0,,49.58,NONE,60.01,v3_fixed_40_30_15_15,NSI=0.40;VFS=0.30;VHN=0.15;FORM=0.15,not_available_in_v3_source,RoyalBirkdaleDebut,0,Anti-pattern flags: Long-Iron Weakness — exposure in the dominant par-4 approach range at Birkdale; Weak ARG/Links Rough — revetted bunkers and steep run-offs create up-and-down challenge.,0.0,not_available_in_v3_source,not_available_in_v3_source,standard major championship variance,not_available_in_v3_source,not_available_in_v3_source,not_available_in_v3_source,50.72,50.72,not_available_in_v3_source,not_available_in_v3_source,not_available_in_v3_source,not_available_in_v3_source,not_available_in_v3_source,not_available_in_v3_source,HIGH,not_available_in_v3_source,not_available_in_v3_source,not_available_in_v3_source,not_available_in_v3_source,60.01,3,competent approach (SG:APP +0.09) — sufficient for Birkdale's mid-iron corridors.,0.7,not_available_in_v3_source,3.77,7.74,15.57,66.8,33.2,"NSI=74.8(w=0.40) + VFS=50.1(w=0.30) + VHN=49.6(w=0.15) + FORM=50.7(w=0.15) = VTS=60.0. VFS = base 48.3 + links_delta +1.8. Links trace: raw_sig=+0.447; delta_vfs=+1.79; windows=[6m:-1.661(ev=1,conf=0.40→adj=-0.664) | 12m:+1.188(ev=5,conf=1.00→adj=+1.188) | 24m:+1.188(ev=5,conf=1.00→adj=+1.188) | alltime:+0.266(ev=9,conf=1.00→adj=+0.266)]"
47,Alex Smalley,0.23,71.61,DEBUT,not_available_in_v3_source,52.73,52.73,1.0,not_available_in_v3_source,0,,49.88,NONE,59.86,v3_fixed_40_30_15_15,NSI=0.40;VFS=0.30;VHN=0.15;FORM=0.15,not_available_in_v3_source,RoyalBirkdaleDebut,0,No anti-pattern flags. Clean structural profile — no recurring weak-link traits identified for Royal Birkdale.,0.0,not_available_in_v3_source,not_available_in_v3_source,standard major championship variance,not_available_in_v3_source,not_available_in_v3_source,not_available_in_v3_source,52.76,52.76,not_available_in_v3_source,not_available_in_v3_source,not_available_in_v3_source,not_available_in_v3_source,not_available_in_v3_source,not_available_in_v3_source,HIGH,not_available_in_v3_source,not_available_in_v3_source,not_available_in_v3_source,not_available_in_v3_source,59.86,3,competent approach (SG:APP +0.35) — sufficient for Birkdale's mid-iron corridors.,0.69,not_available_in_v3_source,3.74,7.69,15.49,66.5,33.5,"NSI=71.6(w=0.40) + VFS=52.7(w=0.30) + VHN=49.9(w=0.15) + FORM=52.8(w=0.15) = VTS=59.9. VFS = base 51.2 + links_delta +1.5. Links trace: raw_sig=+0.380; delta_vfs=+1.52; windows=[6m:-0.161(ev=1,conf=0.40→adj=-0.064) | 12m:+0.804(ev=2,conf=0.75→adj=+0.603) | 24m:+0.804(ev=2,conf=0.75→adj=+0.603) | alltime:+0.705(ev=4,conf=1.00→adj=+0.705)]"
48,Alex Fitzpatrick,1.0,61.29,DEBUT,not_available_in_v3_source,60.75,60.75,1.0,not_available_in_v3_source,0,,49.97,NONE,59.54,v3_fixed_40_30_15_15,NSI=0.40;VFS=0.30;VHN=0.15;FORM=0.15,not_available_in_v3_source,RoyalBirkdaleDebut,0,No anti-pattern flags. Clean structural profile — no recurring weak-link traits identified for Royal Birkdale.,0.0,not_available_in_v3_source,not_available_in_v3_source,standard major championship variance,not_available_in_v3_source,not_available_in_v3_source,not_available_in_v3_source,62.0,62.0,not_available_in_v3_source,not_available_in_v3_source,not_available_in_v3_source,not_available_in_v3_source,not_available_in_v3_source,not_available_in_v3_source,HIGH,not_available_in_v3_source,not_available_in_v3_source,not_available_in_v3_source,not_available_in_v3_source,59.54,3,competent approach (SG:APP +0.33) — sufficient for Birkdale's mid-iron corridors.,0.68,not_available_in_v3_source,3.67,7.57,15.3,65.8,34.2,"NSI=61.3(w=0.40) + VFS=60.8(w=0.30) + VHN=50.0(w=0.15) + FORM=62.0(w=0.15) = VTS=59.5. VFS = base 61.9 + links_delta -1.1. Links trace: raw_sig=-0.287; delta_vfs=-1.15; windows=[6m:-0.661(ev=1,conf=0.40→adj=-0.264) | 12m:-0.676(ev=5,conf=1.00→adj=-0.676) | 24m:+0.018(ev=9,conf=1.00→adj=+0.018) | alltime:+0.384(ev=13,conf=1.00→adj=+0.384)]"
49,Justin Thomas,0.63,79.35,FULL,not_available_in_v3_source,42.36,42.36,1.0,not_available_in_v3_source,1,-0.478,42.91,LIGHT,59.52,v3_fixed_40_30_15_15,NSI=0.40;VFS=0.30;VHN=0.15;FORM=0.15,not_available_in_v3_source,BirkdaleHistoryThin,0,Anti-pattern flags: Approach Liability — below-field in the primary 150–200yd scoring zone; Long-Iron Weakness — exposure in the dominant par-4 approach range at Birkdale.,0.0,not_available_in_v3_source,not_available_in_v3_source,approach liability in primary scoring zone,not_available_in_v3_source,not_available_in_v3_source,not_available_in_v3_source,57.56,57.56,not_available_in_v3_source,not_available_in_v3_source,not_available_in_v3_source,not_available_in_v3_source,not_available_in_v3_source,not_available_in_v3_source,HIGH,not_available_in_v3_source,not_available_in_v3_source,not_available_in_v3_source,not_available_in_v3_source,59.52,3,competent approach (SG:APP +0.15) — sufficient for Birkdale's mid-iron corridors; single Birkdale event on record (SG -0.478/rd) — limited but positive signal.,0.68,not_available_in_v3_source,3.67,7.56,15.29,65.7,34.3,"NSI=79.3(w=0.40) + VFS=42.4(w=0.30) + VHN=42.9(w=0.15) + FORM=57.6(w=0.15) = VTS=59.5. VFS = base 40.5 + links_delta +1.9. Links trace: raw_sig=+0.473; delta_vfs=+1.89; windows=[6m:+0.418(ev=1,conf=0.40→adj=+0.167) | 12m:+0.977(ev=2,conf=0.75→adj=+0.733) | 24m:+0.767(ev=4,conf=1.00→adj=+0.767) | alltime:+0.047(ev=12,conf=1.00→adj=+0.047)]"
50,Gary Woodland,0.09,67.1,FULL,not_available_in_v3_source,57.46,57.46,0.65,not_available_in_v3_source,1,-0.198,46.38,LIGHT,58.7,v3_fixed_40_30_15_15,NSI=0.40;VFS=0.30;VHN=0.15;FORM=0.15,not_available_in_v3_source,BirkdaleHistoryThin,0,Anti-pattern flags: Weak ARG/Links Rough — revetted bunkers and steep run-offs create up-and-down challenge.,0.0,not_available_in_v3_source,not_available_in_v3_source,standard major championship variance,not_available_in_v3_source,not_available_in_v3_source,not_available_in_v3_source,51.08,51.08,not_available_in_v3_source,not_available_in_v3_source,not_available_in_v3_source,not_available_in_v3_source,not_available_in_v3_source,not_available_in_v3_source,HIGH,not_available_in_v3_source,not_available_in_v3_source,not_available_in_v3_source,not_available_in_v3_source,58.7,3,competent approach (SG:APP +0.32) — sufficient for Birkdale's mid-iron corridors; single Birkdale event on record (SG -0.198/rd) — limited but positive signal.,0.64,not_available_in_v3_source,3.5,7.28,14.83,63.9,36.1,"NSI=67.1(w=0.40) + VFS=57.5(w=0.30) + VHN=46.4(w=0.15) + FORM=51.1(w=0.15) = VTS=58.7. VFS = base 57.2 + links_delta +0.3. Links trace: raw_sig=+0.073; delta_vfs=+0.29; windows=[6m:no_data | 12m:+0.037(ev=1,conf=0.40→adj=+0.015) | 24m:-0.033(ev=3,conf=0.75→adj=-0.025) | alltime:+0.469(ev=15,conf=1.00→adj=+0.469)]"
51,Brian Harman,0.33,66.45,FULL,not_available_in_v3_source,59.7,59.7,1.0,not_available_in_v3_source,1,-0.978,40.32,LIGHT,58.63,v3_fixed_40_30_15_15,NSI=0.40;VFS=0.30;VHN=0.15;FORM=0.15,not_available_in_v3_source,BirkdaleHistoryThin,0,No anti-pattern flags. Clean structural profile — no recurring weak-link traits identified for Royal Birkdale.,0.0,not_available_in_v3_source,not_available_in_v3_source,standard major championship variance,not_available_in_v3_source,not_available_in_v3_source,not_available_in_v3_source,53.96,53.96,not_available_in_v3_source,not_available_in_v3_source,not_available_in_v3_source,not_available_in_v3_source,not_available_in_v3_source,not_available_in_v3_source,HIGH,not_available_in_v3_source,not_available_in_v3_source,not_available_in_v3_source,not_available_in_v3_source,58.63,3,competent approach (SG:APP +0.39) — sufficient for Birkdale's mid-iron corridors; single Birkdale event on record (SG -0.978/rd) — limited but positive signal; positive links SG signal (+0.596/rd) supports links-surface fit.,0.64,not_available_in_v3_source,3.49,7.25,14.8,63.7,36.3,"NSI=66.5(w=0.40) + VFS=59.7(w=0.30) + VHN=40.3(w=0.15) + FORM=54.0(w=0.15) = VTS=58.6. VFS = base 57.3 + links_delta +2.4. Links trace: raw_sig=+0.596; delta_vfs=+2.38; windows=[6m:+0.918(ev=1,conf=0.40→adj=+0.367) | 12m:+0.727(ev=2,conf=0.75→adj=+0.545) | 24m:+0.767(ev=4,conf=1.00→adj=+0.767) | alltime:+1.231(ev=12,conf=1.00→adj=+1.231)]"
52,Bud Cauley,0.62,60.0,DEBUT,not_available_in_v3_source,61.16,61.16,1.0,not_available_in_v3_source,0,,49.97,NONE,58.46,v3_fixed_40_30_15_15,NSI=0.40;VFS=0.30;VHN=0.15;FORM=0.15,not_available_in_v3_source,RoyalBirkdaleDebut,0,Anti-pattern flags: Poor Links Putter — below-field on fescue; links surfaces amplify weak putting.,0.0,not_available_in_v3_source,not_available_in_v3_source,putting volatility on links fescue,not_available_in_v3_source,not_available_in_v3_source,not_available_in_v3_source,57.44,57.44,not_available_in_v3_source,not_available_in_v3_source,not_available_in_v3_source,not_available_in_v3_source,not_available_in_v3_source,not_available_in_v3_source,HIGH,not_available_in_v3_source,not_available_in_v3_source,not_available_in_v3_source,not_available_in_v3_source,58.46,3,competent approach (SG:APP +0.39) — sufficient for Birkdale's mid-iron corridors.,0.63,not_available_in_v3_source,3.45,7.19,14.7,63.3,36.7,"NSI=60.0(w=0.40) + VFS=61.2(w=0.30) + VHN=50.0(w=0.15) + FORM=57.4(w=0.15) = VTS=58.5. VFS = base 66.1 + links_delta -5.0. Links trace: raw_sig=-1.238; delta_vfs=-4.95; windows=[6m:-4.661(ev=1,conf=0.40→adj=-1.864) | 12m:-1.362(ev=2,conf=0.75→adj=-1.022) | 24m:-1.362(ev=2,conf=0.75→adj=-1.022) | alltime:-0.311(ev=3,conf=0.75→adj=-0.233)]"
53,Jordan Spieth,-0.7,70.32,FULL,not_available_in_v3_source,44.85,44.85,0.3,not_available_in_v3_source,1,4.552,68.9,LIGHT,58.16,v3_fixed_40_30_15_15,NSI=0.40;VFS=0.30;VHN=0.15;FORM=0.15,not_available_in_v3_source,BirkdaleHistoryThin,0,Anti-pattern flags: Approach Liability — below-field in the primary 150–200yd scoring zone; Long-Iron Weakness — exposure in the dominant par-4 approach range at Birkdale.,0.0,not_available_in_v3_source,not_available_in_v3_source,approach liability in primary scoring zone,not_available_in_v3_source,not_available_in_v3_source,not_available_in_v3_source,41.6,41.6,not_available_in_v3_source,not_available_in_v3_source,not_available_in_v3_source,not_available_in_v3_source,not_available_in_v3_source,not_available_in_v3_source,HIGH,not_available_in_v3_source,not_available_in_v3_source,not_available_in_v3_source,not_available_in_v3_source,58.16,3,competent approach (SG:APP +0.24) — sufficient for Birkdale's mid-iron corridors; single Birkdale event on record (SG +4.552/rd) — limited but positive signal; positive links SG signal (+1.072/rd) supports links-surface fit.,0.61,not_available_in_v3_source,3.39,7.09,14.54,62.6,37.4,"NSI=70.3(w=0.40) + VFS=44.9(w=0.30) + VHN=68.9(w=0.15) + FORM=41.6(w=0.15) = VTS=58.2. VFS = base 40.6 + links_delta +4.3. Links trace: raw_sig=+1.072; delta_vfs=+4.29; windows=[6m:no_data | 12m:no_data | 24m:+0.785(ev=2,conf=0.75→adj=+0.589) | alltime:+2.038(ev=12,conf=1.00→adj=+2.038)]"
54,Matt McCarty,-0.69,68.39,DEBUT,not_available_in_v3_source,53.96,53.96,1.0,not_available_in_v3_source,0,,50.21,NONE,57.33,v3_fixed_40_30_15_15,NSI=0.40;VFS=0.30;VHN=0.15;FORM=0.15,not_available_in_v3_source,RoyalBirkdaleDebut,0,No anti-pattern flags. Clean structural profile — no recurring weak-link traits identified for Royal Birkdale.,0.0,not_available_in_v3_source,not_available_in_v3_source,standard major championship variance,not_available_in_v3_source,not_available_in_v3_source,not_available_in_v3_source,41.72,41.72,not_available_in_v3_source,not_available_in_v3_source,not_available_in_v3_source,not_available_in_v3_source,not_available_in_v3_source,not_available_in_v3_source,HIGH,not_available_in_v3_source,not_available_in_v3_source,not_available_in_v3_source,not_available_in_v3_source,57.33,3,competent approach (SG:APP +0.21) — sufficient for Birkdale's mid-iron corridors; positive links SG signal (+0.602/rd) supports links-surface fit.,0.58,not_available_in_v3_source,3.24,6.82,14.1,60.7,39.3,"NSI=68.4(w=0.40) + VFS=54.0(w=0.30) + VHN=50.2(w=0.15) + FORM=41.7(w=0.15) = VTS=57.3. VFS = base 51.6 + links_delta +2.4. Links trace: raw_sig=+0.602; delta_vfs=+2.41; windows=[6m:+0.339(ev=1,conf=0.40→adj=+0.136) | 12m:+1.138(ev=2,conf=0.75→adj=+0.853) | 24m:+1.138(ev=2,conf=0.75→adj=+0.853) | alltime:+1.138(ev=2,conf=0.75→adj=+0.853)]"
55,Michael Thorbjornsen,-0.14,67.74,DEBUT,not_available_in_v3_source,50.24,50.24,1.0,not_available_in_v3_source,0,,49.55,NONE,56.85,v3_fixed_40_30_15_15,NSI=0.40;VFS=0.30;VHN=0.15;FORM=0.15,not_available_in_v3_source,RoyalBirkdaleDebut,0,Anti-pattern flags: Long-Iron Weakness — exposure in the dominant par-4 approach range at Birkdale; Poor Links Putter — below-field on fescue; links surfaces amplify weak putting.,0.0,not_available_in_v3_source,not_available_in_v3_source,putting volatility on links fescue,not_available_in_v3_source,not_available_in_v3_source,not_available_in_v3_source,48.32,48.32,not_available_in_v3_source,not_available_in_v3_source,not_available_in_v3_source,not_available_in_v3_source,not_available_in_v3_source,not_available_in_v3_source,HIGH,not_available_in_v3_source,not_available_in_v3_source,not_available_in_v3_source,not_available_in_v3_source,56.85,3,near-average approach (SG:APP +0.02) — below the Birkdale threshold; positive links SG signal (+1.167/rd) supports links-surface fit.,0.56,not_available_in_v3_source,3.15,6.66,13.85,59.5,40.5,"NSI=67.7(w=0.40) + VFS=50.2(w=0.30) + VHN=49.5(w=0.15) + FORM=48.3(w=0.15) = VTS=56.9. VFS = base 45.6 + links_delta +4.7. Links trace: raw_sig=+1.167; delta_vfs=+4.67; windows=[6m:+2.918(ev=1,conf=0.40→adj=+1.167) | 12m:+2.918(ev=1,conf=0.40→adj=+1.167) | 24m:+2.918(ev=1,conf=0.40→adj=+1.167) | alltime:+2.918(ev=1,conf=0.40→adj=+1.167)]"
56,Angel Ayora,-0.35,65.81,DEBUT,not_available_in_v3_source,53.56,53.56,1.0,not_available_in_v3_source,0,,49.46,NONE,56.68,v3_fixed_40_30_15_15,NSI=0.40;VFS=0.30;VHN=0.15;FORM=0.15,not_available_in_v3_source,RoyalBirkdaleDebut,0,Anti-pattern flags: Weak ARG/Links Rough — revetted bunkers and steep run-offs create up-and-down challenge.,0.0,not_available_in_v3_source,not_available_in_v3_source,standard major championship variance,not_available_in_v3_source,not_available_in_v3_source,not_available_in_v3_source,45.8,45.8,not_available_in_v3_source,not_available_in_v3_source,not_available_in_v3_source,not_available_in_v3_source,not_available_in_v3_source,not_available_in_v3_source,HIGH,not_available_in_v3_source,not_available_in_v3_source,not_available_in_v3_source,not_available_in_v3_source,56.68,3,competent approach (SG:APP +0.20) — sufficient for Birkdale's mid-iron corridors.,0.55,not_available_in_v3_source,3.12,6.61,13.76,59.1,40.9,"NSI=65.8(w=0.40) + VFS=53.6(w=0.30) + VHN=49.5(w=0.15) + FORM=45.8(w=0.15) = VTS=56.7. VFS = base 51.8 + links_delta +1.8. Links trace: raw_sig=+0.438; delta_vfs=+1.75; windows=[6m:-0.161(ev=1,conf=0.40→adj=-0.064) | 12m:+0.709(ev=4,conf=1.00→adj=+0.709) | 24m:+0.709(ev=4,conf=1.00→adj=+0.709) | alltime:+0.709(ev=4,conf=1.00→adj=+0.709)]"
57,Jayden Schaper,-0.96,62.58,DEBUT,not_available_in_v3_source,57.4,57.4,1.0,not_available_in_v3_source,0,,50.3,NONE,55.57,v3_fixed_40_30_15_15,NSI=0.40;VFS=0.30;VHN=0.15;FORM=0.15,not_available_in_v3_source,RoyalBirkdaleDebut,0,Anti-pattern flags: Approach Liability — below-field in the primary 150–200yd scoring zone.,0.0,not_available_in_v3_source,not_available_in_v3_source,approach liability in primary scoring zone,not_available_in_v3_source,not_available_in_v3_source,not_available_in_v3_source,38.48,38.48,not_available_in_v3_source,not_available_in_v3_source,not_available_in_v3_source,not_available_in_v3_source,not_available_in_v3_source,not_available_in_v3_source,HIGH,not_available_in_v3_source,not_available_in_v3_source,not_available_in_v3_source,not_available_in_v3_source,55.57,3,near-average approach (SG:APP -0.07) — below the Birkdale threshold.,0.51,not_available_in_v3_source,2.93,6.27,13.21,56.4,43.6,"NSI=62.6(w=0.40) + VFS=57.4(w=0.30) + VHN=50.3(w=0.15) + FORM=38.5(w=0.15) = VTS=55.6. VFS = base 57.0 + links_delta +0.4. Links trace: raw_sig=+0.094; delta_vfs=+0.38; windows=[6m:+0.339(ev=1,conf=0.40→adj=+0.136) | 12m:+0.401(ev=3,conf=0.75→adj=+0.301) | 24m:+0.041(ev=6,conf=1.00→adj=+0.041) | alltime:-0.667(ev=10,conf=1.00→adj=-0.667)]"
58,Daniel Berger,-0.06,51.61,FULL,not_available_in_v3_source,63.37,63.37,0.65,not_available_in_v3_source,1,1.302,56.77,LIGHT,55.56,v3_fixed_40_30_15_15,NSI=0.40;VFS=0.30;VHN=0.15;FORM=0.15,not_available_in_v3_source,BirkdaleHistoryThin,0,Anti-pattern flags: Poor Links Putter — below-field on fescue; links surfaces amplify weak putting; Weak ARG/Links Rough — revetted bunkers and steep run-offs create up-and-down challenge.,0.0,not_available_in_v3_source,not_available_in_v3_source,putting volatility on links fescue,not_available_in_v3_source,not_available_in_v3_source,not_available_in_v3_source,49.28,49.28,not_available_in_v3_source,not_available_in_v3_source,not_available_in_v3_source,not_available_in_v3_source,not_available_in_v3_source,not_available_in_v3_source,HIGH,not_available_in_v3_source,not_available_in_v3_source,not_available_in_v3_source,not_available_in_v3_source,55.56,3,strong approach game (SG:APP +0.68) in the primary scoring zone; single Birkdale event on record (SG +1.302/rd) — limited but positive signal.,0.51,not_available_in_v3_source,2.93,6.26,13.21,56.4,43.6,"NSI=51.6(w=0.40) + VFS=63.4(w=0.30) + VHN=56.8(w=0.15) + FORM=49.3(w=0.15) = VTS=55.6. VFS = base 62.5 + links_delta +0.8. Links trace: raw_sig=+0.204; delta_vfs=+0.82; windows=[6m:no_data | 12m:+0.287(ev=1,conf=0.40→adj=+0.115) | 24m:+0.287(ev=1,conf=0.40→adj=+0.115) | alltime:+0.694(ev=5,conf=1.00→adj=+0.694)]"
59,Jordan Smith,-0.41,54.19,DEBUT,not_available_in_v3_source,64.48,64.48,1.0,not_available_in_v3_source,0,,49.79,NONE,55.25,v3_fixed_40_30_15_15,NSI=0.40;VFS=0.30;VHN=0.15;FORM=0.15,not_available_in_v3_source,RoyalBirkdaleDebut,0,Anti-pattern flags: Poor Links Putter — below-field on fescue; links surfaces amplify weak putting.,0.0,not_available_in_v3_source,not_available_in_v3_source,putting volatility on links fescue,not_available_in_v3_source,not_available_in_v3_source,not_available_in_v3_source,45.08,45.08,not_available_in_v3_source,not_available_in_v3_source,not_available_in_v3_source,not_available_in_v3_source,not_available_in_v3_source,not_available_in_v3_source,HIGH,not_available_in_v3_source,not_available_in_v3_source,not_available_in_v3_source,not_available_in_v3_source,55.25,3,competent approach (SG:APP +0.35) — sufficient for Birkdale's mid-iron corridors; positive links SG signal (+0.976/rd) supports links-surface fit.,0.5,not_available_in_v3_source,2.87,6.17,13.05,55.6,44.4,"NSI=54.2(w=0.40) + VFS=64.5(w=0.30) + VHN=49.8(w=0.15) + FORM=45.1(w=0.15) = VTS=55.2. VFS = base 60.6 + links_delta +3.9. Links trace: raw_sig=+0.976; delta_vfs=+3.90; windows=[6m:+1.668(ev=1,conf=0.40→adj=+0.667) | 12m:+1.389(ev=5,conf=1.00→adj=+1.389) | 24m:+1.055(ev=10,conf=1.00→adj=+1.055) | alltime:+0.452(ev=30,conf=1.00→adj=+0.452)]"
60,Eric Cole,0.41,61.94,DEBUT,not_available_in_v3_source,46.13,46.13,1.0,not_available_in_v3_source,0,,50.09,NONE,54.37,v3_fixed_40_30_15_15,NSI=0.40;VFS=0.30;VHN=0.15;FORM=0.15,not_available_in_v3_source,RoyalBirkdaleDebut,0,No anti-pattern flags. Clean structural profile — no recurring weak-link traits identified for Royal Birkdale.,0.0,not_available_in_v3_source,not_available_in_v3_source,standard major championship variance,not_available_in_v3_source,not_available_in_v3_source,not_available_in_v3_source,54.92,54.92,not_available_in_v3_source,not_available_in_v3_source,not_available_in_v3_source,not_available_in_v3_source,not_available_in_v3_source,not_available_in_v3_source,HIGH,not_available_in_v3_source,not_available_in_v3_source,not_available_in_v3_source,not_available_in_v3_source,54.37,3,competent approach (SG:APP +0.30) — sufficient for Birkdale's mid-iron corridors.,0.47,not_available_in_v3_source,2.73,5.92,12.64,53.4,46.6,"NSI=61.9(w=0.40) + VFS=46.1(w=0.30) + VHN=50.1(w=0.15) + FORM=54.9(w=0.15) = VTS=54.4. VFS = base 47.8 + links_delta -1.7. Links trace: raw_sig=-0.418; delta_vfs=-1.67; windows=[6m:-1.582(ev=1,conf=0.40→adj=-0.633) | 12m:-1.582(ev=1,conf=0.40→adj=-0.633) | 24m:+0.094(ev=3,conf=0.75→adj=+0.071) | alltime:+0.109(ev=4,conf=1.00→adj=+0.109)]"
61,David Puig,-0.15,69.68,DEBUT,not_available_in_v3_source,39.6,39.6,1.0,not_available_in_v3_source,0,,49.25,NONE,54.37,v3_fixed_40_30_15_15,NSI=0.40;VFS=0.30;VHN=0.15;FORM=0.15,not_available_in_v3_source,RoyalBirkdaleDebut,0,Anti-pattern flags: Approach Liability — below-field in the primary 150–200yd scoring zone; Long-Iron Weakness — exposure in the dominant par-4 approach range at Birkdale.,0.0,not_available_in_v3_source,not_available_in_v3_source,approach liability in primary scoring zone,not_available_in_v3_source,not_available_in_v3_source,not_available_in_v3_source,48.2,48.2,not_available_in_v3_source,not_available_in_v3_source,not_available_in_v3_source,not_available_in_v3_source,not_available_in_v3_source,not_available_in_v3_source,HIGH,not_available_in_v3_source,not_available_in_v3_source,not_available_in_v3_source,not_available_in_v3_source,54.37,3,below-average approach (SG:APP -0.31) — significant exposure in the primary scoring zone.,0.47,not_available_in_v3_source,2.73,5.92,12.64,53.4,46.6,"NSI=69.7(w=0.40) + VFS=39.6(w=0.30) + VHN=49.2(w=0.15) + FORM=48.2(w=0.15) = VTS=54.4. VFS = base 38.6 + links_delta +1.0. Links trace: raw_sig=+0.260; delta_vfs=+1.04; windows=[6m:+0.339(ev=1,conf=0.40→adj=+0.136) | 12m:+0.729(ev=2,conf=0.75→adj=+0.547) | 24m:+0.070(ev=4,conf=1.00→adj=+0.070) | alltime:+0.070(ev=4,conf=1.00→adj=+0.070)]"
62,Sepp Straka,-1.64,60.65,DEBUT,not_available_in_v3_source,60.18,60.18,1.0,not_available_in_v3_source,0,,50.06,NONE,54.37,v3_fixed_40_30_15_15,NSI=0.40;VFS=0.30;VHN=0.15;FORM=0.15,not_available_in_v3_source,RoyalBirkdaleDebut,0,No anti-pattern flags. Clean structural profile — no recurring weak-link traits identified for Royal Birkdale.,0.0,not_available_in_v3_source,not_available_in_v3_source,standard major championship variance,not_available_in_v3_source,not_available_in_v3_source,not_available_in_v3_source,30.32,30.32,not_available_in_v3_source,not_available_in_v3_source,not_available_in_v3_source,not_available_in_v3_source,not_available_in_v3_source,not_available_in_v3_source,HIGH,not_available_in_v3_source,not_available_in_v3_source,not_available_in_v3_source,not_available_in_v3_source,54.37,3,strong approach game (SG:APP +0.50) in the primary scoring zone; positive links SG signal (+0.937/rd) supports links-surface fit; negative form momentum is a structural risk factor.,0.47,not_available_in_v3_source,2.73,5.92,12.64,53.4,46.6,"NSI=60.6(w=0.40) + VFS=60.2(w=0.30) + VHN=50.1(w=0.15) + FORM=30.3(w=0.15) = VTS=54.4. VFS = base 56.4 + links_delta +3.8. Links trace: raw_sig=+0.937; delta_vfs=+3.75; windows=[6m:+0.339(ev=1,conf=0.40→adj=+0.136) | 12m:+1.971(ev=2,conf=0.75→adj=+1.478) | 24m:+1.545(ev=4,conf=1.00→adj=+1.545) | alltime:+0.629(ev=8,conf=1.00→adj=+0.629)]"
63,Jason Day,-0.67,65.16,FULL,not_available_in_v3_source,43.91,43.91,0.3,not_available_in_v3_source,1,1.302,56.77,LIGHT,54.05,v3_fixed_40_30_15_15,NSI=0.40;VFS=0.30;VHN=0.15;FORM=0.15,not_available_in_v3_source,BirkdaleHistoryThin,0,Anti-pattern flags: Approach Liability — below-field in the primary 150–200yd scoring zone; Long-Iron Weakness — exposure in the dominant par-4 approach range at Birkdale.,0.0,not_available_in_v3_source,not_available_in_v3_source,approach liability in primary scoring zone,not_available_in_v3_source,not_available_in_v3_source,not_available_in_v3_source,41.96,41.96,not_available_in_v3_source,not_available_in_v3_source,not_available_in_v3_source,not_available_in_v3_source,not_available_in_v3_source,not_available_in_v3_source,HIGH,not_available_in_v3_source,not_available_in_v3_source,not_available_in_v3_source,not_available_in_v3_source,54.05,3,below-average approach (SG:APP -0.28) — significant exposure in the primary scoring zone; single Birkdale event on record (SG +1.302/rd) — limited but positive signal; positive links SG signal (+1.185/rd) supports links-surface fit.,0.46,not_available_in_v3_source,2.68,5.83,12.49,52.6,47.4,"NSI=65.2(w=0.40) + VFS=43.9(w=0.30) + VHN=56.8(w=0.15) + FORM=42.0(w=0.15) = VTS=54.0. VFS = base 39.2 + links_delta +4.7. Links trace: raw_sig=+1.185; delta_vfs=+4.74; windows=[6m:no_data | 12m:no_data | 24m:+2.539(ev=1,conf=0.40→adj=+1.016) | alltime:+1.524(ev=10,conf=1.00→adj=+1.524)]"
64,Harry Hall,-1.13,76.13,DEBUT,not_available_in_v3_source,35.27,35.27,1.0,not_available_in_v3_source,0,,50.03,NONE,54.0,v3_fixed_40_30_15_15,NSI=0.40;VFS=0.30;VHN=0.15;FORM=0.15,not_available_in_v3_source,RoyalBirkdaleDebut,0,Anti-pattern flags: Approach Liability — below-field in the primary 150–200yd scoring zone; Long-Iron Weakness — exposure in the dominant par-4 approach range at Birkdale.,0.0,not_available_in_v3_source,not_available_in_v3_source,approach liability in primary scoring zone,not_available_in_v3_source,not_available_in_v3_source,not_available_in_v3_source,36.44,36.44,not_available_in_v3_source,not_available_in_v3_source,not_available_in_v3_source,not_available_in_v3_source,not_available_in_v3_source,not_available_in_v3_source,HIGH,not_available_in_v3_source,not_available_in_v3_source,not_available_in_v3_source,not_available_in_v3_source,54.0,3,competent approach (SG:APP +0.05) — sufficient for Birkdale's mid-iron corridors.,0.46,not_available_in_v3_source,2.68,5.82,12.46,52.5,47.5,"NSI=76.1(w=0.40) + VFS=35.3(w=0.30) + VHN=50.0(w=0.15) + FORM=36.4(w=0.15) = VTS=54.0. VFS = base 34.8 + links_delta +0.5. Links trace: raw_sig=+0.115; delta_vfs=+0.46; windows=[6m:-0.661(ev=1,conf=0.40→adj=-0.264) | 12m:+0.547(ev=3,conf=0.75→adj=+0.410) | 24m:+0.190(ev=4,conf=1.00→adj=+0.190) | alltime:+0.263(ev=6,conf=1.00→adj=+0.263)]"
65,Matt Wallace,0.38,53.55,DEBUT,not_available_in_v3_source,55.07,55.07,1.0,not_available_in_v3_source,0,,50.03,NONE,53.63,v3_fixed_40_30_15_15,NSI=0.40;VFS=0.30;VHN=0.15;FORM=0.15,not_available_in_v3_source,RoyalBirkdaleDebut,0,No anti-pattern flags. Clean structural profile — no recurring weak-link traits identified for Royal Birkdale.,0.0,not_available_in_v3_source,not_available_in_v3_source,standard major championship variance,not_available_in_v3_source,not_available_in_v3_source,not_available_in_v3_source,54.56,54.56,not_available_in_v3_source,not_available_in_v3_source,not_available_in_v3_source,not_available_in_v3_source,not_available_in_v3_source,not_available_in_v3_source,HIGH,not_available_in_v3_source,not_available_in_v3_source,not_available_in_v3_source,not_available_in_v3_source,53.63,3,strong approach game (SG:APP +0.45) in the primary scoring zone.,0.44,not_available_in_v3_source,2.62,5.71,12.29,51.6,48.4,"NSI=53.5(w=0.40) + VFS=55.1(w=0.30) + VHN=50.0(w=0.15) + FORM=54.6(w=0.15) = VTS=53.6. VFS = base 55.2 + links_delta -0.2. Links trace: raw_sig=-0.039; delta_vfs=-0.16; windows=[6m:-1.161(ev=1,conf=0.40→adj=-0.464) | 12m:-0.029(ev=2,conf=0.75→adj=-0.022) | 24m:+0.692(ev=6,conf=1.00→adj=+0.692) | alltime:-0.076(ev=23,conf=1.00→adj=-0.076)]"
66,Johnny Keefer,1.04,44.52,DEBUT,not_available_in_v3_source,63.3,63.3,1.0,not_available_in_v3_source,0,,49.49,NONE,53.59,v3_fixed_40_30_15_15,NSI=0.40;VFS=0.30;VHN=0.15;FORM=0.15,not_available_in_v3_source,RoyalBirkdaleDebut,0,Anti-pattern flags: Poor Links Putter — below-field on fescue; links surfaces amplify weak putting; Weak ARG/Links Rough — revetted bunkers and steep run-offs create up-and-down challenge.,0.0,not_available_in_v3_source,not_available_in_v3_source,putting volatility on links fescue,not_available_in_v3_source,not_available_in_v3_source,not_available_in_v3_source,62.48,62.48,not_available_in_v3_source,not_available_in_v3_source,not_available_in_v3_source,not_available_in_v3_source,not_available_in_v3_source,not_available_in_v3_source,HIGH,not_available_in_v3_source,not_available_in_v3_source,not_available_in_v3_source,not_available_in_v3_source,53.59,3,strong approach game (SG:APP +0.44) in the primary scoring zone; positive links SG signal (+1.267/rd) supports links-surface fit.,0.44,not_available_in_v3_source,2.61,5.7,12.28,51.5,48.5,"NSI=44.5(w=0.40) + VFS=63.3(w=0.30) + VHN=49.5(w=0.15) + FORM=62.5(w=0.15) = VTS=53.6. VFS = base 58.2 + links_delta +5.1. Links trace: raw_sig=+1.267; delta_vfs=+5.07; windows=[6m:+3.168(ev=1,conf=0.40→adj=+1.267) | 12m:+3.168(ev=1,conf=0.40→adj=+1.267) | 24m:+3.168(ev=1,conf=0.40→adj=+1.267) | alltime:+3.168(ev=1,conf=0.40→adj=+1.267)]"
67,John Parry,-1.13,50.32,DEBUT,not_available_in_v3_source,64.41,64.41,1.0,not_available_in_v3_source,0,,50.33,NONE,52.47,v3_fixed_40_30_15_15,NSI=0.40;VFS=0.30;VHN=0.15;FORM=0.15,not_available_in_v3_source,RoyalBirkdaleDebut,0,Anti-pattern flags: Poor Links Putter — below-field on fescue; links surfaces amplify weak putting.,0.0,not_available_in_v3_source,not_available_in_v3_source,putting volatility on links fescue,not_available_in_v3_source,not_available_in_v3_source,not_available_in_v3_source,36.44,36.44,not_available_in_v3_source,not_available_in_v3_source,not_available_in_v3_source,not_available_in_v3_source,not_available_in_v3_source,not_available_in_v3_source,HIGH,not_available_in_v3_source,not_available_in_v3_source,not_available_in_v3_source,not_available_in_v3_source,52.47,3,competent approach (SG:APP +0.32) — sufficient for Birkdale's mid-iron corridors.,0.41,not_available_in_v3_source,2.45,5.41,11.78,48.7,51.3,"NSI=50.3(w=0.40) + VFS=64.4(w=0.30) + VHN=50.3(w=0.15) + FORM=36.4(w=0.15) = VTS=52.5. VFS = base 65.4 + links_delta -1.0. Links trace: raw_sig=-0.240; delta_vfs=-0.96; windows=[6m:-3.161(ev=1,conf=0.40→adj=-1.264) | 12m:+0.563(ev=5,conf=1.00→adj=+0.563) | 24m:+0.269(ev=6,conf=1.00→adj=+0.269) | alltime:-0.486(ev=27,conf=1.00→adj=-0.486)]"
68,Sahith Theegala,0.1,63.23,DEBUT,not_available_in_v3_source,39.92,39.92,1.0,not_available_in_v3_source,0,,49.76,NONE,52.41,v3_fixed_40_30_15_15,NSI=0.40;VFS=0.30;VHN=0.15;FORM=0.15,not_available_in_v3_source,RoyalBirkdaleDebut,0,No anti-pattern flags. Clean structural profile — no recurring weak-link traits identified for Royal Birkdale.,0.0,not_available_in_v3_source,not_available_in_v3_source,standard major championship variance,not_available_in_v3_source,not_available_in_v3_source,not_available_in_v3_source,51.2,51.2,not_available_in_v3_source,not_available_in_v3_source,not_available_in_v3_source,not_available_in_v3_source,not_available_in_v3_source,not_available_in_v3_source,HIGH,not_available_in_v3_source,not_available_in_v3_source,not_available_in_v3_source,not_available_in_v3_source,52.41,3,competent approach (SG:APP +0.22) — sufficient for Birkdale's mid-iron corridors.,0.41,not_available_in_v3_source,2.44,5.39,11.75,48.5,51.5,"NSI=63.2(w=0.40) + VFS=39.9(w=0.30) + VHN=49.8(w=0.15) + FORM=51.2(w=0.15) = VTS=52.4. VFS = base 40.5 + links_delta -0.6. Links trace: raw_sig=-0.150; delta_vfs=-0.60; windows=[6m:-0.582(ev=1,conf=0.40→adj=-0.233) | 12m:-0.582(ev=1,conf=0.40→adj=-0.233) | 24m:-0.021(ev=3,conf=0.75→adj=-0.016) | alltime:+0.165(ev=6,conf=1.00→adj=+0.165)]"
69,Nico Echavarria,0.64,50.97,DEBUT,not_available_in_v3_source,50.22,50.22,1.0,not_available_in_v3_source,0,,50.21,NONE,51.64,v3_fixed_40_30_15_15,NSI=0.40;VFS=0.30;VHN=0.15;FORM=0.15,not_available_in_v3_source,RoyalBirkdaleDebut,0,Anti-pattern flags: Weak ARG/Links Rough — revetted bunkers and steep run-offs create up-and-down challenge.,0.0,not_available_in_v3_source,not_available_in_v3_source,standard major championship variance,not_available_in_v3_source,not_available_in_v3_source,not_available_in_v3_source,57.68,57.68,not_available_in_v3_source,not_available_in_v3_source,not_available_in_v3_source,not_available_in_v3_source,not_available_in_v3_source,not_available_in_v3_source,HIGH,not_available_in_v3_source,not_available_in_v3_source,not_available_in_v3_source,not_available_in_v3_source,51.64,3,competent approach (SG:APP +0.12) — sufficient for Birkdale's mid-iron corridors; positive links SG signal (+0.594/rd) supports links-surface fit.,0.39,not_available_in_v3_source,2.34,5.2,11.42,46.6,53.4,"NSI=51.0(w=0.40) + VFS=50.2(w=0.30) + VHN=50.2(w=0.15) + FORM=57.7(w=0.15) = VTS=51.6. VFS = base 47.9 + links_delta +2.4. Links trace: raw_sig=+0.594; delta_vfs=+2.38; windows=[6m:+0.918(ev=1,conf=0.40→adj=+0.367) | 12m:+1.227(ev=2,conf=0.75→adj=+0.920) | 24m:+0.637(ev=3,conf=0.75→adj=+0.478) | alltime:+0.637(ev=3,conf=0.75→adj=+0.478)]"
70,Daniel Hillier,-0.68,56.13,DEBUT,not_available_in_v3_source,50.92,50.92,1.0,not_available_in_v3_source,0,,49.64,NONE,51.45,v3_fixed_40_30_15_15,NSI=0.40;VFS=0.30;VHN=0.15;FORM=0.15,not_available_in_v3_source,RoyalBirkdaleDebut,0,Anti-pattern flags: Weak ARG/Links Rough — revetted bunkers and steep run-offs create up-and-down challenge.,0.0,not_available_in_v3_source,not_available_in_v3_source,standard major championship variance,not_available_in_v3_source,not_available_in_v3_source,not_available_in_v3_source,41.84,41.84,not_available_in_v3_source,not_available_in_v3_source,not_available_in_v3_source,not_available_in_v3_source,not_available_in_v3_source,not_available_in_v3_source,HIGH,not_available_in_v3_source,not_available_in_v3_source,not_available_in_v3_source,not_available_in_v3_source,51.45,3,competent approach (SG:APP +0.25) — sufficient for Birkdale's mid-iron corridors.,0.38,not_available_in_v3_source,2.31,5.15,11.34,46.1,53.9,"NSI=56.1(w=0.40) + VFS=50.9(w=0.30) + VHN=49.6(w=0.15) + FORM=41.8(w=0.15) = VTS=51.5. VFS = base 53.9 + links_delta -3.0. Links trace: raw_sig=-0.744; delta_vfs=-2.98; windows=[6m:-3.161(ev=1,conf=0.40→adj=-1.264) | 12m:-0.712(ev=4,conf=1.00→adj=-0.712) | 24m:-0.014(ev=8,conf=1.00→adj=-0.014) | alltime:-0.496(ev=14,conf=1.00→adj=-0.496)]"
71,Max Homa,0.11,59.35,DEBUT,not_available_in_v3_source,41.09,41.09,0.3,not_available_in_v3_source,0,,49.82,NONE,51.24,v3_fixed_40_30_15_15,NSI=0.40;VFS=0.30;VHN=0.15;FORM=0.15,not_available_in_v3_source,RoyalBirkdaleDebut,0,Anti-pattern flags: Long-Iron Weakness — exposure in the dominant par-4 approach range at Birkdale.,0.0,not_available_in_v3_source,not_available_in_v3_source,standard major championship variance,not_available_in_v3_source,not_available_in_v3_source,not_available_in_v3_source,51.32,51.32,not_available_in_v3_source,not_available_in_v3_source,not_available_in_v3_source,not_available_in_v3_source,not_available_in_v3_source,not_available_in_v3_source,HIGH,not_available_in_v3_source,not_available_in_v3_source,not_available_in_v3_source,not_available_in_v3_source,51.24,3,competent approach (SG:APP +0.13) — sufficient for Birkdale's mid-iron corridors.,0.38,not_available_in_v3_source,2.29,5.1,11.25,45.6,54.4,"NSI=59.4(w=0.40) + VFS=41.1(w=0.30) + VHN=49.8(w=0.15) + FORM=51.3(w=0.15) = VTS=51.2. VFS = base 39.9 + links_delta +1.2. Links trace: raw_sig=+0.306; delta_vfs=+1.22; windows=[6m:no_data | 12m:no_data | 24m:-0.069(ev=2,conf=0.75→adj=-0.052) | alltime:+1.022(ev=7,conf=1.00→adj=+1.022)]"
72,Rasmus Neergaard-Petersen,0.1,47.74,DEBUT,not_available_in_v3_source,55.53,55.53,1.0,not_available_in_v3_source,0,,49.82,NONE,50.91,v3_fixed_40_30_15_15,NSI=0.40;VFS=0.30;VHN=0.15;FORM=0.15,not_available_in_v3_source,RoyalBirkdaleDebut,0,Anti-pattern flags: Weak ARG/Links Rough — revetted bunkers and steep run-offs create up-and-down challenge.,0.0,not_available_in_v3_source,not_available_in_v3_source,standard major championship variance,not_available_in_v3_source,not_available_in_v3_source,not_available_in_v3_source,51.2,51.2,not_available_in_v3_source,not_available_in_v3_source,not_available_in_v3_source,not_available_in_v3_source,not_available_in_v3_source,not_available_in_v3_source,HIGH,not_available_in_v3_source,not_available_in_v3_source,not_available_in_v3_source,not_available_in_v3_source,50.91,3,competent approach (SG:APP +0.18) — sufficient for Birkdale's mid-iron corridors.,0.37,not_available_in_v3_source,2.24,5.02,11.12,44.8,55.2,"NSI=47.7(w=0.40) + VFS=55.5(w=0.30) + VHN=49.8(w=0.15) + FORM=51.2(w=0.15) = VTS=50.9. VFS = base 53.7 + links_delta +1.9. Links trace: raw_sig=+0.462; delta_vfs=+1.85; windows=[6m:+0.918(ev=1,conf=0.40→adj=+0.367) | 12m:+0.406(ev=4,conf=1.00→adj=+0.406) | 24m:+0.577(ev=6,conf=1.00→adj=+0.577) | alltime:+0.756(ev=8,conf=1.00→adj=+0.756)]"
73,Victor Perez,0.82,48.39,DEBUT,not_available_in_v3_source,48.91,48.91,1.0,not_available_in_v3_source,0,,49.94,NONE,50.5,v3_fixed_40_30_15_15,NSI=0.40;VFS=0.30;VHN=0.15;FORM=0.15,not_available_in_v3_source,RoyalBirkdaleDebut,0,Anti-pattern flags: Long-Iron Weakness — exposure in the dominant par-4 approach range at Birkdale.,0.0,not_available_in_v3_source,not_available_in_v3_source,standard major championship variance,not_available_in_v3_source,not_available_in_v3_source,not_available_in_v3_source,59.84,59.84,not_available_in_v3_source,not_available_in_v3_source,not_available_in_v3_source,not_available_in_v3_source,not_available_in_v3_source,not_available_in_v3_source,HIGH,not_available_in_v3_source,not_available_in_v3_source,not_available_in_v3_source,not_available_in_v3_source,50.5,3,near-average approach (SG:APP +0.04) — below the Birkdale threshold; positive links SG signal (+1.271/rd) supports links-surface fit.,0.36,not_available_in_v3_source,2.19,4.92,10.95,43.8,56.2,"NSI=48.4(w=0.40) + VFS=48.9(w=0.30) + VHN=49.9(w=0.15) + FORM=59.8(w=0.15) = VTS=50.5. VFS = base 43.8 + links_delta +5.1. Links trace: raw_sig=+1.271; delta_vfs=+5.08; windows=[6m:+2.668(ev=1,conf=0.40→adj=+1.067) | 12m:+1.852(ev=2,conf=0.75→adj=+1.389) | 24m:+1.638(ev=4,conf=1.00→adj=+1.638) | alltime:+0.838(ev=17,conf=1.00→adj=+0.838)]"
74,Pierceson Coody,-0.04,57.42,DEBUT,not_available_in_v3_source,41.97,41.97,1.0,not_available_in_v3_source,0,,49.43,NONE,50.4,v3_fixed_40_30_15_15,NSI=0.40;VFS=0.30;VHN=0.15;FORM=0.15,not_available_in_v3_source,RoyalBirkdaleDebut,0,Anti-pattern flags: Long-Iron Weakness — exposure in the dominant par-4 approach range at Birkdale; Weak ARG/Links Rough — revetted bunkers and steep run-offs create up-and-down challenge.,0.0,not_available_in_v3_source,not_available_in_v3_source,standard major championship variance,not_available_in_v3_source,not_available_in_v3_source,not_available_in_v3_source,49.52,49.52,not_available_in_v3_source,not_available_in_v3_source,not_available_in_v3_source,not_available_in_v3_source,not_available_in_v3_source,not_available_in_v3_source,HIGH,not_available_in_v3_source,not_available_in_v3_source,not_available_in_v3_source,not_available_in_v3_source,50.4,3,competent approach (SG:APP +0.22) — sufficient for Birkdale's mid-iron corridors.,0.35,not_available_in_v3_source,2.18,4.9,10.91,43.5,56.5,"NSI=57.4(w=0.40) + VFS=42.0(w=0.30) + VHN=49.4(w=0.15) + FORM=49.5(w=0.15) = VTS=50.4. VFS = base 44.6 + links_delta -2.7. Links trace: raw_sig=-0.664; delta_vfs=-2.66; windows=[6m:-1.661(ev=1,conf=0.40→adj=-0.664) | 12m:-1.661(ev=1,conf=0.40→adj=-0.664) | 24m:-1.661(ev=1,conf=0.40→adj=-0.664) | alltime:-1.661(ev=1,conf=0.40→adj=-0.664)]"
75,Thomas Detry,-0.31,54.84,DEBUT,not_available_in_v3_source,46.71,46.71,0.65,not_available_in_v3_source,0,,49.73,NONE,50.35,v3_fixed_40_30_15_15,NSI=0.40;VFS=0.30;VHN=0.15;FORM=0.15,not_available_in_v3_source,RoyalBirkdaleDebut,0,No anti-pattern flags. Clean structural profile — no recurring weak-link traits identified for Royal Birkdale.,0.0,not_available_in_v3_source,not_available_in_v3_source,standard major championship variance,not_available_in_v3_source,not_available_in_v3_source,not_available_in_v3_source,46.28,46.28,not_available_in_v3_source,not_available_in_v3_source,not_available_in_v3_source,not_available_in_v3_source,not_available_in_v3_source,not_available_in_v3_source,HIGH,not_available_in_v3_source,not_available_in_v3_source,not_available_in_v3_source,not_available_in_v3_source,50.35,3,competent approach (SG:APP +0.06) — sufficient for Birkdale's mid-iron corridors.,0.35,not_available_in_v3_source,2.17,4.89,10.89,43.4,56.6,"NSI=54.8(w=0.40) + VFS=46.7(w=0.30) + VHN=49.7(w=0.15) + FORM=46.3(w=0.15) = VTS=50.4. VFS = base 47.2 + links_delta -0.5. Links trace: raw_sig=-0.133; delta_vfs=-0.53; windows=[6m:no_data | 12m:-0.463(ev=1,conf=0.40→adj=-0.185) | 24m:-0.194(ev=5,conf=1.00→adj=-0.194) | alltime:+0.174(ev=21,conf=1.00→adj=+0.174)]"
76,Rasmus Hojgaard,-1.07,64.52,DEBUT,not_available_in_v3_source,38.6,38.6,1.0,not_available_in_v3_source,0,,49.28,NONE,50.35,v3_fixed_40_30_15_15,NSI=0.40;VFS=0.30;VHN=0.15;FORM=0.15,not_available_in_v3_source,RoyalBirkdaleDebut,0,Anti-pattern flags: Long-Iron Weakness — exposure in the dominant par-4 approach range at Birkdale; Weak ARG/Links Rough — revetted bunkers and steep run-offs create up-and-down challenge.,0.0,not_available_in_v3_source,not_available_in_v3_source,standard major championship variance,not_available_in_v3_source,not_available_in_v3_source,not_available_in_v3_source,37.16,37.16,not_available_in_v3_source,not_available_in_v3_source,not_available_in_v3_source,not_available_in_v3_source,not_available_in_v3_source,not_available_in_v3_source,HIGH,not_available_in_v3_source,not_available_in_v3_source,not_available_in_v3_source,not_available_in_v3_source,50.35,3,competent approach (SG:APP +0.09) — sufficient for Birkdale's mid-iron corridors.,0.35,not_available_in_v3_source,2.17,4.89,10.89,43.4,56.6,"NSI=64.5(w=0.40) + VFS=38.6(w=0.30) + VHN=49.3(w=0.15) + FORM=37.2(w=0.15) = VTS=50.4. VFS = base 37.2 + links_delta +1.4. Links trace: raw_sig=+0.349; delta_vfs=+1.40; windows=[6m:+0.918(ev=1,conf=0.40→adj=+0.367) | 12m:-0.068(ev=3,conf=0.75→adj=-0.051) | 24m:+0.826(ev=8,conf=1.00→adj=+0.826) | alltime:+0.732(ev=14,conf=1.00→adj=+0.732)]"
77,Sam Stevens,-0.37,52.26,DEBUT,not_available_in_v3_source,50.18,50.18,1.0,not_available_in_v3_source,0,,49.67,NONE,50.24,v3_fixed_40_30_15_15,NSI=0.40;VFS=0.30;VHN=0.15;FORM=0.15,not_available_in_v3_source,RoyalBirkdaleDebut,0,Anti-pattern flags: Poor Links Putter — below-field on fescue; links surfaces amplify weak putting.,0.0,not_available_in_v3_source,not_available_in_v3_source,putting volatility on links fescue,not_available_in_v3_source,not_available_in_v3_source,not_available_in_v3_source,45.56,45.56,not_available_in_v3_source,not_available_in_v3_source,not_available_in_v3_source,not_available_in_v3_source,not_available_in_v3_source,not_available_in_v3_source,HIGH,not_available_in_v3_source,not_available_in_v3_source,not_available_in_v3_source,not_available_in_v3_source,50.24,3,competent approach (SG:APP +0.10) — sufficient for Birkdale's mid-iron corridors.,0.35,not_available_in_v3_source,2.16,4.86,10.84,43.1,56.9,"NSI=52.3(w=0.40) + VFS=50.2(w=0.30) + VHN=49.7(w=0.15) + FORM=45.6(w=0.15) = VTS=50.2. VFS = base 53.2 + links_delta -3.0. Links trace: raw_sig=-0.745; delta_vfs=-2.98; windows=[6m:-1.661(ev=1,conf=0.40→adj=-0.664) | 12m:-1.362(ev=2,conf=0.75→adj=-1.022) | 24m:-0.688(ev=3,conf=0.75→adj=-0.516) | alltime:-0.688(ev=3,conf=0.75→adj=-0.516)]"
78,Tom McKibbin,-0.07,49.68,DEBUT,not_available_in_v3_source,51.08,51.08,1.0,not_available_in_v3_source,0,,49.76,NONE,50.03,v3_fixed_40_30_15_15,NSI=0.40;VFS=0.30;VHN=0.15;FORM=0.15,not_available_in_v3_source,RoyalBirkdaleDebut,0,Anti-pattern flags: Approach Liability — below-field in the primary 150–200yd scoring zone; Poor Links Putter — below-field on fescue; links surfaces amplify weak putting.,0.0,not_available_in_v3_source,not_available_in_v3_source,approach liability in primary scoring zone; putting volatility on links fescue,not_available_in_v3_source,not_available_in_v3_source,not_available_in_v3_source,49.16,49.16,not_available_in_v3_source,not_available_in_v3_source,not_available_in_v3_source,not_available_in_v3_source,not_available_in_v3_source,not_available_in_v3_source,HIGH,not_available_in_v3_source,not_available_in_v3_source,not_available_in_v3_source,not_available_in_v3_source,50.03,3,near-average approach (SG:APP -0.03) — below the Birkdale threshold.,0.34,not_available_in_v3_source,2.13,4.81,10.76,42.6,57.4,"NSI=49.7(w=0.40) + VFS=51.1(w=0.30) + VHN=49.8(w=0.15) + FORM=49.2(w=0.15) = VTS=50.0. VFS = base 50.4 + links_delta +0.7. Links trace: raw_sig=+0.174; delta_vfs=+0.70; windows=[6m:+1.168(ev=1,conf=0.40→adj=+0.467) | 12m:-0.300(ev=3,conf=0.75→adj=-0.225) | 24m:+0.230(ev=8,conf=1.00→adj=+0.230) | alltime:+0.435(ev=14,conf=1.00→adj=+0.435)]"
79,Michael Kim,-0.11,58.06,DEBUT,not_available_in_v3_source,39.93,39.93,1.0,not_available_in_v3_source,0,,50.06,NONE,50.01,v3_fixed_40_30_15_15,NSI=0.40;VFS=0.30;VHN=0.15;FORM=0.15,not_available_in_v3_source,RoyalBirkdaleDebut,0,Anti-pattern flags: Long-Iron Weakness — exposure in the dominant par-4 approach range at Birkdale.,0.0,not_available_in_v3_source,not_available_in_v3_source,standard major championship variance,not_available_in_v3_source,not_available_in_v3_source,not_available_in_v3_source,48.68,48.68,not_available_in_v3_source,not_available_in_v3_source,not_available_in_v3_source,not_available_in_v3_source,not_available_in_v3_source,not_available_in_v3_source,HIGH,not_available_in_v3_source,not_available_in_v3_source,not_available_in_v3_source,not_available_in_v3_source,50.01,3,competent approach (SG:APP +0.35) — sufficient for Birkdale's mid-iron corridors.,0.34,not_available_in_v3_source,2.13,4.81,10.75,42.6,57.4,"NSI=58.1(w=0.40) + VFS=39.9(w=0.30) + VHN=50.1(w=0.15) + FORM=48.7(w=0.15) = VTS=50.0. VFS = base 39.0 + links_delta +1.0. Links trace: raw_sig=+0.240; delta_vfs=+0.96; windows=[6m:-0.161(ev=1,conf=0.40→adj=-0.064) | 12m:+0.580(ev=3,conf=0.75→adj=+0.435) | 24m:+0.580(ev=3,conf=0.75→adj=+0.435) | alltime:+0.232(ev=5,conf=1.00→adj=+0.232)]"
80,Sami Valimaki,-0.11,49.03,DEBUT,not_available_in_v3_source,48.96,48.96,0.65,not_available_in_v3_source,0,,50.24,NONE,49.14,v3_fixed_40_30_15_15,NSI=0.40;VFS=0.30;VHN=0.15;FORM=0.15,not_available_in_v3_source,RoyalBirkdaleDebut,0,Anti-pattern flags: Weak ARG/Links Rough — revetted bunkers and steep run-offs create up-and-down challenge.,0.0,not_available_in_v3_source,not_available_in_v3_source,standard major championship variance,not_available_in_v3_source,not_available_in_v3_source,not_available_in_v3_source,48.68,48.68,not_available_in_v3_source,not_available_in_v3_source,not_available_in_v3_source,not_available_in_v3_source,not_available_in_v3_source,not_available_in_v3_source,HIGH,not_available_in_v3_source,not_available_in_v3_source,not_available_in_v3_source,not_available_in_v3_source,49.14,3,strong approach game (SG:APP +0.41) in the primary scoring zone.,0.32,not_available_in_v3_source,2.03,4.61,10.41,40.5,59.5,"NSI=49.0(w=0.40) + VFS=49.0(w=0.30) + VHN=50.2(w=0.15) + FORM=48.7(w=0.15) = VTS=49.1. VFS = base 48.5 + links_delta +0.4. Links trace: raw_sig=+0.105; delta_vfs=+0.42; windows=[6m:no_data | 12m:+0.037(ev=1,conf=0.40→adj=+0.015) | 24m:+0.414(ev=4,conf=1.00→adj=+0.414) | alltime:-0.199(ev=14,conf=1.00→adj=-0.199)]"
81,Brooks Koepka,0.53,43.87,FULL,not_available_in_v3_source,41.6,41.6,1.0,not_available_in_v3_source,1,2.552,64.57,LIGHT,48.17,v3_fixed_40_30_15_15,NSI=0.40;VFS=0.30;VHN=0.15;FORM=0.15,not_available_in_v3_source,BirkdaleHistoryThin,0,Anti-pattern flags: Poor Links Putter — below-field on fescue; links surfaces amplify weak putting.,0.0,not_available_in_v3_source,not_available_in_v3_source,putting volatility on links fescue,not_available_in_v3_source,not_available_in_v3_source,not_available_in_v3_source,56.36,56.36,not_available_in_v3_source,not_available_in_v3_source,not_available_in_v3_source,not_available_in_v3_source,not_available_in_v3_source,not_available_in_v3_source,HIGH,not_available_in_v3_source,not_available_in_v3_source,not_available_in_v3_source,not_available_in_v3_source,48.17,3,competent approach (SG:APP +0.23) — sufficient for Birkdale's mid-iron corridors; single Birkdale event on record (SG +2.552/rd) — limited but positive signal; positive links SG signal (+0.559/rd) supports links-surface fit.,0.3,not_available_in_v3_source,1.92,4.41,10.04,38.2,61.8,"NSI=43.9(w=0.40) + VFS=41.6(w=0.30) + VHN=64.6(w=0.15) + FORM=56.4(w=0.15) = VTS=48.2. VFS = base 39.4 + links_delta +2.2. Links trace: raw_sig=+0.559; delta_vfs=+2.24; windows=[6m:-0.161(ev=1,conf=0.40→adj=-0.064) | 12m:+1.058(ev=2,conf=0.75→adj=+0.794) | 24m:+1.229(ev=4,conf=1.00→adj=+1.229) | alltime:+0.583(ev=21,conf=1.00→adj=+0.583)]"
82,Ryan Fox,0.51,55.48,FULL,not_available_in_v3_source,33.55,33.55,1.0,not_available_in_v3_source,1,0.022,48.98,LIGHT,48.02,v3_fixed_40_30_15_15,NSI=0.40;VFS=0.30;VHN=0.15;FORM=0.15,not_available_in_v3_source,BirkdaleHistoryThin,0,Anti-pattern flags: Approach Liability — below-field in the primary 150–200yd scoring zone; Long-Iron Weakness — exposure in the dominant par-4 approach range at Birkdale.,0.0,not_available_in_v3_source,not_available_in_v3_source,approach liability in primary scoring zone,not_available_in_v3_source,not_available_in_v3_source,not_available_in_v3_source,56.12,56.12,not_available_in_v3_source,not_available_in_v3_source,not_available_in_v3_source,not_available_in_v3_source,not_available_in_v3_source,not_available_in_v3_source,HIGH,not_available_in_v3_source,not_available_in_v3_source,not_available_in_v3_source,not_available_in_v3_source,48.02,3,competent approach (SG:APP +0.22) — sufficient for Birkdale's mid-iron corridors; single Birkdale event on record (SG +0.022/rd) — limited but positive signal.,0.3,not_available_in_v3_source,1.9,4.37,9.99,37.8,62.2,"NSI=55.5(w=0.40) + VFS=33.5(w=0.30) + VHN=49.0(w=0.15) + FORM=56.1(w=0.15) = VTS=48.0. VFS = base 31.8 + links_delta +1.8. Links trace: raw_sig=+0.446; delta_vfs=+1.78; windows=[6m:+1.168(ev=1,conf=0.40→adj=+0.467) | 12m:+0.477(ev=2,conf=0.75→adj=+0.358) | 24m:+0.544(ev=5,conf=1.00→adj=+0.544) | alltime:+0.480(ev=27,conf=1.00→adj=+0.480)]"
83,Michael Brennan,0.07,52.9,DEBUT,not_available_in_v3_source,39.17,39.17,1.0,not_available_in_v3_source,0,,49.13,NONE,47.91,v3_fixed_40_30_15_15,NSI=0.40;VFS=0.30;VHN=0.15;FORM=0.15,not_available_in_v3_source,RoyalBirkdaleDebut,0,Anti-pattern flags: Long-Iron Weakness — exposure in the dominant par-4 approach range at Birkdale; Poor Links Putter — below-field on fescue; links surfaces amplify weak putting; Weak ARG/Links Rough — revetted bunkers and steep run-offs create up-and-down challenge.,0.0,not_available_in_v3_source,not_available_in_v3_source,putting volatility on links fescue; below-field structural skill profile,not_available_in_v3_source,not_available_in_v3_source,not_available_in_v3_source,50.84,50.84,not_available_in_v3_source,not_available_in_v3_source,not_available_in_v3_source,not_available_in_v3_source,not_available_in_v3_source,not_available_in_v3_source,HIGH,not_available_in_v3_source,not_available_in_v3_source,not_available_in_v3_source,not_available_in_v3_source,47.91,4,competent approach (SG:APP +0.13) — sufficient for Birkdale's mid-iron corridors.,0.3,not_available_in_v3_source,1.89,4.35,9.95,37.5,62.5,"NSI=52.9(w=0.40) + VFS=39.2(w=0.30) + VHN=49.1(w=0.15) + FORM=50.8(w=0.15) = VTS=47.9. VFS = base 38.9 + links_delta +0.3. Links trace: raw_sig=+0.067; delta_vfs=+0.27; windows=[6m:+0.168(ev=1,conf=0.40→adj=+0.067) | 12m:+0.168(ev=1,conf=0.40→adj=+0.067) | 24m:+0.168(ev=1,conf=0.40→adj=+0.067) | alltime:+0.168(ev=1,conf=0.40→adj=+0.067)]"
84,Eugenio Chacarra,1.3,43.23,DEBUT,not_available_in_v3_source,41.36,41.36,1.0,not_available_in_v3_source,0,,49.64,NONE,46.99,v3_fixed_40_30_15_15,NSI=0.40;VFS=0.30;VHN=0.15;FORM=0.15,not_available_in_v3_source,RoyalBirkdaleDebut,0,Anti-pattern flags: Approach Liability — below-field in the primary 150–200yd scoring zone.,0.0,not_available_in_v3_source,not_available_in_v3_source,approach liability in primary scoring zone; below-field structural skill profile,not_available_in_v3_source,not_available_in_v3_source,not_available_in_v3_source,65.6,65.6,not_available_in_v3_source,not_available_in_v3_source,not_available_in_v3_source,not_available_in_v3_source,not_available_in_v3_source,not_available_in_v3_source,HIGH,not_available_in_v3_source,not_available_in_v3_source,not_available_in_v3_source,not_available_in_v3_source,46.99,4,near-average approach (SG:APP -0.05) — below the Birkdale threshold.,0.28,not_available_in_v3_source,1.79,4.17,9.61,35.4,64.6,"NSI=43.2(w=0.40) + VFS=41.4(w=0.30) + VHN=49.6(w=0.15) + FORM=65.6(w=0.15) = VTS=47.0. VFS = base 42.8 + links_delta -1.4. Links trace: raw_sig=-0.361; delta_vfs=-1.44; windows=[6m:+0.168(ev=1,conf=0.40→adj=+0.067) | 12m:-0.502(ev=4,conf=1.00→adj=-0.502) | 24m:-0.695(ev=5,conf=1.00→adj=-0.695) | alltime:-0.695(ev=5,conf=1.00→adj=-0.695)]"
85,Francesco Molinari,0.26,31.61,FULL,not_available_in_v3_source,66.23,66.23,1.0,not_available_in_v3_source,1,-0.478,42.91,LIGHT,46.92,v3_fixed_40_30_15_15,NSI=0.40;VFS=0.30;VHN=0.15;FORM=0.15,not_available_in_v3_source,BirkdaleHistoryThin,0,Anti-pattern flags: Poor Links Putter — below-field on fescue; links surfaces amplify weak putting.,0.0,not_available_in_v3_source,not_available_in_v3_source,putting volatility on links fescue; below-field structural skill profile,not_available_in_v3_source,not_available_in_v3_source,not_available_in_v3_source,53.12,53.12,not_available_in_v3_source,not_available_in_v3_source,not_available_in_v3_source,not_available_in_v3_source,not_available_in_v3_source,not_available_in_v3_source,HIGH,not_available_in_v3_source,not_available_in_v3_source,not_available_in_v3_source,not_available_in_v3_source,46.92,4,competent approach (SG:APP +0.27) — sufficient for Birkdale's mid-iron corridors; single Birkdale event on record (SG -0.478/rd) — limited but positive signal; positive links SG signal (+0.723/rd) supports links-surface fit.,0.28,not_available_in_v3_source,1.79,4.15,9.59,35.3,64.7,"NSI=31.6(w=0.40) + VFS=66.2(w=0.30) + VHN=42.9(w=0.15) + FORM=53.1(w=0.15) = VTS=46.9. VFS = base 63.3 + links_delta +2.9. Links trace: raw_sig=+0.723; delta_vfs=+2.89; windows=[6m:+1.918(ev=1,conf=0.40→adj=+0.767) | 12m:+1.058(ev=2,conf=0.75→adj=+0.794) | 24m:+0.539(ev=4,conf=1.00→adj=+0.539) | alltime:+0.692(ev=27,conf=1.00→adj=+0.692)]"
86,Andrew Novak,-0.27,45.16,DEBUT,not_available_in_v3_source,47.79,47.79,1.0,not_available_in_v3_source,0,,49.91,NONE,46.9,v3_fixed_40_30_15_15,NSI=0.40;VFS=0.30;VHN=0.15;FORM=0.15,not_available_in_v3_source,RoyalBirkdaleDebut,0,Anti-pattern flags: Poor Links Putter — below-field on fescue; links surfaces amplify weak putting.,0.0,not_available_in_v3_source,not_available_in_v3_source,putting volatility on links fescue; below-field structural skill profile,not_available_in_v3_source,not_available_in_v3_source,not_available_in_v3_source,46.76,46.76,not_available_in_v3_source,not_available_in_v3_source,not_available_in_v3_source,not_available_in_v3_source,not_available_in_v3_source,not_available_in_v3_source,HIGH,not_available_in_v3_source,not_available_in_v3_source,not_available_in_v3_source,not_available_in_v3_source,46.9,4,competent approach (SG:APP +0.17) — sufficient for Birkdale's mid-iron corridors.,0.28,not_available_in_v3_source,1.78,4.15,9.58,35.2,64.8,"NSI=45.2(w=0.40) + VFS=47.8(w=0.30) + VHN=49.9(w=0.15) + FORM=46.8(w=0.15) = VTS=46.9. VFS = base 47.0 + links_delta +0.8. Links trace: raw_sig=+0.198; delta_vfs=+0.79; windows=[6m:-0.332(ev=1,conf=0.40→adj=-0.133) | 12m:+0.852(ev=2,conf=0.75→adj=+0.639) | 24m:+0.260(ev=3,conf=0.75→adj=+0.195) | alltime:-0.178(ev=4,conf=1.00→adj=-0.178)]"
87,Ryo Hisatsune,-0.07,46.45,DEBUT,not_available_in_v3_source,44.63,44.63,0.65,not_available_in_v3_source,0,,49.91,NONE,46.83,v3_fixed_40_30_15_15,NSI=0.40;VFS=0.30;VHN=0.15;FORM=0.15,not_available_in_v3_source,RoyalBirkdaleDebut,0,Anti-pattern flags: Poor Links Putter — below-field on fescue; links surfaces amplify weak putting.,0.0,not_available_in_v3_source,not_available_in_v3_source,putting volatility on links fescue; below-field structural skill profile,not_available_in_v3_source,not_available_in_v3_source,not_available_in_v3_source,49.16,49.16,not_available_in_v3_source,not_available_in_v3_source,not_available_in_v3_source,not_available_in_v3_source,not_available_in_v3_source,not_available_in_v3_source,HIGH,not_available_in_v3_source,not_available_in_v3_source,not_available_in_v3_source,not_available_in_v3_source,46.83,4,competent approach (SG:APP +0.30) — sufficient for Birkdale's mid-iron corridors.,0.27,not_available_in_v3_source,1.78,4.13,9.56,35.0,65.0,"NSI=46.5(w=0.40) + VFS=44.6(w=0.30) + VHN=49.9(w=0.15) + FORM=49.2(w=0.15) = VTS=46.8. VFS = base 51.5 + links_delta -6.8. Links trace: raw_sig=-1.705; delta_vfs=-6.82; windows=[6m:no_data | 12m:-3.662(ev=1,conf=0.40→adj=-1.465) | 24m:-2.053(ev=4,conf=1.00→adj=-2.053) | alltime:-1.850(ev=5,conf=1.00→adj=-1.850)]"
88,Hennie Du Plessis,-0.47,47.1,DEBUT,not_available_in_v3_source,45.16,45.16,1.0,not_available_in_v3_source,0,,49.64,NONE,46.49,v3_fixed_40_30_15_15,NSI=0.40;VFS=0.30;VHN=0.15;FORM=0.15,not_available_in_v3_source,RoyalBirkdaleDebut,0,Anti-pattern flags: Poor Links Putter — below-field on fescue; links surfaces amplify weak putting.,0.0,not_available_in_v3_source,not_available_in_v3_source,putting volatility on links fescue; below-field structural skill profile,not_available_in_v3_source,not_available_in_v3_source,not_available_in_v3_source,44.36,44.36,not_available_in_v3_source,not_available_in_v3_source,not_available_in_v3_source,not_available_in_v3_source,not_available_in_v3_source,not_available_in_v3_source,HIGH,not_available_in_v3_source,not_available_in_v3_source,not_available_in_v3_source,not_available_in_v3_source,46.49,4,competent approach (SG:APP +0.18) — sufficient for Birkdale's mid-iron corridors.,0.27,not_available_in_v3_source,1.74,4.07,9.44,34.3,65.7,"NSI=47.1(w=0.40) + VFS=45.2(w=0.30) + VHN=49.6(w=0.15) + FORM=44.4(w=0.15) = VTS=46.5. VFS = base 46.1 + links_delta -0.9. Links trace: raw_sig=-0.231; delta_vfs=-0.93; windows=[6m:-0.332(ev=1,conf=0.40→adj=-0.133) | 12m:-0.332(ev=1,conf=0.40→adj=-0.133) | 24m:-0.332(ev=1,conf=0.40→adj=-0.133) | alltime:-1.119(ev=6,conf=1.00→adj=-1.119)]"
89,Lucas Herbert,0.08,38.71,DEBUT,not_available_in_v3_source,50.95,50.95,0.1,not_available_in_v3_source,0,,49.76,NONE,45.88,v3_fixed_40_30_15_15,NSI=0.40;VFS=0.30;VHN=0.15;FORM=0.15,not_available_in_v3_source,RoyalBirkdaleDebut,0,Anti-pattern flags: Poor Links Putter — below-field on fescue; links surfaces amplify weak putting.,0.0,not_available_in_v3_source,not_available_in_v3_source,putting volatility on links fescue; below-field structural skill profile,not_available_in_v3_source,not_available_in_v3_source,not_available_in_v3_source,50.96,50.96,not_available_in_v3_source,not_available_in_v3_source,not_available_in_v3_source,not_available_in_v3_source,not_available_in_v3_source,not_available_in_v3_source,HIGH,not_available_in_v3_source,not_available_in_v3_source,not_available_in_v3_source,not_available_in_v3_source,45.88,4,competent approach (SG:APP +0.15) — sufficient for Birkdale's mid-iron corridors.,0.26,not_available_in_v3_source,1.68,3.95,9.23,32.9,67.1,"NSI=38.7(w=0.40) + VFS=51.0(w=0.30) + VHN=49.8(w=0.15) + FORM=51.0(w=0.15) = VTS=45.9. VFS = base 50.7 + links_delta +0.2. Links trace: raw_sig=+0.052; delta_vfs=+0.21; windows=[6m:no_data | 12m:no_data | 24m:no_data | alltime:+0.052(ev=9,conf=1.00→adj=+0.052)]"
90,Marco Penge,-1.03,56.77,DEBUT,not_available_in_v3_source,33.54,33.54,1.0,not_available_in_v3_source,0,,49.1,NONE,45.78,v3_fixed_40_30_15_15,NSI=0.40;VFS=0.30;VHN=0.15;FORM=0.15,not_available_in_v3_source,RoyalBirkdaleDebut,0,Anti-pattern flags: Approach Liability — below-field in the primary 150–200yd scoring zone; Long-Iron Weakness — exposure in the dominant par-4 approach range at Birkdale; Weak ARG/Links Rough — revetted bunkers and steep run-offs create up-and-down challenge.,0.0,not_available_in_v3_source,not_available_in_v3_source,approach liability in primary scoring zone; below-field structural skill profile,not_available_in_v3_source,not_available_in_v3_source,not_available_in_v3_source,37.64,37.64,not_available_in_v3_source,not_available_in_v3_source,not_available_in_v3_source,not_available_in_v3_source,not_available_in_v3_source,not_available_in_v3_source,HIGH,not_available_in_v3_source,not_available_in_v3_source,not_available_in_v3_source,not_available_in_v3_source,45.78,4,near-average approach (SG:APP +0.03) — below the Birkdale threshold; positive links SG signal (+0.674/rd) supports links-surface fit.,0.25,not_available_in_v3_source,1.67,3.93,9.19,32.7,67.3,"NSI=56.8(w=0.40) + VFS=33.5(w=0.30) + VHN=49.1(w=0.15) + FORM=37.6(w=0.15) = VTS=45.8. VFS = base 30.8 + links_delta +2.7. Links trace: raw_sig=+0.674; delta_vfs=+2.70; windows=[6m:+0.339(ev=1,conf=0.40→adj=+0.136) | 12m:+1.251(ev=5,conf=1.00→adj=+1.251) | 24m:+0.926(ev=7,conf=1.00→adj=+0.926) | alltime:+0.038(ev=11,conf=1.00→adj=+0.038)]"
91,Keita Nakajima,0.92,41.29,DEBUT,not_available_in_v3_source,41.07,41.07,1.0,not_available_in_v3_source,0,,49.94,NONE,45.48,v3_fixed_40_30_15_15,NSI=0.40;VFS=0.30;VHN=0.15;FORM=0.15,not_available_in_v3_source,RoyalBirkdaleDebut,0,Anti-pattern flags: Approach Liability — below-field in the primary 150–200yd scoring zone; Long-Iron Weakness — exposure in the dominant par-4 approach range at Birkdale; Weak ARG/Links Rough — revetted bunkers and steep run-offs create up-and-down challenge.,0.0,not_available_in_v3_source,not_available_in_v3_source,approach liability in primary scoring zone; below-field structural skill profile,not_available_in_v3_source,not_available_in_v3_source,not_available_in_v3_source,61.04,61.04,not_available_in_v3_source,not_available_in_v3_source,not_available_in_v3_source,not_available_in_v3_source,not_available_in_v3_source,not_available_in_v3_source,HIGH,not_available_in_v3_source,not_available_in_v3_source,not_available_in_v3_source,not_available_in_v3_source,45.48,4,competent approach (SG:APP +0.13) — sufficient for Birkdale's mid-iron corridors; positive links SG signal (+0.982/rd) supports links-surface fit.,0.25,not_available_in_v3_source,1.64,3.88,9.09,32.0,68.0,"NSI=41.3(w=0.40) + VFS=41.1(w=0.30) + VHN=49.9(w=0.15) + FORM=61.0(w=0.15) = VTS=45.5. VFS = base 37.1 + links_delta +3.9. Links trace: raw_sig=+0.982; delta_vfs=+3.93; windows=[6m:+3.168(ev=1,conf=0.40→adj=+1.267) | 12m:+1.649(ev=3,conf=0.75→adj=+1.237) | 24m:+0.559(ev=6,conf=1.00→adj=+0.559) | alltime:-0.061(ev=9,conf=1.00→adj=-0.061)]"
92,Scott Vincent,1.14,41.94,DEBUT,not_available_in_v3_source,38.57,38.57,0.1,not_available_in_v3_source,0,,50.06,NONE,45.41,v3_fixed_40_30_15_15,NSI=0.40;VFS=0.30;VHN=0.15;FORM=0.15,not_available_in_v3_source,RoyalBirkdaleDebut,0,Anti-pattern flags: Approach Liability — below-field in the primary 150–200yd scoring zone.,0.0,not_available_in_v3_source,not_available_in_v3_source,approach liability in primary scoring zone; below-field structural skill profile,not_available_in_v3_source,not_available_in_v3_source,not_available_in_v3_source,63.68,63.68,not_available_in_v3_source,not_available_in_v3_source,not_available_in_v3_source,not_available_in_v3_source,not_available_in_v3_source,not_available_in_v3_source,HIGH,not_available_in_v3_source,not_available_in_v3_source,not_available_in_v3_source,not_available_in_v3_source,45.41,4,below-average approach (SG:APP -0.17) — significant exposure in the primary scoring zone.,0.25,not_available_in_v3_source,1.64,3.86,9.07,31.9,68.1,"NSI=41.9(w=0.40) + VFS=38.6(w=0.30) + VHN=50.1(w=0.15) + FORM=63.7(w=0.15) = VTS=45.4. VFS = base 39.4 + links_delta -0.8. Links trace: raw_sig=-0.195; delta_vfs=-0.78; windows=[6m:no_data | 12m:no_data | 24m:no_data | alltime:-0.487(ev=1,conf=0.40→adj=-0.195)]"
93,Haotong Li,-0.92,38.06,FULL,not_available_in_v3_source,45.79,45.79,1.0,not_available_in_v3_source,1,3.052,68.04,LIGHT,45.01,v3_fixed_40_30_15_15,NSI=0.40;VFS=0.30;VHN=0.15;FORM=0.15,not_available_in_v3_source,BirkdaleHistoryThin,0,Anti-pattern flags: Weak ARG/Links Rough — revetted bunkers and steep run-offs create up-and-down challenge.,0.0,not_available_in_v3_source,not_available_in_v3_source,below-field structural skill profile,not_available_in_v3_source,not_available_in_v3_source,not_available_in_v3_source,38.96,38.96,not_available_in_v3_source,not_available_in_v3_source,not_available_in_v3_source,not_available_in_v3_source,not_available_in_v3_source,not_available_in_v3_source,HIGH,not_available_in_v3_source,not_available_in_v3_source,not_available_in_v3_source,not_available_in_v3_source,45.01,4,competent approach (SG:APP +0.22) — sufficient for Birkdale's mid-iron corridors; single Birkdale event on record (SG +3.052/rd) — limited but positive signal.,0.24,not_available_in_v3_source,1.6,3.79,8.93,31.0,69.0,"NSI=38.1(w=0.40) + VFS=45.8(w=0.30) + VHN=68.0(w=0.15) + FORM=39.0(w=0.15) = VTS=45.0. VFS = base 48.3 + links_delta -2.5. Links trace: raw_sig=-0.617; delta_vfs=-2.47; windows=[6m:-1.661(ev=1,conf=0.40→adj=-0.664) | 12m:-0.912(ev=4,conf=1.00→adj=-0.912) | 24m:-0.123(ev=7,conf=1.00→adj=-0.123) | alltime:-0.408(ev=24,conf=1.00→adj=-0.408)]"
94,Henrik Stenson,0,18.71,FULL,not_available_in_v3_source,70.33,70.33,0.3,not_available_in_v3_source,2,2.46,71.31,MODERATE,44.49,v3_fixed_40_30_15_15,NSI=0.40;VFS=0.30;VHN=0.15;FORM=0.15,not_available_in_v3_source,BirkdaleHistoryThin,0,Anti-pattern flags: Poor Links Putter — below-field on fescue; links surfaces amplify weak putting; Weak ARG/Links Rough — revetted bunkers and steep run-offs create up-and-down challenge.,0.0,not_available_in_v3_source,not_available_in_v3_source,putting volatility on links fescue; below-field structural skill profile,not_available_in_v3_source,not_available_in_v3_source,not_available_in_v3_source,34.76,34.76,not_available_in_v3_source,not_available_in_v3_source,not_available_in_v3_source,not_available_in_v3_source,not_available_in_v3_source,not_available_in_v3_source,HIGH,not_available_in_v3_source,not_available_in_v3_source,not_available_in_v3_source,not_available_in_v3_source,44.49,4,"competent approach (SG:APP +0.37) — sufficient for Birkdale's mid-iron corridors; proven Birkdale performer (2 events, SG +2.460/rd at course).",0.23,not_available_in_v3_source,1.55,3.7,8.76,29.9,70.1,"NSI=18.7(w=0.40) + VFS=70.3(w=0.30) + VHN=71.3(w=0.15) + FORM=34.8(w=0.15) = VTS=44.5. VFS = base 69.0 + links_delta +1.4. Links trace: raw_sig=+0.341; delta_vfs=+1.36; windows=[6m:no_data | 12m:no_data | 24m:-0.589(ev=1,conf=0.40→adj=-0.236) | alltime:+1.494(ev=24,conf=1.00→adj=+1.494)]"
95,Ren Yonezawa,0.16,22.58,DEBUT,not_available_in_v3_source,65.21,65.21,0.0,not_available_in_v3_source,0,,50.42,NONE,43.95,v3_fixed_40_30_15_15,NSI=0.40;VFS=0.30;VHN=0.15;FORM=0.15,not_available_in_v3_source,RoyalBirkdaleDebut,0,Anti-pattern flags: Poor Links Putter — below-field on fescue; links surfaces amplify weak putting.,0.0,not_available_in_v3_source,not_available_in_v3_source,putting volatility on links fescue; below-field structural skill profile,not_available_in_v3_source,not_available_in_v3_source,not_available_in_v3_source,51.92,51.92,not_available_in_v3_source,not_available_in_v3_source,not_available_in_v3_source,not_available_in_v3_source,not_available_in_v3_source,not_available_in_v3_source,HIGH,not_available_in_v3_source,not_available_in_v3_source,not_available_in_v3_source,not_available_in_v3_source,43.95,4,elite approach (SG:APP +0.81) — directly meets Birkdale's 175–225yd demand.,0.22,not_available_in_v3_source,1.51,3.6,8.59,28.8,71.2,NSI=22.6(w=0.40) + VFS=65.2(w=0.30) + VHN=50.4(w=0.15) + FORM=51.9(w=0.15) = VTS=44.0. VFS = base 65.2 + links_delta +0.0. Links trace: No links data — zero signal applied.
96,Stewart Cink,0.24,36.13,FULL,not_available_in_v3_source,51.45,51.45,0.3,not_available_in_v3_source,2,-1.218,33.59,MODERATE,42.86,v3_fixed_40_30_15_15,NSI=0.40;VFS=0.30;VHN=0.15;FORM=0.15,not_available_in_v3_source,BirkdaleHistoryThin,0,Anti-pattern flags: Approach Liability — below-field in the primary 150–200yd scoring zone.,0.0,not_available_in_v3_source,not_available_in_v3_source,approach liability in primary scoring zone; below-field structural skill profile,not_available_in_v3_source,not_available_in_v3_source,not_available_in_v3_source,52.88,52.88,not_available_in_v3_source,not_available_in_v3_source,not_available_in_v3_source,not_available_in_v3_source,not_available_in_v3_source,not_available_in_v3_source,HIGH,not_available_in_v3_source,not_available_in_v3_source,not_available_in_v3_source,not_available_in_v3_source,42.86,4,"below-average approach (SG:APP -1.51) — significant exposure in the primary scoring zone; proven Birkdale performer (2 events, SG -1.218/rd at course).",0.21,not_available_in_v3_source,1.42,3.42,8.25,26.6,73.4,"NSI=36.1(w=0.40) + VFS=51.5(w=0.30) + VHN=33.6(w=0.15) + FORM=52.9(w=0.15) = VTS=42.9. VFS = base 52.3 + links_delta -0.9. Links trace: raw_sig=-0.218; delta_vfs=-0.87; windows=[6m:no_data | 12m:no_data | 24m:-0.814(ev=2,conf=0.75→adj=-0.610) | alltime:+0.566(ev=20,conf=1.00→adj=+0.566)]"
97,Casey Jarvis,-0.13,39.35,DEBUT,not_available_in_v3_source,39.89,39.89,1.0,not_available_in_v3_source,0,,50.15,NONE,42.5,v3_fixed_40_30_15_15,NSI=0.40;VFS=0.30;VHN=0.15;FORM=0.15,not_available_in_v3_source,RoyalBirkdaleDebut,0,Anti-pattern flags: Long-Iron Weakness — exposure in the dominant par-4 approach range at Birkdale; Weak ARG/Links Rough — revetted bunkers and steep run-offs create up-and-down challenge.,0.0,not_available_in_v3_source,not_available_in_v3_source,below-field structural skill profile,not_available_in_v3_source,not_available_in_v3_source,not_available_in_v3_source,48.44,48.44,not_available_in_v3_source,not_available_in_v3_source,not_available_in_v3_source,not_available_in_v3_source,not_available_in_v3_source,not_available_in_v3_source,HIGH,not_available_in_v3_source,not_available_in_v3_source,not_available_in_v3_source,not_available_in_v3_source,42.5,4,competent approach (SG:APP +0.08) — sufficient for Birkdale's mid-iron corridors.,0.2,not_available_in_v3_source,1.39,3.36,8.14,25.9,74.1,"NSI=39.4(w=0.40) + VFS=39.9(w=0.30) + VHN=50.1(w=0.15) + FORM=48.4(w=0.15) = VTS=42.5. VFS = base 39.7 + links_delta +0.2. Links trace: raw_sig=+0.044; delta_vfs=+0.18; windows=[6m:+1.668(ev=1,conf=0.40→adj=+0.667) | 12m:-0.212(ev=3,conf=0.75→adj=-0.159) | 24m:-0.438(ev=6,conf=1.00→adj=-0.438) | alltime:-0.461(ev=11,conf=1.00→adj=-0.461)]"
98,Dan Brown,-0.59,37.42,DEBUT,not_available_in_v3_source,41.66,41.66,1.0,not_available_in_v3_source,0,,50.3,NONE,41.45,v3_fixed_40_30_15_15,NSI=0.40;VFS=0.30;VHN=0.15;FORM=0.15,not_available_in_v3_source,RoyalBirkdaleDebut,0,Anti-pattern flags: Long-Iron Weakness — exposure in the dominant par-4 approach range at Birkdale; Poor Links Putter — below-field on fescue; links surfaces amplify weak putting; Weak ARG/Links Rough — revetted bunkers and steep run-offs create up-and-down challenge.,0.0,not_available_in_v3_source,not_available_in_v3_source,putting volatility on links fescue; below-field structural skill profile,not_available_in_v3_source,not_available_in_v3_source,not_available_in_v3_source,42.92,42.92,not_available_in_v3_source,not_available_in_v3_source,not_available_in_v3_source,not_available_in_v3_source,not_available_in_v3_source,not_available_in_v3_source,HIGH,not_available_in_v3_source,not_available_in_v3_source,not_available_in_v3_source,not_available_in_v3_source,41.45,4,strong approach game (SG:APP +0.47) in the primary scoring zone.,0.19,not_available_in_v3_source,1.31,3.2,7.83,24.0,76.0,"NSI=37.4(w=0.40) + VFS=41.7(w=0.30) + VHN=50.3(w=0.15) + FORM=42.9(w=0.15) = VTS=41.5. VFS = base 41.0 + links_delta +0.7. Links trace: raw_sig=+0.167; delta_vfs=+0.67; windows=[6m:-0.161(ev=1,conf=0.40→adj=-0.064) | 12m:+0.265(ev=5,conf=1.00→adj=+0.265) | 24m:+0.323(ev=10,conf=1.00→adj=+0.323) | alltime:+0.323(ev=15,conf=1.00→adj=+0.323)]"
99,Dan Bradbury,-0.63,30.97,DEBUT,not_available_in_v3_source,50.33,50.33,1.0,not_available_in_v3_source,0,,50.09,NONE,41.37,v3_fixed_40_30_15_15,NSI=0.40;VFS=0.30;VHN=0.15;FORM=0.15,not_available_in_v3_source,RoyalBirkdaleDebut,0,Anti-pattern flags: Poor Links Putter — below-field on fescue; links surfaces amplify weak putting; Weak ARG/Links Rough — revetted bunkers and steep run-offs create up-and-down challenge.,0.0,not_available_in_v3_source,not_available_in_v3_source,putting volatility on links fescue; below-field structural skill profile,not_available_in_v3_source,not_available_in_v3_source,not_available_in_v3_source,42.44,42.44,not_available_in_v3_source,not_available_in_v3_source,not_available_in_v3_source,not_available_in_v3_source,not_available_in_v3_source,not_available_in_v3_source,HIGH,not_available_in_v3_source,not_available_in_v3_source,not_available_in_v3_source,not_available_in_v3_source,41.37,4,strong approach game (SG:APP +0.65) in the primary scoring zone.,0.19,not_available_in_v3_source,1.3,3.19,7.81,23.8,76.2,"NSI=31.0(w=0.40) + VFS=50.3(w=0.30) + VHN=50.1(w=0.15) + FORM=42.4(w=0.15) = VTS=41.4. VFS = base 54.4 + links_delta -4.0. Links trace: raw_sig=-1.009; delta_vfs=-4.03; windows=[6m:+0.339(ev=1,conf=0.40→adj=+0.136) | 12m:-1.361(ev=4,conf=1.00→adj=-1.361) | 24m:-1.917(ev=9,conf=1.00→adj=-1.917) | alltime:-1.963(ev=15,conf=1.00→adj=-1.963)]"
100,Sungjae Im,-0.46,40.0,DEBUT,not_available_in_v3_source,36.28,36.28,1.0,not_available_in_v3_source,0,,50.03,NONE,41.06,v3_fixed_40_30_15_15,NSI=0.40;VFS=0.30;VHN=0.15;FORM=0.15,not_available_in_v3_source,RoyalBirkdaleDebut,0,Anti-pattern flags: Approach Liability — below-field in the primary 150–200yd scoring zone; Long-Iron Weakness — exposure in the dominant par-4 approach range at Birkdale.,0.0,not_available_in_v3_source,not_available_in_v3_source,approach liability in primary scoring zone; below-field structural skill profile,not_available_in_v3_source,not_available_in_v3_source,not_available_in_v3_source,44.48,44.48,not_available_in_v3_source,not_available_in_v3_source,not_available_in_v3_source,not_available_in_v3_source,not_available_in_v3_source,not_available_in_v3_source,HIGH,not_available_in_v3_source,not_available_in_v3_source,not_available_in_v3_source,not_available_in_v3_source,41.06,4,below-average approach (SG:APP -0.57) — significant exposure in the primary scoring zone.,0.18,not_available_in_v3_source,1.28,3.14,7.72,23.3,76.7,"NSI=40.0(w=0.40) + VFS=36.3(w=0.30) + VHN=50.0(w=0.15) + FORM=44.5(w=0.15) = VTS=41.1. VFS = base 38.0 + links_delta -1.7. Links trace: raw_sig=-0.424; delta_vfs=-1.70; windows=[6m:-2.661(ev=1,conf=0.40→adj=-1.064) | 12m:-1.411(ev=2,conf=0.75→adj=-1.058) | 24m:+1.317(ev=4,conf=1.00→adj=+1.317) | alltime:+0.556(ev=8,conf=1.00→adj=+0.556)]"
101,Max Greyserman,0.05,42.58,DEBUT,not_available_in_v3_source,29.81,29.81,1.0,not_available_in_v3_source,0,,49.58,NONE,41.0,v3_fixed_40_30_15_15,NSI=0.40;VFS=0.30;VHN=0.15;FORM=0.15,not_available_in_v3_source,RoyalBirkdaleDebut,0,Anti-pattern flags: Approach Liability — below-field in the primary 150–200yd scoring zone; Long-Iron Weakness — exposure in the dominant par-4 approach range at Birkdale.,0.0,not_available_in_v3_source,not_available_in_v3_source,approach liability in primary scoring zone; below-field structural skill profile,not_available_in_v3_source,not_available_in_v3_source,not_available_in_v3_source,50.6,50.6,not_available_in_v3_source,not_available_in_v3_source,not_available_in_v3_source,not_available_in_v3_source,not_available_in_v3_source,not_available_in_v3_source,HIGH,not_available_in_v3_source,not_available_in_v3_source,not_available_in_v3_source,not_available_in_v3_source,41.0,4,near-average approach (SG:APP -0.11) — below the Birkdale threshold.,0.18,not_available_in_v3_source,1.27,3.13,7.7,23.1,76.9,"NSI=42.6(w=0.40) + VFS=29.8(w=0.30) + VHN=49.6(w=0.15) + FORM=50.6(w=0.15) = VTS=41.0. VFS = base 27.8 + links_delta +2.0. Links trace: raw_sig=+0.492; delta_vfs=+1.97; windows=[6m:+0.918(ev=1,conf=0.40→adj=+0.367) | 12m:+0.558(ev=2,conf=0.75→adj=+0.419) | 24m:+0.964(ev=3,conf=0.75→adj=+0.723) | alltime:+0.964(ev=3,conf=0.75→adj=+0.723)]"
102,Andy Sullivan,-0.03,32.26,FULL,not_available_in_v3_source,45.53,45.53,1.0,not_available_in_v3_source,1,-0.198,46.38,LIGHT,40.97,v3_fixed_40_30_15_15,NSI=0.40;VFS=0.30;VHN=0.15;FORM=0.15,not_available_in_v3_source,BirkdaleHistoryThin,0,Anti-pattern flags: Approach Liability — below-field in the primary 150–200yd scoring zone.,0.0,not_available_in_v3_source,not_available_in_v3_source,approach liability in primary scoring zone; below-field structural skill profile,not_available_in_v3_source,not_available_in_v3_source,not_available_in_v3_source,49.64,49.64,not_available_in_v3_source,not_available_in_v3_source,not_available_in_v3_source,not_available_in_v3_source,not_available_in_v3_source,not_available_in_v3_source,HIGH,not_available_in_v3_source,not_available_in_v3_source,not_available_in_v3_source,not_available_in_v3_source,40.97,4,near-average approach (SG:APP -0.11) — below the Birkdale threshold; single Birkdale event on record (SG -0.198/rd) — limited but positive signal; positive links SG signal (+0.928/rd) supports links-surface fit.,0.18,not_available_in_v3_source,1.27,3.13,7.69,23.1,76.9,"NSI=32.3(w=0.40) + VFS=45.5(w=0.30) + VHN=46.4(w=0.15) + FORM=49.6(w=0.15) = VTS=41.0. VFS = base 41.8 + links_delta +3.7. Links trace: raw_sig=+0.928; delta_vfs=+3.71; windows=[6m:+1.168(ev=1,conf=0.40→adj=+0.467) | 12m:+1.528(ev=4,conf=1.00→adj=+1.528) | 24m:+0.954(ev=6,conf=1.00→adj=+0.954) | alltime:+0.392(ev=40,conf=1.00→adj=+0.392)]"
103,Jose Luis Ballester,-1.0,45.81,DEBUT,not_available_in_v3_source,31.16,31.16,0.1,not_available_in_v3_source,0,,49.31,NONE,40.77,v3_fixed_40_30_15_15,NSI=0.40;VFS=0.30;VHN=0.15;FORM=0.15,not_available_in_v3_source,RoyalBirkdaleDebut,0,Anti-pattern flags: Approach Liability — below-field in the primary 150–200yd scoring zone; Long-Iron Weakness — exposure in the dominant par-4 approach range at Birkdale; Weak ARG/Links Rough — revetted bunkers and steep run-offs create up-and-down challenge.,0.0,not_available_in_v3_source,not_available_in_v3_source,approach liability in primary scoring zone; below-field structural skill profile,not_available_in_v3_source,not_available_in_v3_source,not_available_in_v3_source,38.0,38.0,not_available_in_v3_source,not_available_in_v3_source,not_available_in_v3_source,not_available_in_v3_source,not_available_in_v3_source,not_available_in_v3_source,HIGH,not_available_in_v3_source,not_available_in_v3_source,not_available_in_v3_source,not_available_in_v3_source,40.77,4,below-average approach (SG:APP -0.33) — significant exposure in the primary scoring zone.,0.18,not_available_in_v3_source,1.26,3.1,7.64,22.7,77.3,"NSI=45.8(w=0.40) + VFS=31.2(w=0.30) + VHN=49.3(w=0.15) + FORM=38.0(w=0.15) = VTS=40.8. VFS = base 31.4 + links_delta -0.2. Links trace: raw_sig=-0.062; delta_vfs=-0.25; windows=[6m:no_data | 12m:no_data | 24m:no_data | alltime:-0.154(ev=1,conf=0.40→adj=-0.062)]"
104,Antoine Rozner,0.04,34.19,DEBUT,not_available_in_v3_source,38.59,38.59,1.0,not_available_in_v3_source,0,,49.94,NONE,40.32,v3_fixed_40_30_15_15,NSI=0.40;VFS=0.30;VHN=0.15;FORM=0.15,not_available_in_v3_source,RoyalBirkdaleDebut,0,Anti-pattern flags: Poor Links Putter — below-field on fescue; links surfaces amplify weak putting; Weak ARG/Links Rough — revetted bunkers and steep run-offs create up-and-down challenge.,0.0,not_available_in_v3_source,not_available_in_v3_source,putting volatility on links fescue; below-field structural skill profile,not_available_in_v3_source,not_available_in_v3_source,not_available_in_v3_source,50.48,50.48,not_available_in_v3_source,not_available_in_v3_source,not_available_in_v3_source,not_available_in_v3_source,not_available_in_v3_source,not_available_in_v3_source,HIGH,not_available_in_v3_source,not_available_in_v3_source,not_available_in_v3_source,not_available_in_v3_source,40.32,4,competent approach (SG:APP +0.33) — sufficient for Birkdale's mid-iron corridors.,0.17,not_available_in_v3_source,1.22,3.03,7.51,22.0,78.0,"NSI=34.2(w=0.40) + VFS=38.6(w=0.30) + VHN=49.9(w=0.15) + FORM=50.5(w=0.15) = VTS=40.3. VFS = base 36.8 + links_delta +1.8. Links trace: raw_sig=+0.455; delta_vfs=+1.82; windows=[6m:+0.339(ev=1,conf=0.40→adj=+0.136) | 12m:+1.138(ev=2,conf=0.75→adj=+0.853) | 24m:+0.511(ev=6,conf=1.00→adj=+0.511) | alltime:+0.071(ev=18,conf=1.00→adj=+0.071)]"
105,Jackson Suber,1.27,36.77,DEBUT,not_available_in_v3_source,27.11,27.11,0.0,not_available_in_v3_source,0,,49.88,NONE,40.11,v3_fixed_40_30_15_15,NSI=0.40;VFS=0.30;VHN=0.15;FORM=0.15,not_available_in_v3_source,RoyalBirkdaleDebut,0,Anti-pattern flags: Approach Liability — below-field in the primary 150–200yd scoring zone; Long-Iron Weakness — exposure in the dominant par-4 approach range at Birkdale.,0.0,not_available_in_v3_source,not_available_in_v3_source,approach liability in primary scoring zone; below-field structural skill profile,not_available_in_v3_source,not_available_in_v3_source,not_available_in_v3_source,65.24,65.24,not_available_in_v3_source,not_available_in_v3_source,not_available_in_v3_source,not_available_in_v3_source,not_available_in_v3_source,not_available_in_v3_source,HIGH,not_available_in_v3_source,not_available_in_v3_source,not_available_in_v3_source,not_available_in_v3_source,40.11,4,competent approach (SG:APP +0.05) — sufficient for Birkdale's mid-iron corridors.,0.17,not_available_in_v3_source,1.21,3.0,7.45,21.6,78.4,NSI=36.8(w=0.40) + VFS=27.1(w=0.30) + VHN=49.9(w=0.15) + FORM=65.2(w=0.15) = VTS=40.1. VFS = base 27.1 + links_delta +0.0. Links trace: No links data — zero signal applied.
106,Billy Horschel,-0.17,34.84,FULL,not_available_in_v3_source,45.33,45.33,1.0,not_available_in_v3_source,1,-2.978,35.12,LIGHT,40.0,v3_fixed_40_30_15_15,NSI=0.40;VFS=0.30;VHN=0.15;FORM=0.15,not_available_in_v3_source,BirkdaleHistoryThin,0,Anti-pattern flags: Weak ARG/Links Rough — revetted bunkers and steep run-offs create up-and-down challenge.,0.0,not_available_in_v3_source,not_available_in_v3_source,below-field structural skill profile,not_available_in_v3_source,not_available_in_v3_source,not_available_in_v3_source,47.96,47.96,not_available_in_v3_source,not_available_in_v3_source,not_available_in_v3_source,not_available_in_v3_source,not_available_in_v3_source,not_available_in_v3_source,HIGH,not_available_in_v3_source,not_available_in_v3_source,not_available_in_v3_source,not_available_in_v3_source,40.0,4,competent approach (SG:APP +0.23) — sufficient for Birkdale's mid-iron corridors; single Birkdale event on record (SG -2.978/rd) — limited but positive signal.,0.17,not_available_in_v3_source,1.2,2.99,7.42,21.4,78.6,"NSI=34.8(w=0.40) + VFS=45.3(w=0.30) + VHN=35.1(w=0.15) + FORM=48.0(w=0.15) = VTS=40.0. VFS = base 44.6 + links_delta +0.8. Links trace: raw_sig=+0.189; delta_vfs=+0.75; windows=[6m:-0.661(ev=1,conf=0.40→adj=-0.264) | 12m:-0.661(ev=1,conf=0.40→adj=-0.264) | 24m:+1.630(ev=4,conf=1.00→adj=+1.630) | alltime:+0.477(ev=17,conf=1.00→adj=+0.477)]"
107,Aldrich Potgieter,0.99,35.48,DEBUT,not_available_in_v3_source,30.45,30.45,1.0,not_available_in_v3_source,0,,48.92,NONE,39.95,v3_fixed_40_30_15_15,NSI=0.40;VFS=0.30;VHN=0.15;FORM=0.15,not_available_in_v3_source,RoyalBirkdaleDebut,0,Anti-pattern flags: Approach Liability — below-field in the primary 150–200yd scoring zone; Long-Iron Weakness — exposure in the dominant par-4 approach range at Birkdale; Poor Links Putter — below-field on fescue; links surfaces amplify weak putting; Weak ARG/Links Rough — revetted bunkers and steep run-offs create up-and-down challenge.,0.0,not_available_in_v3_source,not_available_in_v3_source,approach liability in primary scoring zone; putting volatility on links fescue; below-field structural skill profile,not_available_in_v3_source,not_available_in_v3_source,not_available_in_v3_source,61.88,61.88,not_available_in_v3_source,not_available_in_v3_source,not_available_in_v3_source,not_available_in_v3_source,not_available_in_v3_source,not_available_in_v3_source,HIGH,not_available_in_v3_source,not_available_in_v3_source,not_available_in_v3_source,not_available_in_v3_source,39.95,4,near-average approach (SG:APP -0.04) — below the Birkdale threshold.,0.17,not_available_in_v3_source,1.2,2.98,7.41,21.3,78.7,"NSI=35.5(w=0.40) + VFS=30.4(w=0.30) + VHN=48.9(w=0.15) + FORM=61.9(w=0.15) = VTS=40.0. VFS = base 33.0 + links_delta -2.5. Links trace: raw_sig=-0.631; delta_vfs=-2.53; windows=[6m:-0.161(ev=1,conf=0.40→adj=-0.064) | 12m:-1.015(ev=3,conf=0.75→adj=-0.761) | 24m:-1.015(ev=3,conf=0.75→adj=-0.761) | alltime:-1.901(ev=5,conf=1.00→adj=-1.901)]"
108,Francesco Laporta,-0.62,28.39,DEBUT,not_available_in_v3_source,47.72,47.72,0.65,not_available_in_v3_source,0,,50.18,NONE,39.58,v3_fixed_40_30_15_15,NSI=0.40;VFS=0.30;VHN=0.15;FORM=0.15,not_available_in_v3_source,RoyalBirkdaleDebut,0,Anti-pattern flags: Approach Liability — below-field in the primary 150–200yd scoring zone; Poor Links Putter — below-field on fescue; links surfaces amplify weak putting.,0.0,not_available_in_v3_source,not_available_in_v3_source,approach liability in primary scoring zone; putting volatility on links fescue; below-field structural skill profile,not_available_in_v3_source,not_available_in_v3_source,not_available_in_v3_source,42.56,42.56,not_available_in_v3_source,not_available_in_v3_source,not_available_in_v3_source,not_available_in_v3_source,not_available_in_v3_source,not_available_in_v3_source,HIGH,not_available_in_v3_source,not_available_in_v3_source,not_available_in_v3_source,not_available_in_v3_source,39.58,4,below-average approach (SG:APP -0.22) — significant exposure in the primary scoring zone.,0.16,not_available_in_v3_source,1.17,2.93,7.31,20.7,79.3,"NSI=28.4(w=0.40) + VFS=47.7(w=0.30) + VHN=50.2(w=0.15) + FORM=42.6(w=0.15) = VTS=39.6. VFS = base 48.7 + links_delta -1.0. Links trace: raw_sig=-0.242; delta_vfs=-0.97; windows=[6m:no_data | 12m:-0.286(ev=4,conf=1.00→adj=-0.286) | 24m:-0.063(ev=7,conf=1.00→adj=-0.063) | alltime:-0.444(ev=13,conf=1.00→adj=-0.444)]"
109,Laurie Canter,0.27,27.74,FULL,not_available_in_v3_source,39.55,39.55,1.0,not_available_in_v3_source,1,1.052,55.04,LIGHT,39.2,v3_fixed_40_30_15_15,NSI=0.40;VFS=0.30;VHN=0.15;FORM=0.15,not_available_in_v3_source,BirkdaleHistoryThin,0,Anti-pattern flags: Approach Liability — below-field in the primary 150–200yd scoring zone; Long-Iron Weakness — exposure in the dominant par-4 approach range at Birkdale; Poor Links Putter — below-field on fescue; links surfaces amplify weak putting; Weak ARG/Links Rough — revetted bunkers and steep run-offs create up-and-down challenge.,0.0,not_available_in_v3_source,not_available_in_v3_source,approach liability in primary scoring zone; putting volatility on links fescue; below-field structural skill profile,not_available_in_v3_source,not_available_in_v3_source,not_available_in_v3_source,53.24,53.24,not_available_in_v3_source,not_available_in_v3_source,not_available_in_v3_source,not_available_in_v3_source,not_available_in_v3_source,not_available_in_v3_source,HIGH,not_available_in_v3_source,not_available_in_v3_source,not_available_in_v3_source,not_available_in_v3_source,39.2,4,near-average approach (SG:APP -0.04) — below the Birkdale threshold; single Birkdale event on record (SG +1.052/rd) — limited but positive signal.,0.16,not_available_in_v3_source,1.15,2.87,7.2,20.1,79.9,"NSI=27.7(w=0.40) + VFS=39.5(w=0.30) + VHN=55.0(w=0.15) + FORM=53.2(w=0.15) = VTS=39.2. VFS = base 38.9 + links_delta +0.6. Links trace: raw_sig=+0.161; delta_vfs=+0.64; windows=[6m:+0.418(ev=1,conf=0.40→adj=+0.167) | 12m:+0.082(ev=4,conf=1.00→adj=+0.082) | 24m:+0.404(ev=8,conf=1.00→adj=+0.404) | alltime:-0.075(ev=22,conf=1.00→adj=-0.075)]"
110,Jesper Svensson,0.63,33.55,DEBUT,not_available_in_v3_source,29.56,29.56,1.0,not_available_in_v3_source,0,,49.34,NONE,38.32,v3_fixed_40_30_15_15,NSI=0.40;VFS=0.30;VHN=0.15;FORM=0.15,not_available_in_v3_source,RoyalBirkdaleDebut,0,Anti-pattern flags: Approach Liability — below-field in the primary 150–200yd scoring zone; Long-Iron Weakness — exposure in the dominant par-4 approach range at Birkdale; Poor Links Putter — below-field on fescue; links surfaces amplify weak putting; Weak ARG/Links Rough — revetted bunkers and steep run-offs create up-and-down challenge.,0.0,not_available_in_v3_source,not_available_in_v3_source,approach liability in primary scoring zone; putting volatility on links fescue; below-field structural skill profile,not_available_in_v3_source,not_available_in_v3_source,not_available_in_v3_source,57.56,57.56,not_available_in_v3_source,not_available_in_v3_source,not_available_in_v3_source,not_available_in_v3_source,not_available_in_v3_source,not_available_in_v3_source,HIGH,not_available_in_v3_source,not_available_in_v3_source,not_available_in_v3_source,not_available_in_v3_source,38.32,4,near-average approach (SG:APP -0.14) — below the Birkdale threshold.,0.15,not_available_in_v3_source,1.09,2.76,6.97,18.7,81.3,"NSI=33.5(w=0.40) + VFS=29.6(w=0.30) + VHN=49.3(w=0.15) + FORM=57.6(w=0.15) = VTS=38.3. VFS = base 28.8 + links_delta +0.8. Links trace: raw_sig=+0.200; delta_vfs=+0.80; windows=[6m:+0.168(ev=1,conf=0.40→adj=+0.067) | 12m:+0.602(ev=2,conf=0.75→adj=+0.452) | 24m:+0.243(ev=6,conf=1.00→adj=+0.243) | alltime:-0.305(ev=7,conf=1.00→adj=-0.305)]"
111,Alistair Docherty,0.32,23.87,DEBUT,not_available_in_v3_source,43.32,43.32,0.0,not_available_in_v3_source,0,,49.64,NONE,38.07,v3_fixed_40_30_15_15,NSI=0.40;VFS=0.30;VHN=0.15;FORM=0.15,not_available_in_v3_source,RoyalBirkdaleDebut,0,No anti-pattern flags. Clean structural profile — no recurring weak-link traits identified for Royal Birkdale.,0.0,not_available_in_v3_source,not_available_in_v3_source,below-field structural skill profile,not_available_in_v3_source,not_available_in_v3_source,not_available_in_v3_source,53.84,53.84,not_available_in_v3_source,not_available_in_v3_source,not_available_in_v3_source,not_available_in_v3_source,not_available_in_v3_source,not_available_in_v3_source,HIGH,not_available_in_v3_source,not_available_in_v3_source,not_available_in_v3_source,not_available_in_v3_source,38.07,4,near-average approach (SG:APP +0.00) — below the Birkdale threshold.,0.15,not_available_in_v3_source,1.08,2.72,6.91,18.3,81.7,NSI=23.9(w=0.40) + VFS=43.3(w=0.30) + VHN=49.6(w=0.15) + FORM=53.8(w=0.15) = VTS=38.1. VFS = base 43.3 + links_delta +0.0. Links trace: No links data — zero signal applied.
112,Cameron Smith,0.6,40.65,FULL,not_available_in_v3_source,24.72,24.72,0.65,not_available_in_v3_source,1,-1.478,38.58,LIGHT,38.04,v3_fixed_40_30_15_15,NSI=0.40;VFS=0.30;VHN=0.15;FORM=0.15,not_available_in_v3_source,BirkdaleHistoryThin,0,Anti-pattern flags: Approach Liability — below-field in the primary 150–200yd scoring zone; Long-Iron Weakness — exposure in the dominant par-4 approach range at Birkdale.,0.0,not_available_in_v3_source,not_available_in_v3_source,approach liability in primary scoring zone; below-field structural skill profile,not_available_in_v3_source,not_available_in_v3_source,not_available_in_v3_source,57.2,57.2,not_available_in_v3_source,not_available_in_v3_source,not_available_in_v3_source,not_available_in_v3_source,not_available_in_v3_source,not_available_in_v3_source,HIGH,not_available_in_v3_source,not_available_in_v3_source,not_available_in_v3_source,not_available_in_v3_source,38.04,4,below-average approach (SG:APP -0.24) — significant exposure in the primary scoring zone; single Birkdale event on record (SG -1.478/rd) — limited but positive signal.,0.15,not_available_in_v3_source,1.08,2.72,6.9,18.3,81.7,"NSI=40.6(w=0.40) + VFS=24.7(w=0.30) + VHN=38.6(w=0.15) + FORM=57.2(w=0.15) = VTS=38.0. VFS = base 26.2 + links_delta -1.5. Links trace: raw_sig=-0.382; delta_vfs=-1.53; windows=[6m:no_data | 12m:-0.723(ev=1,conf=0.40→adj=-0.289) | 24m:-1.656(ev=2,conf=0.75→adj=-1.242) | alltime:+1.013(ev=8,conf=1.00→adj=+1.013)]"
113,Bernd Wiesberger,0.57,29.03,FULL,not_available_in_v3_source,37.12,37.12,1.0,not_available_in_v3_source,1,-0.448,44.65,LIGHT,37.97,v3_fixed_40_30_15_15,NSI=0.40;VFS=0.30;VHN=0.15;FORM=0.15,not_available_in_v3_source,BirkdaleHistoryThin,0,Anti-pattern flags: Poor Links Putter — below-field on fescue; links surfaces amplify weak putting.,0.0,not_available_in_v3_source,not_available_in_v3_source,putting volatility on links fescue; below-field structural skill profile,not_available_in_v3_source,not_available_in_v3_source,not_available_in_v3_source,56.84,56.84,not_available_in_v3_source,not_available_in_v3_source,not_available_in_v3_source,not_available_in_v3_source,not_available_in_v3_source,not_available_in_v3_source,HIGH,not_available_in_v3_source,not_available_in_v3_source,not_available_in_v3_source,not_available_in_v3_source,37.97,4,competent approach (SG:APP +0.06) — sufficient for Birkdale's mid-iron corridors; single Birkdale event on record (SG -0.448/rd) — limited but positive signal.,0.15,not_available_in_v3_source,1.07,2.71,6.88,18.2,81.8,"NSI=29.0(w=0.40) + VFS=37.1(w=0.30) + VHN=44.6(w=0.15) + FORM=56.8(w=0.15) = VTS=38.0. VFS = base 41.3 + links_delta -4.1. Links trace: raw_sig=-1.036; delta_vfs=-4.14; windows=[6m:-1.661(ev=1,conf=0.40→adj=-0.664) | 12m:-1.386(ev=4,conf=1.00→adj=-1.386) | 24m:-1.393(ev=7,conf=1.00→adj=-1.393) | alltime:-0.398(ev=32,conf=1.00→adj=-0.398)]"
114,Kota Kaneko,0.43,32.9,DEBUT,not_available_in_v3_source,29.62,29.62,1.0,not_available_in_v3_source,0,,50.84,NONE,37.95,v3_fixed_40_30_15_15,NSI=0.40;VFS=0.30;VHN=0.15;FORM=0.15,not_available_in_v3_source,RoyalBirkdaleDebut,0,Anti-pattern flags: Approach Liability — below-field in the primary 150–200yd scoring zone; Long-Iron Weakness — exposure in the dominant par-4 approach range at Birkdale.,0.0,not_available_in_v3_source,not_available_in_v3_source,approach liability in primary scoring zone; below-field structural skill profile,not_available_in_v3_source,not_available_in_v3_source,not_available_in_v3_source,55.16,55.16,not_available_in_v3_source,not_available_in_v3_source,not_available_in_v3_source,not_available_in_v3_source,not_available_in_v3_source,not_available_in_v3_source,HIGH,not_available_in_v3_source,not_available_in_v3_source,not_available_in_v3_source,not_available_in_v3_source,37.95,4,competent approach (SG:APP +0.05) — sufficient for Birkdale's mid-iron corridors.,0.15,not_available_in_v3_source,1.07,2.71,6.88,18.2,81.8,"NSI=32.9(w=0.40) + VFS=29.6(w=0.30) + VHN=50.8(w=0.15) + FORM=55.2(w=0.15) = VTS=38.0. VFS = base 34.7 + links_delta -5.1. Links trace: raw_sig=-1.264; delta_vfs=-5.06; windows=[6m:-3.161(ev=1,conf=0.40→adj=-1.264) | 12m:-3.161(ev=1,conf=0.40→adj=-1.264) | 24m:-3.161(ev=1,conf=0.40→adj=-1.264) | alltime:-3.161(ev=1,conf=0.40→adj=-1.264)]"
115,Austen Truslow,0,23.23,DEBUT,not_available_in_v3_source,45.22,45.22,0.0,not_available_in_v3_source,0,,50.03,NONE,37.86,v3_fixed_40_30_15_15,NSI=0.40;VFS=0.30;VHN=0.15;FORM=0.15,not_available_in_v3_source,RoyalBirkdaleDebut,0,No anti-pattern flags. Clean structural profile — no recurring weak-link traits identified for Royal Birkdale.,0.0,not_available_in_v3_source,not_available_in_v3_source,below-field structural skill profile,not_available_in_v3_source,not_available_in_v3_source,not_available_in_v3_source,50.0,50.0,not_available_in_v3_source,not_available_in_v3_source,not_available_in_v3_source,not_available_in_v3_source,not_available_in_v3_source,not_available_in_v3_source,HIGH,not_available_in_v3_source,not_available_in_v3_source,not_available_in_v3_source,not_available_in_v3_source,37.86,4,near-average approach (SG:APP +0.00) — below the Birkdale threshold.,0.14,not_available_in_v3_source,1.06,2.7,6.86,18.0,82.0,NSI=23.2(w=0.40) + VFS=45.2(w=0.30) + VHN=50.0(w=0.15) + FORM=50.0(w=0.15) = VTS=37.9. VFS = base 45.2 + links_delta +0.0. Links trace: No links data — zero signal applied.
116,Kazuma Kobori,0.31,24.52,DEBUT,not_available_in_v3_source,40.81,40.81,0.65,not_available_in_v3_source,0,,50.96,NONE,37.75,v3_fixed_40_30_15_15,NSI=0.40;VFS=0.30;VHN=0.15;FORM=0.15,not_available_in_v3_source,RoyalBirkdaleDebut,0,Anti-pattern flags: Approach Liability — below-field in the primary 150–200yd scoring zone.,0.0,not_available_in_v3_source,not_available_in_v3_source,approach liability in primary scoring zone; below-field structural skill profile,not_available_in_v3_source,not_available_in_v3_source,not_available_in_v3_source,53.72,53.72,not_available_in_v3_source,not_available_in_v3_source,not_available_in_v3_source,not_available_in_v3_source,not_available_in_v3_source,not_available_in_v3_source,HIGH,not_available_in_v3_source,not_available_in_v3_source,not_available_in_v3_source,not_available_in_v3_source,37.75,4,near-average approach (SG:APP -0.12) — below the Birkdale threshold.,0.14,not_available_in_v3_source,1.06,2.68,6.83,17.9,82.1,"NSI=24.5(w=0.40) + VFS=40.8(w=0.30) + VHN=51.0(w=0.15) + FORM=53.7(w=0.15) = VTS=37.8. VFS = base 42.8 + links_delta -2.0. Links trace: raw_sig=-0.497; delta_vfs=-1.99; windows=[6m:no_data | 12m:-0.684(ev=3,conf=0.75→adj=-0.513) | 24m:-0.478(ev=5,conf=1.00→adj=-0.478) | alltime:-0.478(ev=5,conf=1.00→adj=-0.478)]"
117,Shaun Norris,1.25,18.06,FULL,not_available_in_v3_source,43.03,43.03,1.0,not_available_in_v3_source,1,0.052,50.71,LIGHT,37.49,v3_fixed_40_30_15_15,NSI=0.40;VFS=0.30;VHN=0.15;FORM=0.15,not_available_in_v3_source,BirkdaleHistoryThin,0,Anti-pattern flags: Approach Liability — below-field in the primary 150–200yd scoring zone.,0.0,not_available_in_v3_source,not_available_in_v3_source,approach liability in primary scoring zone; below-field structural skill profile,not_available_in_v3_source,not_available_in_v3_source,not_available_in_v3_source,65.0,65.0,not_available_in_v3_source,not_available_in_v3_source,not_available_in_v3_source,not_available_in_v3_source,not_available_in_v3_source,not_available_in_v3_source,HIGH,not_available_in_v3_source,not_available_in_v3_source,not_available_in_v3_source,not_available_in_v3_source,37.49,4,below-average approach (SG:APP -0.55) — significant exposure in the primary scoring zone; single Birkdale event on record (SG +0.052/rd) — limited but positive signal.,0.14,not_available_in_v3_source,1.04,2.65,6.76,17.5,82.5,"NSI=18.1(w=0.40) + VFS=43.0(w=0.30) + VHN=50.7(w=0.15) + FORM=65.0(w=0.15) = VTS=37.5. VFS = base 44.3 + links_delta -1.2. Links trace: raw_sig=-0.309; delta_vfs=-1.24; windows=[6m:+0.918(ev=1,conf=0.40→adj=+0.367) | 12m:-0.868(ev=3,conf=0.75→adj=-0.651) | 24m:-0.868(ev=3,conf=0.75→adj=-0.651) | alltime:-0.798(ev=10,conf=1.00→adj=-0.798)]"
118,Adrien Saddier,-0.54,29.68,DEBUT,not_available_in_v3_source,33.75,33.75,1.0,not_available_in_v3_source,0,,50.09,NONE,36.04,v3_fixed_40_30_15_15,NSI=0.40;VFS=0.30;VHN=0.15;FORM=0.15,not_available_in_v3_source,RoyalBirkdaleDebut,0,Anti-pattern flags: Approach Liability — below-field in the primary 150–200yd scoring zone; Long-Iron Weakness — exposure in the dominant par-4 approach range at Birkdale; Poor Links Putter — below-field on fescue; links surfaces amplify weak putting.,0.0,not_available_in_v3_source,not_available_in_v3_source,approach liability in primary scoring zone; putting volatility on links fescue; below-field structural skill profile,not_available_in_v3_source,not_available_in_v3_source,not_available_in_v3_source,43.52,43.52,not_available_in_v3_source,not_available_in_v3_source,not_available_in_v3_source,not_available_in_v3_source,not_available_in_v3_source,not_available_in_v3_source,HIGH,not_available_in_v3_source,not_available_in_v3_source,not_available_in_v3_source,not_available_in_v3_source,36.04,4,near-average approach (SG:APP -0.08) — below the Birkdale threshold.,0.13,not_available_in_v3_source,0.96,2.47,6.41,15.5,84.5,"NSI=29.7(w=0.40) + VFS=33.8(w=0.30) + VHN=50.1(w=0.15) + FORM=43.5(w=0.15) = VTS=36.0. VFS = base 36.7 + links_delta -3.0. Links trace: raw_sig=-0.738; delta_vfs=-2.95; windows=[6m:-0.332(ev=1,conf=0.40→adj=-0.133) | 12m:-1.344(ev=4,conf=1.00→adj=-1.344) | 24m:-0.584(ev=7,conf=1.00→adj=-0.584) | alltime:-1.047(ev=16,conf=1.00→adj=-1.047)]"
119,Ryutaro Nagano,0.21,17.42,DEBUT,not_available_in_v3_source,44.81,44.81,0.1,not_available_in_v3_source,0,,50.09,NONE,35.8,v3_fixed_40_30_15_15,NSI=0.40;VFS=0.30;VHN=0.15;FORM=0.15,not_available_in_v3_source,RoyalBirkdaleDebut,0,No anti-pattern flags. Clean structural profile — no recurring weak-link traits identified for Royal Birkdale.,0.0,not_available_in_v3_source,not_available_in_v3_source,below-field structural skill profile,not_available_in_v3_source,not_available_in_v3_source,not_available_in_v3_source,52.52,52.52,not_available_in_v3_source,not_available_in_v3_source,not_available_in_v3_source,not_available_in_v3_source,not_available_in_v3_source,not_available_in_v3_source,HIGH,not_available_in_v3_source,not_available_in_v3_source,not_available_in_v3_source,not_available_in_v3_source,35.8,4,near-average approach (SG:APP +0.00) — below the Birkdale threshold.,0.12,not_available_in_v3_source,0.95,2.44,6.35,15.2,84.8,"NSI=17.4(w=0.40) + VFS=44.8(w=0.30) + VHN=50.1(w=0.15) + FORM=52.5(w=0.15) = VTS=35.8. VFS = base 45.4 + links_delta -0.6. Links trace: raw_sig=-0.138; delta_vfs=-0.55; windows=[6m:no_data | 12m:no_data | 24m:no_data | alltime:-0.345(ev=1,conf=0.40→adj=-0.138)]"
120,Trav Smyth,-0.28,21.29,DEBUT,not_available_in_v3_source,42.03,42.03,0.1,not_available_in_v3_source,0,,50.21,NONE,35.65,v3_fixed_40_30_15_15,NSI=0.40;VFS=0.30;VHN=0.15;FORM=0.15,not_available_in_v3_source,RoyalBirkdaleDebut,0,Anti-pattern flags: Approach Liability — below-field in the primary 150–200yd scoring zone.,0.0,not_available_in_v3_source,not_available_in_v3_source,approach liability in primary scoring zone; below-field structural skill profile,not_available_in_v3_source,not_available_in_v3_source,not_available_in_v3_source,46.64,46.64,not_available_in_v3_source,not_available_in_v3_source,not_available_in_v3_source,not_available_in_v3_source,not_available_in_v3_source,not_available_in_v3_source,HIGH,not_available_in_v3_source,not_available_in_v3_source,not_available_in_v3_source,not_available_in_v3_source,35.65,4,below-average approach (SG:APP -0.18) — significant exposure in the primary scoring zone.,0.12,not_available_in_v3_source,0.94,2.43,6.32,15.0,85.0,"NSI=21.3(w=0.40) + VFS=42.0(w=0.30) + VHN=50.2(w=0.15) + FORM=46.6(w=0.15) = VTS=35.6. VFS = base 46.6 + links_delta -4.6. Links trace: raw_sig=-1.143; delta_vfs=-4.57; windows=[6m:no_data | 12m:no_data | 24m:no_data | alltime:-1.524(ev=2,conf=0.75→adj=-1.143)]"
121,Tim Wiedemeyer,0.46,14.84,DEBUT,not_available_in_v3_source,45.22,45.22,0.0,not_available_in_v3_source,0,,50.03,NONE,35.33,v3_fixed_40_30_15_15,NSI=0.40;VFS=0.30;VHN=0.15;FORM=0.15,not_available_in_v3_source,RoyalBirkdaleDebut,0,No anti-pattern flags. Clean structural profile — no recurring weak-link traits identified for Royal Birkdale.,0.0,not_available_in_v3_source,not_available_in_v3_source,below-field structural skill profile,not_available_in_v3_source,not_available_in_v3_source,not_available_in_v3_source,55.52,55.52,not_available_in_v3_source,not_available_in_v3_source,not_available_in_v3_source,not_available_in_v3_source,not_available_in_v3_source,not_available_in_v3_source,HIGH,not_available_in_v3_source,not_available_in_v3_source,not_available_in_v3_source,not_available_in_v3_source,35.33,4,near-average approach (SG:APP +0.00) — below the Birkdale threshold.,0.12,not_available_in_v3_source,0.92,2.39,6.24,14.6,85.4,NSI=14.8(w=0.40) + VFS=45.2(w=0.30) + VHN=50.0(w=0.15) + FORM=55.5(w=0.15) = VTS=35.3. VFS = base 45.2 + links_delta +0.0. Links trace: No links data — zero signal applied.
122,Matthew Jordan,-0.04,26.45,DEBUT,not_available_in_v3_source,31.81,31.81,0.65,not_available_in_v3_source,0,,50.09,NONE,35.06,v3_fixed_40_30_15_15,NSI=0.40;VFS=0.30;VHN=0.15;FORM=0.15,not_available_in_v3_source,RoyalBirkdaleDebut,0,Anti-pattern flags: Approach Liability — below-field in the primary 150–200yd scoring zone; Poor Links Putter — below-field on fescue; links surfaces amplify weak putting.,0.0,not_available_in_v3_source,not_available_in_v3_source,approach liability in primary scoring zone; putting volatility on links fescue; below-field structural skill profile,not_available_in_v3_source,not_available_in_v3_source,not_available_in_v3_source,49.52,49.52,not_available_in_v3_source,not_available_in_v3_source,not_available_in_v3_source,not_available_in_v3_source,not_available_in_v3_source,not_available_in_v3_source,HIGH,not_available_in_v3_source,not_available_in_v3_source,not_available_in_v3_source,not_available_in_v3_source,35.06,4,below-average approach (SG:APP -0.34) — significant exposure in the primary scoring zone.,0.12,not_available_in_v3_source,0.91,2.36,6.18,14.3,85.7,"NSI=26.4(w=0.40) + VFS=31.8(w=0.30) + VHN=50.1(w=0.15) + FORM=49.5(w=0.15) = VTS=35.1. VFS = base 31.5 + links_delta +0.3. Links trace: raw_sig=+0.087; delta_vfs=+0.35; windows=[6m:no_data | 12m:-0.279(ev=4,conf=1.00→adj=-0.279) | 24m:+0.770(ev=9,conf=1.00→adj=+0.770) | alltime:-0.001(ev=24,conf=1.00→adj=-0.001)]"
123,Joe Dean,1.16,19.35,FULL,not_available_in_v3_source,35.07,35.07,0.65,not_available_in_v3_source,1,-0.198,46.38,LIGHT,34.81,v3_fixed_40_30_15_15,NSI=0.40;VFS=0.30;VHN=0.15;FORM=0.15,not_available_in_v3_source,BirkdaleHistoryThin,0,Anti-pattern flags: Approach Liability — below-field in the primary 150–200yd scoring zone.,0.0,not_available_in_v3_source,not_available_in_v3_source,approach liability in primary scoring zone; below-field structural skill profile,not_available_in_v3_source,not_available_in_v3_source,not_available_in_v3_source,63.92,63.92,not_available_in_v3_source,not_available_in_v3_source,not_available_in_v3_source,not_available_in_v3_source,not_available_in_v3_source,not_available_in_v3_source,HIGH,not_available_in_v3_source,not_available_in_v3_source,not_available_in_v3_source,not_available_in_v3_source,34.81,4,below-average approach (SG:APP -0.75) — significant exposure in the primary scoring zone; single Birkdale event on record (SG -0.198/rd) — limited but positive signal.,0.12,not_available_in_v3_source,0.89,2.33,6.12,14.0,86.0,"NSI=19.4(w=0.40) + VFS=35.1(w=0.30) + VHN=46.4(w=0.15) + FORM=63.9(w=0.15) = VTS=34.8. VFS = base 36.0 + links_delta -0.9. Links trace: raw_sig=-0.221; delta_vfs=-0.88; windows=[6m:no_data | 12m:-0.121(ev=4,conf=1.00→adj=-0.121) | 24m:-0.344(ev=8,conf=1.00→adj=-0.344) | alltime:-0.324(ev=9,conf=1.00→adj=-0.324)]"
124,Kazuki Higa,-0.03,20.65,DEBUT,not_available_in_v3_source,37.78,37.78,0.1,not_available_in_v3_source,0,,50.6,NONE,34.63,v3_fixed_40_30_15_15,NSI=0.40;VFS=0.30;VHN=0.15;FORM=0.15,not_available_in_v3_source,RoyalBirkdaleDebut,0,Anti-pattern flags: Poor Links Putter — below-field on fescue; links surfaces amplify weak putting; Weak ARG/Links Rough — revetted bunkers and steep run-offs create up-and-down challenge.,0.0,not_available_in_v3_source,not_available_in_v3_source,putting volatility on links fescue; below-field structural skill profile,not_available_in_v3_source,not_available_in_v3_source,not_available_in_v3_source,49.64,49.64,not_available_in_v3_source,not_available_in_v3_source,not_available_in_v3_source,not_available_in_v3_source,not_available_in_v3_source,not_available_in_v3_source,HIGH,not_available_in_v3_source,not_available_in_v3_source,not_available_in_v3_source,not_available_in_v3_source,34.63,4,strong approach game (SG:APP +0.57) in the primary scoring zone.,0.11,not_available_in_v3_source,0.88,2.31,6.08,13.7,86.3,"NSI=20.6(w=0.40) + VFS=37.8(w=0.30) + VHN=50.6(w=0.15) + FORM=49.6(w=0.15) = VTS=34.6. VFS = base 43.5 + links_delta -5.7. Links trace: raw_sig=-1.420; delta_vfs=-5.68; windows=[6m:no_data | 12m:no_data | 24m:no_data | alltime:-1.420(ev=4,conf=1.00→adj=-1.420)]"
125,Joakim Lagergren,-0.22,27.1,DEBUT,not_available_in_v3_source,29.99,29.99,1.0,not_available_in_v3_source,0,,49.82,NONE,34.41,v3_fixed_40_30_15_15,NSI=0.40;VFS=0.30;VHN=0.15;FORM=0.15,not_available_in_v3_source,RoyalBirkdaleDebut,0,Anti-pattern flags: Approach Liability — below-field in the primary 150–200yd scoring zone; Weak ARG/Links Rough — revetted bunkers and steep run-offs create up-and-down challenge.,0.0,not_available_in_v3_source,not_available_in_v3_source,approach liability in primary scoring zone; below-field structural skill profile,not_available_in_v3_source,not_available_in_v3_source,not_available_in_v3_source,47.36,47.36,not_available_in_v3_source,not_available_in_v3_source,not_available_in_v3_source,not_available_in_v3_source,not_available_in_v3_source,not_available_in_v3_source,HIGH,not_available_in_v3_source,not_available_in_v3_source,not_available_in_v3_source,not_available_in_v3_source,34.41,4,below-average approach (SG:APP -0.27) — significant exposure in the primary scoring zone.,0.11,not_available_in_v3_source,0.87,2.29,6.03,13.5,86.5,"NSI=27.1(w=0.40) + VFS=30.0(w=0.30) + VHN=49.8(w=0.15) + FORM=47.4(w=0.15) = VTS=34.4. VFS = base 31.9 + links_delta -1.9. Links trace: raw_sig=-0.474; delta_vfs=-1.90; windows=[6m:-0.161(ev=1,conf=0.40→adj=-0.064) | 12m:-0.428(ev=4,conf=1.00→adj=-0.428) | 24m:-1.231(ev=5,conf=1.00→adj=-1.231) | alltime:-0.554(ev=31,conf=1.00→adj=-0.554)]"
126,Martin Couvra,-0.4,25.81,DEBUT,not_available_in_v3_source,31.27,31.27,1.0,not_available_in_v3_source,0,,50.15,NONE,34.01,v3_fixed_40_30_15_15,NSI=0.40;VFS=0.30;VHN=0.15;FORM=0.15,not_available_in_v3_source,RoyalBirkdaleDebut,0,Anti-pattern flags: Approach Liability — below-field in the primary 150–200yd scoring zone; Poor Links Putter — below-field on fescue; links surfaces amplify weak putting; Weak ARG/Links Rough — revetted bunkers and steep run-offs create up-and-down challenge.,0.0,not_available_in_v3_source,not_available_in_v3_source,approach liability in primary scoring zone; putting volatility on links fescue; below-field structural skill profile,not_available_in_v3_source,not_available_in_v3_source,not_available_in_v3_source,45.2,45.2,not_available_in_v3_source,not_available_in_v3_source,not_available_in_v3_source,not_available_in_v3_source,not_available_in_v3_source,not_available_in_v3_source,HIGH,not_available_in_v3_source,not_available_in_v3_source,not_available_in_v3_source,not_available_in_v3_source,34.01,4,below-average approach (SG:APP -0.23) — significant exposure in the primary scoring zone.,0.11,not_available_in_v3_source,0.85,2.25,5.94,13.0,87.0,"NSI=25.8(w=0.40) + VFS=31.3(w=0.30) + VHN=50.1(w=0.15) + FORM=45.2(w=0.15) = VTS=34.0. VFS = base 34.9 + links_delta -3.6. Links trace: raw_sig=-0.912; delta_vfs=-3.65; windows=[6m:-3.661(ev=1,conf=0.40→adj=-1.464) | 12m:-0.820(ev=3,conf=0.75→adj=-0.615) | 24m:-0.820(ev=3,conf=0.75→adj=-0.615) | alltime:-0.820(ev=3,conf=0.75→adj=-0.615)]"
127,Cameron John,0.01,12.9,DEBUT,not_available_in_v3_source,45.15,45.15,0.3,not_available_in_v3_source,0,,49.76,NONE,33.69,v3_fixed_40_30_15_15,NSI=0.40;VFS=0.30;VHN=0.15;FORM=0.15,not_available_in_v3_source,RoyalBirkdaleDebut,0,No anti-pattern flags. Clean structural profile — no recurring weak-link traits identified for Royal Birkdale.,0.0,not_available_in_v3_source,not_available_in_v3_source,below-field structural skill profile,not_available_in_v3_source,not_available_in_v3_source,not_available_in_v3_source,50.12,50.12,not_available_in_v3_source,not_available_in_v3_source,not_available_in_v3_source,not_available_in_v3_source,not_available_in_v3_source,not_available_in_v3_source,HIGH,not_available_in_v3_source,not_available_in_v3_source,not_available_in_v3_source,not_available_in_v3_source,33.69,4,near-average approach (SG:APP +0.00) — below the Birkdale threshold.,0.11,not_available_in_v3_source,0.84,2.21,5.87,12.7,87.3,"NSI=12.9(w=0.40) + VFS=45.1(w=0.30) + VHN=49.8(w=0.15) + FORM=50.1(w=0.15) = VTS=33.7. VFS = base 44.6 + links_delta +0.5. Links trace: raw_sig=+0.126; delta_vfs=+0.51; windows=[6m:no_data | 12m:no_data | 24m:+0.316(ev=1,conf=0.40→adj=+0.126) | alltime:+0.316(ev=1,conf=0.40→adj=+0.126)]"
128,Caleb Surratt,-0.67,30.32,DEBUT,not_available_in_v3_source,25.67,25.67,0.65,not_available_in_v3_source,0,,49.61,NONE,33.56,v3_fixed_40_30_15_15,NSI=0.40;VFS=0.30;VHN=0.15;FORM=0.15,not_available_in_v3_source,RoyalBirkdaleDebut,0,Anti-pattern flags: Approach Liability — below-field in the primary 150–200yd scoring zone; Long-Iron Weakness — exposure in the dominant par-4 approach range at Birkdale; Weak ARG/Links Rough — revetted bunkers and steep run-offs create up-and-down challenge.,0.0,not_available_in_v3_source,not_available_in_v3_source,approach liability in primary scoring zone; below-field structural skill profile,not_available_in_v3_source,not_available_in_v3_source,not_available_in_v3_source,41.96,41.96,not_available_in_v3_source,not_available_in_v3_source,not_available_in_v3_source,not_available_in_v3_source,not_available_in_v3_source,not_available_in_v3_source,HIGH,not_available_in_v3_source,not_available_in_v3_source,not_available_in_v3_source,not_available_in_v3_source,33.56,4,below-average approach (SG:APP -0.69) — significant exposure in the primary scoring zone.,0.11,not_available_in_v3_source,0.83,2.2,5.85,12.5,87.5,"NSI=30.3(w=0.40) + VFS=25.7(w=0.30) + VHN=49.6(w=0.15) + FORM=42.0(w=0.15) = VTS=33.6. VFS = base 23.7 + links_delta +1.9. Links trace: raw_sig=+0.484; delta_vfs=+1.94; windows=[6m:no_data | 12m:+2.176(ev=1,conf=0.40→adj=+0.870) | 24m:+0.044(ev=2,conf=0.75→adj=+0.033) | alltime:+0.044(ev=2,conf=0.75→adj=+0.033)]"
129,Frederic LaCroix,-0.18,21.94,DEBUT,not_available_in_v3_source,33.31,33.31,1.0,not_available_in_v3_source,0,,50.03,NONE,33.45,v3_fixed_40_30_15_15,NSI=0.40;VFS=0.30;VHN=0.15;FORM=0.15,not_available_in_v3_source,RoyalBirkdaleDebut,0,Anti-pattern flags: Approach Liability — below-field in the primary 150–200yd scoring zone; Poor Links Putter — below-field on fescue; links surfaces amplify weak putting; Weak ARG/Links Rough — revetted bunkers and steep run-offs create up-and-down challenge.,0.0,not_available_in_v3_source,not_available_in_v3_source,approach liability in primary scoring zone; putting volatility on links fescue; below-field structural skill profile,not_available_in_v3_source,not_available_in_v3_source,not_available_in_v3_source,47.84,47.84,not_available_in_v3_source,not_available_in_v3_source,not_available_in_v3_source,not_available_in_v3_source,not_available_in_v3_source,not_available_in_v3_source,HIGH,not_available_in_v3_source,not_available_in_v3_source,not_available_in_v3_source,not_available_in_v3_source,33.45,4,near-average approach (SG:APP -0.06) — below the Birkdale threshold.,0.11,not_available_in_v3_source,0.83,2.19,5.82,12.4,87.6,"NSI=21.9(w=0.40) + VFS=33.3(w=0.30) + VHN=50.0(w=0.15) + FORM=47.8(w=0.15) = VTS=33.5. VFS = base 39.3 + links_delta -6.0. Links trace: raw_sig=-1.490; delta_vfs=-5.96; windows=[6m:-4.161(ev=1,conf=0.40→adj=-1.664) | 12m:-2.436(ev=3,conf=0.75→adj=-1.827) | 24m:-0.902(ev=5,conf=1.00→adj=-0.902) | alltime:-0.874(ev=9,conf=1.00→adj=-0.874)]"
130,Michael Hollick,0.76,16.13,DEBUT,not_available_in_v3_source,34.42,34.42,0.65,not_available_in_v3_source,0,,50.45,NONE,33.21,v3_fixed_40_30_15_15,NSI=0.40;VFS=0.30;VHN=0.15;FORM=0.15,not_available_in_v3_source,RoyalBirkdaleDebut,0,Anti-pattern flags: Poor Links Putter — below-field on fescue; links surfaces amplify weak putting.,0.0,not_available_in_v3_source,not_available_in_v3_source,putting volatility on links fescue; below-field structural skill profile,not_available_in_v3_source,not_available_in_v3_source,not_available_in_v3_source,59.12,59.12,not_available_in_v3_source,not_available_in_v3_source,not_available_in_v3_source,not_available_in_v3_source,not_available_in_v3_source,not_available_in_v3_source,HIGH,not_available_in_v3_source,not_available_in_v3_source,not_available_in_v3_source,not_available_in_v3_source,33.21,4,competent approach (SG:APP +0.13) — sufficient for Birkdale's mid-iron corridors.,0.1,not_available_in_v3_source,0.82,2.16,5.77,12.1,87.9,"NSI=16.1(w=0.40) + VFS=34.4(w=0.30) + VHN=50.5(w=0.15) + FORM=59.1(w=0.15) = VTS=33.2. VFS = base 42.4 + links_delta -8.0. Links trace: raw_sig=-2.730; delta_vfs=-8.00; windows=[6m:no_data | 12m:-6.824(ev=1,conf=0.40→adj=-2.730) | 24m:-6.824(ev=1,conf=0.40→adj=-2.730) | alltime:-6.824(ev=1,conf=0.40→adj=-2.730)]"
131,Stuart Grehan,0.22,9.68,DEBUT,not_available_in_v3_source,45.81,45.81,0.0,not_available_in_v3_source,0,,50.3,NONE,33.06,v3_fixed_40_30_15_15,NSI=0.40;VFS=0.30;VHN=0.15;FORM=0.15,not_available_in_v3_source,RoyalBirkdaleDebut,0,No anti-pattern flags. Clean structural profile — no recurring weak-link traits identified for Royal Birkdale.,0.0,not_available_in_v3_source,not_available_in_v3_source,below-field structural skill profile,not_available_in_v3_source,not_available_in_v3_source,not_available_in_v3_source,52.64,52.64,not_available_in_v3_source,not_available_in_v3_source,not_available_in_v3_source,not_available_in_v3_source,not_available_in_v3_source,not_available_in_v3_source,HIGH,not_available_in_v3_source,not_available_in_v3_source,not_available_in_v3_source,not_available_in_v3_source,33.06,4,near-average approach (SG:APP +0.00) — below the Birkdale threshold.,0.1,not_available_in_v3_source,0.81,2.15,5.74,12.0,88.0,NSI=9.7(w=0.40) + VFS=45.8(w=0.30) + VHN=50.3(w=0.15) + FORM=52.6(w=0.15) = VTS=33.1. VFS = base 45.8 + links_delta +0.0. Links trace: No links data — zero signal applied.
132,MJ Daffue,0.87,15.48,DEBUT,not_available_in_v3_source,34.38,34.38,0.3,not_available_in_v3_source,0,,49.58,NONE,33.01,v3_fixed_40_30_15_15,NSI=0.40;VFS=0.30;VHN=0.15;FORM=0.15,not_available_in_v3_source,RoyalBirkdaleDebut,0,Anti-pattern flags: Approach Liability — below-field in the primary 150–200yd scoring zone; Poor Links Putter — below-field on fescue; links surfaces amplify weak putting.,0.0,not_available_in_v3_source,not_available_in_v3_source,approach liability in primary scoring zone; putting volatility on links fescue; below-field structural skill profile,not_available_in_v3_source,not_available_in_v3_source,not_available_in_v3_source,60.44,60.44,not_available_in_v3_source,not_available_in_v3_source,not_available_in_v3_source,not_available_in_v3_source,not_available_in_v3_source,not_available_in_v3_source,HIGH,not_available_in_v3_source,not_available_in_v3_source,not_available_in_v3_source,not_available_in_v3_source,33.01,4,below-average approach (SG:APP -1.09) — significant exposure in the primary scoring zone.,0.1,not_available_in_v3_source,0.81,2.14,5.73,11.9,88.1,"NSI=15.5(w=0.40) + VFS=34.4(w=0.30) + VHN=49.6(w=0.15) + FORM=60.4(w=0.15) = VTS=33.0. VFS = base 36.6 + links_delta -2.2. Links trace: raw_sig=-0.555; delta_vfs=-2.22; windows=[6m:no_data | 12m:no_data | 24m:-2.088(ev=1,conf=0.40→adj=-0.835) | alltime:+0.009(ev=2,conf=0.75→adj=+0.007)]"
133,Padraig Harrington,1.11,12.26,FULL,not_available_in_v3_source,23.43,23.43,1.0,not_available_in_v3_source,2,2.752,75.36,MODERATE,32.73,v3_fixed_40_30_15_15,NSI=0.40;VFS=0.30;VHN=0.15;FORM=0.15,not_available_in_v3_source,BirkdaleHistoryThin,0,Anti-pattern flags: Long-Iron Weakness — exposure in the dominant par-4 approach range at Birkdale; Poor Links Putter — below-field on fescue; links surfaces amplify weak putting.,0.0,not_available_in_v3_source,not_available_in_v3_source,putting volatility on links fescue; below-field structural skill profile,not_available_in_v3_source,not_available_in_v3_source,not_available_in_v3_source,63.32,63.32,not_available_in_v3_source,not_available_in_v3_source,not_available_in_v3_source,not_available_in_v3_source,not_available_in_v3_source,not_available_in_v3_source,HIGH,not_available_in_v3_source,not_available_in_v3_source,not_available_in_v3_source,not_available_in_v3_source,32.73,5,"competent approach (SG:APP +0.14) — sufficient for Birkdale's mid-iron corridors; proven Birkdale performer (2 events, SG +2.752/rd at course).",0.1,not_available_in_v3_source,0.79,2.11,5.67,11.6,88.4,"NSI=12.3(w=0.40) + VFS=23.4(w=0.30) + VHN=75.4(w=0.15) + FORM=63.3(w=0.15) = VTS=32.7. VFS = base 25.4 + links_delta -1.9. Links trace: raw_sig=-0.485; delta_vfs=-1.94; windows=[6m:-2.161(ev=1,conf=0.40→adj=-0.864) | 12m:-0.703(ev=3,conf=0.75→adj=-0.527) | 24m:-0.138(ev=7,conf=1.00→adj=-0.138) | alltime:+0.294(ev=55,conf=1.00→adj=+0.294)]"
134,Alejandro De Castro Piera,0.67,6.45,DEBUT,not_available_in_v3_source,45.81,45.81,0.0,not_available_in_v3_source,0,,50.3,NONE,32.57,v3_fixed_40_30_15_15,NSI=0.40;VFS=0.30;VHN=0.15;FORM=0.15,not_available_in_v3_source,RoyalBirkdaleDebut,0,No anti-pattern flags. Clean structural profile — no recurring weak-link traits identified for Royal Birkdale.,0.0,not_available_in_v3_source,not_available_in_v3_source,below-field structural skill profile,not_available_in_v3_source,not_available_in_v3_source,not_available_in_v3_source,58.04,58.04,not_available_in_v3_source,not_available_in_v3_source,not_available_in_v3_source,not_available_in_v3_source,not_available_in_v3_source,not_available_in_v3_source,HIGH,not_available_in_v3_source,not_available_in_v3_source,not_available_in_v3_source,not_available_in_v3_source,32.57,5,near-average approach (SG:APP +0.00) — below the Birkdale threshold.,0.1,not_available_in_v3_source,0.79,2.1,5.64,11.5,88.5,NSI=6.5(w=0.40) + VFS=45.8(w=0.30) + VHN=50.3(w=0.15) + FORM=58.0(w=0.15) = VTS=32.6. VFS = base 45.8 + links_delta +0.0. Links trace: No links data — zero signal applied.
135,Darren Clarke,0.65,5.16,FULL,not_available_in_v3_source,51.99,51.99,0.3,not_available_in_v3_source,1,-0.978,40.32,LIGHT,32.38,v3_fixed_40_30_15_15,NSI=0.40;VFS=0.30;VHN=0.15;FORM=0.15,not_available_in_v3_source,BirkdaleHistoryThin,0,Anti-pattern flags: Approach Liability — below-field in the primary 150–200yd scoring zone; Poor Links Putter — below-field on fescue; links surfaces amplify weak putting.,0.0,not_available_in_v3_source,not_available_in_v3_source,approach liability in primary scoring zone; putting volatility on links fescue; below-field structural skill profile,not_available_in_v3_source,not_available_in_v3_source,not_available_in_v3_source,57.8,57.8,not_available_in_v3_source,not_available_in_v3_source,not_available_in_v3_source,not_available_in_v3_source,not_available_in_v3_source,not_available_in_v3_source,HIGH,not_available_in_v3_source,not_available_in_v3_source,not_available_in_v3_source,not_available_in_v3_source,32.38,5,below-average approach (SG:APP -0.56) — significant exposure in the primary scoring zone; single Birkdale event on record (SG -0.978/rd) — limited but positive signal.,0.1,not_available_in_v3_source,0.78,2.08,5.6,11.3,88.7,"NSI=5.2(w=0.40) + VFS=52.0(w=0.30) + VHN=40.3(w=0.15) + FORM=57.8(w=0.15) = VTS=32.4. VFS = base 53.6 + links_delta -1.6. Links trace: raw_sig=-0.393; delta_vfs=-1.57; windows=[6m:no_data | 12m:no_data | 24m:-0.961(ev=1,conf=0.40→adj=-0.384) | alltime:-0.411(ev=34,conf=1.00→adj=-0.411)]"
136,Baard Skogen,0.38,7.1,DEBUT,not_available_in_v3_source,45.62,45.62,0.0,not_available_in_v3_source,0,,50.21,NONE,32.24,v3_fixed_40_30_15_15,NSI=0.40;VFS=0.30;VHN=0.15;FORM=0.15,not_available_in_v3_source,RoyalBirkdaleDebut,0,No anti-pattern flags. Clean structural profile — no recurring weak-link traits identified for Royal Birkdale.,0.0,not_available_in_v3_source,not_available_in_v3_source,below-field structural skill profile,not_available_in_v3_source,not_available_in_v3_source,not_available_in_v3_source,54.56,54.56,not_available_in_v3_source,not_available_in_v3_source,not_available_in_v3_source,not_available_in_v3_source,not_available_in_v3_source,not_available_in_v3_source,HIGH,not_available_in_v3_source,not_available_in_v3_source,not_available_in_v3_source,not_available_in_v3_source,32.24,5,near-average approach (SG:APP +0.00) — below the Birkdale threshold.,0.1,not_available_in_v3_source,0.77,2.06,5.57,11.1,88.9,NSI=7.1(w=0.40) + VFS=45.6(w=0.30) + VHN=50.2(w=0.15) + FORM=54.6(w=0.15) = VTS=32.2. VFS = base 45.6 + links_delta +0.0. Links trace: No links data — zero signal applied.
137,Jiho Yang,1.44,1.94,DEBUT,not_available_in_v3_source,45.88,45.88,0.0,not_available_in_v3_source,0,,50.33,NONE,32.18,v3_fixed_40_30_15_15,NSI=0.40;VFS=0.30;VHN=0.15;FORM=0.15,not_available_in_v3_source,RoyalBirkdaleDebut,0,No anti-pattern flags. Clean structural profile — no recurring weak-link traits identified for Royal Birkdale.,0.0,not_available_in_v3_source,not_available_in_v3_source,below-field structural skill profile,not_available_in_v3_source,not_available_in_v3_source,not_available_in_v3_source,67.28,67.28,not_available_in_v3_source,not_available_in_v3_source,not_available_in_v3_source,not_available_in_v3_source,not_available_in_v3_source,not_available_in_v3_source,HIGH,not_available_in_v3_source,not_available_in_v3_source,not_available_in_v3_source,not_available_in_v3_source,32.18,5,near-average approach (SG:APP +0.00) — below the Birkdale threshold.,0.1,not_available_in_v3_source,0.77,2.06,5.56,11.1,88.9,NSI=1.9(w=0.40) + VFS=45.9(w=0.30) + VHN=50.3(w=0.15) + FORM=67.3(w=0.15) = VTS=32.2. VFS = base 45.9 + links_delta +0.0. Links trace: No links data — zero signal applied.
138,James Nicholas,-0.01,20.0,DEBUT,not_available_in_v3_source,29.83,29.83,0.3,not_available_in_v3_source,0,,49.67,NONE,31.88,v3_fixed_40_30_15_15,NSI=0.40;VFS=0.30;VHN=0.15;FORM=0.15,not_available_in_v3_source,RoyalBirkdaleDebut,0,Anti-pattern flags: Approach Liability — below-field in the primary 150–200yd scoring zone.,0.0,not_available_in_v3_source,not_available_in_v3_source,approach liability in primary scoring zone; below-field structural skill profile,not_available_in_v3_source,not_available_in_v3_source,not_available_in_v3_source,49.88,49.88,not_available_in_v3_source,not_available_in_v3_source,not_available_in_v3_source,not_available_in_v3_source,not_available_in_v3_source,not_available_in_v3_source,HIGH,not_available_in_v3_source,not_available_in_v3_source,not_available_in_v3_source,not_available_in_v3_source,31.88,5,below-average approach (SG:APP -1.25) — significant exposure in the primary scoring zone.,0.09,not_available_in_v3_source,0.76,2.03,5.49,10.8,89.2,"NSI=20.0(w=0.40) + VFS=29.8(w=0.30) + VHN=49.7(w=0.15) + FORM=49.9(w=0.15) = VTS=31.9. VFS = base 34.2 + links_delta -4.3. Links trace: raw_sig=-1.082; delta_vfs=-4.33; windows=[6m:no_data | 12m:no_data | 24m:-1.913(ev=2,conf=0.75→adj=-1.435) | alltime:-0.504(ev=3,conf=0.75→adj=-0.378)]"
139,Jack McDonald,0,13.55,DEBUT,not_available_in_v3_source,44.47,44.47,0.3,not_available_in_v3_source,0,,50.51,NONE,31.16,v3_fixed_40_30_15_15,NSI=0.40;VFS=0.30;VHN=0.15;FORM=0.15,not_available_in_v3_source,RoyalBirkdaleDebut,0,No anti-pattern flags. Clean structural profile — no recurring weak-link traits identified for Royal Birkdale.,0.0,not_available_in_v3_source,not_available_in_v3_source,below-field structural skill profile,not_available_in_v3_source,not_available_in_v3_source,not_available_in_v3_source,32.18,32.18,not_available_in_v3_source,not_available_in_v3_source,not_available_in_v3_source,not_available_in_v3_source,not_available_in_v3_source,not_available_in_v3_source,HIGH,not_available_in_v3_source,not_available_in_v3_source,not_available_in_v3_source,not_available_in_v3_source,31.16,5,near-average approach (SG:APP +0.00) — below the Birkdale threshold.,0.09,not_available_in_v3_source,0.73,1.96,5.35,10.1,89.9,"NSI=13.6(w=0.40) + VFS=44.5(w=0.30) + VHN=50.5(w=0.15) + FORM=32.2(w=0.15) = VTS=31.2. VFS = base 46.3 + links_delta -1.8. Links trace: raw_sig=-0.451; delta_vfs=-1.81; windows=[6m:no_data | 12m:no_data | 24m:-0.089(ev=1,conf=0.40→adj=-0.036) | alltime:-1.711(ev=3,conf=0.75→adj=-1.283)]"
140,Marcus Plunkett,-0.09,11.61,DEBUT,not_available_in_v3_source,39.12,39.12,0.0,not_available_in_v3_source,0,,49.64,NONE,31.16,v3_fixed_40_30_15_15,NSI=0.40;VFS=0.30;VHN=0.15;FORM=0.15,not_available_in_v3_source,RoyalBirkdaleDebut,0,No anti-pattern flags. Clean structural profile — no recurring weak-link traits identified for Royal Birkdale.,0.0,not_available_in_v3_source,not_available_in_v3_source,below-field structural skill profile,not_available_in_v3_source,not_available_in_v3_source,not_available_in_v3_source,48.92,48.92,not_available_in_v3_source,not_available_in_v3_source,not_available_in_v3_source,not_available_in_v3_source,not_available_in_v3_source,not_available_in_v3_source,HIGH,not_available_in_v3_source,not_available_in_v3_source,not_available_in_v3_source,not_available_in_v3_source,31.16,5,near-average approach (SG:APP +0.00) — below the Birkdale threshold.,0.09,not_available_in_v3_source,0.73,1.96,5.35,10.1,89.9,NSI=11.6(w=0.40) + VFS=39.1(w=0.30) + VHN=49.6(w=0.15) + FORM=48.9(w=0.15) = VTS=31.2. VFS = base 39.1 + links_delta +0.0. Links trace: No links data — zero signal applied.
141,Jeong Woo Ham,-0.48,14.19,DEBUT,not_available_in_v3_source,37.13,37.13,0.3,not_available_in_v3_source,0,,50.51,NONE,31.03,v3_fixed_40_30_15_15,NSI=0.40;VFS=0.30;VHN=0.15;FORM=0.15,not_available_in_v3_source,RoyalBirkdaleDebut,0,Anti-pattern flags: Approach Liability — below-field in the primary 150–200yd scoring zone.,0.0,not_available_in_v3_source,not_available_in_v3_source,approach liability in primary scoring zone; below-field structural skill profile,not_available_in_v3_source,not_available_in_v3_source,not_available_in_v3_source,44.24,44.24,not_available_in_v3_source,not_available_in_v3_source,not_available_in_v3_source,not_available_in_v3_source,not_available_in_v3_source,not_available_in_v3_source,HIGH,not_available_in_v3_source,not_available_in_v3_source,not_available_in_v3_source,not_available_in_v3_source,31.03,5,below-average approach (SG:APP -0.91) — significant exposure in the primary scoring zone.,0.09,not_available_in_v3_source,0.72,1.95,5.32,10.0,90.0,"NSI=14.2(w=0.40) + VFS=37.1(w=0.30) + VHN=50.5(w=0.15) + FORM=44.2(w=0.15) = VTS=31.0. VFS = base 39.1 + links_delta -2.0. Links trace: raw_sig=-0.489; delta_vfs=-1.96; windows=[6m:no_data | 12m:no_data | 24m:-1.222(ev=1,conf=0.40→adj=-0.489) | alltime:-1.222(ev=1,conf=0.40→adj=-0.489)]"
142,Jack Buchanan,0.11,4.52,DEBUT,not_available_in_v3_source,45.82,45.82,0.0,not_available_in_v3_source,0,,50.3,NONE,30.8,v3_fixed_40_30_15_15,NSI=0.40;VFS=0.30;VHN=0.15;FORM=0.15,not_available_in_v3_source,RoyalBirkdaleDebut,0,No anti-pattern flags. Clean structural profile — no recurring weak-link traits identified for Royal Birkdale.,0.0,not_available_in_v3_source,not_available_in_v3_source,below-field structural skill profile,not_available_in_v3_source,not_available_in_v3_source,not_available_in_v3_source,51.32,51.32,not_available_in_v3_source,not_available_in_v3_source,not_available_in_v3_source,not_available_in_v3_source,not_available_in_v3_source,not_available_in_v3_source,HIGH,not_available_in_v3_source,not_available_in_v3_source,not_available_in_v3_source,not_available_in_v3_source,30.8,5,near-average approach (SG:APP +0.00) — below the Birkdale threshold.,0.09,not_available_in_v3_source,0.71,1.93,5.28,9.8,90.2,NSI=4.5(w=0.40) + VFS=45.8(w=0.30) + VHN=50.3(w=0.15) + FORM=51.3(w=0.15) = VTS=30.8. VFS = base 45.8 + links_delta +0.0. Links trace: No links data — zero signal applied.
143,Peter Uihlein,-0.62,25.16,FULL,not_available_in_v3_source,20.57,20.57,0.65,not_available_in_v3_source,1,0.802,52.44,LIGHT,30.48,v3_fixed_40_30_15_15,NSI=0.40;VFS=0.30;VHN=0.15;FORM=0.15,not_available_in_v3_source,BirkdaleHistoryThin,0,Anti-pattern flags: Approach Liability — below-field in the primary 150–200yd scoring zone; Long-Iron Weakness — exposure in the dominant par-4 approach range at Birkdale.,0.0,not_available_in_v3_source,not_available_in_v3_source,approach liability in primary scoring zone; below-field structural skill profile,not_available_in_v3_source,not_available_in_v3_source,not_available_in_v3_source,42.56,42.56,not_available_in_v3_source,not_available_in_v3_source,not_available_in_v3_source,not_available_in_v3_source,not_available_in_v3_source,not_available_in_v3_source,HIGH,not_available_in_v3_source,not_available_in_v3_source,not_available_in_v3_source,not_available_in_v3_source,30.48,5,below-average approach (SG:APP -0.18) — significant exposure in the primary scoring zone; single Birkdale event on record (SG +0.802/rd) — limited but positive signal.,0.09,not_available_in_v3_source,0.7,1.9,5.22,9.5,90.5,"NSI=25.2(w=0.40) + VFS=20.6(w=0.30) + VHN=52.4(w=0.15) + FORM=42.6(w=0.15) = VTS=30.5. VFS = base 21.8 + links_delta -1.2. Links trace: raw_sig=-0.298; delta_vfs=-1.19; windows=[6m:no_data | 12m:-1.723(ev=1,conf=0.40→adj=-0.689) | 24m:+0.344(ev=2,conf=0.75→adj=+0.258) | alltime:-0.038(ev=21,conf=1.00→adj=-0.038)]"
144,Sam Bairstow,-0.24,16.77,DEBUT,not_available_in_v3_source,30.04,30.04,0.65,not_available_in_v3_source,0,,49.85,NONE,30.27,v3_fixed_40_30_15_15,NSI=0.40;VFS=0.30;VHN=0.15;FORM=0.15,not_available_in_v3_source,RoyalBirkdaleDebut,0,Anti-pattern flags: Approach Liability — below-field in the primary 150–200yd scoring zone; Poor Links Putter — below-field on fescue; links surfaces amplify weak putting; Weak ARG/Links Rough — revetted bunkers and steep run-offs create up-and-down challenge.,0.0,not_available_in_v3_source,not_available_in_v3_source,approach liability in primary scoring zone; putting volatility on links fescue; below-field structural skill profile,not_available_in_v3_source,not_available_in_v3_source,not_available_in_v3_source,47.12,47.12,not_available_in_v3_source,not_available_in_v3_source,not_available_in_v3_source,not_available_in_v3_source,not_available_in_v3_source,not_available_in_v3_source,HIGH,not_available_in_v3_source,not_available_in_v3_source,not_available_in_v3_source,not_available_in_v3_source,30.27,5,below-average approach (SG:APP -0.39) — significant exposure in the primary scoring zone.,0.08,not_available_in_v3_source,0.69,1.88,5.18,9.3,90.7,"NSI=16.8(w=0.40) + VFS=30.0(w=0.30) + VHN=49.9(w=0.15) + FORM=47.1(w=0.15) = VTS=30.3. VFS = base 36.1 + links_delta -6.1. Links trace: raw_sig=-1.528; delta_vfs=-6.11; windows=[6m:no_data | 12m:-1.363(ev=3,conf=0.75→adj=-1.022) | 24m:-2.212(ev=6,conf=1.00→adj=-2.212) | alltime:-1.927(ev=11,conf=1.00→adj=-1.927)]"
145,David Howard,0,0.0,DEBUT,not_available_in_v3_source,46.47,46.47,0.0,not_available_in_v3_source,0,,50.6,NONE,30.24,v3_fixed_40_30_15_15,NSI=0.40;VFS=0.30;VHN=0.15;FORM=0.15,not_available_in_v3_source,RoyalBirkdaleDebut,0,No anti-pattern flags. Clean structural profile — no recurring weak-link traits identified for Royal Birkdale.,0.0,not_available_in_v3_source,not_available_in_v3_source,below-field structural skill profile,not_available_in_v3_source,not_available_in_v3_source,not_available_in_v3_source,58.05,58.05,not_available_in_v3_source,not_available_in_v3_source,not_available_in_v3_source,not_available_in_v3_source,not_available_in_v3_source,not_available_in_v3_source,HIGH,not_available_in_v3_source,not_available_in_v3_source,not_available_in_v3_source,not_available_in_v3_source,30.24,5,near-average approach (SG:APP +0.00) — below the Birkdale threshold.,0.08,not_available_in_v3_source,0.69,1.88,5.17,9.3,90.7,NSI=0.0(w=0.40) + VFS=46.5(w=0.30) + VHN=50.6(w=0.15) + FORM=58.0(w=0.15) = VTS=30.2. VFS = base 46.5 + links_delta +0.0. Links trace: No links data — zero signal applied.
146,Matthew Baldwin,-0.13,10.32,DEBUT,not_available_in_v3_source,33.75,33.75,0.65,not_available_in_v3_source,0,,50.48,NONE,29.09,v3_fixed_40_30_15_15,NSI=0.40;VFS=0.30;VHN=0.15;FORM=0.15,not_available_in_v3_source,RoyalBirkdaleDebut,0,Anti-pattern flags: Approach Liability — below-field in the primary 150–200yd scoring zone; Poor Links Putter — below-field on fescue; links surfaces amplify weak putting; Weak ARG/Links Rough — revetted bunkers and steep run-offs create up-and-down challenge.,0.0,not_available_in_v3_source,not_available_in_v3_source,approach liability in primary scoring zone; putting volatility on links fescue; below-field structural skill profile,not_available_in_v3_source,not_available_in_v3_source,not_available_in_v3_source,48.44,48.44,not_available_in_v3_source,not_available_in_v3_source,not_available_in_v3_source,not_available_in_v3_source,not_available_in_v3_source,not_available_in_v3_source,HIGH,not_available_in_v3_source,not_available_in_v3_source,not_available_in_v3_source,not_available_in_v3_source,29.09,5,below-average approach (SG:APP -0.71) — significant exposure in the primary scoring zone.,0.08,not_available_in_v3_source,0.64,1.78,4.95,8.4,91.6,"NSI=10.3(w=0.40) + VFS=33.8(w=0.30) + VHN=50.5(w=0.15) + FORM=48.4(w=0.15) = VTS=29.1. VFS = base 34.2 + links_delta -0.4. Links trace: raw_sig=-0.111; delta_vfs=-0.44; windows=[6m:no_data | 12m:+0.149(ev=2,conf=0.75→adj=+0.112) | 24m:-0.348(ev=6,conf=1.00→adj=-0.348) | alltime:-0.415(ev=29,conf=1.00→adj=-0.415)]"
147,Tiger Christensen,-0.11,3.87,DEBUT,not_available_in_v3_source,41.06,41.06,0.1,not_available_in_v3_source,0,,49.7,NONE,28.62,v3_fixed_40_30_15_15,NSI=0.40;VFS=0.30;VHN=0.15;FORM=0.15,not_available_in_v3_source,RoyalBirkdaleDebut,0,No anti-pattern flags. Clean structural profile — no recurring weak-link traits identified for Royal Birkdale.,0.0,not_available_in_v3_source,not_available_in_v3_source,below-field structural skill profile,not_available_in_v3_source,not_available_in_v3_source,not_available_in_v3_source,48.68,48.68,not_available_in_v3_source,not_available_in_v3_source,not_available_in_v3_source,not_available_in_v3_source,not_available_in_v3_source,not_available_in_v3_source,HIGH,not_available_in_v3_source,not_available_in_v3_source,not_available_in_v3_source,not_available_in_v3_source,28.62,5,near-average approach (SG:APP +0.00) — below the Birkdale threshold.,0.07,not_available_in_v3_source,0.63,1.74,4.87,8.0,92.0,"NSI=3.9(w=0.40) + VFS=41.1(w=0.30) + VHN=49.7(w=0.15) + FORM=48.7(w=0.15) = VTS=28.6. VFS = base 44.5 + links_delta -3.5. Links trace: raw_sig=-0.862; delta_vfs=-3.45; windows=[6m:no_data | 12m:no_data | 24m:no_data | alltime:-2.154(ev=1,conf=0.40→adj=-0.862)]"
148,Matthew Southgate,0.7,5.81,FULL,not_available_in_v3_source,25.5,25.5,0.65,not_available_in_v3_source,1,2.552,64.57,LIGHT,28.42,v3_fixed_40_30_15_15,NSI=0.40;VFS=0.30;VHN=0.15;FORM=0.15,not_available_in_v3_source,BirkdaleHistoryThin,0,Anti-pattern flags: Approach Liability — below-field in the primary 150–200yd scoring zone; Poor Links Putter — below-field on fescue; links surfaces amplify weak putting; Weak ARG/Links Rough — revetted bunkers and steep run-offs create up-and-down challenge.,0.0,not_available_in_v3_source,not_available_in_v3_source,approach liability in primary scoring zone; putting volatility on links fescue; below-field structural skill profile,not_available_in_v3_source,not_available_in_v3_source,not_available_in_v3_source,58.4,58.4,not_available_in_v3_source,not_available_in_v3_source,not_available_in_v3_source,not_available_in_v3_source,not_available_in_v3_source,not_available_in_v3_source,HIGH,not_available_in_v3_source,not_available_in_v3_source,not_available_in_v3_source,not_available_in_v3_source,28.42,5,below-average approach (SG:APP -0.38) — significant exposure in the primary scoring zone; single Birkdale event on record (SG +2.552/rd) — limited but positive signal.,0.07,not_available_in_v3_source,0.62,1.72,4.83,7.9,92.1,"NSI=5.8(w=0.40) + VFS=25.5(w=0.30) + VHN=64.6(w=0.15) + FORM=58.4(w=0.15) = VTS=28.4. VFS = base 29.2 + links_delta -3.7. Links trace: raw_sig=-0.934; delta_vfs=-3.74; windows=[6m:no_data | 12m:-1.390(ev=2,conf=0.75→adj=-1.042) | 24m:-1.002(ev=6,conf=1.00→adj=-1.002) | alltime:-0.418(ev=37,conf=1.00→adj=-0.418)]"
149,Nevill Ruiter,0.96,3.23,DEBUT,not_available_in_v3_source,32.33,32.33,0.0,not_available_in_v3_source,0,,49.52,NONE,27.65,v3_fixed_40_30_15_15,NSI=0.40;VFS=0.30;VHN=0.15;FORM=0.15,not_available_in_v3_source,RoyalBirkdaleDebut,0,Anti-pattern flags: Poor Links Putter — below-field on fescue; links surfaces amplify weak putting; Weak ARG/Links Rough — revetted bunkers and steep run-offs create up-and-down challenge.,0.0,not_available_in_v3_source,not_available_in_v3_source,putting volatility on links fescue; below-field structural skill profile,not_available_in_v3_source,not_available_in_v3_source,not_available_in_v3_source,61.52,61.52,not_available_in_v3_source,not_available_in_v3_source,not_available_in_v3_source,not_available_in_v3_source,not_available_in_v3_source,not_available_in_v3_source,HIGH,not_available_in_v3_source,not_available_in_v3_source,not_available_in_v3_source,not_available_in_v3_source,27.65,5,competent approach (SG:APP +0.08) — sufficient for Birkdale's mid-iron corridors.,0.07,not_available_in_v3_source,0.59,1.66,4.7,7.3,92.7,NSI=3.2(w=0.40) + VFS=32.3(w=0.30) + VHN=49.5(w=0.15) + FORM=61.5(w=0.15) = VTS=27.6. VFS = base 32.3 + links_delta +0.0. Links trace: No links data — zero signal applied.
150,Lev Grinberg,0.64,10.97,DEBUT,not_available_in_v3_source,21.21,21.21,0.0,not_available_in_v3_source,0,,49.91,NONE,26.89,v3_fixed_40_30_15_15,NSI=0.40;VFS=0.30;VHN=0.15;FORM=0.15,not_available_in_v3_source,RoyalBirkdaleDebut,0,Anti-pattern flags: Approach Liability — below-field in the primary 150–200yd scoring zone; Poor Links Putter — below-field on fescue; links surfaces amplify weak putting; Weak ARG/Links Rough — revetted bunkers and steep run-offs create up-and-down challenge.,0.0,not_available_in_v3_source,not_available_in_v3_source,approach liability in primary scoring zone; putting volatility on links fescue; below-field structural skill profile,not_available_in_v3_source,not_available_in_v3_source,not_available_in_v3_source,57.68,57.68,not_available_in_v3_source,not_available_in_v3_source,not_available_in_v3_source,not_available_in_v3_source,not_available_in_v3_source,not_available_in_v3_source,HIGH,not_available_in_v3_source,not_available_in_v3_source,not_available_in_v3_source,not_available_in_v3_source,26.89,5,below-average approach (SG:APP -1.28) — significant exposure in the primary scoring zone.,0.07,not_available_in_v3_source,0.57,1.6,4.57,6.8,93.2,NSI=11.0(w=0.40) + VFS=21.2(w=0.30) + VHN=49.9(w=0.15) + FORM=57.7(w=0.15) = VTS=26.9. VFS = base 21.2 + links_delta +0.0. Links trace: No links data — zero signal applied.
151,David Duval,0.5,0.65,FULL,not_available_in_v3_source,38.4,38.4,0.1,not_available_in_v3_source,2,-0.248,43.02,MODERATE,26.63,v3_fixed_40_30_15_15,NSI=0.40;VFS=0.30;VHN=0.15;FORM=0.15,not_available_in_v3_source,BirkdaleHistoryThin,0,No anti-pattern flags. Clean structural profile — no recurring weak-link traits identified for Royal Birkdale.,0.0,not_available_in_v3_source,not_available_in_v3_source,below-field structural skill profile,not_available_in_v3_source,not_available_in_v3_source,not_available_in_v3_source,56.0,56.0,not_available_in_v3_source,not_available_in_v3_source,not_available_in_v3_source,not_available_in_v3_source,not_available_in_v3_source,not_available_in_v3_source,HIGH,not_available_in_v3_source,not_available_in_v3_source,not_available_in_v3_source,not_available_in_v3_source,26.63,5,"near-average approach (SG:APP +0.00) — below the Birkdale threshold; proven Birkdale performer (2 events, SG -0.248/rd at course).",0.06,not_available_in_v3_source,0.56,1.58,4.52,6.7,93.3,"NSI=0.7(w=0.40) + VFS=38.4(w=0.30) + VHN=43.0(w=0.15) + FORM=56.0(w=0.15) = VTS=26.6. VFS = base 46.4 + links_delta -8.0. Links trace: raw_sig=-2.360; delta_vfs=-8.00; windows=[6m:no_data | 12m:no_data | 24m:no_data | alltime:-2.360(ev=16,conf=1.00→adj=-2.360)]"
152,Naoyuki Kataoka,-0.26,9.03,DEBUT,not_available_in_v3_source,24.99,24.99,0.0,not_available_in_v3_source,0,,50.36,NONE,25.69,v3_fixed_40_30_15_15,NSI=0.40;VFS=0.30;VHN=0.15;FORM=0.15,not_available_in_v3_source,RoyalBirkdaleDebut,0,Anti-pattern flags: Approach Liability — below-field in the primary 150–200yd scoring zone; Weak ARG/Links Rough — revetted bunkers and steep run-offs create up-and-down challenge.,0.0,not_available_in_v3_source,not_available_in_v3_source,approach liability in primary scoring zone; below-field structural skill profile,not_available_in_v3_source,not_available_in_v3_source,not_available_in_v3_source,46.88,46.88,not_available_in_v3_source,not_available_in_v3_source,not_available_in_v3_source,not_available_in_v3_source,not_available_in_v3_source,not_available_in_v3_source,HIGH,not_available_in_v3_source,not_available_in_v3_source,not_available_in_v3_source,not_available_in_v3_source,25.69,5,below-average approach (SG:APP -2.90) — significant exposure in the primary scoring zone.,0.06,not_available_in_v3_source,0.53,1.51,4.37,6.1,93.9,NSI=9.0(w=0.40) + VFS=25.0(w=0.30) + VHN=50.4(w=0.15) + FORM=46.9(w=0.15) = VTS=25.7. VFS = base 25.0 + links_delta +0.0. Links trace: No links data — zero signal applied.
153,Fifa Laopakdee,-0.74,8.39,DEBUT,not_available_in_v3_source,24.54,24.54,0.0,not_available_in_v3_source,0,,49.76,NONE,24.35,v3_fixed_40_30_15_15,NSI=0.40;VFS=0.30;VHN=0.15;FORM=0.15,not_available_in_v3_source,RoyalBirkdaleDebut,0,Anti-pattern flags: Approach Liability — below-field in the primary 150–200yd scoring zone; Weak ARG/Links Rough — revetted bunkers and steep run-offs create up-and-down challenge.,0.0,not_available_in_v3_source,not_available_in_v3_source,approach liability in primary scoring zone; below-field structural skill profile,not_available_in_v3_source,not_available_in_v3_source,not_available_in_v3_source,41.12,41.12,not_available_in_v3_source,not_available_in_v3_source,not_available_in_v3_source,not_available_in_v3_source,not_available_in_v3_source,not_available_in_v3_source,HIGH,not_available_in_v3_source,not_available_in_v3_source,not_available_in_v3_source,not_available_in_v3_source,24.35,5,below-average approach (SG:APP -1.19) — significant exposure in the primary scoring zone.,0.05,not_available_in_v3_source,0.49,1.42,4.16,5.4,94.6,NSI=8.4(w=0.40) + VFS=24.5(w=0.30) + VHN=49.8(w=0.15) + FORM=41.1(w=0.15) = VTS=24.4. VFS = base 24.5 + links_delta +0.0. Links trace: No links data — zero signal applied.
154,Mason Howell,-0.31,7.74,DEBUT,not_available_in_v3_source,21.23,21.23,0.0,not_available_in_v3_source,0,,49.67,NONE,23.86,v3_fixed_40_30_15_15,NSI=0.40;VFS=0.30;VHN=0.15;FORM=0.15,not_available_in_v3_source,RoyalBirkdaleDebut,0,Anti-pattern flags: Approach Liability — below-field in the primary 150–200yd scoring zone; Long-Iron Weakness — exposure in the dominant par-4 approach range at Birkdale; Poor Links Putter — below-field on fescue; links surfaces amplify weak putting; Weak ARG/Links Rough — revetted bunkers and steep run-offs create up-and-down challenge.,0.0,not_available_in_v3_source,not_available_in_v3_source,approach liability in primary scoring zone; putting volatility on links fescue; below-field structural skill profile,not_available_in_v3_source,not_available_in_v3_source,not_available_in_v3_source,46.28,46.28,not_available_in_v3_source,not_available_in_v3_source,not_available_in_v3_source,not_available_in_v3_source,not_available_in_v3_source,not_available_in_v3_source,HIGH,not_available_in_v3_source,not_available_in_v3_source,not_available_in_v3_source,not_available_in_v3_source,23.86,5,below-average approach (SG:APP -1.09) — significant exposure in the primary scoring zone.,0.05,not_available_in_v3_source,0.48,1.38,4.08,5.1,94.9,NSI=7.7(w=0.40) + VFS=21.2(w=0.30) + VHN=49.7(w=0.15) + FORM=46.3(w=0.15) = VTS=23.9. VFS = base 21.2 + links_delta +0.0. Links trace: No links data — zero signal applied.
155,Mateo Pulcini,0.69,2.58,DEBUT,not_available_in_v3_source,17.96,17.96,0.0,not_available_in_v3_source,0,,49.94,NONE,22.65,v3_fixed_40_30_15_15,NSI=0.40;VFS=0.30;VHN=0.15;FORM=0.15,not_available_in_v3_source,RoyalBirkdaleDebut,0,Anti-pattern flags: Approach Liability — below-field in the primary 150–200yd scoring zone; Poor Links Putter — below-field on fescue; links surfaces amplify weak putting; Weak ARG/Links Rough — revetted bunkers and steep run-offs create up-and-down challenge.,0.0,not_available_in_v3_source,not_available_in_v3_source,approach liability in primary scoring zone; putting volatility on links fescue; below-field structural skill profile,not_available_in_v3_source,not_available_in_v3_source,not_available_in_v3_source,58.28,58.28,not_available_in_v3_source,not_available_in_v3_source,not_available_in_v3_source,not_available_in_v3_source,not_available_in_v3_source,not_available_in_v3_source,HIGH,not_available_in_v3_source,not_available_in_v3_source,not_available_in_v3_source,not_available_in_v3_source,22.65,5,below-average approach (SG:APP -0.69) — significant exposure in the primary scoring zone.,0.05,not_available_in_v3_source,0.45,1.31,3.9,4.6,95.4,NSI=2.6(w=0.40) + VFS=18.0(w=0.30) + VHN=49.9(w=0.15) + FORM=58.3(w=0.15) = VTS=22.6. VFS = base 18.0 + links_delta +0.0. Links trace: No links data — zero signal applied.
156,Tom Sloman,-0.34,1.29,DEBUT,not_available_in_v3_source,20.2,20.2,0.1,not_available_in_v3_source,0,,49.94,NONE,20.95,v3_fixed_40_30_15_15,NSI=0.40;VFS=0.30;VHN=0.15;FORM=0.15,not_available_in_v3_source,RoyalBirkdaleDebut,0,Anti-pattern flags: Approach Liability — below-field in the primary 150–200yd scoring zone; Poor Links Putter — below-field on fescue; links surfaces amplify weak putting; Weak ARG/Links Rough — revetted bunkers and steep run-offs create up-and-down challenge.,0.0,not_available_in_v3_source,not_available_in_v3_source,approach liability in primary scoring zone; putting volatility on links fescue; below-field structural skill profile,not_available_in_v3_source,not_available_in_v3_source,not_available_in_v3_source,45.92,45.92,not_available_in_v3_source,not_available_in_v3_source,not_available_in_v3_source,not_available_in_v3_source,not_available_in_v3_source,not_available_in_v3_source,HIGH,not_available_in_v3_source,not_available_in_v3_source,not_available_in_v3_source,not_available_in_v3_source,20.95,5,below-average approach (SG:APP -2.85) — significant exposure in the primary scoring zone.,0.04,not_available_in_v3_source,0.4,1.21,3.66,3.9,96.1,"NSI=1.3(w=0.40) + VFS=20.2(w=0.30) + VHN=49.9(w=0.15) + FORM=45.9(w=0.15) = VTS=20.9. VFS = base 19.5 + links_delta +0.7. Links trace: raw_sig=+0.182; delta_vfs=+0.73; windows=[6m:no_data | 12m:no_data | 24m:no_data | alltime:+0.455(ev=1,conf=0.40→adj=+0.182)]"
