player_name,dg_id,event_name,course_name,VenueDNA_rank,VenueDNA_tier,VenueDNA_final_projection,VenueDNA_neutral_skill,VenueDNA_venue_fit_delta,VenueDNA_venue_history_delta,VenueDNA_penalties_total,VenueDNA_confidence_band,VenueDNA_primary_case,VenueDNA_key_risk,VenueDNA_failure_condition,VenueDNA_conviction,VenueDNA_trait_approach,VenueDNA_trait_long_iron_150_225,VenueDNA_trait_total_driving,VenueDNA_trait_par5_scoring,VenueDNA_trait_easy_green_putting,VenueDNA_trait_course_history,anti_pattern_flags,risk_flags,tags,r1_tee_time,r1_wave,r1_start_hole,r2_tee_time,r2_wave,r2_start_hole,DG_finalprediction_benchmark,DG_stddev_benchmark,DG_coursefittotaladj_benchmark
"Scheffler, Scottie",18417,3M Open,TPC Twin Cities,1,T1,99.3,100.0,-0.185,0,0,high,Long-iron SG of +0.049/shot from 150-200 fw is the primary birdie creation mechanism at TPC; 46% of weekly approaches fall in this range,model risk is primarily regression to mean if 150-200 fw performance falls below recent trend,A regression in approach SG from the l12 trend — especially from 150-200 yards — converts this profile from contender to T3/T4 finisher; no short-game bailout exists at TPC,high,75.7,72.1,86.8,43.8,73.2,45.0,,,T1|approach_elite|long_iron_elite,7:29 AM,early,10,12:44 PM,late,1,2.827,2.742,0.032
"McNealy, Maverick",18634,3M Open,TPC Twin Cities,2,T1,76.9,76.3,0.0977,0.006,-8.0,low,Similar-course delta fit (+0.098 SG/round) exceeds the field median; profile translates to courses with TPC's approach-length and water-driving profile,driving accuracy flag active (adj -0.025); penalty exposure on 9 water-threatened driving holes is the primary downside scenario; 150-200 fw SG below neutral; weak long-iron week at TPC produces a ceiling far short of leaderboard contention; putting-reliant profile; easy bentgrass greens compress the putting edge that drives results at trickier venues; short-game-only profile; TPC does not reward scrambling over ball-striking,Driving wayward into water threats on 9 holes cascades into penalty strokes and poor approach positions; a -4 or worse driving week eliminates contention,medium,54.4,50.4,64.5,41.0,75.3,50.3,accuracy_risk|short_game_only|putting_dependency|long_iron_deficit,accuracy_risk|short_game_only|putting_dependency|long_iron_deficit,T1|venue_fit_upside|flag_accuracy_risk|flag_short_game_only|flag_putting_dependency|flag_long_iron_deficit,12:44 PM,late,1,7:29 AM,early,10,1.205,2.796,-0.078
"Koivun, Jackson",32319,3M Open,TPC Twin Cities,3,T1,75.0,70.9,0.3154,0,-2.0,medium,Long-iron SG of +0.091/shot from 150-200 fw is the primary birdie creation mechanism at TPC; 46% of weekly approaches fall in this range,short-game-only profile; TPC does not reward scrambling over ball-striking,A regression in approach SG from the l12 trend — especially from 150-200 yards — converts this profile from contender to T3/T4 finisher; no short-game bailout exists at TPC,high,72.6,84.6,62.8,49.5,52.2,45.0,short_game_only,short_game_only,T1|approach_elite|long_iron_elite|venue_fit_upside|flag_short_game_only,12:33 PM,late,1,7:18 AM,early,10,0.828,2.769,0.008
"Kitayama, Kurt",21891,3M Open,TPC Twin Cities,4,T1,72.3,73.3,-0.0134,0.064,0,high,Long-iron SG of +0.043/shot from 150-200 fw is the primary birdie creation mechanism at TPC; 46% of weekly approaches fall in this range,model risk is primarily regression to mean if 150-200 fw performance falls below recent trend,A regression in approach SG from the l12 trend — especially from 150-200 yards — converts this profile from contender to T3/T4 finisher; no short-game bailout exists at TPC,high,71.8,73.1,70.7,39.8,51.8,76.9,,,T1|approach_elite|long_iron_elite,12:33 PM,late,1,7:18 AM,early,10,1.162,2.817,-0.074
"Woodland, Gary",12577,3M Open,TPC Twin Cities,5,T1,71.9,64.7,0.5,0.028,0,high,Approach trait score 65/100; consistent iron play into receptive bentgrass greens creates sustainable birdie conversion without reliance on putting rescue,model risk is primarily regression to mean if 150-200 fw performance falls below recent trend,A regression in approach SG from the l12 trend — especially from 150-200 yards — converts this profile from contender to T3/T4 finisher; no short-game bailout exists at TPC,high,64.6,67.0,80.2,36.2,61.4,60.4,,,T1|approach_solid|venue_fit_upside,12:44 PM,late,1,7:29 AM,early,10,0.347,2.816,-0.102
"Matsuyama, Hideki",13562,3M Open,TPC Twin Cities,6,T2,71.3,75.5,-0.2215,-0.024,0,high,Elite approach SG (+0.64 per round in 2026) produces the approach volume needed in TPC's birdiefest but ball-striking-driven scoring environment,model risk is primarily regression to mean if 150-200 fw performance falls below recent trend,A regression in approach SG from the l12 trend — especially from 150-200 yards — converts this profile from contender to T3/T4 finisher; no short-game bailout exists at TPC,high,75.7,71.5,49.4,56.3,59.0,36.5,,,T2|approach_elite|long_iron_elite,7:29 AM,early,10,12:44 PM,late,1,1.138,2.733,0.031
"Kim, Tom",24766,3M Open,TPC Twin Cities,7,T2,70.3,63.3,0.4828,0.011,0,high,Elite approach SG (+0.68 per round in 2026) produces the approach volume needed in TPC's birdiefest but ball-striking-driven scoring environment,model risk is primarily regression to mean if 150-200 fw performance falls below recent trend,A regression in approach SG from the l12 trend — especially from 150-200 yards — converts this profile from contender to T3/T4 finisher; no short-game bailout exists at TPC,high,63.5,59.2,49.1,55.3,44.8,52.6,,,T2|approach_solid|venue_fit_upside,12:55 PM,late,1,7:40 AM,early,10,1.12,2.751,0.078
"Conners, Corey",17576,3M Open,TPC Twin Cities,8,T2,69.7,67.0,0.2096,0.004,0,high,Long-iron SG of +0.046/shot from 150-200 fw is the primary birdie creation mechanism at TPC; 46% of weekly approaches fall in this range,model risk is primarily regression to mean if 150-200 fw performance falls below recent trend,A regression in approach SG from the l12 trend — especially from 150-200 yards — converts this profile from contender to T3/T4 finisher; no short-game bailout exists at TPC,high,77.1,74.9,55.9,57.4,43.5,49.4,,,T2|approach_elite|long_iron_elite|venue_fit_upside,7:18 AM,early,10,12:33 PM,late,1,0.884,2.749,0.088
"Harman, Brian",8825,3M Open,TPC Twin Cities,9,T2,69.6,63.7,0.4115,0.023,0,high,Approach trait score 67/100; consistent iron play into receptive bentgrass greens creates sustainable birdie conversion without reliance on putting rescue,model risk is primarily regression to mean if 150-200 fw performance falls below recent trend,A regression in approach SG from the l12 trend — especially from 150-200 yards — converts this profile from contender to T3/T4 finisher; no short-game bailout exists at TPC,high,67.0,59.9,44.9,64.2,54.4,58.1,,,T2|approach_solid|venue_fit_upside,7:40 AM,early,10,12:55 PM,late,1,0.614,2.72,0.134
"Meissner, Mac",28159,3M Open,TPC Twin Cities,10,T2,68.6,67.3,0.1216,0.016,0,high,Approach trait score 64/100; consistent iron play into receptive bentgrass greens creates sustainable birdie conversion without reliance on putting rescue,model risk is primarily regression to mean if 150-200 fw performance falls below recent trend,A regression in approach SG from the l12 trend — especially from 150-200 yards — converts this profile from contender to T3/T4 finisher; no short-game bailout exists at TPC,high,64.0,64.2,50.0,51.3,64.8,54.9,,,T2|approach_solid|venue_fit_upside,7:07 AM,early,10,12:22 PM,late,1,0.778,2.681,-0.007
"Smith, Jordan",18586,3M Open,TPC Twin Cities,11,T2,68.1,63.3,0.3447,0,0,high,Approach trait score 67/100; consistent iron play into receptive bentgrass greens creates sustainable birdie conversion without reliance on putting rescue,model risk is primarily regression to mean if 150-200 fw performance falls below recent trend,A regression in approach SG from the l12 trend — especially from 150-200 yards — converts this profile from contender to T3/T4 finisher; no short-game bailout exists at TPC,high,66.6,70.7,72.1,47.0,44.0,45.0,,,T2|approach_solid|long_iron_elite|venue_fit_upside,6:56 AM,early,1,12:11 PM,late,10,0.8,2.771,0.043
"Mitchell, Keith",17365,3M Open,TPC Twin Cities,12,T2,66.5,67.6,-0.0328,0.024,0,high,Approach trait score 61/100; consistent iron play into receptive bentgrass greens creates sustainable birdie conversion without reliance on putting rescue,model risk is primarily regression to mean if 150-200 fw performance falls below recent trend,A regression in approach SG from the l12 trend — especially from 150-200 yards — converts this profile from contender to T3/T4 finisher; no short-game bailout exists at TPC,high,61.2,61.8,80.7,36.2,48.4,58.5,,,T2|approach_solid|venue_experience,7:51 AM,early,10,1:06 PM,late,1,0.898,2.803,-0.105
"Knapp, Jake",19396,3M Open,TPC Twin Cities,13,T3,64.9,73.4,-0.5,-0.001,-4.0,low,Off-the-tee SG (+0.37/round) provides the controlled power model; distance with accuracy avoids the water threats that punish erratic bombers,driving accuracy flag active (adj -0.045); penalty exposure on 9 water-threatened driving holes is the primary downside scenario; 150-200 fw SG below neutral; weak long-iron week at TPC produces a ceiling far short of leaderboard contention,Driving wayward into water threats on 9 holes cascades into penalty strokes and poor approach positions; a -4 or worse driving week eliminates contention,medium,56.9,57.9,67.4,31.6,76.8,47.1,accuracy_risk|long_iron_deficit,accuracy_risk|long_iron_deficit,T3|approach_solid|flag_accuracy_risk|flag_long_iron_deficit,7:18 AM,early,10,12:33 PM,late,1,0.555,2.855,-0.16
"Stevens, Sam",25569,3M Open,TPC Twin Cities,14,T3,64.9,63.0,0.1494,0.047,0,high,Similar-course delta fit (+0.149 SG/round) exceeds the field median; profile translates to courses with TPC's approach-length and water-driving profile,model risk is primarily regression to mean if 150-200 fw performance falls below recent trend,Approach play below field median for the week; TPC's scoring environment still requires birdie volume that cannot be manufactured from short-game rescue alone,medium,50.4,52.0,69.5,39.7,41.0,69.1,,,T3|venue_fit_upside,12:00 PM,late,10,6:45 AM,early,1,0.673,2.75,-0.04
"Hoey, Rico",23504,3M Open,TPC Twin Cities,15,T3,64.3,57.7,0.4395,-0.024,0,high,Approach trait score 64/100; consistent iron play into receptive bentgrass greens creates sustainable birdie conversion without reliance on putting rescue,model risk is primarily regression to mean if 150-200 fw performance falls below recent trend,Approach play below field median for the week; TPC's scoring environment still requires birdie volume that cannot be manufactured from short-game rescue alone,medium,63.6,71.7,67.1,43.2,37.6,36.5,,,T3|approach_solid|long_iron_elite|venue_fit_upside,7:07 AM,early,10,12:22 PM,late,1,0.241,2.803,-0.031
"McGreevy, Max",23505,3M Open,TPC Twin Cities,16,T3,64.1,62.1,0.1551,-0.006,-2.0,medium,Similar-course delta fit (+0.155 SG/round) exceeds the field median; profile translates to courses with TPC's approach-length and water-driving profile,150-200 fw SG below neutral; weak long-iron week at TPC produces a ceiling far short of leaderboard contention,A week where 150-200 fw SG falls to -0.02 or below means failing to generate the birdie density this course requires; T40+ result likely,medium,59.6,58.5,57.1,59.5,34.5,44.8,long_iron_deficit,long_iron_deficit,T3|approach_solid|venue_fit_upside|flag_long_iron_deficit,1:06 PM,late,1,7:51 AM,early,10,0.54,2.705,0.129
"Yellamaraju, Sudarshan",29925,3M Open,TPC Twin Cities,17,T3,64.1,58.4,0.39,0,-2.0,medium,Similar-course delta fit (+0.390 SG/round) exceeds the field median; profile translates to courses with TPC's approach-length and water-driving profile,150-200 fw SG below neutral; weak long-iron week at TPC produces a ceiling far short of leaderboard contention,A week where 150-200 fw SG falls to -0.02 or below means failing to generate the birdie density this course requires; T40+ result likely,medium,59.8,56.8,68.5,41.7,63.3,45.0,long_iron_deficit,long_iron_deficit,T3|approach_solid|venue_fit_upside|flag_long_iron_deficit,7:07 AM,early,10,12:22 PM,late,1,0.271,2.798,-0.058
"James, Ben",29827,3M Open,TPC Twin Cities,18,T3,63.6,61.3,0.1706,-0.018,0,high,Approach trait score 63/100; consistent iron play into receptive bentgrass greens creates sustainable birdie conversion without reliance on putting rescue,model risk is primarily regression to mean if 150-200 fw performance falls below recent trend,Approach play below field median for the week; TPC's scoring environment still requires birdie volume that cannot be manufactured from short-game rescue alone,medium,63.3,74.6,58.0,50.7,58.2,39.3,,,T3|approach_solid|long_iron_elite|venue_fit_upside,8:24 AM,early,10,1:39 PM,late,1,0.65,2.76,0.041
"Ghim, Doug",24550,3M Open,TPC Twin Cities,19,T3,63.5,61.6,0.1424,0.049,-4.0,low,Similar-course delta fit (+0.142 SG/round) exceeds the field median; profile translates to courses with TPC's approach-length and water-driving profile,150-200 fw SG below neutral; weak long-iron week at TPC produces a ceiling far short of leaderboard contention; short-game-only profile; TPC does not reward scrambling over ball-striking,A week where 150-200 fw SG falls to -0.02 or below means failing to generate the birdie density this course requires; T40+ result likely,medium,50.9,44.2,73.1,46.0,45.3,70.0,short_game_only|long_iron_deficit,short_game_only|long_iron_deficit,T3|venue_fit_upside|venue_experience|flag_short_game_only|flag_long_iron_deficit,1:06 PM,late,10,7:51 AM,early,1,0.881,2.724,0.045
"Rodgers, Patrick",16283,3M Open,TPC Twin Cities,20,T3,63.0,58.6,0.3073,0.008,-2.0,medium,Similar-course delta fit (+0.307 SG/round) exceeds the field median; profile translates to courses with TPC's approach-length and water-driving profile,driving accuracy flag active (adj -0.064); penalty exposure on 9 water-threatened driving holes is the primary downside scenario,Driving wayward into water threats on 9 holes cascades into penalty strokes and poor approach positions; a -4 or worse driving week eliminates contention,medium,47.6,52.2,49.7,40.6,65.7,51.2,accuracy_risk,accuracy_risk,T3|venue_fit_upside|venue_experience|flag_accuracy_risk,8:02 AM,early,10,1:17 PM,late,1,-0.295,2.802,-0.12
"McCarthy, Denny",19870,3M Open,TPC Twin Cities,21,T3,62.8,62.8,0.0248,0.014,-4.0,low,NSI 62.8/100 reflects baseline skill; scoring upside at TPC tied to approach conversion rather than short-game recovery,150-200 fw SG below neutral; weak long-iron week at TPC produces a ceiling far short of leaderboard contention; putting-reliant profile; easy bentgrass greens compress the putting edge that drives results at trickier venues,A week where 150-200 fw SG falls to -0.02 or below means failing to generate the birdie density this course requires; T40+ result likely,medium,53.1,50.1,37.9,60.8,72.1,53.9,putting_dependency|long_iron_deficit,putting_dependency|long_iron_deficit,T3|flag_putting_dependency|flag_long_iron_deficit,8:13 AM,early,10,1:28 PM,late,1,0.381,2.651,0.064
"Im, Sungjae",17488,3M Open,TPC Twin Cities,22,T3,62.7,60.9,0.1447,-0.002,-4.0,low,Similar-course delta fit (+0.145 SG/round) exceeds the field median; profile translates to courses with TPC's approach-length and water-driving profile,150-200 fw SG below neutral; weak long-iron week at TPC produces a ceiling far short of leaderboard contention; short-game-only profile; TPC does not reward scrambling over ball-striking,A week where 150-200 fw SG falls to -0.02 or below means failing to generate the birdie density this course requires; T40+ result likely,medium,34.4,31.5,65.3,47.0,61.0,46.6,short_game_only|long_iron_deficit,short_game_only|long_iron_deficit,T3|venue_fit_upside|flag_short_game_only|flag_long_iron_deficit,7:29 AM,early,10,12:44 PM,late,1,0.733,2.786,0.041
"Putnam, Andrew",14704,3M Open,TPC Twin Cities,23,T3,62.7,60.8,0.1443,-0.014,0,high,Similar-course delta fit (+0.144 SG/round) exceeds the field median; profile translates to courses with TPC's approach-length and water-driving profile,model risk is primarily regression to mean if 150-200 fw performance falls below recent trend,Approach play below field median for the week; TPC's scoring environment still requires birdie volume that cannot be manufactured from short-game rescue alone,medium,57.1,57.5,30.2,83.3,62.6,41.1,,,T3|approach_solid|venue_fit_upside,8:02 AM,early,10,1:17 PM,late,1,0.413,2.633,0.317
"Kuchar, Matt",6169,3M Open,TPC Twin Cities,24,T3,62.5,59.1,0.2417,0.039,-6.0,low,Similar-course delta fit (+0.242 SG/round) exceeds the field median; profile translates to courses with TPC's approach-length and water-driving profile,150-200 fw SG below neutral; weak long-iron week at TPC produces a ceiling far short of leaderboard contention; putting-reliant profile; easy bentgrass greens compress the putting edge that drives results at trickier venues; short-game-only profile; TPC does not reward scrambling over ball-striking,A week where 150-200 fw SG falls to -0.02 or below means failing to generate the birdie density this course requires; T40+ result likely,medium,44.0,38.2,27.9,73.8,77.8,65.4,short_game_only|putting_dependency|long_iron_deficit,short_game_only|putting_dependency|long_iron_deficit,T3|venue_fit_upside|flag_short_game_only|flag_putting_dependency|flag_long_iron_deficit,7:51 AM,early,1,1:06 PM,late,10,0.084,2.62,0.23
"Mouw, William",29770,3M Open,TPC Twin Cities,25,T3,62.5,58.5,0.2814,0.037,0,high,Approach trait score 62/100; consistent iron play into receptive bentgrass greens creates sustainable birdie conversion without reliance on putting rescue,model risk is primarily regression to mean if 150-200 fw performance falls below recent trend,Approach play below field median for the week; TPC's scoring environment still requires birdie volume that cannot be manufactured from short-game rescue alone,medium,61.5,65.5,59.8,45.0,43.0,64.5,,,T3|approach_solid|venue_fit_upside,7:29 AM,early,1,12:44 PM,late,10,0.242,2.795,-0.031
"Brennan, Michael",29197,3M Open,TPC Twin Cities,26,T4,61.5,61.3,0.0324,0,-2.0,medium,Approach trait score 62/100; consistent iron play into receptive bentgrass greens creates sustainable birdie conversion without reliance on putting rescue,150-200 fw SG below neutral; weak long-iron week at TPC produces a ceiling far short of leaderboard contention,A week where 150-200 fw SG falls to -0.02 or below means failing to generate the birdie density this course requires; T40+ result likely,low,62.5,59.6,87.1,25.9,35.4,45.0,long_iron_deficit,long_iron_deficit,T4|approach_solid|flag_long_iron_deficit,7:51 AM,early,1,1:06 PM,late,10,0.426,2.865,-0.174
"Hodges, Lee",25157,3M Open,TPC Twin Cities,27,T4,61.5,55.8,0.3825,0.043,0,high,Approach trait score 62/100; consistent iron play into receptive bentgrass greens creates sustainable birdie conversion without reliance on putting rescue,below-field approach and/or iron play limits scoring capacity in TPC's birdiefest environment where approach is the primary separator,Approach play below field median for the week; TPC's scoring environment still requires birdie volume that cannot be manufactured from short-game rescue alone,low,61.6,65.9,61.0,58.6,58.2,67.3,,,T4|approach_solid|venue_fit_upside,6:45 AM,early,10,12:00 PM,late,1,0.222,2.733,0.116
"Bezuidenhout, Christiaan",18103,3M Open,TPC Twin Cities,28,T4,61.4,64.3,-0.1629,0,0,high,Approach trait score 60/100; consistent iron play into receptive bentgrass greens creates sustainable birdie conversion without reliance on putting rescue,below-field approach and/or iron play limits scoring capacity in TPC's birdiefest environment where approach is the primary separator,Approach play below field median for the week; TPC's scoring environment still requires birdie volume that cannot be manufactured from short-game rescue alone,low,60.5,54.2,35.8,67.4,67.0,47.5,,,T4|approach_solid,12:22 PM,late,10,7:07 AM,early,1,0.672,2.647,0.156
"Neergaard-Petersen, Rasmus",23841,3M Open,TPC Twin Cities,29,T4,60.8,61.2,-0.0034,0,0,high,Off-the-tee SG (+0.47/round) provides the controlled power model; distance with accuracy avoids the water threats that punish erratic bombers,below-field approach and/or iron play limits scoring capacity in TPC's birdiefest environment where approach is the primary separator,Approach play below field median for the week; TPC's scoring environment still requires birdie volume that cannot be manufactured from short-game rescue alone,low,52.3,65.8,71.7,42.6,51.8,45.0,,,T4,1:39 PM,late,1,8:24 AM,early,10,0.536,2.782,0.004
"Kirk, Chris",12423,3M Open,TPC Twin Cities,30,T4,60.3,58.3,0.1434,0.004,0,high,Approach trait score 71/100; consistent iron play into receptive bentgrass greens creates sustainable birdie conversion without reliance on putting rescue,below-field approach and/or iron play limits scoring capacity in TPC's birdiefest environment where approach is the primary separator,Approach play below field median for the week; TPC's scoring environment still requires birdie volume that cannot be manufactured from short-game rescue alone,low,70.8,61.0,53.0,55.9,25.8,49.4,,,T4|approach_elite|venue_fit_upside,7:18 AM,early,1,12:33 PM,late,10,-0.047,2.76,0.026
"Lipsky, David",15980,3M Open,TPC Twin Cities,31,T4,60.3,54.6,0.3806,0.037,-2.0,medium,Similar-course delta fit (+0.381 SG/round) exceeds the field median; profile translates to courses with TPC's approach-length and water-driving profile,short-game-only profile; TPC does not reward scrambling over ball-striking,Approach play below field median for the week; TPC's scoring environment still requires birdie volume that cannot be manufactured from short-game rescue alone,low,58.2,56.8,39.0,64.8,51.3,64.5,short_game_only,short_game_only,T4|approach_solid|venue_fit_upside|flag_short_game_only,1:17 PM,late,1,8:02 AM,early,10,-0.186,2.741,0.114
"Snedeker, Brandt",8820,3M Open,TPC Twin Cities,32,T4,60.3,54.1,0.4071,0.021,-4.0,low,Similar-course delta fit (+0.407 SG/round) exceeds the field median; profile translates to courses with TPC's approach-length and water-driving profile,150-200 fw SG below neutral; weak long-iron week at TPC produces a ceiling far short of leaderboard contention; short-game-only profile; TPC does not reward scrambling over ball-striking,A week where 150-200 fw SG falls to -0.02 or below means failing to generate the birdie density this course requires; T40+ result likely,low,49.9,44.7,26.1,79.7,58.5,57.2,short_game_only|long_iron_deficit,short_game_only|long_iron_deficit,T4|venue_fit_upside|flag_short_game_only|flag_long_iron_deficit,7:51 AM,early,1,1:06 PM,late,10,0.096,2.652,0.29
"Ewart, A.J.",21883,3M Open,TPC Twin Cities,33,T4,60.2,53.3,0.4525,0,-4.0,low,Similar-course delta fit (+0.453 SG/round) exceeds the field median; profile translates to courses with TPC's approach-length and water-driving profile,driving accuracy flag active (adj -0.031); penalty exposure on 9 water-threatened driving holes is the primary downside scenario; putting-reliant profile; easy bentgrass greens compress the putting edge that drives results at trickier venues,Driving wayward into water threats on 9 holes cascades into penalty strokes and poor approach positions; a -4 or worse driving week eliminates contention,low,55.2,53.4,40.0,53.0,70.7,45.0,accuracy_risk|putting_dependency,accuracy_risk|putting_dependency,T4|approach_solid|venue_fit_upside|flag_accuracy_risk|flag_putting_dependency,8:24 AM,early,1,1:39 PM,late,10,-0.087,2.769,-0.014
"Hughes, Mackenzie",15556,3M Open,TPC Twin Cities,34,T4,59.8,58.1,0.1236,0.015,-6.0,low,Similar-course delta fit (+0.124 SG/round) exceeds the field median; profile translates to courses with TPC's approach-length and water-driving profile,driving accuracy flag active (adj -0.063); penalty exposure on 9 water-threatened driving holes is the primary downside scenario; 150-200 fw SG below neutral; weak long-iron week at TPC produces a ceiling far short of leaderboard contention; short-game-only profile; TPC does not reward scrambling over ball-striking,Driving wayward into water threats on 9 holes cascades into penalty strokes and poor approach positions; a -4 or worse driving week eliminates contention,low,39.8,43.2,42.6,43.9,68.3,54.4,accuracy_risk|short_game_only|long_iron_deficit,accuracy_risk|short_game_only|long_iron_deficit,T4|venue_fit_upside|venue_experience|flag_accuracy_risk|flag_short_game_only|flag_long_iron_deficit,6:45 AM,early,1,12:00 PM,late,10,0.277,2.762,-0.086
"Castillo, Ricky",27819,3M Open,TPC Twin Cities,35,T4,59.4,60.9,-0.0757,-0.003,-2.0,medium,NSI 60.9/100 reflects baseline skill; scoring upside at TPC tied to approach conversion rather than short-game recovery,150-200 fw SG below neutral; weak long-iron week at TPC produces a ceiling far short of leaderboard contention,A week where 150-200 fw SG falls to -0.02 or below means failing to generate the birdie density this course requires; T40+ result likely,low,31.0,37.2,58.9,39.6,55.5,46.1,long_iron_deficit,long_iron_deficit,T4|flag_long_iron_deficit,12:33 PM,late,10,7:18 AM,early,1,0.315,2.745,-0.029
"Bauchou, Zach",19846,3M Open,TPC Twin Cities,36,T4,59.3,57.7,0.119,0,0,high,Approach trait score 66/100; consistent iron play into receptive bentgrass greens creates sustainable birdie conversion without reliance on putting rescue,below-field approach and/or iron play limits scoring capacity in TPC's birdiefest environment where approach is the primary separator,Approach play below field median for the week; TPC's scoring environment still requires birdie volume that cannot be manufactured from short-game rescue alone,low,65.5,60.7,47.2,56.0,53.1,45.0,,,T4|approach_solid|venue_fit_upside,8:35 AM,early,10,1:50 PM,late,1,0.35,2.732,0.033
"Ramey, Chad",19840,3M Open,TPC Twin Cities,37,T4,59.2,54.0,0.3402,0.033,-4.0,low,Similar-course delta fit (+0.340 SG/round) exceeds the field median; profile translates to courses with TPC's approach-length and water-driving profile,150-200 fw SG below neutral; weak long-iron week at TPC produces a ceiling far short of leaderboard contention; putting-reliant profile; easy bentgrass greens compress the putting edge that drives results at trickier venues,A week where 150-200 fw SG falls to -0.02 or below means failing to generate the birdie density this course requires; T40+ result likely,low,42.1,39.1,48.7,50.6,68.5,62.7,putting_dependency|long_iron_deficit,putting_dependency|long_iron_deficit,T4|venue_fit_upside|flag_putting_dependency|flag_long_iron_deficit,8:13 AM,early,1,1:28 PM,late,10,-0.176,2.746,0.007
"Power, Seamus",10104,3M Open,TPC Twin Cities,38,T4,59.1,57.1,0.1405,0.003,-4.0,low,Similar-course delta fit (+0.141 SG/round) exceeds the field median; profile translates to courses with TPC's approach-length and water-driving profile,150-200 fw SG below neutral; weak long-iron week at TPC produces a ceiling far short of leaderboard contention; short-game-only profile; TPC does not reward scrambling over ball-striking,A week where 150-200 fw SG falls to -0.02 or below means failing to generate the birdie density this course requires; T40+ result likely,low,48.5,44.6,44.0,55.5,67.9,48.9,short_game_only|long_iron_deficit,short_game_only|long_iron_deficit,T4|venue_fit_upside|flag_short_game_only|flag_long_iron_deficit,1:17 PM,late,1,8:02 AM,early,10,0.082,2.742,0.059
"Fishburn, Patrick",25094,3M Open,TPC Twin Cities,39,T4,58.7,51.0,0.5,0.034,-2.0,medium,Similar-course delta fit (+0.500 SG/round) exceeds the field median; profile translates to courses with TPC's approach-length and water-driving profile,driving accuracy flag active (adj -0.025); penalty exposure on 9 water-threatened driving holes is the primary downside scenario,Driving wayward into water threats on 9 holes cascades into penalty strokes and poor approach positions; a -4 or worse driving week eliminates contention,low,57.1,61.3,59.9,43.5,43.0,63.1,accuracy_risk,accuracy_risk,T4|approach_solid|venue_fit_upside|flag_accuracy_risk,8:24 AM,early,10,1:39 PM,late,1,-0.236,2.817,-0.073
"Homa, Max",17538,3M Open,TPC Twin Cities,40,T4,58.7,62.9,-0.25,0.022,-6.0,low,NSI 62.9/100 reflects baseline skill; scoring upside at TPC tied to approach conversion rather than short-game recovery,driving accuracy flag active (adj -0.020); penalty exposure on 9 water-threatened driving holes is the primary downside scenario; 150-200 fw SG below neutral; weak long-iron week at TPC produces a ceiling far short of leaderboard contention; putting-reliant profile; easy bentgrass greens compress the putting edge that drives results at trickier venues,Driving wayward into water threats on 9 holes cascades into penalty strokes and poor approach positions; a -4 or worse driving week eliminates contention,low,56.3,53.1,58.8,45.7,69.1,57.6,accuracy_risk|putting_dependency|long_iron_deficit,accuracy_risk|putting_dependency|long_iron_deficit,T4|approach_solid|flag_accuracy_risk|flag_putting_dependency|flag_long_iron_deficit,7:18 AM,early,10,12:33 PM,late,1,0.597,2.8,-0.047
"Blanchet, Chandler",24956,3M Open,TPC Twin Cities,41,T5,58.4,50.7,0.4993,0,-2.0,medium,Similar-course delta fit (+0.499 SG/round) exceeds the field median; profile translates to courses with TPC's approach-length and water-driving profile,150-200 fw SG below neutral; weak long-iron week at TPC produces a ceiling far short of leaderboard contention,A week where 150-200 fw SG falls to -0.02 or below means failing to generate the birdie density this course requires; T40+ result likely,low,57.4,48.8,54.2,60.8,31.0,45.0,long_iron_deficit,long_iron_deficit,T5|approach_solid|venue_fit_upside|flag_long_iron_deficit,8:46 AM,early,10,2:01 PM,late,1,-0.48,2.835,0.145
"Grillo, Emiliano",12808,3M Open,TPC Twin Cities,42,T5,58.4,55.7,0.1886,0.089,0,high,Approach trait score 61/100; consistent iron play into receptive bentgrass greens creates sustainable birdie conversion without reliance on putting rescue,below-field approach and/or iron play limits scoring capacity in TPC's birdiefest environment where approach is the primary separator,Approach play below field median for the week; TPC's scoring environment still requires birdie volume that cannot be manufactured from short-game rescue alone,low,61.4,62.8,53.2,59.7,42.5,88.4,,,T5|approach_solid|venue_fit_upside|venue_experience,8:02 AM,early,1,1:17 PM,late,10,0.266,2.733,0.134
"Fisk, Steven",26657,3M Open,TPC Twin Cities,43,T5,58.3,56.9,0.1063,-0.02,-2.0,medium,Similar-course delta fit (+0.106 SG/round) exceeds the field median; profile translates to courses with TPC's approach-length and water-driving profile,150-200 fw SG below neutral; weak long-iron week at TPC produces a ceiling far short of leaderboard contention,A week where 150-200 fw SG falls to -0.02 or below means failing to generate the birdie density this course requires; T40+ result likely,low,52.0,51.7,55.7,39.2,64.7,38.3,long_iron_deficit,long_iron_deficit,T5|venue_fit_upside|flag_long_iron_deficit,7:40 AM,early,10,12:55 PM,late,1,0.201,2.767,-0.069
"Nakajima, Keita",21074,3M Open,TPC Twin Cities,44,T5,58.1,57.0,0.0811,0,-2.0,medium,Similar-course delta fit (+0.081 SG/round) exceeds the field median; profile translates to courses with TPC's approach-length and water-driving profile,150-200 fw SG below neutral; weak long-iron week at TPC produces a ceiling far short of leaderboard contention,A week where 150-200 fw SG falls to -0.02 or below means failing to generate the birdie density this course requires; T40+ result likely,low,58.5,60.1,49.0,48.9,63.7,45.0,long_iron_deficit,long_iron_deficit,T5|approach_solid|venue_fit_upside|flag_long_iron_deficit,1:39 PM,late,10,8:24 AM,early,1,0.251,2.767,-0.001
"Schmid, Matti",20722,3M Open,TPC Twin Cities,45,T5,58.0,55.9,0.1458,0.057,-2.0,medium,Similar-course delta fit (+0.146 SG/round) exceeds the field median; profile translates to courses with TPC's approach-length and water-driving profile,driving accuracy flag active (adj -0.064); penalty exposure on 9 water-threatened driving holes is the primary downside scenario,Driving wayward into water threats on 9 holes cascades into penalty strokes and poor approach positions; a -4 or worse driving week eliminates contention,low,51.3,56.5,52.6,38.1,59.0,73.7,accuracy_risk,accuracy_risk,T5|venue_fit_upside|flag_accuracy_risk,12:11 PM,late,10,6:56 AM,early,1,0.007,2.846,-0.136
"Thompson, Davis",27364,3M Open,TPC Twin Cities,46,T5,58.0,61.1,-0.1788,-0.02,0,high,NSI 61.1/100 reflects baseline skill; scoring upside at TPC tied to approach conversion rather than short-game recovery,below-field approach and/or iron play limits scoring capacity in TPC's birdiefest environment where approach is the primary separator,Approach play below field median for the week; TPC's scoring environment still requires birdie volume that cannot be manufactured from short-game rescue alone,low,55.1,52.5,58.0,44.1,38.8,38.3,,,T5|approach_solid,12:33 PM,late,10,7:18 AM,early,1,0.324,2.76,-0.022
"Kim, Michael",17543,3M Open,TPC Twin Cities,47,T5,57.8,62.6,-0.2862,0.012,-4.0,low,NSI 62.6/100 reflects baseline skill; scoring upside at TPC tied to approach conversion rather than short-game recovery,driving accuracy flag active (adj -0.039); penalty exposure on 9 water-threatened driving holes is the primary downside scenario; 150-200 fw SG below neutral; weak long-iron week at TPC produces a ceiling far short of leaderboard contention,Driving wayward into water threats on 9 holes cascades into penalty strokes and poor approach positions; a -4 or worse driving week eliminates contention,low,51.2,46.0,39.6,52.2,67.5,53.0,accuracy_risk|long_iron_deficit,accuracy_risk|long_iron_deficit,T5|flag_accuracy_risk|flag_long_iron_deficit,12:22 PM,late,10,7:07 AM,early,1,0.489,2.757,-0.011
"Parry, John",13764,3M Open,TPC Twin Cities,48,T5,57.8,59.6,-0.0981,0,0,high,Approach trait score 62/100; consistent iron play into receptive bentgrass greens creates sustainable birdie conversion without reliance on putting rescue,below-field approach and/or iron play limits scoring capacity in TPC's birdiefest environment where approach is the primary separator,Approach play below field median for the week; TPC's scoring environment still requires birdie volume that cannot be manufactured from short-game rescue alone,low,62.1,66.1,45.5,62.8,42.5,45.0,,,T5|approach_solid,1:50 PM,late,10,8:35 AM,early,1,0.37,2.677,0.131
"Horschel, Billy",11276,3M Open,TPC Twin Cities,49,T5,57.6,55.4,0.154,0.024,0,high,Approach trait score 66/100; consistent iron play into receptive bentgrass greens creates sustainable birdie conversion without reliance on putting rescue,below-field approach and/or iron play limits scoring capacity in TPC's birdiefest environment where approach is the primary separator,Approach play below field median for the week; TPC's scoring environment still requires birdie volume that cannot be manufactured from short-game rescue alone,low,65.5,63.5,41.3,58.0,54.1,58.5,,,T5|approach_solid|venue_fit_upside,12:33 PM,late,1,7:18 AM,early,10,-0.153,2.764,0.025
"Jarvis, Casey",26947,3M Open,TPC Twin Cities,50,T5,57.6,57.9,0.0,0,0,low,Approach trait score 66/100; consistent iron play into receptive bentgrass greens creates sustainable birdie conversion without reliance on putting rescue,below-field approach and/or iron play limits scoring capacity in TPC's birdiefest environment where approach is the primary separator,Approach play below field median for the week; TPC's scoring environment still requires birdie volume that cannot be manufactured from short-game rescue alone,low,65.9,60.3,60.3,55.9,48.1,45.0,,,T5|approach_solid|debut,12:55 PM,late,1,7:40 AM,early,10,0.591,2.793,0.081
"Smotherman, Austin",22985,3M Open,TPC Twin Cities,51,T5,57.5,53.4,0.2716,-0.018,0,high,Elite approach SG (+0.73 per round in 2026) produces the approach volume needed in TPC's birdiefest but ball-striking-driven scoring environment,below-field approach and/or iron play limits scoring capacity in TPC's birdiefest environment where approach is the primary separator,Approach play below field median for the week; TPC's scoring environment still requires birdie volume that cannot be manufactured from short-game rescue alone,low,74.2,70.3,64.9,59.2,31.4,39.3,,,T5|approach_elite|long_iron_elite|venue_fit_upside,1:06 PM,late,10,7:51 AM,early,1,0.011,2.806,0.113
"Kohles, Ben",16395,3M Open,TPC Twin Cities,52,T5,57.3,56.9,0.0371,0.031,0,high,Approach trait score 73/100; consistent iron play into receptive bentgrass greens creates sustainable birdie conversion without reliance on putting rescue,below-field approach and/or iron play limits scoring capacity in TPC's birdiefest environment where approach is the primary separator,Approach play below field median for the week; TPC's scoring environment still requires birdie volume that cannot be manufactured from short-game rescue alone,low,72.6,64.2,53.9,70.9,51.3,61.7,,,T5|approach_elite,12:00 PM,late,1,6:45 AM,early,10,0.705,2.668,0.25
"Pendrith, Taylor",17780,3M Open,TPC Twin Cities,53,T5,57.3,60.5,-0.189,0.006,-2.0,medium,Off-the-tee SG (+0.38/round) provides the controlled power model; distance with accuracy avoids the water threats that punish erratic bombers,driving accuracy flag active (adj -0.040); penalty exposure on 9 water-threatened driving holes is the primary downside scenario,Driving wayward into water threats on 9 holes cascades into penalty strokes and poor approach positions; a -4 or worse driving week eliminates contention,low,54.2,59.2,67.9,36.9,38.4,50.3,accuracy_risk,accuracy_risk,T5|flag_accuracy_risk,7:18 AM,early,1,12:33 PM,late,10,0.163,2.781,-0.12
"Dumont De Chassart, Adrien",22002,3M Open,TPC Twin Cities,54,T5,57.2,56.5,0.0541,-0.006,-4.0,low,NSI 56.5/100 reflects baseline skill; scoring upside at TPC tied to approach conversion rather than short-game recovery,driving accuracy flag active (adj -0.092); penalty exposure on 9 water-threatened driving holes is the primary downside scenario; short-game-only profile; TPC does not reward scrambling over ball-striking,Driving wayward into water threats on 9 holes cascades into penalty strokes and poor approach positions; a -4 or worse driving week eliminates contention,low,57.8,63.9,34.5,42.4,60.6,44.8,accuracy_risk|short_game_only,accuracy_risk|short_game_only,T5|approach_solid|venue_fit_upside|flag_accuracy_risk|flag_short_game_only,8:24 AM,early,10,1:39 PM,late,1,-0.29,2.802,-0.149
"Olesen, Thorbjorn",13412,3M Open,TPC Twin Cities,55,T5,56.0,59.9,-0.2359,0.019,-2.0,medium,NSI 59.9/100 reflects baseline skill; scoring upside at TPC tied to approach conversion rather than short-game recovery,150-200 fw SG below neutral; weak long-iron week at TPC produces a ceiling far short of leaderboard contention,A week where 150-200 fw SG falls to -0.02 or below means failing to generate the birdie density this course requires; T40+ result likely,low,55.3,53.5,55.9,48.0,37.7,56.2,long_iron_deficit,long_iron_deficit,T5|approach_solid|flag_long_iron_deficit,6:56 AM,early,10,12:11 PM,late,1,-0.061,2.772,-0.021
"Blair, Zac",17639,3M Open,TPC Twin Cities,56,T5,55.8,55.9,0.0032,0.031,-2.0,medium,Approach trait score 72/100; consistent iron play into receptive bentgrass greens creates sustainable birdie conversion without reliance on putting rescue,150-200 fw SG below neutral; weak long-iron week at TPC produces a ceiling far short of leaderboard contention,A week where 150-200 fw SG falls to -0.02 or below means failing to generate the birdie density this course requires; T40+ result likely,low,72.5,65.1,26.8,81.5,53.9,61.7,long_iron_deficit,long_iron_deficit,T5|approach_elite|flag_long_iron_deficit,12:22 PM,late,1,7:07 AM,early,10,0.391,2.634,0.267
"Hojgaard, Rasmus",23838,3M Open,TPC Twin Cities,57,T5,55.5,63.6,-0.5,0,-4.0,low,NSI 63.6/100 reflects baseline skill; scoring upside at TPC tied to approach conversion rather than short-game recovery,driving accuracy flag active (adj -0.088); penalty exposure on 9 water-threatened driving holes is the primary downside scenario; 150-200 fw SG below neutral; weak long-iron week at TPC produces a ceiling far short of leaderboard contention,Driving wayward into water threats on 9 holes cascades into penalty strokes and poor approach positions; a -4 or worse driving week eliminates contention,low,53.5,52.6,61.1,27.2,62.6,45.0,accuracy_risk|long_iron_deficit,accuracy_risk|long_iron_deficit,T5|flag_accuracy_risk|flag_long_iron_deficit,6:45 AM,early,1,12:00 PM,late,10,-0.162,2.853,-0.236
"Coody, Pierceson",28309,3M Open,TPC Twin Cities,58,T5,55.2,63.3,-0.5,0.015,-2.0,medium,Off-the-tee SG (+0.46/round) provides the controlled power model; distance with accuracy avoids the water threats that punish erratic bombers,driving accuracy flag active (adj -0.021); penalty exposure on 9 water-threatened driving holes is the primary downside scenario,Driving wayward into water threats on 9 holes cascades into penalty strokes and poor approach positions; a -4 or worse driving week eliminates contention,low,59.5,56.8,71.0,33.1,63.5,54.4,accuracy_risk,accuracy_risk,T5|approach_solid|flag_accuracy_risk,12:11 PM,late,1,6:56 AM,early,10,0.58,2.789,-0.132
"Finau, Tony",11676,3M Open,TPC Twin Cities,59,T5,55.1,57.8,-0.1623,0.048,-4.0,low,NSI 57.8/100 reflects baseline skill; scoring upside at TPC tied to approach conversion rather than short-game recovery,driving accuracy flag active (adj -0.056); penalty exposure on 9 water-threatened driving holes is the primary downside scenario; short-game-only profile; TPC does not reward scrambling over ball-striking,Driving wayward into water threats on 9 holes cascades into penalty strokes and poor approach positions; a -4 or worse driving week eliminates contention,low,43.4,47.4,50.7,33.5,52.1,69.5,accuracy_risk|short_game_only,accuracy_risk|short_game_only,T5|venue_experience|flag_accuracy_risk|flag_short_game_only,12:44 PM,late,1,7:29 AM,early,10,0.387,2.83,-0.143
"Dahmen, Joel",14509,3M Open,TPC Twin Cities,60,T5,54.6,53.0,0.112,-0.032,-2.0,medium,Similar-course delta fit (+0.112 SG/round) exceeds the field median; profile translates to courses with TPC's approach-length and water-driving profile,150-200 fw SG below neutral; weak long-iron week at TPC produces a ceiling far short of leaderboard contention,A week where 150-200 fw SG falls to -0.02 or below means failing to generate the birdie density this course requires; T40+ result likely,low,58.7,54.0,55.4,64.0,23.1,32.8,long_iron_deficit,long_iron_deficit,T5|approach_solid|venue_fit_upside|flag_long_iron_deficit,1:06 PM,late,10,7:51 AM,early,1,-0.005,2.755,0.188
"Ventura, Kristoffer",15651,3M Open,TPC Twin Cities,61,T5,54.6,55.5,-0.0451,-0.022,-2.0,medium,Off-the-tee SG (+0.41/round) provides the controlled power model; distance with accuracy avoids the water threats that punish erratic bombers,150-200 fw SG below neutral; weak long-iron week at TPC produces a ceiling far short of leaderboard contention,A week where 150-200 fw SG falls to -0.02 or below means failing to generate the birdie density this course requires; T40+ result likely,low,37.0,42.8,69.1,36.9,63.9,37.4,long_iron_deficit,long_iron_deficit,T5|flag_long_iron_deficit,1:50 PM,late,1,8:35 AM,early,10,-0.056,2.812,-0.072
"Pavon, Matthieu",19960,3M Open,TPC Twin Cities,62,T5,54.3,50.0,0.2817,0.013,-2.0,medium,Similar-course delta fit (+0.282 SG/round) exceeds the field median; profile translates to courses with TPC's approach-length and water-driving profile,150-200 fw SG below neutral; weak long-iron week at TPC produces a ceiling far short of leaderboard contention,A week where 150-200 fw SG falls to -0.02 or below means failing to generate the birdie density this course requires; T40+ result likely,low,36.8,41.4,57.6,44.7,56.8,53.5,long_iron_deficit,long_iron_deficit,T5|venue_fit_upside|flag_long_iron_deficit,7:51 AM,early,10,1:06 PM,late,1,-0.335,2.801,0.005
"Jaeger, Stephan",16394,3M Open,TPC Twin Cities,63,T5,52.9,57.8,-0.305,-0.03,-4.0,low,NSI 57.8/100 reflects baseline skill; scoring upside at TPC tied to approach conversion rather than short-game recovery,driving accuracy flag active (adj -0.094); penalty exposure on 9 water-threatened driving holes is the primary downside scenario; short-game-only profile; TPC does not reward scrambling over ball-striking,Driving wayward into water threats on 9 holes cascades into penalty strokes and poor approach positions; a -4 or worse driving week eliminates contention,low,44.6,48.4,41.1,39.2,58.2,33.7,accuracy_risk|short_game_only,accuracy_risk|short_game_only,T5|flag_accuracy_risk|flag_short_game_only,7:40 AM,early,1,12:55 PM,late,10,-0.031,2.831,-0.146
"Greyserman, Max",23465,3M Open,TPC Twin Cities,64,T5,52.5,60.5,-0.5,0.03,-4.0,low,NSI 60.5/100 reflects baseline skill; scoring upside at TPC tied to approach conversion rather than short-game recovery,driving accuracy flag active (adj -0.056); penalty exposure on 9 water-threatened driving holes is the primary downside scenario; 150-200 fw SG below neutral; weak long-iron week at TPC produces a ceiling far short of leaderboard contention,Driving wayward into water threats on 9 holes cascades into penalty strokes and poor approach positions; a -4 or worse driving week eliminates contention,low,48.9,52.1,53.2,34.9,55.8,61.3,accuracy_risk|long_iron_deficit,accuracy_risk|long_iron_deficit,T5|flag_accuracy_risk|flag_long_iron_deficit,6:45 AM,early,1,12:00 PM,late,10,0.331,2.833,-0.148
"Griffin, Lanto",15330,3M Open,TPC Twin Cities,65,T5,52.5,52.3,0.0119,-0.027,-2.0,medium,NSI 52.3/100 reflects baseline skill; scoring upside at TPC tied to approach conversion rather than short-game recovery,150-200 fw SG below neutral; weak long-iron week at TPC produces a ceiling far short of leaderboard contention,A week where 150-200 fw SG falls to -0.02 or below means failing to generate the birdie density this course requires; T40+ result likely,low,41.5,49.0,44.3,53.5,53.5,35.1,long_iron_deficit,long_iron_deficit,T5|flag_long_iron_deficit,1:17 PM,late,10,8:02 AM,early,1,-0.355,2.743,0.04
"Li, Haotong",15310,3M Open,TPC Twin Cities,66,T5,52.3,56.1,-0.2383,-0.003,0,high,Off-the-tee SG (+0.35/round) provides the controlled power model; distance with accuracy avoids the water threats that punish erratic bombers,below-field approach and/or iron play limits scoring capacity in TPC's birdiefest environment where approach is the primary separator,Approach play below field median for the week; TPC's scoring environment still requires birdie volume that cannot be manufactured from short-game rescue alone,low,49.5,51.8,66.7,38.4,48.6,46.1,,,T5,2:01 PM,late,10,8:46 AM,early,1,-0.159,2.846,-0.075
"Hossler, Beau",15470,3M Open,TPC Twin Cities,67,T5,51.9,56.6,-0.2951,-0.017,-4.0,low,NSI 56.6/100 reflects baseline skill; scoring upside at TPC tied to approach conversion rather than short-game recovery,150-200 fw SG below neutral; weak long-iron week at TPC produces a ceiling far short of leaderboard contention; putting-reliant profile; easy bentgrass greens compress the putting edge that drives results at trickier venues,A week where 150-200 fw SG falls to -0.02 or below means failing to generate the birdie density this course requires; T40+ result likely,low,36.9,36.0,50.3,47.6,70.2,39.7,putting_dependency|long_iron_deficit,putting_dependency|long_iron_deficit,T5|venue_experience|flag_putting_dependency|flag_long_iron_deficit,8:13 AM,early,10,1:28 PM,late,1,0.372,2.762,-0.002
"Garnett, Brice",11451,3M Open,TPC Twin Cities,68,T5,51.8,45.1,0.4252,0.084,-2.0,medium,Similar-course delta fit (+0.425 SG/round) exceeds the field median; profile translates to courses with TPC's approach-length and water-driving profile,150-200 fw SG below neutral; weak long-iron week at TPC produces a ceiling far short of leaderboard contention,A week where 150-200 fw SG falls to -0.02 or below means failing to generate the birdie density this course requires; T40+ result likely,low,49.1,53.0,40.0,66.5,53.6,86.1,long_iron_deficit,long_iron_deficit,T5|venue_fit_upside|venue_experience|flag_long_iron_deficit,12:22 PM,late,10,7:07 AM,early,1,-0.151,2.743,0.192
"Higgo, Garrick",24342,3M Open,TPC Twin Cities,69,T5,51.8,51.1,0.0473,0.009,-2.0,medium,NSI 51.1/100 reflects baseline skill; scoring upside at TPC tied to approach conversion rather than short-game recovery,driving accuracy flag active (adj -0.042); penalty exposure on 9 water-threatened driving holes is the primary downside scenario,Driving wayward into water threats on 9 holes cascades into penalty strokes and poor approach positions; a -4 or worse driving week eliminates contention,low,50.3,53.7,54.0,41.1,47.3,51.6,accuracy_risk,accuracy_risk,T5|flag_accuracy_risk,7:40 AM,early,1,12:55 PM,late,10,-0.247,2.835,-0.101
"Keefer, Johnny",32457,3M Open,TPC Twin Cities,70,T5,51.8,59.2,-0.4642,0,0,high,Approach trait score 63/100; consistent iron play into receptive bentgrass greens creates sustainable birdie conversion without reliance on putting rescue,below-field approach and/or iron play limits scoring capacity in TPC's birdiefest environment where approach is the primary separator,Approach play below field median for the week; TPC's scoring environment still requires birdie volume that cannot be manufactured from short-game rescue alone,low,62.6,59.8,71.3,36.7,33.3,45.0,,,T5|approach_solid,1:28 PM,late,1,8:13 AM,early,10,0.466,2.816,-0.094
"Stout, Preston",32089,3M Open,TPC Twin Cities,71,T5,51.8,55.1,-0.2038,0,0,high,NSI 55.1/100 reflects baseline skill; scoring upside at TPC tied to approach conversion rather than short-game recovery,below-field approach and/or iron play limits scoring capacity in TPC's birdiefest environment where approach is the primary separator,Approach play below field median for the week; TPC's scoring environment still requires birdie volume that cannot be manufactured from short-game rescue alone,low,59.6,62.1,53.3,41.3,32.6,47.5,,,T5|approach_solid,1:39 PM,late,1,8:24 AM,early,10,-0.093,2.821,-0.06
"Kanaya, Takumi",19729,3M Open,TPC Twin Cities,72,T5,51.7,55.3,-0.2222,0.031,-4.0,low,NSI 55.3/100 reflects baseline skill; scoring upside at TPC tied to approach conversion rather than short-game recovery,150-200 fw SG below neutral; weak long-iron week at TPC produces a ceiling far short of leaderboard contention; short-game-only profile; TPC does not reward scrambling over ball-striking,A week where 150-200 fw SG falls to -0.02 or below means failing to generate the birdie density this course requires; T40+ result likely,low,32.1,27.6,48.6,59.2,67.5,61.7,short_game_only|long_iron_deficit,short_game_only|long_iron_deficit,T5|flag_short_game_only|flag_long_iron_deficit,12:22 PM,late,1,7:07 AM,early,10,0.094,2.721,0.152
"Eckroat, Austin",26653,3M Open,TPC Twin Cities,73,T5,51.4,56.1,-0.2953,0.002,0,high,Long-iron SG of +0.048/shot from 150-200 fw is the primary birdie creation mechanism at TPC; 46% of weekly approaches fall in this range,below-field approach and/or iron play limits scoring capacity in TPC's birdiefest environment where approach is the primary separator,Approach play below field median for the week; TPC's scoring environment still requires birdie volume that cannot be manufactured from short-game rescue alone,low,64.1,69.8,42.8,54.1,56.8,48.4,,,T5|approach_solid,12:11 PM,late,1,6:56 AM,early,10,-0.092,2.764,0.004
"Potgieter, Aldrich",27900,3M Open,TPC Twin Cities,74,T5,51.1,53.8,-0.1659,0,-2.0,medium,Off-the-tee SG (+0.62/round) provides the controlled power model; distance with accuracy avoids the water threats that punish erratic bombers,driving accuracy flag active (adj -0.091); penalty exposure on 9 water-threatened driving holes is the primary downside scenario,Driving wayward into water threats on 9 holes cascades into penalty strokes and poor approach positions; a -4 or worse driving week eliminates contention,low,56.1,59.8,77.9,15.7,46.0,45.0,accuracy_risk,accuracy_risk,T5|approach_solid|flag_accuracy_risk,12:44 PM,late,10,7:29 AM,early,1,-0.001,2.9,-0.315
"Lebioda, Hank",21943,3M Open,TPC Twin Cities,75,T5,50.9,45.7,0.3285,0.059,-2.0,medium,Long-iron SG of +0.053/shot from 150-200 fw is the primary birdie creation mechanism at TPC; 46% of weekly approaches fall in this range,driving accuracy flag active (adj -0.029); penalty exposure on 9 water-threatened driving holes is the primary downside scenario,Driving wayward into water threats on 9 holes cascades into penalty strokes and poor approach positions; a -4 or worse driving week eliminates contention,low,62.0,63.5,43.1,58.2,31.2,74.6,accuracy_risk,accuracy_risk,T5|approach_solid|venue_fit_upside|venue_experience|flag_accuracy_risk,12:00 PM,late,1,6:45 AM,early,10,-0.543,2.808,0.012
"Moore, Taylor",21944,3M Open,TPC Twin Cities,76,T5,50.9,56.0,-0.3192,0.048,-4.0,low,Off-the-tee SG (+0.40/round) provides the controlled power model; distance with accuracy avoids the water threats that punish erratic bombers,driving accuracy flag active (adj -0.045); penalty exposure on 9 water-threatened driving holes is the primary downside scenario; 150-200 fw SG below neutral; weak long-iron week at TPC produces a ceiling far short of leaderboard contention,Driving wayward into water threats on 9 holes cascades into penalty strokes and poor approach positions; a -4 or worse driving week eliminates contention,low,42.2,42.0,68.8,36.5,54.7,69.5,accuracy_risk|long_iron_deficit,accuracy_risk|long_iron_deficit,T5|flag_accuracy_risk|flag_long_iron_deficit,6:45 AM,early,10,12:00 PM,late,1,0.074,2.811,-0.118
"Suber, Jackson",29279,3M Open,TPC Twin Cities,77,T5,50.8,56.1,-0.3337,-0.008,-2.0,medium,NSI 56.1/100 reflects baseline skill; scoring upside at TPC tied to approach conversion rather than short-game recovery,150-200 fw SG below neutral; weak long-iron week at TPC produces a ceiling far short of leaderboard contention,A week where 150-200 fw SG falls to -0.02 or below means failing to generate the birdie density this course requires; T40+ result likely,low,55.3,54.8,54.7,45.3,44.1,43.8,long_iron_deficit,long_iron_deficit,T5|approach_solid|flag_long_iron_deficit,1:39 PM,late,1,8:24 AM,early,10,0.578,2.824,-0.03
"Svensson, Adam",13997,3M Open,TPC Twin Cities,78,T5,50.5,46.0,0.283,0.046,0,high,Similar-course delta fit (+0.283 SG/round) exceeds the field median; profile translates to courses with TPC's approach-length and water-driving profile,below-field approach and/or iron play limits scoring capacity in TPC's birdiefest environment where approach is the primary separator,Approach play below field median for the week; TPC's scoring environment still requires birdie volume that cannot be manufactured from short-game rescue alone,low,59.6,62.0,35.6,64.5,29.0,68.6,,,T5|approach_solid|venue_fit_upside|venue_experience,12:11 PM,late,10,6:56 AM,early,1,-0.36,2.758,0.114
"Higgs, Harry",14140,3M Open,TPC Twin Cities,79,T5,49.9,42.0,0.4964,-0.026,-4.0,low,Similar-course delta fit (+0.496 SG/round) exceeds the field median; profile translates to courses with TPC's approach-length and water-driving profile,driving accuracy flag active (adj -0.027); penalty exposure on 9 water-threatened driving holes is the primary downside scenario; 150-200 fw SG below neutral; weak long-iron week at TPC produces a ceiling far short of leaderboard contention,Driving wayward into water threats on 9 holes cascades into penalty strokes and poor approach positions; a -4 or worse driving week eliminates contention,low,45.9,45.8,49.2,44.3,36.8,35.6,accuracy_risk|long_iron_deficit,accuracy_risk|long_iron_deficit,T5|venue_fit_upside|flag_accuracy_risk|flag_long_iron_deficit,6:56 AM,early,10,12:11 PM,late,1,-0.677,2.837,-0.056
"Cowan, Ryder",35481,3M Open,TPC Twin Cities,80,T5,49.2,41.7,0.4703,0,0,medium,Similar-course delta fit (+0.470 SG/round) exceeds the field median; profile translates to courses with TPC's approach-length and water-driving profile,below-field approach and/or iron play limits scoring capacity in TPC's birdiefest environment where approach is the primary separator,Approach play below field median for the week; TPC's scoring environment still requires birdie volume that cannot be manufactured from short-game rescue alone,low,unknown,unknown,50.3,43.2,unknown,45.0,,,T5|venue_fit_upside,8:35 AM,early,10,1:50 PM,late,1,-0.654,2.853,-0.052
"Glover, Lucas",7399,3M Open,TPC Twin Cities,81,T5,49.2,55.6,-0.4106,-0.037,0,high,NSI 55.6/100 reflects baseline skill; scoring upside at TPC tied to approach conversion rather than short-game recovery,below-field approach and/or iron play limits scoring capacity in TPC's birdiefest environment where approach is the primary separator,Approach play below field median for the week; TPC's scoring environment still requires birdie volume that cannot be manufactured from short-game rescue alone,low,55.6,48.9,53.4,65.7,24.8,30.5,,,T5|approach_solid,7:40 AM,early,10,12:55 PM,late,1,0.18,2.711,0.218
"Lower, Justin",17723,3M Open,TPC Twin Cities,82,T5,49.2,42.0,0.4524,-0.007,-2.0,medium,Similar-course delta fit (+0.452 SG/round) exceeds the field median; profile translates to courses with TPC's approach-length and water-driving profile,150-200 fw SG below neutral; weak long-iron week at TPC produces a ceiling far short of leaderboard contention,A week where 150-200 fw SG falls to -0.02 or below means failing to generate the birdie density this course requires; T40+ result likely,low,36.2,37.2,40.7,60.5,44.6,44.3,long_iron_deficit,long_iron_deficit,T5|venue_fit_upside|flag_long_iron_deficit,1:17 PM,late,10,8:02 AM,early,1,-0.668,2.82,0.126
"Chatfield, Davis",30620,3M Open,TPC Twin Cities,83,T5,49.0,47.2,0.1076,0,-2.0,medium,Similar-course delta fit (+0.108 SG/round) exceeds the field median; profile translates to courses with TPC's approach-length and water-driving profile,150-200 fw SG below neutral; weak long-iron week at TPC produces a ceiling far short of leaderboard contention,A week where 150-200 fw SG falls to -0.02 or below means failing to generate the birdie density this course requires; T40+ result likely,low,56.9,52.0,37.1,80.9,45.3,45.0,long_iron_deficit,long_iron_deficit,T5|approach_solid|venue_fit_upside|flag_long_iron_deficit,1:50 PM,late,10,8:35 AM,early,1,-0.141,2.672,0.302
"Hubbard, Mark",16333,3M Open,TPC Twin Cities,84,T5,48.8,50.8,-0.1277,-0.007,0,high,Approach trait score 60/100; consistent iron play into receptive bentgrass greens creates sustainable birdie conversion without reliance on putting rescue,below-field approach and/or iron play limits scoring capacity in TPC's birdiefest environment where approach is the primary separator,Approach play below field median for the week; TPC's scoring environment still requires birdie volume that cannot be manufactured from short-game rescue alone,low,60.5,60.0,42.6,58.8,23.7,44.3,,,T5|approach_solid,7:07 AM,early,1,12:22 PM,late,10,-0.428,2.795,0.052
"Silverman, Ben",17381,3M Open,TPC Twin Cities,85,T5,48.7,45.8,0.1757,-0.044,-2.0,medium,Similar-course delta fit (+0.176 SG/round) exceeds the field median; profile translates to courses with TPC's approach-length and water-driving profile,putting-reliant profile; easy bentgrass greens compress the putting edge that drives results at trickier venues,Below-average ball-striking combined with flat putting week produces limited birdie creation; missing cut is likely if approach play doesn't compensate,low,42.8,46.9,38.7,62.0,70.6,27.3,putting_dependency,putting_dependency,T5|venue_fit_upside|flag_putting_dependency,12:11 PM,late,1,6:56 AM,early,10,-0.482,2.747,0.114
"VanDerLaan, John",25319,3M Open,TPC Twin Cities,86,T5,48.7,44.7,0.2466,0,-2.0,medium,Similar-course delta fit (+0.247 SG/round) exceeds the field median; profile translates to courses with TPC's approach-length and water-driving profile,150-200 fw SG below neutral; weak long-iron week at TPC produces a ceiling far short of leaderboard contention,A week where 150-200 fw SG falls to -0.02 or below means failing to generate the birdie density this course requires; T40+ result likely,low,34.7,34.6,47.5,41.4,41.2,45.0,long_iron_deficit,long_iron_deficit,T5|venue_fit_upside|flag_long_iron_deficit,8:35 AM,early,10,1:50 PM,late,1,-0.726,2.892,-0.048
"Whaley, Vince",25908,3M Open,TPC Twin Cities,87,T5,48.5,52.7,-0.2674,-0.036,-6.0,low,NSI 52.7/100 reflects baseline skill; scoring upside at TPC tied to approach conversion rather than short-game recovery,driving accuracy flag active (adj -0.089); penalty exposure on 9 water-threatened driving holes is the primary downside scenario; 150-200 fw SG below neutral; weak long-iron week at TPC produces a ceiling far short of leaderboard contention; putting-reliant profile; easy bentgrass greens compress the putting edge that drives results at trickier venues,Driving wayward into water threats on 9 holes cascades into penalty strokes and poor approach positions; a -4 or worse driving week eliminates contention,low,30.7,25.6,27.8,43.4,83.2,31.0,accuracy_risk|putting_dependency|long_iron_deficit,accuracy_risk|putting_dependency|long_iron_deficit,T5|flag_accuracy_risk|flag_putting_dependency|flag_long_iron_deficit,6:45 AM,early,10,12:00 PM,late,1,-0.621,2.754,-0.109
"Yu, Kevin",17881,3M Open,TPC Twin Cities,88,T5,48.1,55.4,-0.4651,-0.033,0,high,NSI 55.4/100 reflects baseline skill; scoring upside at TPC tied to approach conversion rather than short-game recovery,below-field approach and/or iron play limits scoring capacity in TPC's birdiefest environment where approach is the primary separator,Approach play below field median for the week; TPC's scoring environment still requires birdie volume that cannot be manufactured from short-game rescue alone,low,59.4,60.0,59.8,40.6,36.0,32.4,,,T5|approach_solid,12:44 PM,late,10,7:29 AM,early,1,0.19,2.768,-0.075
"Dou, Zecheng",16757,3M Open,TPC Twin Cities,89,T5,48.0,54.9,-0.438,-0.02,-2.0,medium,Approach trait score 70/100; consistent iron play into receptive bentgrass greens creates sustainable birdie conversion without reliance on putting rescue,driving accuracy flag active (adj -0.048); penalty exposure on 9 water-threatened driving holes is the primary downside scenario,Driving wayward into water threats on 9 holes cascades into penalty strokes and poor approach positions; a -4 or worse driving week eliminates contention,low,70.1,70.7,40.4,44.8,51.2,38.3,accuracy_risk,accuracy_risk,T5|approach_elite|long_iron_elite|flag_accuracy_risk,8:46 AM,early,10,2:01 PM,late,1,0.024,2.797,-0.102
"Shipley, Neal",32055,3M Open,TPC Twin Cities,90,T5,48.0,46.9,0.0654,0.018,-2.0,medium,Off-the-tee SG (+0.65/round) provides the controlled power model; distance with accuracy avoids the water threats that punish erratic bombers,150-200 fw SG below neutral; weak long-iron week at TPC produces a ceiling far short of leaderboard contention,A week where 150-200 fw SG falls to -0.02 or below means failing to generate the birdie density this course requires; T40+ result likely,low,54.7,56.0,79.3,43.2,24.4,55.8,long_iron_deficit,long_iron_deficit,T5|venue_fit_upside|flag_long_iron_deficit,2:01 PM,late,1,8:46 AM,early,10,-0.482,2.867,-0.016
"Skinns, David",10873,3M Open,TPC Twin Cities,91,T5,47.8,47.9,-0.0154,0.041,-2.0,medium,NSI 47.9/100 reflects baseline skill; scoring upside at TPC tied to approach conversion rather than short-game recovery,driving accuracy flag active (adj -0.032); penalty exposure on 9 water-threatened driving holes is the primary downside scenario,Driving wayward into water threats on 9 holes cascades into penalty strokes and poor approach positions; a -4 or worse driving week eliminates contention,low,53.3,56.1,44.6,50.1,56.4,66.3,accuracy_risk,accuracy_risk,T5|flag_accuracy_risk,2:01 PM,late,10,8:46 AM,early,1,-0.392,2.812,-0.029
"Svensson, Jesper",26850,3M Open,TPC Twin Cities,92,T5,47.4,52.5,-0.3307,0.018,-4.0,low,Off-the-tee SG (+0.49/round) provides the controlled power model; distance with accuracy avoids the water threats that punish erratic bombers,driving accuracy flag active (adj -0.033); penalty exposure on 9 water-threatened driving holes is the primary downside scenario; 150-200 fw SG below neutral; weak long-iron week at TPC produces a ceiling far short of leaderboard contention,Driving wayward into water threats on 9 holes cascades into penalty strokes and poor approach positions; a -4 or worse driving week eliminates contention,low,41.2,35.5,72.6,25.3,49.6,55.8,accuracy_risk|long_iron_deficit,accuracy_risk|long_iron_deficit,T5|flag_accuracy_risk|flag_long_iron_deficit,1:50 PM,late,1,8:35 AM,early,10,-0.046,2.91,-0.176
"Crowe, Trace",27780,3M Open,TPC Twin Cities,93,T5,47.2,51.3,-0.2613,0.027,-4.0,low,NSI 51.3/100 reflects baseline skill; scoring upside at TPC tied to approach conversion rather than short-game recovery,driving accuracy flag active (adj -0.058); penalty exposure on 9 water-threatened driving holes is the primary downside scenario; 150-200 fw SG below neutral; weak long-iron week at TPC produces a ceiling far short of leaderboard contention,Driving wayward into water threats on 9 holes cascades into penalty strokes and poor approach positions; a -4 or worse driving week eliminates contention,low,48.8,45.7,54.4,40.5,51.3,59.9,accuracy_risk|long_iron_deficit,accuracy_risk|long_iron_deficit,T5|flag_accuracy_risk|flag_long_iron_deficit,8:46 AM,early,1,2:01 PM,late,10,-0.434,2.816,-0.113
"Walker, Danny",25003,3M Open,TPC Twin Cities,94,T5,46.8,38.7,0.5,-0.009,-4.0,low,Similar-course delta fit (+0.500 SG/round) exceeds the field median; profile translates to courses with TPC's approach-length and water-driving profile,driving accuracy flag active (adj -0.094); penalty exposure on 9 water-threatened driving holes is the primary downside scenario; 150-200 fw SG below neutral; weak long-iron week at TPC produces a ceiling far short of leaderboard contention,Driving wayward into water threats on 9 holes cascades into penalty strokes and poor approach positions; a -4 or worse driving week eliminates contention,low,29.5,32.4,37.2,36.8,24.3,43.4,accuracy_risk|long_iron_deficit,accuracy_risk|long_iron_deficit,T5|venue_fit_upside|flag_accuracy_risk|flag_long_iron_deficit,8:13 AM,early,1,1:28 PM,late,10,-1.258,2.982,-0.149
"Roy, Kevin",18424,3M Open,TPC Twin Cities,95,T5,46.7,54.5,-0.5,-0.001,-4.0,low,NSI 54.5/100 reflects baseline skill; scoring upside at TPC tied to approach conversion rather than short-game recovery,150-200 fw SG below neutral; weak long-iron week at TPC produces a ceiling far short of leaderboard contention; short-game-only profile; TPC does not reward scrambling over ball-striking,A week where 150-200 fw SG falls to -0.02 or below means failing to generate the birdie density this course requires; T40+ result likely,low,42.9,41.9,55.1,44.3,55.3,47.1,short_game_only|long_iron_deficit,short_game_only|long_iron_deficit,T5|flag_short_game_only|flag_long_iron_deficit,8:02 AM,early,1,1:17 PM,late,10,0.057,2.804,-0.015
"Streelman, Kevin",8480,3M Open,TPC Twin Cities,96,T5,46.0,43.9,0.1231,0.039,0,high,Similar-course delta fit (+0.123 SG/round) exceeds the field median; profile translates to courses with TPC's approach-length and water-driving profile,below-field approach and/or iron play limits scoring capacity in TPC's birdiefest environment where approach is the primary separator,Approach play below field median for the week; TPC's scoring environment still requires birdie volume that cannot be manufactured from short-game rescue alone,low,52.2,51.9,44.1,62.4,51.9,65.4,,,T5|venue_fit_upside,12:55 PM,late,10,7:40 AM,early,1,-0.695,2.804,0.102
"Wu, Dylan",25002,3M Open,TPC Twin Cities,97,T5,46.0,46.4,-0.035,0.001,-2.0,medium,NSI 46.4/100 reflects baseline skill; scoring upside at TPC tied to approach conversion rather than short-game recovery,150-200 fw SG below neutral; weak long-iron week at TPC produces a ceiling far short of leaderboard contention,A week where 150-200 fw SG falls to -0.02 or below means failing to generate the birdie density this course requires; T40+ result likely,low,55.9,51.7,32.8,57.0,38.2,48.0,long_iron_deficit,long_iron_deficit,T5|approach_solid|flag_long_iron_deficit,6:56 AM,early,10,12:11 PM,late,1,-0.526,2.728,0.029
"Vilips, Karl",24304,3M Open,TPC Twin Cities,98,T5,45.7,53.4,-0.5,-0.007,-6.0,low,Approach trait score 62/100; consistent iron play into receptive bentgrass greens creates sustainable birdie conversion without reliance on putting rescue,driving accuracy flag active (adj -0.065); penalty exposure on 9 water-threatened driving holes is the primary downside scenario; 150-200 fw SG below neutral; weak long-iron week at TPC produces a ceiling far short of leaderboard contention; putting-reliant profile; easy bentgrass greens compress the putting edge that drives results at trickier venues,Driving wayward into water threats on 9 holes cascades into penalty strokes and poor approach positions; a -4 or worse driving week eliminates contention,low,61.9,55.9,33.4,48.5,71.0,44.3,accuracy_risk|putting_dependency|long_iron_deficit,accuracy_risk|putting_dependency|long_iron_deficit,T5|approach_solid|flag_accuracy_risk|flag_putting_dependency|flag_long_iron_deficit,7:29 AM,early,1,12:44 PM,late,10,-0.357,2.807,-0.087
"Stanger, Jimmy",23048,3M Open,TPC Twin Cities,99,T5,45.4,41.8,0.2111,0,-4.0,low,Similar-course delta fit (+0.211 SG/round) exceeds the field median; profile translates to courses with TPC's approach-length and water-driving profile,driving accuracy flag active (adj -0.034); penalty exposure on 9 water-threatened driving holes is the primary downside scenario; 150-200 fw SG below neutral; weak long-iron week at TPC produces a ceiling far short of leaderboard contention,Driving wayward into water threats on 9 holes cascades into penalty strokes and poor approach positions; a -4 or worse driving week eliminates contention,low,0.0,0.0,71.0,25.2,49.1,45.0,accuracy_risk|long_iron_deficit,accuracy_risk|long_iron_deficit,T5|venue_fit_upside|flag_accuracy_risk|flag_long_iron_deficit,1:28 PM,late,10,8:13 AM,early,1,-0.922,2.877,-0.124
"Dunlap, Nick",28270,3M Open,TPC Twin Cities,100,T5,45.3,44.1,0.0642,-0.036,-4.0,low,NSI 44.1/100 reflects baseline skill; scoring upside at TPC tied to approach conversion rather than short-game recovery,driving accuracy flag active (adj -0.091); penalty exposure on 9 water-threatened driving holes is the primary downside scenario; 150-200 fw SG below neutral; weak long-iron week at TPC produces a ceiling far short of leaderboard contention,Driving wayward into water threats on 9 holes cascades into penalty strokes and poor approach positions; a -4 or worse driving week eliminates contention,low,52.3,55.8,18.2,53.2,56.4,31.0,accuracy_risk|long_iron_deficit,accuracy_risk|long_iron_deficit,T5|venue_fit_upside|flag_accuracy_risk|flag_long_iron_deficit,12:22 PM,late,1,7:07 AM,early,10,-0.481,2.799,-0.066
"Hirata, Kensei",20954,3M Open,TPC Twin Cities,101,T5,44.7,39.9,0.2902,0,-2.0,medium,Similar-course delta fit (+0.290 SG/round) exceeds the field median; profile translates to courses with TPC's approach-length and water-driving profile,150-200 fw SG below neutral; weak long-iron week at TPC produces a ceiling far short of leaderboard contention,A week where 150-200 fw SG falls to -0.02 or below means failing to generate the birdie density this course requires; T40+ result likely,low,36.3,42.7,48.5,60.3,39.3,45.0,long_iron_deficit,long_iron_deficit,T5|venue_fit_upside|flag_long_iron_deficit,2:01 PM,late,1,8:46 AM,early,10,-0.574,2.829,0.162
"Champ, Cameron",23542,3M Open,TPC Twin Cities,102,T5,44.2,38.4,0.3535,0.089,-2.0,medium,Similar-course delta fit (+0.353 SG/round) exceeds the field median; profile translates to courses with TPC's approach-length and water-driving profile,driving accuracy flag active (adj -0.045); penalty exposure on 9 water-threatened driving holes is the primary downside scenario,Driving wayward into water threats on 9 holes cascades into penalty strokes and poor approach positions; a -4 or worse driving week eliminates contention,low,38.2,52.0,43.7,22.6,unknown,88.4,accuracy_risk,accuracy_risk,T5|venue_fit_upside|venue_experience|flag_accuracy_risk,12:11 PM,late,10,6:56 AM,early,1,-1.018,2.954,-0.216
"Nyholm, Pontus",25475,3M Open,TPC Twin Cities,103,T5,44.2,45.0,-0.0648,0,-4.0,low,NSI 45.0/100 reflects baseline skill; scoring upside at TPC tied to approach conversion rather than short-game recovery,driving accuracy flag active (adj -0.106); penalty exposure on 9 water-threatened driving holes is the primary downside scenario; 150-200 fw SG below neutral; weak long-iron week at TPC produces a ceiling far short of leaderboard contention,Driving wayward into water threats on 9 holes cascades into penalty strokes and poor approach positions; a -4 or worse driving week eliminates contention,low,36.7,36.3,42.4,28.2,53.7,45.0,accuracy_risk|long_iron_deficit,accuracy_risk|long_iron_deficit,T5|flag_accuracy_risk|flag_long_iron_deficit,1:28 PM,late,10,8:13 AM,early,1,-0.752,2.879,-0.229
"Peterson, Paul",16341,3M Open,TPC Twin Cities,104,T5,43.9,46.6,-0.1874,-0.002,-2.0,medium,NSI 46.6/100 reflects baseline skill; scoring upside at TPC tied to approach conversion rather than short-game recovery,150-200 fw SG below neutral; weak long-iron week at TPC produces a ceiling far short of leaderboard contention,A week where 150-200 fw SG falls to -0.02 or below means failing to generate the birdie density this course requires; T40+ result likely,low,58.6,50.2,23.0,86.6,50.0,46.6,long_iron_deficit,long_iron_deficit,T5|approach_solid|flag_long_iron_deficit,1:39 PM,late,10,8:24 AM,early,1,-0.165,2.638,0.339
"Springer, Hayden",21995,3M Open,TPC Twin Cities,105,T5,43.9,48.0,-0.2705,-0.003,-4.0,low,NSI 48.0/100 reflects baseline skill; scoring upside at TPC tied to approach conversion rather than short-game recovery,driving accuracy flag active (adj -0.066); penalty exposure on 9 water-threatened driving holes is the primary downside scenario; 150-200 fw SG below neutral; weak long-iron week at TPC produces a ceiling far short of leaderboard contention,Driving wayward into water threats on 9 holes cascades into penalty strokes and poor approach positions; a -4 or worse driving week eliminates contention,low,34.5,34.3,41.9,36.7,61.3,46.1,accuracy_risk|long_iron_deficit,accuracy_risk|long_iron_deficit,T5|flag_accuracy_risk|flag_long_iron_deficit,8:46 AM,early,1,2:01 PM,late,10,-0.677,2.848,-0.13
"Hoge, Tom",15575,3M Open,TPC Twin Cities,106,T5,43.3,51.0,-0.5,-0.008,-2.0,medium,NSI 51.0/100 reflects baseline skill; scoring upside at TPC tied to approach conversion rather than short-game recovery,150-200 fw SG below neutral; weak long-iron week at TPC produces a ceiling far short of leaderboard contention,A week where 150-200 fw SG falls to -0.02 or below means failing to generate the birdie density this course requires; T40+ result likely,low,58.3,52.7,34.6,61.3,45.8,43.8,long_iron_deficit,long_iron_deficit,T5|approach_solid|venue_experience|flag_long_iron_deficit,12:00 PM,late,10,6:45 AM,early,1,-0.049,2.792,0.075
"Gomez, Fabian",8571,3M Open,TPC Twin Cities,107,T5,43.0,42.7,0.0,0.026,0,low,NSI 42.7/100 reflects baseline skill; scoring upside at TPC tied to approach conversion rather than short-game recovery,below-field approach and/or iron play limits scoring capacity in TPC's birdiefest environment where approach is the primary separator,Approach play below field median for the week; TPC's scoring environment still requires birdie volume that cannot be manufactured from short-game rescue alone,low,50.1,46.3,60.9,70.1,unknown,59.4,,,T5|debut,1:17 PM,late,1,8:02 AM,early,10,-0.461,2.718,0.207
"Clanton, Luke",32330,3M Open,TPC Twin Cities,108,T5,42.5,43.9,-0.1066,-0.021,-2.0,medium,NSI 43.9/100 reflects baseline skill; scoring upside at TPC tied to approach conversion rather than short-game recovery,driving accuracy flag active (adj -0.031); penalty exposure on 9 water-threatened driving holes is the primary downside scenario,Driving wayward into water threats on 9 holes cascades into penalty strokes and poor approach positions; a -4 or worse driving week eliminates contention,low,56.0,52.6,28.8,46.4,30.1,37.9,accuracy_risk,accuracy_risk,T5|approach_solid|flag_accuracy_risk,1:28 PM,late,1,8:13 AM,early,10,-0.545,2.83,-0.052
"Van Rooyen, Erik",17550,3M Open,TPC Twin Cities,109,T5,42.0,49.6,-0.5,-0.075,-6.0,low,NSI 49.6/100 reflects baseline skill; scoring upside at TPC tied to approach conversion rather than short-game recovery,driving accuracy flag active (adj -0.030); penalty exposure on 9 water-threatened driving holes is the primary downside scenario; 150-200 fw SG below neutral; weak long-iron week at TPC produces a ceiling far short of leaderboard contention; putting-reliant profile; easy bentgrass greens compress the putting edge that drives results at trickier venues,Driving wayward into water threats on 9 holes cascades into penalty strokes and poor approach positions; a -4 or worse driving week eliminates contention,low,26.9,22.8,50.6,41.4,78.8,13.1,accuracy_risk|putting_dependency|long_iron_deficit,accuracy_risk|putting_dependency|long_iron_deficit,T5|flag_accuracy_risk|flag_putting_dependency|flag_long_iron_deficit,7:07 AM,early,1,12:22 PM,late,10,-0.502,2.796,-0.054
"Phillips, Chandler",27164,3M Open,TPC Twin Cities,110,T5,41.9,49.5,-0.5,-0.029,-4.0,low,NSI 49.5/100 reflects baseline skill; scoring upside at TPC tied to approach conversion rather than short-game recovery,150-200 fw SG below neutral; weak long-iron week at TPC produces a ceiling far short of leaderboard contention; short-game-only profile; TPC does not reward scrambling over ball-striking,A week where 150-200 fw SG falls to -0.02 or below means failing to generate the birdie density this course requires; T40+ result likely,low,30.2,25.6,40.5,51.9,64.7,34.2,short_game_only|long_iron_deficit,short_game_only|long_iron_deficit,T5|flag_short_game_only|flag_long_iron_deficit,8:13 AM,early,1,1:28 PM,late,10,-0.263,2.74,0.039
"Wise, Aaron",22051,3M Open,TPC Twin Cities,111,T5,41.7,41.2,0.0098,-0.005,-4.0,low,NSI 41.2/100 reflects baseline skill; scoring upside at TPC tied to approach conversion rather than short-game recovery,driving accuracy flag active (adj -0.045); penalty exposure on 9 water-threatened driving holes is the primary downside scenario; 150-200 fw SG below neutral; weak long-iron week at TPC produces a ceiling far short of leaderboard contention,Driving wayward into water threats on 9 holes cascades into penalty strokes and poor approach positions; a -4 or worse driving week eliminates contention,low,34.8,35.1,33.5,44.8,50.7,45.2,accuracy_risk|long_iron_deficit,accuracy_risk|long_iron_deficit,T5|flag_accuracy_risk|flag_long_iron_deficit,12:44 PM,late,10,7:29 AM,early,1,-0.445,2.803,-0.055
"Donohue, Muzzy",33994,3M Open,TPC Twin Cities,112,T5,41.6,41.3,0.0,0,-2.0,low,NSI 41.3/100 reflects baseline skill; scoring upside at TPC tied to approach conversion rather than short-game recovery,driving accuracy flag active (adj -0.100); penalty exposure on 9 water-threatened driving holes is the primary downside scenario,Driving wayward into water threats on 9 holes cascades into penalty strokes and poor approach positions; a -4 or worse driving week eliminates contention,low,unknown,unknown,56.7,100.0,unknown,45.0,accuracy_risk,accuracy_risk,T5|debut|flag_accuracy_risk,2:01 PM,late,1,8:46 AM,early,10,-6.22,3.35,0.042
"Highsmith, Joe",28469,3M Open,TPC Twin Cities,113,T5,41.4,38.6,0.1548,0.008,-4.0,low,Similar-course delta fit (+0.155 SG/round) exceeds the field median; profile translates to courses with TPC's approach-length and water-driving profile,driving accuracy flag active (adj -0.027); penalty exposure on 9 water-threatened driving holes is the primary downside scenario; 150-200 fw SG below neutral; weak long-iron week at TPC produces a ceiling far short of leaderboard contention,Driving wayward into water threats on 9 holes cascades into penalty strokes and poor approach positions; a -4 or worse driving week eliminates contention,low,51.4,46.9,34.9,49.5,34.0,51.2,accuracy_risk|long_iron_deficit,accuracy_risk|long_iron_deficit,T5|venue_fit_upside|flag_accuracy_risk|flag_long_iron_deficit,7:29 AM,early,1,12:44 PM,late,10,-0.529,2.853,-0.027
"Hadwin, Adam",13965,3M Open,TPC Twin Cities,114,T5,41.1,44.6,-0.2454,0.039,-2.0,medium,NSI 44.6/100 reflects baseline skill; scoring upside at TPC tied to approach conversion rather than short-game recovery,150-200 fw SG below neutral; weak long-iron week at TPC produces a ceiling far short of leaderboard contention,A week where 150-200 fw SG falls to -0.02 or below means failing to generate the birdie density this course requires; T40+ result likely,low,47.4,50.3,42.1,53.0,37.7,65.4,long_iron_deficit,long_iron_deficit,T5|venue_experience|flag_long_iron_deficit,8:02 AM,early,10,1:17 PM,late,1,-0.444,2.833,0.032
"Kang, Jeffrey",21889,3M Open,TPC Twin Cities,115,T5,40.5,42.5,-0.1499,0,-2.0,medium,NSI 42.5/100 reflects baseline skill; scoring upside at TPC tied to approach conversion rather than short-game recovery,driving accuracy flag active (adj -0.066); penalty exposure on 9 water-threatened driving holes is the primary downside scenario,Driving wayward into water threats on 9 holes cascades into penalty strokes and poor approach positions; a -4 or worse driving week eliminates contention,low,34.2,38.5,28.0,50.2,34.0,45.0,accuracy_risk,accuracy_risk,T5|flag_accuracy_risk,8:24 AM,early,1,1:39 PM,late,10,-0.823,2.846,-0.035
"Campbell, Brian",18628,3M Open,TPC Twin Cities,116,T5,40.4,40.4,-0.0239,0,-2.0,medium,NSI 40.4/100 reflects baseline skill; scoring upside at TPC tied to approach conversion rather than short-game recovery,150-200 fw SG below neutral; weak long-iron week at TPC produces a ceiling far short of leaderboard contention,A week where 150-200 fw SG falls to -0.02 or below means failing to generate the birdie density this course requires; T40+ result likely,low,45.4,48.8,24.4,77.7,54.3,45.0,long_iron_deficit,long_iron_deficit,T5|flag_long_iron_deficit,12:33 PM,late,10,7:18 AM,early,1,-0.818,2.793,0.251
"Duncan, Tyler",18187,3M Open,TPC Twin Cities,117,T5,40.4,40.9,-0.0538,0.011,0,high,Long-iron SG of +0.052/shot from 150-200 fw is the primary birdie creation mechanism at TPC; 46% of weekly approaches fall in this range,below-field approach and/or iron play limits scoring capacity in TPC's birdiefest environment where approach is the primary separator,Approach play below field median for the week; TPC's scoring environment still requires birdie volume that cannot be manufactured from short-game rescue alone,low,64.9,54.3,59.8,68.0,unknown,52.6,,,T5|approach_solid|venue_experience,6:56 AM,early,1,12:11 PM,late,10,-0.547,2.792,0.182
"Mazzoli, Stefano",20844,3M Open,TPC Twin Cities,118,T5,40.0,39.6,0.0,0,-2.0,low,NSI 39.6/100 reflects baseline skill; scoring upside at TPC tied to approach conversion rather than short-game recovery,driving accuracy flag active (adj -0.029); penalty exposure on 9 water-threatened driving holes is the primary downside scenario,Driving wayward into water threats on 9 holes cascades into penalty strokes and poor approach positions; a -4 or worse driving week eliminates contention,low,unknown,unknown,53.0,43.2,62.0,45.0,accuracy_risk,accuracy_risk,T5|debut|flag_accuracy_risk,12:55 PM,late,10,7:40 AM,early,1,-0.727,2.853,-0.064
"Malnati, Peter",14926,3M Open,TPC Twin Cities,119,T5,39.8,40.6,-0.0754,-0.014,-8.0,low,NSI 40.6/100 reflects baseline skill; scoring upside at TPC tied to approach conversion rather than short-game recovery,driving accuracy flag active (adj -0.108); penalty exposure on 9 water-threatened driving holes is the primary downside scenario; 150-200 fw SG below neutral; weak long-iron week at TPC produces a ceiling far short of leaderboard contention; putting-reliant profile; easy bentgrass greens compress the putting edge that drives results at trickier venues; short-game-only profile; TPC does not reward scrambling over ball-striking,Driving wayward into water threats on 9 holes cascades into penalty strokes and poor approach positions; a -4 or worse driving week eliminates contention,low,28.2,32.3,15.5,52.4,72.3,41.1,accuracy_risk|short_game_only|putting_dependency|long_iron_deficit,accuracy_risk|short_game_only|putting_dependency|long_iron_deficit,T5|venue_experience|flag_accuracy_risk|flag_short_game_only|flag_putting_dependency|flag_long_iron_deficit,12:00 PM,late,10,6:45 AM,early,1,-0.958,2.834,-0.068
"Tosti, Alejandro",17032,3M Open,TPC Twin Cities,120,T5,39.6,33.2,0.3733,-0.049,-4.0,low,Similar-course delta fit (+0.373 SG/round) exceeds the field median; profile translates to courses with TPC's approach-length and water-driving profile,driving accuracy flag active (adj -0.062); penalty exposure on 9 water-threatened driving holes is the primary downside scenario; 150-200 fw SG below neutral; weak long-iron week at TPC produces a ceiling far short of leaderboard contention,Driving wayward into water threats on 9 holes cascades into penalty strokes and poor approach positions; a -4 or worse driving week eliminates contention,low,18.0,8.8,62.1,27.4,16.2,25.0,accuracy_risk|long_iron_deficit,accuracy_risk|long_iron_deficit,T5|venue_fit_upside|flag_accuracy_risk|flag_long_iron_deficit,8:35 AM,early,1,1:50 PM,late,10,-0.939,2.98,-0.163
"Rozo, Marcelo",16591,3M Open,TPC Twin Cities,121,T5,39.4,34.1,0.3039,0,-2.0,medium,Similar-course delta fit (+0.304 SG/round) exceeds the field median; profile translates to courses with TPC's approach-length and water-driving profile,150-200 fw SG below neutral; weak long-iron week at TPC produces a ceiling far short of leaderboard contention,A week where 150-200 fw SG falls to -0.02 or below means failing to generate the birdie density this course requires; T40+ result likely,low,44.2,44.5,50.3,60.9,0.0,45.0,long_iron_deficit,long_iron_deficit,T5|venue_fit_upside|flag_long_iron_deficit,8:24 AM,early,1,1:39 PM,late,10,-1.127,2.864,0.145
"Villegas, Camilo",9171,3M Open,TPC Twin Cities,122,T5,39.1,37.2,0.0898,0.016,-4.0,low,Similar-course delta fit (+0.090 SG/round) exceeds the field median; profile translates to courses with TPC's approach-length and water-driving profile,driving accuracy flag active (adj -0.058); penalty exposure on 9 water-threatened driving holes is the primary downside scenario; 150-200 fw SG below neutral; weak long-iron week at TPC produces a ceiling far short of leaderboard contention,Driving wayward into water threats on 9 holes cascades into penalty strokes and poor approach positions; a -4 or worse driving week eliminates contention,low,39.5,30.7,20.9,63.0,47.7,54.9,accuracy_risk|long_iron_deficit,accuracy_risk|long_iron_deficit,T5|venue_fit_upside|flag_accuracy_risk|flag_long_iron_deficit,8:13 AM,early,10,1:28 PM,late,1,-0.959,2.832,0.044
"Merritt, Troy",13367,3M Open,TPC Twin Cities,123,T5,39.0,37.7,0.0526,0.013,-2.0,medium,NSI 37.7/100 reflects baseline skill; scoring upside at TPC tied to approach conversion rather than short-game recovery,150-200 fw SG below neutral; weak long-iron week at TPC produces a ceiling far short of leaderboard contention,A week where 150-200 fw SG falls to -0.02 or below means failing to generate the birdie density this course requires; T40+ result likely,low,47.4,50.2,55.3,60.9,unknown,53.5,long_iron_deficit,long_iron_deficit,T5|venue_fit_upside|venue_experience|flag_long_iron_deficit,1:06 PM,late,1,7:51 AM,early,10,-0.945,2.837,0.063
"Hardy, Nick",19865,3M Open,TPC Twin Cities,124,T5,38.0,40.2,-0.17,0.033,-2.0,medium,NSI 40.2/100 reflects baseline skill; scoring upside at TPC tied to approach conversion rather than short-game recovery,driving accuracy flag active (adj -0.050); penalty exposure on 9 water-threatened driving holes is the primary downside scenario,Driving wayward into water threats on 9 holes cascades into penalty strokes and poor approach positions; a -4 or worse driving week eliminates contention,low,37.9,45.1,48.9,40.3,37.2,62.7,accuracy_risk,accuracy_risk,T5|venue_experience|flag_accuracy_risk,7:51 AM,early,10,1:06 PM,late,1,-0.764,2.796,-0.093
"Lamprecht, Christo",24343,3M Open,TPC Twin Cities,125,T5,37.6,36.6,0.0328,0,-4.0,low,NSI 36.6/100 reflects baseline skill; scoring upside at TPC tied to approach conversion rather than short-game recovery,driving accuracy flag active (adj -0.131); penalty exposure on 9 water-threatened driving holes is the primary downside scenario; 150-200 fw SG below neutral; weak long-iron week at TPC produces a ceiling far short of leaderboard contention,Driving wayward into water threats on 9 holes cascades into penalty strokes and poor approach positions; a -4 or worse driving week eliminates contention,low,0.0,0.0,47.9,9.8,37.5,45.0,accuracy_risk|long_iron_deficit,accuracy_risk|long_iron_deficit,T5|flag_accuracy_risk|flag_long_iron_deficit,1:50 PM,late,1,8:35 AM,early,10,-1.879,3.059,-0.315
"Paul, Jeremy",22087,3M Open,TPC Twin Cities,126,T5,36.3,36.2,-0.0206,-0.002,-4.0,low,NSI 36.2/100 reflects baseline skill; scoring upside at TPC tied to approach conversion rather than short-game recovery,driving accuracy flag active (adj -0.070); penalty exposure on 9 water-threatened driving holes is the primary downside scenario; 150-200 fw SG below neutral; weak long-iron week at TPC produces a ceiling far short of leaderboard contention,Driving wayward into water threats on 9 holes cascades into penalty strokes and poor approach positions; a -4 or worse driving week eliminates contention,low,19.6,21.0,49.4,42.8,unknown,46.6,accuracy_risk|long_iron_deficit,accuracy_risk|long_iron_deficit,T5|flag_accuracy_risk|flag_long_iron_deficit,1:28 PM,late,10,8:13 AM,early,1,-1.449,2.897,-0.08
"Kizzire, Patton",13470,3M Open,TPC Twin Cities,127,T5,35.4,38.3,-0.2167,0,-6.0,low,NSI 38.3/100 reflects baseline skill; scoring upside at TPC tied to approach conversion rather than short-game recovery,driving accuracy flag active (adj -0.053); penalty exposure on 9 water-threatened driving holes is the primary downside scenario; 150-200 fw SG below neutral; weak long-iron week at TPC produces a ceiling far short of leaderboard contention; short-game-only profile; TPC does not reward scrambling over ball-striking,Driving wayward into water threats on 9 holes cascades into penalty strokes and poor approach positions; a -4 or worse driving week eliminates contention,low,42.5,37.0,5.7,58.9,35.4,47.5,accuracy_risk|short_game_only|long_iron_deficit,accuracy_risk|short_game_only|long_iron_deficit,T5|venue_experience|flag_accuracy_risk|flag_short_game_only|flag_long_iron_deficit,12:00 PM,late,1,6:45 AM,early,10,-1.24,2.864,0.011
"Martin, Ben",14007,3M Open,TPC Twin Cities,128,T5,35.0,36.7,-0.1438,-0.051,-2.0,medium,NSI 36.7/100 reflects baseline skill; scoring upside at TPC tied to approach conversion rather than short-game recovery,150-200 fw SG below neutral; weak long-iron week at TPC produces a ceiling far short of leaderboard contention,A week where 150-200 fw SG falls to -0.02 or below means failing to generate the birdie density this course requires; T40+ result likely,low,58.7,57.7,55.4,62.5,unknown,24.1,long_iron_deficit,long_iron_deficit,T5|approach_solid|flag_long_iron_deficit,1:06 PM,late,1,7:51 AM,early,10,-1.132,2.8,0.078
"Wood, Griffin",29710,3M Open,TPC Twin Cities,129,T5,34.2,33.6,0.0,0,-2.0,low,NSI 33.6/100 reflects baseline skill; scoring upside at TPC tied to approach conversion rather than short-game recovery,driving accuracy flag active (adj -0.190); penalty exposure on 9 water-threatened driving holes is the primary downside scenario,Driving wayward into water threats on 9 holes cascades into penalty strokes and poor approach positions; a -4 or worse driving week eliminates contention,low,unknown,unknown,40.7,27.5,unknown,45.0,accuracy_risk,accuracy_risk,T5|debut|flag_accuracy_risk,1:50 PM,late,10,8:35 AM,early,1,-3.243,3.241,-0.3
"Gordon, Will",26660,3M Open,TPC Twin Cities,130,T5,32.8,36.7,-0.2859,-0.108,-2.0,medium,NSI 36.7/100 reflects baseline skill; scoring upside at TPC tied to approach conversion rather than short-game recovery,driving accuracy flag active (adj -0.036); penalty exposure on 9 water-threatened driving holes is the primary downside scenario,Driving wayward into water threats on 9 holes cascades into penalty strokes and poor approach positions; a -4 or worse driving week eliminates contention,low,43.3,51.3,48.2,38.9,unknown,0.0,accuracy_risk,accuracy_risk,T5|flag_accuracy_risk,1:17 PM,late,10,8:02 AM,early,1,-0.969,2.896,-0.097
"Davis, Cam",17786,3M Open,TPC Twin Cities,131,T5,30.9,34.7,-0.2833,0.068,-4.0,low,NSI 34.7/100 reflects baseline skill; scoring upside at TPC tied to approach conversion rather than short-game recovery,driving accuracy flag active (adj -0.064); penalty exposure on 9 water-threatened driving holes is the primary downside scenario; 150-200 fw SG below neutral; weak long-iron week at TPC produces a ceiling far short of leaderboard contention,Driving wayward into water threats on 9 holes cascades into penalty strokes and poor approach positions; a -4 or worse driving week eliminates contention,low,38.1,35.7,25.1,43.2,42.3,78.7,accuracy_risk|long_iron_deficit,accuracy_risk|long_iron_deficit,T5|venue_experience|flag_accuracy_risk|flag_long_iron_deficit,7:40 AM,early,1,12:55 PM,late,10,-0.792,2.945,-0.094
"Riley, Davis",19872,3M Open,TPC Twin Cities,132,T5,30.0,37.2,-0.5,0.002,-4.0,low,NSI 37.2/100 reflects baseline skill; scoring upside at TPC tied to approach conversion rather than short-game recovery,driving accuracy flag active (adj -0.113); penalty exposure on 9 water-threatened driving holes is the primary downside scenario; 150-200 fw SG below neutral; weak long-iron week at TPC produces a ceiling far short of leaderboard contention,Driving wayward into water threats on 9 holes cascades into penalty strokes and poor approach positions; a -4 or worse driving week eliminates contention,low,33.4,31.5,9.3,43.7,68.3,48.4,accuracy_risk|long_iron_deficit,accuracy_risk|long_iron_deficit,T5|flag_accuracy_risk|flag_long_iron_deficit,7:18 AM,early,1,12:33 PM,late,10,-1.084,2.977,-0.133
"Hoffman, Charley",5768,3M Open,TPC Twin Cities,133,T5,29.9,26.8,0.1474,0,-4.0,low,Similar-course delta fit (+0.147 SG/round) exceeds the field median; profile translates to courses with TPC's approach-length and water-driving profile,driving accuracy flag active (adj -0.030); penalty exposure on 9 water-threatened driving holes is the primary downside scenario; no TPC history; approach-distance profile and closing-hole pressure (16-18) present unknowns that widen the variance band,Driving wayward into water threats on 9 holes cascades into penalty strokes and poor approach positions; a -4 or worse driving week eliminates contention,low,31.4,44.2,44.5,47.2,19.5,45.0,accuracy_risk|debut_uncertainty,accuracy_risk|debut_uncertainty,T5|venue_fit_upside|flag_accuracy_risk|flag_debut_uncertainty,12:55 PM,late,1,7:40 AM,early,10,-1.748,2.95,-0.024
"List, Luke",7960,3M Open,TPC Twin Cities,134,T5,29.7,35.3,-0.3958,-0.03,-4.0,low,Off-the-tee SG (+0.31/round) provides the controlled power model; distance with accuracy avoids the water threats that punish erratic bombers,driving accuracy flag active (adj -0.034); penalty exposure on 9 water-threatened driving holes is the primary downside scenario; 150-200 fw SG below neutral; weak long-iron week at TPC produces a ceiling far short of leaderboard contention,Driving wayward into water threats on 9 holes cascades into penalty strokes and poor approach positions; a -4 or worse driving week eliminates contention,low,38.4,43.6,64.9,38.3,39.5,33.7,accuracy_risk|long_iron_deficit,accuracy_risk|long_iron_deficit,T5|flag_accuracy_risk|flag_long_iron_deficit,8:02 AM,early,1,1:17 PM,late,10,-0.896,2.899,-0.095
"Sargent, Gordon",30814,3M Open,TPC Twin Cities,135,T5,29.7,32.6,-0.2262,-0.006,-4.0,low,NSI 32.6/100 reflects baseline skill; scoring upside at TPC tied to approach conversion rather than short-game recovery,driving accuracy flag active (adj -0.098); penalty exposure on 9 water-threatened driving holes is the primary downside scenario; 150-200 fw SG below neutral; weak long-iron week at TPC produces a ceiling far short of leaderboard contention,Driving wayward into water threats on 9 holes cascades into penalty strokes and poor approach positions; a -4 or worse driving week eliminates contention,low,5.0,1.1,59.4,13.8,46.1,44.8,accuracy_risk|long_iron_deficit,accuracy_risk|long_iron_deficit,T5|flag_accuracy_risk|flag_long_iron_deficit,1:28 PM,late,1,8:13 AM,early,10,-1.268,2.987,-0.281
"Schenk, Adam",19477,3M Open,TPC Twin Cities,136,T5,29.2,36.4,-0.5,-0.054,-4.0,low,NSI 36.4/100 reflects baseline skill; scoring upside at TPC tied to approach conversion rather than short-game recovery,driving accuracy flag active (adj -0.049); penalty exposure on 9 water-threatened driving holes is the primary downside scenario; 150-200 fw SG below neutral; weak long-iron week at TPC produces a ceiling far short of leaderboard contention,Driving wayward into water threats on 9 holes cascades into penalty strokes and poor approach positions; a -4 or worse driving week eliminates contention,low,39.8,41.9,38.3,48.2,29.0,22.7,accuracy_risk|long_iron_deficit,accuracy_risk|long_iron_deficit,T5|venue_experience|flag_accuracy_risk|flag_long_iron_deficit,12:55 PM,late,10,7:40 AM,early,1,-1.129,2.918,-0.046
"Campos, Rafael",12909,3M Open,TPC Twin Cities,137,T5,26.6,31.7,-0.3741,-0.053,-4.0,low,NSI 31.7/100 reflects baseline skill; scoring upside at TPC tied to approach conversion rather than short-game recovery,driving accuracy flag active (adj -0.054); penalty exposure on 9 water-threatened driving holes is the primary downside scenario; 150-200 fw SG below neutral; weak long-iron week at TPC produces a ceiling far short of leaderboard contention,Driving wayward into water threats on 9 holes cascades into penalty strokes and poor approach positions; a -4 or worse driving week eliminates contention,low,35.6,42.5,33.7,44.6,33.6,23.2,accuracy_risk|long_iron_deficit,accuracy_risk|long_iron_deficit,T5|flag_accuracy_risk|flag_long_iron_deficit,6:56 AM,early,1,12:11 PM,late,10,-1.34,2.89,-0.067
"Brehm, Ryan",10423,3M Open,TPC Twin Cities,138,T5,19.5,19.6,-0.075,0.012,-4.0,low,NSI 19.6/100 reflects baseline skill; scoring upside at TPC tied to approach conversion rather than short-game recovery,driving accuracy flag active (adj -0.087); penalty exposure on 9 water-threatened driving holes is the primary downside scenario; 150-200 fw SG below neutral; weak long-iron week at TPC produces a ceiling far short of leaderboard contention,Driving wayward into water threats on 9 holes cascades into penalty strokes and poor approach positions; a -4 or worse driving week eliminates contention,low,28.4,35.2,46.1,35.4,unknown,53.0,accuracy_risk|long_iron_deficit,accuracy_risk|long_iron_deficit,T5|venue_experience|flag_accuracy_risk|flag_long_iron_deficit,7:07 AM,early,1,12:22 PM,late,10,-2.332,3.099,-0.16
"Fahrny, Brannon",34058,3M Open,TPC Twin Cities,139,T5,19.3,18.2,0.0,0,-2.0,low,NSI 18.2/100 reflects baseline skill; scoring upside at TPC tied to approach conversion rather than short-game recovery,driving accuracy flag active (adj -0.031); penalty exposure on 9 water-threatened driving holes is the primary downside scenario,Driving wayward into water threats on 9 holes cascades into penalty strokes and poor approach positions; a -4 or worse driving week eliminates contention,low,unknown,unknown,53.7,70.0,unknown,45.0,accuracy_risk,accuracy_risk,T5|debut|flag_accuracy_risk,8:46 AM,early,1,2:01 PM,late,10,-2.734,3.097,0.013
"Lindheim, Nicholas",16713,3M Open,TPC Twin Cities,140,T5,14.8,12.9,0.0397,-0.028,0,medium,NSI 12.9/100 reflects baseline skill; scoring upside at TPC tied to approach conversion rather than short-game recovery,below-field approach and/or iron play limits scoring capacity in TPC's birdiefest environment where approach is the primary separator,Approach play below field median for the week; TPC's scoring environment still requires birdie volume that cannot be manufactured from short-game rescue alone,low,unknown,unknown,41.1,71.7,49.4,34.7,,,T5,8:35 AM,early,1,1:50 PM,late,10,-1.706,2.921,0.1
"Sandhu, Sihan",30039591,3M Open,TPC Twin Cities,141,T5,14.1,12.8,0.0,0,-2.0,low,NSI 12.8/100 reflects baseline skill; scoring upside at TPC tied to approach conversion rather than short-game recovery,driving accuracy flag active (adj -0.030); penalty exposure on 9 water-threatened driving holes is the primary downside scenario,Driving wayward into water threats on 9 holes cascades into penalty strokes and poor approach positions; a -4 or worse driving week eliminates contention,low,unknown,unknown,53.7,69.4,unknown,45.0,accuracy_risk,accuracy_risk,T5|debut|flag_accuracy_risk,2:01 PM,late,10,8:46 AM,early,1,-2.611,3.098,0.013
"Sihota, Jeevan",29702,3M Open,TPC Twin Cities,142,T5,5.2,3.7,0.0,0,-2.0,low,NSI 3.7/100 reflects baseline skill; scoring upside at TPC tied to approach conversion rather than short-game recovery,driving accuracy flag active (adj -0.096); penalty exposure on 9 water-threatened driving holes is the primary downside scenario,Driving wayward into water threats on 9 holes cascades into penalty strokes and poor approach positions; a -4 or worse driving week eliminates contention,low,unknown,unknown,48.4,52.4,unknown,45.0,accuracy_risk,accuracy_risk,T5|debut|flag_accuracy_risk,8:35 AM,early,1,1:50 PM,late,10,-3.926,3.45,-0.128
"Schultz, Cooper",31250,3M Open,TPC Twin Cities,143,T5,4.5,2.9,0.0,0,-2.0,low,NSI 2.9/100 reflects baseline skill; scoring upside at TPC tied to approach conversion rather than short-game recovery,driving accuracy flag active (adj -0.033); penalty exposure on 9 water-threatened driving holes is the primary downside scenario,Driving wayward into water threats on 9 holes cascades into penalty strokes and poor approach positions; a -4 or worse driving week eliminates contention,low,unknown,unknown,53.9,71.4,unknown,45.0,accuracy_risk,accuracy_risk,T5|debut|flag_accuracy_risk,8:46 AM,early,10,2:01 PM,late,1,-2.888,3.143,0.014
"Campbell, Thomas",18359,3M Open,TPC Twin Cities,144,T5,0.0,0.0,0.0,0,-2.0,medium,NSI 0.0/100 reflects baseline skill; scoring upside at TPC tied to approach conversion rather than short-game recovery,driving accuracy flag active (adj -0.050); penalty exposure on 9 water-threatened driving holes is the primary downside scenario,Driving wayward into water threats on 9 holes cascades into penalty strokes and poor approach positions; a -4 or worse driving week eliminates contention,low,unknown,unknown,54.2,78.4,unknown,47.5,accuracy_risk,accuracy_risk,T5|flag_accuracy_risk,1:39 PM,late,10,8:24 AM,early,1,-3.305,3.233,0.017
