rank_model,player_id,player_display,name_key,field_status,r1_tee_time,r1_wave,data_depth_class,baseline_confidence_band,neutral_skill_sg,neutral_skill_index,venue_fit_score,venue_fit_delta,venue_fit_conf_band,comp_course_adjustment,comp_course_trace,venue_history_rounds,venue_history_sg,venue_history_delta,venue_history_conf_band,pre_penalty_vts,blend_class,blend_weights_used,tier_eligibility_gate_status,debut_flag,debut_class,debut_penalty_applied,anti_pattern_flags,anti_pattern_penalty_total,ap_pen_bomb_spray,ap_pen_wedge_liab,ap_pen_poor_birdie,ap_pen_rough_approach,anti_pattern_trigger_trace,anti_pattern_modifier_trace,primary_risk_trait,risk_stressor_active,risk_secondary_discount_applied,risk_discount_trace,form_score_adjusted,recent_form_index,form_vs_baseline,recent_form_gate_applied,recent_form_gate_reason,form_delta_vts,injury_flag,health_gate_status,health_gate_reason,health_delta_vts,player_variance_band,volatility_index,venue_variance_class,variance_adjustment_trace,probability_compression_class,probability_compression_coefficients,probability_compression_trace,vts_final_raw,vts_final,tier,tier_reason,tier_gate_check,win_pct,top3_pct,top5_pct,top10_pct,top20_pct,make_cut_pct,miss_cut_pct,primary_trait_driver,trait_summary_label,trace_notes
1,3,"Koivun, Jackson",KOIVUN_JACKSON,confirmed,TBD,TBD,medium,medium,0.9275,90.9211691762622,85.60536859181347,-5.3158005844487235,medium,0.0,"DataGolf venue-fit tool; comp courses: TPC River Highlands, Colonial CC, Sedgefield CC; cf_adj_total scaled ×20, capped ±7 VTS pts",4,1.87,0.024,low,82.92606359526582,Blended,"{""neutral"": 0.5, ""venuefit"": 0.35, ""venuehistory"": 0.15}",clear,False,,0.0,,0.0,0.0,0.0,0.0,0.0,,Deere Run standard venue (non-major birdie-fest). AP_TO_VTS=2.0. Soft/wet week: bomb_and_spray softened (miss_fw_pen_frac=0.0264 modest). No weather amplification on other patterns.,ARG_Rough,False,0.0,,0.9275,50.0,0.0,False,,0.0,False,ok,,0.0,medium,50.0,standard,Standard venue variance class. Soft/wet delay risk: no compression multiplier.,standard,"{""win_exponent"": 4.5, ""win_cap"": 0.14, ""top3_center"": 80, ""top5_center"": 76, ""top10_center"": 68, ""top20_center"": 59, ""make_cut_center"": 48, ""make_cut_steepness"": 0.07}","144-player cut event. Win exp=4.5, cap=0.14. make_cut_pct via logistic(vts, center=48, steep=0.07).",82.92606359526582,82.92606359526582,1,Tier1 — Course Architect: NeutralSG=0.93+VFD=-5.3; 4CH-rds → elite birdie-fest fit at TPC Deere Run,ok,0.028516546897628406,0.5726340928237921,0.666546473383895,0.793039606048785,0.8714773910010446,0.9201821482185479,0.07981785178145206,PUTT_BirdieConv,PUTT_BirdieConv+PUTT_Lag; weak ARG_Rough,NeutralSG=0.93; VFD=-5.3; VHD=0.0(4rds); →Tier1 VTS=82.9
2,2,"Griffin, Ben",GRIFFIN_BEN,confirmed,TBD,TBD,deep,high,1.41,99.46855624446414,74.80987901703467,-24.658677227429465,high,-1.4,"DataGolf venue-fit tool; comp courses: TPC River Highlands, Colonial CC, Sedgefield CC; cf_adj_total scaled ×20, capped ±7 VTS pts",6,1.931,3.1336,medium,78.17046620289605,Balanced,"{""neutral"": 0.4, ""venuefit"": 0.3, ""venuehistory"": 0.3}",clear,False,,0.0,,0.0,0.0,0.0,0.0,0.0,,Deere Run standard venue (non-major birdie-fest). AP_TO_VTS=2.0. Soft/wet week: bomb_and_spray softened (miss_fw_pen_frac=0.0264 modest). No weather amplification on other patterns.,OTT_Accuracy,False,0.0,,1.41,50.0,0.0,False,,0.0,False,ok,,0.0,low,25.0,standard,Standard venue variance class. Soft/wet delay risk: no compression multiplier.,standard,"{""win_exponent"": 4.5, ""win_cap"": 0.14, ""top3_center"": 80, ""top5_center"": 76, ""top10_center"": 68, ""top20_center"": 59, ""make_cut_center"": 48, ""make_cut_steepness"": 0.07}","144-player cut event. Win exp=4.5, cap=0.14. make_cut_pct via logistic(vts, center=48, steep=0.07).",78.17046620289605,78.17046620289605,2,"Tier2 — Contention Window: NeutralSG=1.41, VFD=-24.7; 6CH-rds",ok,0.020242102146431955,0.4089499278655953,0.49864467156272746,0.6426828428922735,0.7402840838064803,0.8028518123752251,0.19714818762477493,PAR5_Scoring,PAR5_Scoring+APP_100-150; weak OTT_Accuracy,NeutralSG=1.41; VFD=-24.7; VHD=3.1(6rds); →Tier2 VTS=78.2
3,17,"Wallace, Matt",WALLACE_MATT,confirmed,TBD,TBD,deep,high,0.44,82.28520814880427,71.5769066264611,-10.708301522343177,high,-0.4,"DataGolf venue-fit tool; comp courses: TPC River Highlands, Colonial CC, Sedgefield CC; cf_adj_total scaled ×20, capped ±7 VTS pts",2,-1.266,-0.027200000000000002,low,78.001887539867,Neutral+Venue,"{""neutral"": 0.6, ""venuefit"": 0.4, ""venuehistory"": 0.0}",clear,False,,0.0,,0.0,0.0,0.0,0.0,0.0,,Deere Run standard venue (non-major birdie-fest). AP_TO_VTS=2.0. Soft/wet week: bomb_and_spray softened (miss_fw_pen_frac=0.0264 modest). No weather amplification on other patterns.,OTT_Accuracy,False,0.0,,0.44,50.0,0.0,False,,0.0,False,ok,,0.0,low,25.0,standard,Standard venue variance class. Soft/wet delay risk: no compression multiplier.,standard,"{""win_exponent"": 4.5, ""win_cap"": 0.14, ""top3_center"": 80, ""top5_center"": 76, ""top10_center"": 68, ""top20_center"": 59, ""make_cut_center"": 48, ""make_cut_steepness"": 0.07}","144-player cut event. Win exp=4.5, cap=0.14. make_cut_pct via logistic(vts, center=48, steep=0.07).",78.001887539867,78.001887539867,2,"Tier2 — Contention Window: NeutralSG=0.44, VFD=-10.7; 2CH-rds",ok,0.02004640302760306,0.4051914505800517,0.49489264495147867,0.6398859703283858,0.7385046439531593,0.8018244182364567,0.19817558176354333,APP_100-150,APP_100-150+APP_150-200; weak OTT_Accuracy,NeutralSG=0.44; VFD=-10.7; VHD=-0.0(2rds); →Tier2 VTS=78.0
4,4,"Fowler, Rickie",FOWLER_RICKIE,confirmed,TBD,TBD,deep,high,1.18,95.39415411868912,77.4081909008021,-17.98596321788702,high,0.4,"DataGolf venue-fit tool; comp courses: TPC River Highlands, Colonial CC, Sedgefield CC; cf_adj_total scaled ×20, capped ±7 VTS pts",6,0.762,0.39840000000000003,medium,76.49963891771627,Balanced,"{""neutral"": 0.4, ""venuefit"": 0.3, ""venuehistory"": 0.3}",clear,False,,0.0,,0.0,0.0,0.0,0.0,0.0,,Deere Run standard venue (non-major birdie-fest). AP_TO_VTS=2.0. Soft/wet week: bomb_and_spray softened (miss_fw_pen_frac=0.0264 modest). No weather amplification on other patterns.,ARG_Rough,False,0.0,,1.18,50.0,0.0,False,,0.0,False,ok,,0.0,low,25.0,standard,Standard venue variance class. Soft/wet delay risk: no compression multiplier.,standard,"{""win_exponent"": 4.5, ""win_cap"": 0.14, ""top3_center"": 80, ""top5_center"": 76, ""top10_center"": 68, ""top20_center"": 59, ""make_cut_center"": 48, ""make_cut_steepness"": 0.07}","144-player cut event. Win exp=4.5, cap=0.14. make_cut_pct via logistic(vts, center=48, steep=0.07).",76.49963891771627,76.49963891771627,2,"Tier2 — Contention Window: NeutralSG=1.18, VFD=-18.0; 6CH-rds",ok,0.018366681144996688,0.3720362984628635,0.46123953755634695,0.6141881334914384,0.721961374188739,0.7922416011971853,0.20775839880281466,PAR5_Scoring,PAR5_Scoring+APP_100-150; weak ARG_Rough,NeutralSG=1.18; VFD=-18.0; VHD=0.4(6rds); →Tier2 VTS=76.5
5,31,"Kim, Tom",KIM_TOM,confirmed,TBD,TBD,deep,high,0.28,79.45084145261293,71.29106738160755,-8.159774071005387,high,0.0,"DataGolf venue-fit tool; comp courses: TPC River Highlands, Colonial CC, Sedgefield CC; cf_adj_total scaled ×20, capped ±7 VTS pts",2,0.159,-0.022400000000000003,low,76.18693182421077,Neutral+Venue,"{""neutral"": 0.6, ""venuefit"": 0.4, ""venuehistory"": 0.0}",clear,False,,0.0,,0.0,0.0,0.0,0.0,0.0,,Deere Run standard venue (non-major birdie-fest). AP_TO_VTS=2.0. Soft/wet week: bomb_and_spray softened (miss_fw_pen_frac=0.0264 modest). No weather amplification on other patterns.,OTT_Accuracy,False,0.0,,0.28,50.0,0.0,False,,0.0,False,ok,,0.0,low,25.0,standard,Standard venue variance class. Soft/wet delay risk: no compression multiplier.,standard,"{""win_exponent"": 4.5, ""win_cap"": 0.14, ""top3_center"": 80, ""top5_center"": 76, ""top10_center"": 68, ""top20_center"": 59, ""make_cut_center"": 48, ""make_cut_steepness"": 0.07}","144-player cut event. Win exp=4.5, cap=0.14. make_cut_pct via logistic(vts, center=48, steep=0.07).",76.18693182421077,76.18693182421077,2,"Tier2 — Contention Window: NeutralSG=0.28, VFD=-8.2; 2CH-rds",ok,0.018031241557451155,0.3652305725356823,0.45420584357301913,0.608670839436648,0.718361510119857,0.7901479000185153,0.20985209998148469,APP_100-150,APP_100-150+APP_150-200; weak OTT_Accuracy,NeutralSG=0.28; VFD=-8.2; VHD=-0.0(2rds); →Tier2 VTS=76.2
6,5,"Bridgeman, Jacob",BRIDGEMAN_JACOB,confirmed,TBD,TBD,deep,high,0.97,91.674047829938,75.3670881869283,-16.306959643009705,high,-0.4,"DataGolf venue-fit tool; comp courses: TPC River Highlands, Colonial CC, Sedgefield CC; cf_adj_total scaled ×20, capped ±7 VTS pts",6,0.873,2.0143999999999997,medium,74.88406558805369,Balanced,"{""neutral"": 0.4, ""venuefit"": 0.3, ""venuehistory"": 0.3}",clear,False,,0.0,,0.0,0.0,0.0,0.0,0.0,,Deere Run standard venue (non-major birdie-fest). AP_TO_VTS=2.0. Soft/wet week: bomb_and_spray softened (miss_fw_pen_frac=0.0264 modest). No weather amplification on other patterns.,OTT_Accuracy,False,0.0,,0.97,50.0,0.0,False,,0.0,False,ok,,0.0,low,25.0,standard,Standard venue variance class. Soft/wet delay risk: no compression multiplier.,standard,"{""win_exponent"": 4.5, ""win_cap"": 0.14, ""top3_center"": 80, ""top5_center"": 76, ""top10_center"": 68, ""top20_center"": 59, ""make_cut_center"": 48, ""make_cut_steepness"": 0.07}","144-player cut event. Win exp=4.5, cap=0.14. make_cut_pct via logistic(vts, center=48, steep=0.07).",74.88406558805369,74.88406558805369,2,"Tier2 — Contention Window: NeutralSG=0.97, VFD=-16.3; 6CH-rds",ok,0.016684600805368557,0.33733805406221656,0.4249174998957204,0.5851078321809995,0.7027801856713307,0.7810447000970001,0.2189552999029999,PAR5_Scoring,PAR5_Scoring+APP_100-150; weak OTT_Accuracy,NeutralSG=0.97; VFD=-16.3; VHD=2.0(6rds); →Tier2 VTS=74.9
7,1,"Gotterup, Chris",GOTTERUP_CHRIS,confirmed,TBD,TBD,deep,high,1.44,100.0,75.24528993119566,-24.754710068804343,high,-2.6,"DataGolf venue-fit tool; comp courses: TPC River Highlands, Colonial CC, Sedgefield CC; cf_adj_total scaled ×20, capped ±7 VTS pts",10,1.23,2.6912000000000003,medium,78.3809469793587,Balanced,"{""neutral"": 0.4, ""venuefit"": 0.3, ""venuehistory"": 0.3}",clear,False,,0.0,bomb_and_spray;rough_approach_liab,-2.6740815638692284,-1.558139534883721,0.0,0.0,-1.1159420289855073,bomb_and_spray;rough_approach_liab,Deere Run standard venue (non-major birdie-fest). AP_TO_VTS=2.0. Soft/wet week: bomb_and_spray softened (miss_fw_pen_frac=0.0264 modest). No weather amplification on other patterns.,ARG_Rough,False,0.0,,1.44,50.0,0.0,False,,0.0,False,ok,,0.0,low,25.0,standard,Standard venue variance class. Soft/wet delay risk: no compression multiplier.,standard,"{""win_exponent"": 4.5, ""win_cap"": 0.14, ""top3_center"": 80, ""top5_center"": 76, ""top10_center"": 68, ""top20_center"": 59, ""make_cut_center"": 48, ""make_cut_steepness"": 0.07}","144-player cut event. Win exp=4.5, cap=0.14. make_cut_pct via logistic(vts, center=48, steep=0.07).",73.03278385162024,73.03278385162024,2,"Tier2 — Contention Window: NeutralSG=1.44, VFD=-24.8; 10CH-rds",ok,0.014907121862332099,0.2992855395370853,0.3837231959484049,0.5502064710679548,0.6790273899727355,0.767017816534483,0.23298218346551702,PAR5_Scoring,PAR5_Scoring+OTT_Distance; weak ARG_Rough,NeutralSG=1.44; VFD=-24.8; VHD=2.7(10rds); AP=-2.7SG(bomb_and_spray;rough_approach_liab); →Tier2 VTS=73.0
8,9,"Thorbjornsen, Michael",THORBJORNSEN_MICHAEL,confirmed,TBD,TBD,deep,high,0.71,87.0682019486271,71.20959910028232,-15.858602848344788,high,-0.4,"DataGolf venue-fit tool; comp courses: TPC River Highlands, Colonial CC, Sedgefield CC; cf_adj_total scaled ×20, capped ±7 VTS pts",12,2.007,5.4624,medium,72.82888050953554,Balanced,"{""neutral"": 0.4, ""venuefit"": 0.3, ""venuehistory"": 0.3}",clear,False,,0.0,,0.0,0.0,0.0,0.0,0.0,,Deere Run standard venue (non-major birdie-fest). AP_TO_VTS=2.0. Soft/wet week: bomb_and_spray softened (miss_fw_pen_frac=0.0264 modest). No weather amplification on other patterns.,ARG_Rough,False,0.0,,0.71,50.0,0.0,False,,0.0,False,ok,,0.0,low,25.0,standard,Standard venue variance class. Soft/wet delay risk: no compression multiplier.,standard,"{""win_exponent"": 4.5, ""win_cap"": 0.14, ""top3_center"": 80, ""top5_center"": 76, ""top10_center"": 68, ""top20_center"": 59, ""make_cut_center"": 48, ""make_cut_steepness"": 0.07}","144-player cut event. Win exp=4.5, cap=0.14. make_cut_pct via logistic(vts, center=48, steep=0.07).",72.82888050953554,72.82888050953554,2,"Tier2 — Contention Window: NeutralSG=0.71, VFD=-15.9; 12CH-rds",ok,0.014720745581812134,0.2952263413678803,0.37924177391263786,0.5462742504749286,0.6762965614811024,0.7653920418510877,0.23460795814891233,PAR5_Scoring,PAR5_Scoring+OTT_Distance; weak ARG_Rough,NeutralSG=0.71; VFD=-15.9; VHD=5.5(12rds); →Tier2 VTS=72.8
9,6,"Bradley, Keegan",BRADLEY_KEEGAN,confirmed,TBD,TBD,deep,high,0.91,90.61116031886627,72.17425471253082,-18.436905606335444,high,-1.0,"DataGolf venue-fit tool; comp courses: TPC River Highlands, Colonial CC, Sedgefield CC; cf_adj_total scaled ×20, capped ±7 VTS pts",8,0.204,-1.82,medium,72.35074054130575,Balanced,"{""neutral"": 0.4, ""venuefit"": 0.3, ""venuehistory"": 0.3}",clear,False,,0.0,,0.0,0.0,0.0,0.0,0.0,,Deere Run standard venue (non-major birdie-fest). AP_TO_VTS=2.0. Soft/wet week: bomb_and_spray softened (miss_fw_pen_frac=0.0264 modest). No weather amplification on other patterns.,OTT_Accuracy,False,0.0,,0.91,50.0,0.0,False,,0.0,False,ok,,0.0,low,25.0,standard,Standard venue variance class. Soft/wet delay risk: no compression multiplier.,standard,"{""win_exponent"": 4.5, ""win_cap"": 0.14, ""top3_center"": 80, ""top5_center"": 76, ""top10_center"": 68, ""top20_center"": 59, ""make_cut_center"": 48, ""make_cut_steepness"": 0.07}","144-player cut event. Win exp=4.5, cap=0.14. make_cut_pct via logistic(vts, center=48, steep=0.07).",72.35074054130575,72.35074054130575,2,"Tier2 — Contention Window: NeutralSG=0.91, VFD=-18.4; 8CH-rds",ok,0.014290810677873897,0.2858199720825658,0.36879089268893916,0.5369938030123372,0.6698048961586057,0.7615154668635643,0.2384845331364357,PAR5_Scoring,PAR5_Scoring+APP_100-150; weak OTT_Accuracy,NeutralSG=0.91; VFD=-18.4; VHD=-1.8(8rds); →Tier2 VTS=72.4
10,10,"Bezuidenhout, Christiaan",BEZUIDENHOUT_CHRISTIAAN,confirmed,TBD,TBD,deep,high,0.69,86.7139061116032,74.73308262744251,-11.98082348416068,high,0.6,"DataGolf venue-fit tool; comp courses: TPC River Highlands, Colonial CC, Sedgefield CC; cf_adj_total scaled ×20, capped ±7 VTS pts",8,0.691,0.5768,medium,72.27852723287403,Balanced,"{""neutral"": 0.4, ""venuefit"": 0.3, ""venuehistory"": 0.3}",clear,False,,0.0,,0.0,0.0,0.0,0.0,0.0,,Deere Run standard venue (non-major birdie-fest). AP_TO_VTS=2.0. Soft/wet week: bomb_and_spray softened (miss_fw_pen_frac=0.0264 modest). No weather amplification on other patterns.,OTT_Distance,False,0.0,,0.69,50.0,0.0,False,,0.0,False,ok,,0.0,low,25.0,standard,Standard venue variance class. Soft/wet delay risk: no compression multiplier.,standard,"{""win_exponent"": 4.5, ""win_cap"": 0.14, ""top3_center"": 80, ""top5_center"": 76, ""top10_center"": 68, ""top20_center"": 59, ""make_cut_center"": 48, ""make_cut_steepness"": 0.07}","144-player cut event. Win exp=4.5, cap=0.14. make_cut_pct via logistic(vts, center=48, steep=0.07).",72.27852723287403,72.27852723287403,2,"Tier2 — Contention Window: NeutralSG=0.69, VFD=-12.0; 8CH-rds",ok,0.014226736205548825,0.28441331130737274,0.3672200392985024,0.5355852540754933,0.6688137878943279,0.7609221149087567,0.23907788509124328,APP_150-200,APP_150-200+APP_100-150; weak OTT_Distance,NeutralSG=0.69; VFD=-12.0; VHD=0.6(8rds); →Tier2 VTS=72.3
11,54,"Fisk, Steven",FISK_STEVEN,confirmed,TBD,TBD,deep,high,0.03,75.02214348981401,66.42663523192509,-8.595508257888923,high,-0.6,"DataGolf venue-fit tool; comp courses: TPC River Highlands, Colonial CC, Sedgefield CC; cf_adj_total scaled ×20, capped ±7 VTS pts",2,-1.841,-0.0352,low,71.58394018665844,Neutral+Venue,"{""neutral"": 0.6, ""venuefit"": 0.4, ""venuehistory"": 0.0}",clear,False,,0.0,,0.0,0.0,0.0,0.0,0.0,,Deere Run standard venue (non-major birdie-fest). AP_TO_VTS=2.0. Soft/wet week: bomb_and_spray softened (miss_fw_pen_frac=0.0264 modest). No weather amplification on other patterns.,OTT_Accuracy,False,0.0,,0.03,50.0,0.0,False,,0.0,False,ok,,0.0,low,25.0,standard,Standard venue variance class. Soft/wet delay risk: no compression multiplier.,standard,"{""win_exponent"": 4.5, ""win_cap"": 0.14, ""top3_center"": 80, ""top5_center"": 76, ""top10_center"": 68, ""top20_center"": 59, ""make_cut_center"": 48, ""make_cut_steepness"": 0.07}","144-player cut event. Win exp=4.5, cap=0.14. make_cut_pct via logistic(vts, center=48, steep=0.07).",71.58394018665844,71.58394018665844,2,"Tier2 — Contention Window: NeutralSG=0.03, VFD=-8.6; 2CH-rds",ok,0.013621773375776214,0.27107698825075777,0.3522225263873817,0.5219520348280214,0.6591391377056462,0.7551084455379031,0.24489155446209687,PAR5_Scoring,PAR5_Scoring+APP_100-150; weak OTT_Accuracy,NeutralSG=0.03; VFD=-8.6; VHD=-0.0(2rds); →Tier2 VTS=71.6
12,35,"Bauchou, Zach",BAUCHOU_ZACH,confirmed,TBD,TBD,deep,high,0.18,77.67936226749336,72.97608525510582,-4.703277012387545,high,0.2,"DataGolf venue-fit tool; comp courses: TPC River Highlands, Colonial CC, Sedgefield CC; cf_adj_total scaled ×20, capped ±7 VTS pts",0,,0.0,none,75.79805146253834,Neutral+Venue,"{""neutral"": 0.6, ""venuefit"": 0.4, ""venuehistory"": 0.0}",clear,True,B,-1.75,,0.0,0.0,0.0,0.0,0.0,,Deere Run standard venue (non-major birdie-fest). AP_TO_VTS=2.0. Soft/wet week: bomb_and_spray softened (miss_fw_pen_frac=0.0264 modest). No weather amplification on other patterns.,OTT_Accuracy,False,0.0,,0.18,50.0,0.0,False,,0.0,False,ok,,0.0,high,75.0,standard,Standard venue variance class. Soft/wet delay risk: no compression multiplier.,standard,"{""win_exponent"": 4.5, ""win_cap"": 0.14, ""top3_center"": 80, ""top5_center"": 76, ""top10_center"": 68, ""top20_center"": 59, ""make_cut_center"": 48, ""make_cut_steepness"": 0.07}","144-player cut event. Win exp=4.5, cap=0.14. make_cut_pct via logistic(vts, center=48, steep=0.07).",71.42305146253834,71.42305146253834,2,"Tier2 — Contention Window: NeutralSG=0.18, VFD=-4.7; 0CH-rds (debut); debut-B",ok,0.015507225327164009,0.32760329981898284,0.426286091969736,0.6340567542300665,0.8028311922747337,0.9212305887105049,0.0787694112894951,APP_100-150,APP_100-150+APP_150-200; weak OTT_Accuracy,NeutralSG=0.18; VFD=-4.7; VHD=0.0(0rds); debut-B pen=-1.8SG; →Tier2 VTS=71.4
13,16,"Homa, Max",HOMA_MAX,confirmed,TBD,TBD,deep,high,0.49,83.17094774136406,71.33951277829686,-11.831434963067196,high,-1.0,"DataGolf venue-fit tool; comp courses: TPC River Highlands, Colonial CC, Sedgefield CC; cf_adj_total scaled ×20, capped ±7 VTS pts",10,0.924,4.208,medium,70.93263293003469,Balanced,"{""neutral"": 0.4, ""venuefit"": 0.3, ""venuehistory"": 0.3}",clear,False,,0.0,,0.0,0.0,0.0,0.0,0.0,,Deere Run standard venue (non-major birdie-fest). AP_TO_VTS=2.0. Soft/wet week: bomb_and_spray softened (miss_fw_pen_frac=0.0264 modest). No weather amplification on other patterns.,OTT_Accuracy,False,0.0,,0.49,50.0,0.0,False,,0.0,False,ok,,0.0,low,25.0,standard,Standard venue variance class. Soft/wet delay risk: no compression multiplier.,standard,"{""win_exponent"": 4.5, ""win_cap"": 0.14, ""top3_center"": 80, ""top5_center"": 76, ""top10_center"": 68, ""top20_center"": 59, ""make_cut_center"": 48, ""make_cut_steepness"": 0.07}","144-player cut event. Win exp=4.5, cap=0.14. make_cut_pct via logistic(vts, center=48, steep=0.07).",70.93263293003469,70.93263293003469,2,"Tier2 — Contention Window: NeutralSG=0.49, VFD=-11.8; 10CH-rds",ok,0.013072866179452608,0.2589012646351499,0.3383629457429066,0.509043453500187,0.6498373210831264,0.7494800799831676,0.25051992001683243,APP_100-150,APP_100-150+APP_150-200; weak OTT_Accuracy,NeutralSG=0.49; VFD=-11.8; VHD=4.2(10rds); →Tier2 VTS=70.9
14,15,"Mccarthy, Denny",MCCARTHY_DENNY,confirmed,TBD,TBD,deep,high,0.51,83.52524357838796,70.65655633988764,-12.868687238500314,high,-1.0,"DataGolf venue-fit tool; comp courses: TPC River Highlands, Colonial CC, Sedgefield CC; cf_adj_total scaled ×20, capped ±7 VTS pts",24,1.211,1.9751999999999998,medium,70.19962433332148,Balanced,"{""neutral"": 0.4, ""venuefit"": 0.3, ""venuehistory"": 0.3}",clear,False,,0.0,,0.0,0.0,0.0,0.0,0.0,,Deere Run standard venue (non-major birdie-fest). AP_TO_VTS=2.0. Soft/wet week: bomb_and_spray softened (miss_fw_pen_frac=0.0264 modest). No weather amplification on other patterns.,OTT_Accuracy,False,0.0,,0.51,50.0,0.0,False,,0.0,False,ok,,0.0,low,25.0,standard,Standard venue variance class. Soft/wet delay risk: no compression multiplier.,standard,"{""win_exponent"": 4.5, ""win_cap"": 0.14, ""top3_center"": 80, ""top5_center"": 76, ""top10_center"": 68, ""top20_center"": 59, ""make_cut_center"": 48, ""make_cut_steepness"": 0.07}","144-player cut event. Win exp=4.5, cap=0.14. make_cut_pct via logistic(vts, center=48, steep=0.07).",70.19962433332148,70.19962433332148,2,"Tier2 — Contention Window: NeutralSG=0.51, VFD=-12.9; 24CH-rds",ok,0.01247584582077496,0.2455958967069868,0.3230315546590917,0.4943974903007768,0.6391085596967185,0.7429382255228235,0.2570617744771765,PUTT_BirdieConv,PUTT_BirdieConv+PUTT_Lag; weak OTT_Accuracy,NeutralSG=0.51; VFD=-12.9; VHD=2.0(24rds); →Tier2 VTS=70.2
15,14,"Kim, Michael",KIM_MICHAEL,confirmed,TBD,TBD,deep,high,0.55,84.23383525243578,70.79474845025219,-13.439086802183596,high,-1.4,"DataGolf venue-fit tool; comp courses: TPC River Highlands, Colonial CC, Sedgefield CC; cf_adj_total scaled ×20, capped ±7 VTS pts",22,-0.302,0.6368,medium,70.12299863604997,Balanced,"{""neutral"": 0.4, ""venuefit"": 0.3, ""venuehistory"": 0.3}",clear,False,,0.0,,0.0,0.0,0.0,0.0,0.0,,Deere Run standard venue (non-major birdie-fest). AP_TO_VTS=2.0. Soft/wet week: bomb_and_spray softened (miss_fw_pen_frac=0.0264 modest). No weather amplification on other patterns.,OTT_Accuracy,False,0.0,,0.55,50.0,0.0,False,,0.0,False,ok,,0.0,low,25.0,standard,Standard venue variance class. Soft/wet delay risk: no compression multiplier.,standard,"{""win_exponent"": 4.5, ""win_cap"": 0.14, ""top3_center"": 80, ""top5_center"": 76, ""top10_center"": 68, ""top20_center"": 59, ""make_cut_center"": 48, ""make_cut_steepness"": 0.07}","144-player cut event. Win exp=4.5, cap=0.14. make_cut_pct via logistic(vts, center=48, steep=0.07).",70.12299863604997,70.12299863604997,2,"Tier2 — Contention Window: NeutralSG=0.55, VFD=-13.4; 22CH-rds",ok,0.01241468229118399,0.24422992473627397,0.3214464512645676,0.49286040708473516,0.6379714175040467,0.7422415813559574,0.2577584186440426,APP_100-150,APP_100-150+APP_150-200; weak OTT_Accuracy,NeutralSG=0.55; VFD=-13.4; VHD=0.6(22rds); →Tier2 VTS=70.1
16,13,"Cole, Eric",COLE_ERIC,confirmed,TBD,TBD,deep,high,0.59,84.94242692648362,69.32664773384232,-15.615779192641298,high,-2.2,"DataGolf venue-fit tool; comp courses: TPC River Highlands, Colonial CC, Sedgefield CC; cf_adj_total scaled ×20, capped ±7 VTS pts",14,0.117,0.5824,medium,69.94968509074614,Balanced,"{""neutral"": 0.4, ""venuefit"": 0.3, ""venuehistory"": 0.3}",clear,False,,0.0,,0.0,0.0,0.0,0.0,0.0,,Deere Run standard venue (non-major birdie-fest). AP_TO_VTS=2.0. Soft/wet week: bomb_and_spray softened (miss_fw_pen_frac=0.0264 modest). No weather amplification on other patterns.,OTT_Accuracy,False,0.0,,0.59,50.0,0.0,False,,0.0,False,ok,,0.0,low,25.0,standard,Standard venue variance class. Soft/wet delay risk: no compression multiplier.,standard,"{""win_exponent"": 4.5, ""win_cap"": 0.14, ""top3_center"": 80, ""top5_center"": 76, ""top10_center"": 68, ""top20_center"": 59, ""make_cut_center"": 48, ""make_cut_steepness"": 0.07}","144-player cut event. Win exp=4.5, cap=0.14. make_cut_pct via logistic(vts, center=48, steep=0.07).",69.94968509074614,69.94968509074614,2,"Tier2 — Contention Window: NeutralSG=0.59, VFD=-15.6; 14CH-rds",ok,0.012277201655594153,0.2411579889284253,0.31787407203777834,0.4893801310557778,0.6353886675685876,0.7406569262581097,0.25934307374189025,APP_100-150,APP_100-150+APP_150-200; weak OTT_Accuracy,NeutralSG=0.59; VFD=-15.6; VHD=0.6(14rds); →Tier2 VTS=69.9
17,7,"Spieth, Jordan",SPIETH_JORDAN,confirmed,TBD,TBD,deep,high,0.77,88.13108945969886,71.85339955174672,-16.277689907952137,high,-0.8,"DataGolf venue-fit tool; comp courses: TPC River Highlands, Colonial CC, Sedgefield CC; cf_adj_total scaled ×20, capped ±7 VTS pts",20,1.82,1.9912,medium,72.40581564940355,Balanced,"{""neutral"": 0.4, ""venuefit"": 0.3, ""venuehistory"": 0.3}",clear,False,,0.0,bomb_and_spray,-1.2427906976744187,-1.2427906976744187,0.0,0.0,0.0,bomb_and_spray,Deere Run standard venue (non-major birdie-fest). AP_TO_VTS=2.0. Soft/wet week: bomb_and_spray softened (miss_fw_pen_frac=0.0264 modest). No weather amplification on other patterns.,OTT_Accuracy,False,0.0,,0.77,50.0,0.0,False,,0.0,False,ok,,0.0,low,25.0,standard,Standard venue variance class. Soft/wet delay risk: no compression multiplier.,standard,"{""win_exponent"": 4.5, ""win_cap"": 0.14, ""top3_center"": 80, ""top5_center"": 76, ""top10_center"": 68, ""top20_center"": 59, ""make_cut_center"": 48, ""make_cut_steepness"": 0.07}","144-player cut event. Win exp=4.5, cap=0.14. make_cut_pct via logistic(vts, center=48, steep=0.07).",69.92023425405472,69.92023425405472,2,"Tier2 — Contention Window: NeutralSG=0.77, VFD=-16.3; 20CH-rds",ok,0.012253958034729416,0.2406384225282291,0.3172688159965805,0.48878825053452074,0.6349483118491236,0.7403864105203379,0.25961358947966207,PAR5_Scoring,PAR5_Scoring+APP_100-150; weak OTT_Accuracy,NeutralSG=0.77; VFD=-16.3; VHD=2.0(20rds); AP=-1.2SG(bomb_and_spray); →Tier2 VTS=69.9
18,20,"Brennan, Michael",BRENNAN_MICHAEL,confirmed,TBD,TBD,deep,high,0.4,81.57661647475643,70.30146897279299,-11.275147501963446,high,-0.2,"DataGolf venue-fit tool; comp courses: TPC River Highlands, Colonial CC, Sedgefield CC; cf_adj_total scaled ×20, capped ±7 VTS pts",0,,0.0,none,77.06655747397106,Neutral+Venue,"{""neutral"": 0.6, ""venuefit"": 0.4, ""venuehistory"": 0.0}",clear,True,B,-1.75,rough_approach_liab,-1.3888888888888888,0.0,0.0,0.0,-1.3888888888888888,rough_approach_liab,Deere Run standard venue (non-major birdie-fest). AP_TO_VTS=2.0. Soft/wet week: bomb_and_spray softened (miss_fw_pen_frac=0.0264 modest). No weather amplification on other patterns.,ARG_Rough,False,0.0,,0.4,50.0,0.0,False,,0.0,False,ok,,0.0,high,75.0,standard,Standard venue variance class. Soft/wet delay risk: no compression multiplier.,standard,"{""win_exponent"": 4.5, ""win_cap"": 0.14, ""top3_center"": 80, ""top5_center"": 76, ""top10_center"": 68, ""top20_center"": 59, ""make_cut_center"": 48, ""make_cut_steepness"": 0.07}","144-player cut event. Win exp=4.5, cap=0.14. make_cut_pct via logistic(vts, center=48, steep=0.07).",69.91377969619329,69.91377969619329,2,"Tier2 — Contention Window: NeutralSG=0.40, VFD=-11.3; 0CH-rds (debut); debut-B",ok,0.014086198717260487,0.293974569030166,0.38761095500719234,0.5972492943998976,0.7759299103003666,0.9048442029638567,0.0951557970361433,OTT_Distance,OTT_Distance+PAR5_Scoring; weak ARG_Rough,NeutralSG=0.40; VFD=-11.3; VHD=0.0(0rds); debut-B pen=-1.8SG; AP=-1.4SG(rough_approach_liab); →Tier2 VTS=69.9
19,8,"Meissner, Mac",MEISSNER_MAC,confirmed,TBD,TBD,deep,high,0.72,87.24534986713907,71.9565755911451,-15.288774275993973,high,-1.2,"DataGolf venue-fit tool; comp courses: TPC River Highlands, Colonial CC, Sedgefield CC; cf_adj_total scaled ×20, capped ±7 VTS pts",6,0.765,1.9856,medium,72.08079262419916,Balanced,"{""neutral"": 0.4, ""venuefit"": 0.3, ""venuehistory"": 0.3}",clear,False,,0.0,bomb_and_spray,-1.1004651162790697,-1.1004651162790697,0.0,0.0,0.0,bomb_and_spray,Deere Run standard venue (non-major birdie-fest). AP_TO_VTS=2.0. Soft/wet week: bomb_and_spray softened (miss_fw_pen_frac=0.0264 modest). No weather amplification on other patterns.,OTT_Accuracy,False,0.0,,0.72,50.0,0.0,False,,0.0,False,ok,,0.0,low,25.0,standard,Standard venue variance class. Soft/wet delay risk: no compression multiplier.,standard,"{""win_exponent"": 4.5, ""win_cap"": 0.14, ""top3_center"": 80, ""top5_center"": 76, ""top10_center"": 68, ""top20_center"": 59, ""make_cut_center"": 48, ""make_cut_steepness"": 0.07}","144-player cut event. Win exp=4.5, cap=0.14. make_cut_pct via logistic(vts, center=48, steep=0.07).",69.87986239164103,69.87986239164103,2,"Tier2 — Contention Window: NeutralSG=0.72, VFD=-15.3; 6CH-rds",ok,0.01222215079590205,0.23992734554823664,0.31643997193441414,0.48797666818474295,0.6343439693002058,0.740014996315511,0.25998500368448896,PAR5_Scoring,PAR5_Scoring+APP_100-150; weak OTT_Accuracy,NeutralSG=0.72; VFD=-15.3; VHD=2.0(6rds); AP=-1.1SG(bomb_and_spray); →Tier2 VTS=69.9
20,34,"Yellamaraju, Sudarshan",YELLAMARAJU_SUDARSHAN,confirmed,TBD,TBD,deep,high,0.18,77.67936226749336,74.47768463464648,-3.201677632846881,high,-0.2,"DataGolf venue-fit tool; comp courses: TPC River Highlands, Colonial CC, Sedgefield CC; cf_adj_total scaled ×20, capped ±7 VTS pts",0,,0.0,none,76.39869121435461,Neutral+Venue,"{""neutral"": 0.6, ""venuefit"": 0.4, ""venuehistory"": 0.0}",clear,True,B,-1.75,rough_approach_liab,-1.1054750402576488,0.0,0.0,0.0,-1.1054750402576488,rough_approach_liab,Deere Run standard venue (non-major birdie-fest). AP_TO_VTS=2.0. Soft/wet week: bomb_and_spray softened (miss_fw_pen_frac=0.0264 modest). No weather amplification on other patterns.,ARG_Rough,False,0.0,,0.18,50.0,0.0,False,,0.0,False,ok,,0.0,high,75.0,standard,Standard venue variance class. Soft/wet delay risk: no compression multiplier.,standard,"{""win_exponent"": 4.5, ""win_cap"": 0.14, ""top3_center"": 80, ""top5_center"": 76, ""top10_center"": 68, ""top20_center"": 59, ""make_cut_center"": 48, ""make_cut_steepness"": 0.07}","144-player cut event. Win exp=4.5, cap=0.14. make_cut_pct via logistic(vts, center=48, steep=0.07).",69.81274113383931,69.81274113383931,2,"Tier2 — Contention Window: NeutralSG=0.18, VFD=-3.2; 0CH-rds (debut); debut-B",ok,0.013994822690494017,0.2918032223314981,0.3850784124625947,0.5947660927318639,0.7740790862033042,0.9037062142356067,0.09629378576439329,PAR5_Scoring,PAR5_Scoring+APP_100-150; weak ARG_Rough,NeutralSG=0.18; VFD=-3.2; VHD=0.0(0rds); debut-B pen=-1.8SG; AP=-1.1SG(rough_approach_liab); →Tier2 VTS=69.8
21,56,"Suber, Jackson",SUBER_JACKSON,confirmed,TBD,TBD,deep,high,0.02,74.84499557130204,67.40277765231409,-7.44221791898795,high,-0.2,"DataGolf venue-fit tool; comp courses: TPC River Highlands, Colonial CC, Sedgefield CC; cf_adj_total scaled ×20, capped ±7 VTS pts",2,0.159,-0.0176,low,71.86810840370686,Neutral+Venue,"{""neutral"": 0.6, ""venuefit"": 0.4, ""venuehistory"": 0.0}",clear,False,,0.0,rough_approach_liab,-1.1143317230273753,0.0,0.0,0.0,-1.1143317230273753,rough_approach_liab,Deere Run standard venue (non-major birdie-fest). AP_TO_VTS=2.0. Soft/wet week: bomb_and_spray softened (miss_fw_pen_frac=0.0264 modest). No weather amplification on other patterns.,OTT_Accuracy,False,0.0,,0.02,50.0,0.0,False,,0.0,False,ok,,0.0,low,25.0,standard,Standard venue variance class. Soft/wet delay risk: no compression multiplier.,standard,"{""win_exponent"": 4.5, ""win_cap"": 0.14, ""top3_center"": 80, ""top5_center"": 76, ""top10_center"": 68, ""top20_center"": 59, ""make_cut_center"": 48, ""make_cut_steepness"": 0.07}","144-player cut event. Win exp=4.5, cap=0.14. make_cut_pct via logistic(vts, center=48, steep=0.07).",69.6394449576521,69.6394449576521,2,"Tier2 — Contention Window: NeutralSG=0.02, VFD=-7.4; 2CH-rds",ok,0.01203406373927502,0.23572062340248123,0.31152486736474777,0.4831386603373242,0.630728549132912,0.737789163301835,0.26221083669816503,APP_100-150,APP_100-150+APP_150-200; weak OTT_Accuracy,NeutralSG=0.02; VFD=-7.4; VHD=-0.0(2rds); AP=-1.1SG(rough_approach_liab); →Tier2 VTS=69.6
22,11,"Poston, J.T.",POSTON_J.T.,confirmed,TBD,TBD,deep,high,0.68,86.53675819309123,73.91547294765289,-12.621285245438344,high,0.8,"DataGolf venue-fit tool; comp courses: TPC River Highlands, Colonial CC, Sedgefield CC; cf_adj_total scaled ×20, capped ±7 VTS pts",26,0.212,0.07840000000000001,medium,71.81286516153236,Balanced,"{""neutral"": 0.4, ""venuefit"": 0.3, ""venuehistory"": 0.3}",clear,False,,0.0,rough_approach_liab,-1.1779388083735909,0.0,0.0,0.0,-1.1779388083735909,rough_approach_liab,Deere Run standard venue (non-major birdie-fest). AP_TO_VTS=2.0. Soft/wet week: bomb_and_spray softened (miss_fw_pen_frac=0.0264 modest). No weather amplification on other patterns.,ARG_Rough,False,0.0,,0.68,50.0,0.0,False,,0.0,False,ok,,0.0,low,25.0,standard,Standard venue variance class. Soft/wet delay risk: no compression multiplier.,standard,"{""win_exponent"": 4.5, ""win_cap"": 0.14, ""top3_center"": 80, ""top5_center"": 76, ""top10_center"": 68, ""top20_center"": 59, ""make_cut_center"": 48, ""make_cut_steepness"": 0.07}","144-player cut event. Win exp=4.5, cap=0.14. make_cut_pct via logistic(vts, center=48, steep=0.07).",69.45698754478518,69.45698754478518,2,"Tier2 — Contention Window: NeutralSG=0.68, VFD=-12.6; 26CH-rds",ok,0.011892829643337976,0.2325599994518526,0.3078188254080928,0.479461794112291,0.627966007059335,0.7360838641908586,0.2639161358091414,PAR5_Scoring,PAR5_Scoring+APP_100-150; weak ARG_Rough,NeutralSG=0.68; VFD=-12.6; VHD=0.1(26rds); AP=-1.2SG(rough_approach_liab); →Tier2 VTS=69.5
23,24,"Pendrith, Taylor",PENDRITH_TAYLOR,confirmed,TBD,TBD,deep,high,0.36,80.86802480070861,68.88341962891963,-11.984605171788985,high,-0.8,"DataGolf venue-fit tool; comp courses: TPC River Highlands, Colonial CC, Sedgefield CC; cf_adj_total scaled ×20, capped ±7 VTS pts",0,,0.0,none,76.07418273199302,Neutral+Venue,"{""neutral"": 0.6, ""venuefit"": 0.4, ""venuehistory"": 0.0}",clear,True,B,-1.75,bomb_and_spray,-1.3697674418604653,-1.3697674418604653,0.0,0.0,0.0,bomb_and_spray,Deere Run standard venue (non-major birdie-fest). AP_TO_VTS=2.0. Soft/wet week: bomb_and_spray softened (miss_fw_pen_frac=0.0264 modest). No weather amplification on other patterns.,OTT_Accuracy,False,0.0,,0.36,50.0,0.0,False,,0.0,False,ok,,0.0,high,75.0,standard,Standard venue variance class. Soft/wet delay risk: no compression multiplier.,standard,"{""win_exponent"": 4.5, ""win_cap"": 0.14, ""top3_center"": 80, ""top5_center"": 76, ""top10_center"": 68, ""top20_center"": 59, ""make_cut_center"": 48, ""make_cut_steepness"": 0.07}","144-player cut event. Win exp=4.5, cap=0.14. make_cut_pct via logistic(vts, center=48, steep=0.07).",68.95964784827208,68.95964784827208,2,"Tier2 — Contention Window: NeutralSG=0.36, VFD=-12.0; 0CH-rds (debut); debut-B",ok,0.01324155384344911,0.27388303844582496,0.36400999433019815,0.5737365308888043,0.7582118727256729,0.8938904406903179,0.10610955930968213,PAR5_Scoring,PAR5_Scoring+OTT_Distance; weak OTT_Accuracy,NeutralSG=0.36; VFD=-12.0; VHD=0.0(0rds); debut-B pen=-1.8SG; AP=-1.4SG(bomb_and_spray); →Tier2 VTS=69.0
24,84,"Peterson, Paul",PETERSON_PAUL,confirmed,TBD,TBD,deep,high,-0.41,67.22763507528788,70.5691752848989,3.3415402096110256,high,2.6,"DataGolf venue-fit tool; comp courses: TPC River Highlands, Colonial CC, Sedgefield CC; cf_adj_total scaled ×20, capped ±7 VTS pts",2,0.159,-0.016,low,68.56425115913228,Neutral+Venue,"{""neutral"": 0.6, ""venuefit"": 0.4, ""venuehistory"": 0.0}",clear,False,,0.0,,0.0,0.0,0.0,0.0,0.0,,Deere Run standard venue (non-major birdie-fest). AP_TO_VTS=2.0. Soft/wet week: bomb_and_spray softened (miss_fw_pen_frac=0.0264 modest). No weather amplification on other patterns.,OTT_Distance,False,0.0,,-0.41,50.0,0.0,False,,0.0,False,ok,,0.0,low,25.0,standard,Standard venue variance class. Soft/wet delay risk: no compression multiplier.,standard,"{""win_exponent"": 4.5, ""win_cap"": 0.14, ""top3_center"": 80, ""top5_center"": 76, ""top10_center"": 68, ""top20_center"": 59, ""make_cut_center"": 48, ""make_cut_steepness"": 0.07}","144-player cut event. Win exp=4.5, cap=0.14. make_cut_pct via logistic(vts, center=48, steep=0.07).",68.56425115913228,68.56425115913228,2,"Tier2 — Contention Window: NeutralSG=-0.41, VFD=3.3; 2CH-rds",ok,0.011220269020713856,0.21749815145901907,0.2900006191700152,0.46142363107022427,0.6142217956114739,0.7275391532482912,0.2724608467517088,APP_150-200,APP_150-200+APP_100-150; weak OTT_Distance,NeutralSG=-0.41; VFD=3.3; VHD=-0.0(2rds); →Tier2 VTS=68.6
25,28,"Greyserman, Max",GREYSERMAN_MAX,confirmed,TBD,TBD,deep,high,0.33,80.33658104517272,65.85587374003129,-14.480707305141436,high,-1.6,"DataGolf venue-fit tool; comp courses: TPC River Highlands, Colonial CC, Sedgefield CC; cf_adj_total scaled ×20, capped ±7 VTS pts",4,1.068,0.008,low,70.71904633159731,Blended,"{""neutral"": 0.5, ""venuefit"": 0.35, ""venuehistory"": 0.15}",clear,False,,0.0,bomb_and_spray,-1.0934883720930235,-1.0934883720930235,0.0,0.0,0.0,bomb_and_spray,Deere Run standard venue (non-major birdie-fest). AP_TO_VTS=2.0. Soft/wet week: bomb_and_spray softened (miss_fw_pen_frac=0.0264 modest). No weather amplification on other patterns.,OTT_Accuracy,False,0.0,,0.33,50.0,0.0,False,,0.0,False,ok,,0.0,low,25.0,standard,Standard venue variance class. Soft/wet delay risk: no compression multiplier.,standard,"{""win_exponent"": 4.5, ""win_cap"": 0.14, ""top3_center"": 80, ""top5_center"": 76, ""top10_center"": 68, ""top20_center"": 59, ""make_cut_center"": 48, ""make_cut_steepness"": 0.07}","144-player cut event. Win exp=4.5, cap=0.14. make_cut_pct via logistic(vts, center=48, steep=0.07).",68.53206958741127,68.53206958741127,2,"Tier2 — Contention Window: NeutralSG=0.33, VFD=-14.5; 4CH-rds",ok,0.011196589736690066,0.21696780110589675,0.28936843401868334,0.46077235072252504,0.6137194381219845,0.727224877199704,0.27277512280029603,APP_100-150,APP_100-150+APP_150-200; weak OTT_Accuracy,NeutralSG=0.33; VFD=-14.5; VHD=0.0(4rds); AP=-1.1SG(bomb_and_spray); →Tier2 VTS=68.5
26,58,"Finau, Tony",FINAU_TONY,confirmed,TBD,TBD,deep,high,0.01,74.66784765279009,64.04224374437047,-10.62560390841962,high,-1.8,"DataGolf venue-fit tool; comp courses: TPC River Highlands, Colonial CC, Sedgefield CC; cf_adj_total scaled ×20, capped ±7 VTS pts",2,-0.292,-0.028800000000000006,low,70.41760608942224,Neutral+Venue,"{""neutral"": 0.6, ""venuefit"": 0.4, ""venuehistory"": 0.0}",clear,False,,0.0,bomb_and_spray,-1.0627906976744188,-1.0627906976744188,0.0,0.0,0.0,bomb_and_spray,Deere Run standard venue (non-major birdie-fest). AP_TO_VTS=2.0. Soft/wet week: bomb_and_spray softened (miss_fw_pen_frac=0.0264 modest). No weather amplification on other patterns.,OTT_Accuracy,False,0.0,,0.01,50.0,0.0,False,,0.0,False,ok,,0.0,low,25.0,standard,Standard venue variance class. Soft/wet delay risk: no compression multiplier.,standard,"{""win_exponent"": 4.5, ""win_cap"": 0.14, ""top3_center"": 80, ""top5_center"": 76, ""top10_center"": 68, ""top20_center"": 59, ""make_cut_center"": 48, ""make_cut_steepness"": 0.07}","144-player cut event. Win exp=4.5, cap=0.14. make_cut_pct via logistic(vts, center=48, steep=0.07).",68.2920246940734,68.2920246940734,2,"Tier2 — Contention Window: NeutralSG=0.01, VFD=-10.6; 2CH-rds",ok,0.011021187777756998,0.21303977141216446,0.28467594867347074,0.45591315968007984,0.609957530838768,0.7248668905572522,0.2751331094427478,APP_100-150,APP_100-150+APP_150-200; weak OTT_Accuracy,NeutralSG=0.01; VFD=-10.6; VHD=-0.0(2rds); AP=-1.1SG(bomb_and_spray); →Tier2 VTS=68.3
27,30,"Putnam, Andrew",PUTNAM_ANDREW,confirmed,TBD,TBD,deep,high,0.28,79.45084145261293,74.76171639402823,-4.6891250585847075,high,2.0,"DataGolf venue-fit tool; comp courses: TPC River Highlands, Colonial CC, Sedgefield CC; cf_adj_total scaled ×20, capped ±7 VTS pts",14,-1.548,-3.6256,medium,68.12117149925363,Balanced,"{""neutral"": 0.4, ""venuefit"": 0.3, ""venuehistory"": 0.3}",clear,False,,0.0,,0.0,0.0,0.0,0.0,0.0,,Deere Run standard venue (non-major birdie-fest). AP_TO_VTS=2.0. Soft/wet week: bomb_and_spray softened (miss_fw_pen_frac=0.0264 modest). No weather amplification on other patterns.,OTT_Distance,False,0.0,,0.28,50.0,0.0,False,,0.0,False,ok,,0.0,low,25.0,standard,Standard venue variance class. Soft/wet delay risk: no compression multiplier.,standard,"{""win_exponent"": 4.5, ""win_cap"": 0.14, ""top3_center"": 80, ""top5_center"": 76, ""top10_center"": 68, ""top20_center"": 59, ""make_cut_center"": 48, ""make_cut_steepness"": 0.07}","144-player cut event. Win exp=4.5, cap=0.14. make_cut_pct via logistic(vts, center=48, steep=0.07).",68.12117149925363,68.12117149925363,2,"Tier2 — Contention Window: NeutralSG=0.28, VFD=-4.7; 14CH-rds",ok,0.010897652093314152,0.21027402014996546,0.28136109891512945,0.4524536985420415,0.6072642521399972,0.7231737650005815,0.2768262349994185,APP_150-200,APP_150-200+APP_100-150; weak OTT_Distance,NeutralSG=0.28; VFD=-4.7; VHD=-3.6(14rds); →Tier2 VTS=68.1
28,49,"Eckroat, Austin",ECKROAT_AUSTIN,confirmed,TBD,TBD,deep,high,0.06,75.55358724534986,72.55730673631045,-2.9962805090394085,high,0.6,"DataGolf venue-fit tool; comp courses: TPC River Highlands, Colonial CC, Sedgefield CC; cf_adj_total scaled ×20, capped ±7 VTS pts",4,1.87,0.024,low,70.67545098038359,Blended,"{""neutral"": 0.5, ""venuefit"": 0.35, ""venuehistory"": 0.15}",clear,False,,0.0,rough_approach_liab,-1.3711755233494363,0.0,0.0,0.0,-1.3711755233494363,rough_approach_liab,Deere Run standard venue (non-major birdie-fest). AP_TO_VTS=2.0. Soft/wet week: bomb_and_spray softened (miss_fw_pen_frac=0.0264 modest). No weather amplification on other patterns.,ARG_Rough,False,0.0,,0.06,50.0,0.0,False,,0.0,False,ok,,0.0,low,25.0,standard,Standard venue variance class. Soft/wet delay risk: no compression multiplier.,standard,"{""win_exponent"": 4.5, ""win_cap"": 0.14, ""top3_center"": 80, ""top5_center"": 76, ""top10_center"": 68, ""top20_center"": 59, ""make_cut_center"": 48, ""make_cut_steepness"": 0.07}","144-player cut event. Win exp=4.5, cap=0.14. make_cut_pct via logistic(vts, center=48, steep=0.07).",67.93309993368472,67.93309993368472,2,"Tier2 — Contention Window: NeutralSG=0.06, VFD=-3.0; 4CH-rds",ok,0.010762914754510104,0.20725851605732432,0.27773665503637596,0.44864527774978685,0.6042846438790725,0.7212957432347931,0.27870425676520694,APP_100-150,APP_100-150+APP_150-200; weak ARG_Rough,NeutralSG=0.06; VFD=-3.0; VHD=0.0(4rds); AP=-1.4SG(rough_approach_liab); →Tier2 VTS=67.9
29,38,"Li, Haotong",LI_HAOTONG,confirmed,TBD,TBD,deep,high,0.14,76.97077059344552,71.38969984472757,-5.5810707487179485,high,0.2,"DataGolf venue-fit tool; comp courses: TPC River Highlands, Colonial CC, Sedgefield CC; cf_adj_total scaled ×20, capped ±7 VTS pts",0,,0.0,none,74.73834229395834,Neutral+Venue,"{""neutral"": 0.6, ""venuefit"": 0.4, ""venuehistory"": 0.0}",clear,True,B,-1.75,rough_approach_liab,-1.2648953301127215,0.0,0.0,0.0,-1.2648953301127215,rough_approach_liab,Deere Run standard venue (non-major birdie-fest). AP_TO_VTS=2.0. Soft/wet week: bomb_and_spray softened (miss_fw_pen_frac=0.0264 modest). No weather amplification on other patterns.,ARG_Rough,False,0.0,,0.14,50.0,0.0,False,,0.0,False,ok,,0.0,high,75.0,standard,Standard venue variance class. Soft/wet delay risk: no compression multiplier.,standard,"{""win_exponent"": 4.5, ""win_cap"": 0.14, ""top3_center"": 80, ""top5_center"": 76, ""top10_center"": 68, ""top20_center"": 59, ""make_cut_center"": 48, ""make_cut_steepness"": 0.07}","144-player cut event. Win exp=4.5, cap=0.14. make_cut_pct via logistic(vts, center=48, steep=0.07).",67.8335516337329,67.8335516337329,2,"Tier2 — Contention Window: NeutralSG=0.14, VFD=-5.6; 0CH-rds (debut); debut-B",ok,0.012295941755808419,0.2513801795036998,0.3371239648993537,0.5458804799733932,0.7366348663913216,0.8803613257670353,0.1196386742329647,PAR5_Scoring,PAR5_Scoring+APP_100-150; weak ARG_Rough,NeutralSG=0.14; VFD=-5.6; VHD=0.0(0rds); debut-B pen=-1.8SG; AP=-1.3SG(rough_approach_liab); →Tier2 VTS=67.8
30,23,"Olesen, Thorbjorn",OLESEN_THORBJORN,confirmed,TBD,TBD,deep,high,0.38,81.22232063773251,70.240315181765,-10.98200545596751,high,0.0,"DataGolf venue-fit tool; comp courses: TPC River Highlands, Colonial CC, Sedgefield CC; cf_adj_total scaled ×20, capped ±7 VTS pts",6,-1.235,-3.2352000000000003,medium,67.59046280962251,Balanced,"{""neutral"": 0.4, ""venuefit"": 0.3, ""venuehistory"": 0.3}",clear,False,,0.0,,0.0,0.0,0.0,0.0,0.0,,Deere Run standard venue (non-major birdie-fest). AP_TO_VTS=2.0. Soft/wet week: bomb_and_spray softened (miss_fw_pen_frac=0.0264 modest). No weather amplification on other patterns.,OTT_Accuracy,False,0.0,,0.38,50.0,0.0,False,,0.0,False,ok,,0.0,low,25.0,standard,Standard venue variance class. Soft/wet delay risk: no compression multiplier.,standard,"{""win_exponent"": 4.5, ""win_cap"": 0.14, ""top3_center"": 80, ""top5_center"": 76, ""top10_center"": 68, ""top20_center"": 59, ""make_cut_center"": 48, ""make_cut_steepness"": 0.07}","144-player cut event. Win exp=4.5, cap=0.14. make_cut_pct via logistic(vts, center=48, steep=0.07).",67.59046280962251,67.59046280962251,2,"Tier2 — Contention Window: NeutralSG=0.38, VFD=-11.0; 6CH-rds",ok,0.010520777685065874,0.20184301868236249,0.2712005619953512,0.4417078106446254,0.5988168068100277,0.7178358033025253,0.2821641966974747,PAR5_Scoring,PAR5_Scoring+APP_100-150; weak OTT_Accuracy,NeutralSG=0.38; VFD=-11.0; VHD=-3.2(6rds); →Tier2 VTS=67.6
31,27,"Mouw, William",MOUW_WILLIAM,confirmed,TBD,TBD,deep,high,0.34,80.51372896368468,71.34605413114465,-9.16767483254003,high,0.4,"DataGolf venue-fit tool; comp courses: TPC River Highlands, Colonial CC, Sedgefield CC; cf_adj_total scaled ×20, capped ±7 VTS pts",6,1.11,3.7072,medium,69.72146782481727,Balanced,"{""neutral"": 0.4, ""venuefit"": 0.3, ""venuehistory"": 0.3}",clear,False,,0.0,rough_approach_liab,-1.1497584541062802,0.0,0.0,0.0,-1.1497584541062802,rough_approach_liab,Deere Run standard venue (non-major birdie-fest). AP_TO_VTS=2.0. Soft/wet week: bomb_and_spray softened (miss_fw_pen_frac=0.0264 modest). No weather amplification on other patterns.,ARG_Rough,False,0.0,,0.34,50.0,0.0,False,,0.0,False,ok,,0.0,low,25.0,standard,Standard venue variance class. Soft/wet delay risk: no compression multiplier.,standard,"{""win_exponent"": 4.5, ""win_cap"": 0.14, ""top3_center"": 80, ""top5_center"": 76, ""top10_center"": 68, ""top20_center"": 59, ""make_cut_center"": 48, ""make_cut_steepness"": 0.07}","144-player cut event. Win exp=4.5, cap=0.14. make_cut_pct via logistic(vts, center=48, steep=0.07).",67.4219509166047,67.4219509166047,2,"Tier2 — Contention Window: NeutralSG=0.34, VFD=-9.2; 6CH-rds",ok,0.010403258037264811,0.19921679681211263,0.2680183504252533,0.4382971454625298,0.5961093263873674,0.7161159302332142,0.2838840697667858,PAR5_Scoring,PAR5_Scoring+APP_100-150; weak ARG_Rough,NeutralSG=0.34; VFD=-9.2; VHD=3.7(6rds); AP=-1.1SG(rough_approach_liab); →Tier2 VTS=67.4
32,45,"Lipsky, David",LIPSKY_DAVID,confirmed,TBD,TBD,deep,high,0.07,75.73073516386184,71.28001072285409,-4.45072444100775,high,1.0,"DataGolf venue-fit tool; comp courses: TPC River Highlands, Colonial CC, Sedgefield CC; cf_adj_total scaled ×20, capped ±7 VTS pts",14,0.568,2.4352,medium,67.40685728240096,Balanced,"{""neutral"": 0.4, ""venuefit"": 0.3, ""venuehistory"": 0.3}",clear,False,,0.0,,0.0,0.0,0.0,0.0,0.0,,Deere Run standard venue (non-major birdie-fest). AP_TO_VTS=2.0. Soft/wet week: bomb_and_spray softened (miss_fw_pen_frac=0.0264 modest). No weather amplification on other patterns.,OTT_Distance,False,0.0,,0.07,50.0,0.0,False,,0.0,False,ok,,0.0,low,25.0,standard,Standard venue variance class. Soft/wet delay risk: no compression multiplier.,standard,"{""win_exponent"": 4.5, ""win_cap"": 0.14, ""top3_center"": 80, ""top5_center"": 76, ""top10_center"": 68, ""top20_center"": 59, ""make_cut_center"": 48, ""make_cut_steepness"": 0.07}","144-player cut event. Win exp=4.5, cap=0.14. make_cut_pct via logistic(vts, center=48, steep=0.07).",67.40685728240096,67.40685728240096,2,"Tier2 — Contention Window: NeutralSG=0.07, VFD=-4.5; 14CH-rds",ok,0.010392781826068492,0.1989827631934648,0.26773437045977827,0.4379917115296058,0.5958662349417854,0.7159612935769202,0.2840387064230798,APP_100-150,APP_100-150+APP_150-200; weak OTT_Distance,NeutralSG=0.07; VFD=-4.5; VHD=2.4(14rds); →Tier2 VTS=67.4
33,52,"Kanaya, Takumi",KANAYA_TAKUMI,confirmed,TBD,TBD,deep,high,0.05,75.37643932683793,67.18196223249687,-8.194477094341053,high,0.8,"DataGolf venue-fit tool; comp courses: TPC River Highlands, Colonial CC, Sedgefield CC; cf_adj_total scaled ×20, capped ±7 VTS pts",2,-0.341,-0.024,low,72.0986484891015,Neutral+Venue,"{""neutral"": 0.6, ""venuefit"": 0.4, ""venuehistory"": 0.0}",clear,False,,0.0,wedge_liability,-2.4585264352596234,0.0,-2.4585264352596234,0.0,0.0,wedge_liability,Deere Run standard venue (non-major birdie-fest). AP_TO_VTS=2.0. Soft/wet week: bomb_and_spray softened (miss_fw_pen_frac=0.0264 modest). No weather amplification on other patterns.,OTT_Distance,False,0.0,,0.05,50.0,0.0,False,,0.0,False,ok,,0.0,low,25.0,standard,Standard venue variance class. Soft/wet delay risk: no compression multiplier.,standard,"{""win_exponent"": 4.5, ""win_cap"": 0.14, ""top3_center"": 80, ""top5_center"": 76, ""top10_center"": 68, ""top20_center"": 59, ""make_cut_center"": 48, ""make_cut_steepness"": 0.07}","144-player cut event. Win exp=4.5, cap=0.14. make_cut_pct via logistic(vts, center=48, steep=0.07).",67.18159561858226,67.18159561858226,2,"Tier2 — Contention Window: NeutralSG=0.05, VFD=-8.2; 2CH-rds",ok,0.01023740460610163,0.19551339283128524,0.26351688611669555,0.4334347998151338,0.5922270284368231,0.7136419722545744,0.2863580277454256,PUTT_BirdieConv,PUTT_BirdieConv+ARG_Rough; weak OTT_Distance,NeutralSG=0.05; VFD=-8.2; VHD=-0.0(2rds); AP=-2.5SG(wedge_liability); →Tier2 VTS=67.2
34,21,"Thompson, Davis",THOMPSON_DAVIS,confirmed,TBD,TBD,deep,high,0.39,81.39946855624447,70.48624297866013,-10.913225577584342,high,0.2,"DataGolf venue-fit tool; comp courses: TPC River Highlands, Colonial CC, Sedgefield CC; cf_adj_total scaled ×20, capped ±7 VTS pts",12,2.174,3.8815999999999997,medium,69.87014031609583,Balanced,"{""neutral"": 0.4, ""venuefit"": 0.3, ""venuehistory"": 0.3}",clear,False,,0.0,poor_birdie_conv,-1.6091269841269848,0.0,0.0,-1.6091269841269848,0.0,poor_birdie_conv,Deere Run standard venue (non-major birdie-fest). AP_TO_VTS=2.0. Soft/wet week: bomb_and_spray softened (miss_fw_pen_frac=0.0264 modest). No weather amplification on other patterns.,ARG_Rough,False,0.0,,0.39,50.0,0.0,False,,0.0,False,ok,,0.0,low,25.0,standard,Standard venue variance class. Soft/wet delay risk: no compression multiplier.,standard,"{""win_exponent"": 4.5, ""win_cap"": 0.14, ""top3_center"": 80, ""top5_center"": 76, ""top10_center"": 68, ""top20_center"": 59, ""make_cut_center"": 48, ""make_cut_steepness"": 0.07}","144-player cut event. Win exp=4.5, cap=0.14. make_cut_pct via logistic(vts, center=48, steep=0.07).",66.65188634784185,66.65188634784185,2,"Tier2 — Contention Window: NeutralSG=0.39, VFD=-10.9; 12CH-rds",ok,0.009879147183265024,0.1875281603768774,0.25375465180602585,0.42273413879074956,0.5835881672697061,0.7081031888407916,0.2918968111592084,PAR5_Scoring,PAR5_Scoring+APP_100-150; weak ARG_Rough,NeutralSG=0.39; VFD=-10.9; VHD=3.9(12rds); AP=-1.6SG(poor_birdie_conv); →Tier2 VTS=66.7
35,42,"Dumont De Chassart, Adrien",DUMONT DE CHASSART_ADRIEN,confirmed,TBD,TBD,deep,high,0.11,76.43932683790968,65.61253242527124,-10.826794412638435,high,-2.2,"DataGolf venue-fit tool; comp courses: TPC River Highlands, Colonial CC, Sedgefield CC; cf_adj_total scaled ×20, capped ±7 VTS pts",4,-0.182,-0.012,low,68.68224976779977,Blended,"{""neutral"": 0.5, ""venuefit"": 0.35, ""venuehistory"": 0.15}",clear,False,,0.0,bomb_and_spray,-1.0195348837209302,-1.0195348837209302,0.0,0.0,0.0,bomb_and_spray,Deere Run standard venue (non-major birdie-fest). AP_TO_VTS=2.0. Soft/wet week: bomb_and_spray softened (miss_fw_pen_frac=0.0264 modest). No weather amplification on other patterns.,OTT_Accuracy,False,0.0,,0.11,50.0,0.0,False,,0.0,False,ok,,0.0,low,25.0,standard,Standard venue variance class. Soft/wet delay risk: no compression multiplier.,standard,"{""win_exponent"": 4.5, ""win_cap"": 0.14, ""top3_center"": 80, ""top5_center"": 76, ""top10_center"": 68, ""top20_center"": 59, ""make_cut_center"": 48, ""make_cut_steepness"": 0.07}","144-player cut event. Win exp=4.5, cap=0.14. make_cut_pct via logistic(vts, center=48, steep=0.07).",66.64318000035792,66.64318000035792,2,"Tier2 — Contention Window: NeutralSG=0.11, VFD=-10.8; 4CH-rds",ok,0.009873341461161684,0.18739894404756985,0.2535960447651933,0.4225584866864656,0.5834452490651406,0.708011158351039,0.291988841648961,APP_100-150,APP_100-150+APP_150-200; weak OTT_Accuracy,NeutralSG=0.11; VFD=-10.8; VHD=-0.0(4rds); AP=-1.0SG(bomb_and_spray); →Tier2 VTS=66.6
36,33,"Kuchar, Matt",KUCHAR_MATT,confirmed,TBD,TBD,medium,medium,0.10250000000000001,76.3064658990257,70.14849644561527,-6.157969453410431,medium,1.2,"DataGolf venue-fit tool; comp courses: TPC River Highlands, Colonial CC, Sedgefield CC; cf_adj_total scaled ×20, capped ±7 VTS pts",22,-0.178,-0.2368,medium,66.49609529329486,Balanced,"{""neutral"": 0.4, ""venuefit"": 0.3, ""venuehistory"": 0.3}",clear,False,,0.0,,0.0,0.0,0.0,0.0,0.0,,Deere Run standard venue (non-major birdie-fest). AP_TO_VTS=2.0. Soft/wet week: bomb_and_spray softened (miss_fw_pen_frac=0.0264 modest). No weather amplification on other patterns.,OTT_Distance,False,0.0,,0.10250000000000001,50.0,0.0,False,,0.0,False,ok,,0.0,medium,50.0,standard,Standard venue variance class. Soft/wet delay risk: no compression multiplier.,standard,"{""win_exponent"": 4.5, ""win_cap"": 0.14, ""top3_center"": 80, ""top5_center"": 76, ""top10_center"": 68, ""top20_center"": 59, ""make_cut_center"": 48, ""make_cut_steepness"": 0.07}","144-player cut event. Win exp=4.5, cap=0.14. make_cut_pct via logistic(vts, center=48, steep=0.07).",66.49609529329486,66.49609529329486,2,"Tier2 — Contention Window: NeutralSG=0.10, VFD=-6.2; 22CH-rds",ok,0.010557713094517914,0.20580654195657472,0.2788063019513932,0.46621370878352325,0.6455848361458963,0.7849461526519605,0.21505384734803945,PUTT_BirdieConv,PUTT_BirdieConv+PUTT_Lag; weak OTT_Distance,NeutralSG=0.10; VFD=-6.2; VHD=-0.2(22rds); →Tier2 VTS=66.5
37,12,"Mitchell, Keith",MITCHELL_KEITH,confirmed,TBD,TBD,deep,high,0.66,86.18246235606732,71.388869524762,-14.793592831305318,high,-0.6,"DataGolf venue-fit tool; comp courses: TPC River Highlands, Colonial CC, Sedgefield CC; cf_adj_total scaled ×20, capped ±7 VTS pts",18,0.657,0.8496,medium,71.14452579985553,Balanced,"{""neutral"": 0.4, ""venuefit"": 0.3, ""venuehistory"": 0.3}",clear,False,,0.0,bomb_and_spray;rough_approach_liab,-2.625904205519979,-1.4213953488372093,0.0,0.0,-1.2045088566827697,bomb_and_spray;rough_approach_liab,Deere Run standard venue (non-major birdie-fest). AP_TO_VTS=2.0. Soft/wet week: bomb_and_spray softened (miss_fw_pen_frac=0.0264 modest). No weather amplification on other patterns.,ARG_Rough,False,0.0,,0.66,50.0,0.0,False,,0.0,False,ok,,0.0,low,25.0,standard,Standard venue variance class. Soft/wet delay risk: no compression multiplier.,standard,"{""win_exponent"": 4.5, ""win_cap"": 0.14, ""top3_center"": 80, ""top5_center"": 76, ""top10_center"": 68, ""top20_center"": 59, ""make_cut_center"": 48, ""make_cut_steepness"": 0.07}","144-player cut event. Win exp=4.5, cap=0.14. make_cut_pct via logistic(vts, center=48, steep=0.07).",65.89271738881557,65.89271738881557,2,"Tier2 — Contention Window: NeutralSG=0.66, VFD=-14.8; 18CH-rds",ok,0.00938278649295346,0.17650729429169124,0.24015361776823194,0.4074549765537534,0.5710179366148808,0.6999575688088749,0.30004243119112506,PAR5_Scoring,PAR5_Scoring+OTT_Distance; weak ARG_Rough,NeutralSG=0.66; VFD=-14.8; VHD=0.8(18rds); AP=-2.6SG(bomb_and_spray;rough_approach_liab); →Tier2 VTS=65.9
38,22,"Ghim, Doug",GHIM_DOUG,confirmed,TBD,TBD,deep,high,0.38,81.22232063773251,73.18045347820839,-8.041867159524116,high,1.2,"DataGolf venue-fit tool; comp courses: TPC River Highlands, Colonial CC, Sedgefield CC; cf_adj_total scaled ×20, capped ±7 VTS pts",19,0.266,-0.3224,medium,69.34634429855552,Balanced,"{""neutral"": 0.4, ""venuefit"": 0.3, ""venuehistory"": 0.3}",clear,False,,0.0,poor_birdie_conv,-1.8219696969696977,0.0,0.0,-1.8219696969696977,0.0,poor_birdie_conv,Deere Run standard venue (non-major birdie-fest). AP_TO_VTS=2.0. Soft/wet week: bomb_and_spray softened (miss_fw_pen_frac=0.0264 modest). No weather amplification on other patterns.,ARG_Rough,False,0.0,,0.38,50.0,0.0,False,,0.0,False,ok,,0.0,low,25.0,standard,Standard venue variance class. Soft/wet delay risk: no compression multiplier.,standard,"{""win_exponent"": 4.5, ""win_cap"": 0.14, ""top3_center"": 80, ""top5_center"": 76, ""top10_center"": 68, ""top20_center"": 59, ""make_cut_center"": 48, ""make_cut_steepness"": 0.07}","144-player cut event. Win exp=4.5, cap=0.14. make_cut_pct via logistic(vts, center=48, steep=0.07).",65.70240490461613,65.70240490461613,2,"Tier2 — Contention Window: NeutralSG=0.38, VFD=-8.0; 19CH-rds",ok,0.009261453515064848,0.17382254237841788,0.23681765782365077,0.40363878002578896,0.5678336047132235,0.6978772972908188,0.3021227027091812,PAR5_Scoring,PAR5_Scoring+APP_100-150; weak ARG_Rough,NeutralSG=0.38; VFD=-8.0; VHD=-0.3(19rds); AP=-1.8SG(poor_birdie_conv); →Tier2 VTS=65.7
39,53,"Grillo, Emiliano",GRILLO_EMILIANO,confirmed,TBD,TBD,deep,high,0.04,75.19929140832596,72.37362239193257,-2.825669016393391,high,2.4,"DataGolf venue-fit tool; comp courses: TPC River Highlands, Colonial CC, Sedgefield CC; cf_adj_total scaled ×20, capped ±7 VTS pts",10,1.869,3.7192000000000003,medium,67.90756328091015,Balanced,"{""neutral"": 0.4, ""venuefit"": 0.3, ""venuehistory"": 0.3}",clear,False,,0.0,rough_approach_liab,-1.1674718196457325,0.0,0.0,0.0,-1.1674718196457325,rough_approach_liab,Deere Run standard venue (non-major birdie-fest). AP_TO_VTS=2.0. Soft/wet week: bomb_and_spray softened (miss_fw_pen_frac=0.0264 modest). No weather amplification on other patterns.,ARG_Rough,False,0.0,,0.04,50.0,0.0,False,,0.0,False,ok,,0.0,low,25.0,standard,Standard venue variance class. Soft/wet delay risk: no compression multiplier.,standard,"{""win_exponent"": 4.5, ""win_cap"": 0.14, ""top3_center"": 80, ""top5_center"": 76, ""top10_center"": 68, ""top20_center"": 59, ""make_cut_center"": 48, ""make_cut_steepness"": 0.07}","144-player cut event. Win exp=4.5, cap=0.14. make_cut_pct via logistic(vts, center=48, steep=0.07).",65.57261964161869,65.57261964161869,2,"Tier2 — Contention Window: NeutralSG=0.04, VFD=-2.8; 10CH-rds",ok,0.009179411869848894,0.1720095354761004,0.23455983029304775,0.4010401171732245,0.5656547086664896,0.6964498498465297,0.3035501501534703,APP_100-150,APP_100-150+APP_150-200; weak ARG_Rough,NeutralSG=0.04; VFD=-2.8; VHD=3.7(10rds); AP=-1.2SG(rough_approach_liab); →Tier2 VTS=65.6
40,68,"Johnson, Zach",JOHNSON_ZACH,confirmed,TBD,TBD,medium,medium,-0.1375,72.05491585473871,70.36061821193363,-1.6942976428050827,medium,2.4,"DataGolf venue-fit tool; comp courses: TPC River Highlands, Colonial CC, Sedgefield CC; cf_adj_total scaled ×20, capped ±7 VTS pts",82,1.211,2.1351999999999998,medium,65.57071180547557,Balanced,"{""neutral"": 0.4, ""venuefit"": 0.3, ""venuehistory"": 0.3}",clear,False,,0.0,,0.0,0.0,0.0,0.0,0.0,,Deere Run standard venue (non-major birdie-fest). AP_TO_VTS=2.0. Soft/wet week: bomb_and_spray softened (miss_fw_pen_frac=0.0264 modest). No weather amplification on other patterns.,OTT_Distance,False,0.0,,-0.1375,50.0,0.0,False,,0.0,False,ok,,0.0,medium,50.0,standard,Standard venue variance class. Soft/wet delay risk: no compression multiplier.,standard,"{""win_exponent"": 4.5, ""win_cap"": 0.14, ""top3_center"": 80, ""top5_center"": 76, ""top10_center"": 68, ""top20_center"": 59, ""make_cut_center"": 48, ""make_cut_steepness"": 0.07}","144-player cut event. Win exp=4.5, cap=0.14. make_cut_pct via logistic(vts, center=48, steep=0.07).",65.57071180547557,65.57071180547557,2,"Tier2 — Contention Window: NeutralSG=-0.14, VFD=-1.7; 82CH-rds",ok,0.009912466900553332,0.1910922137824535,0.2605852716809379,0.4455577124107943,0.6284695948485132,0.7738097925924047,0.22619020740759532,PUTT_BirdieConv,PUTT_BirdieConv+PUTT_Lag; weak OTT_Distance,NeutralSG=-0.14; VFD=-1.7; VHD=2.1(82rds); →Tier2 VTS=65.6
41,29,"Novak, Andrew",NOVAK_ANDREW,confirmed,TBD,TBD,deep,high,0.3,79.80513728963685,69.57370971381985,-10.231427575816994,high,0.0,"DataGolf venue-fit tool; comp courses: TPC River Highlands, Colonial CC, Sedgefield CC; cf_adj_total scaled ×20, capped ±7 VTS pts",12,1.056,2.9168,medium,68.6692078300007,Balanced,"{""neutral"": 0.4, ""venuefit"": 0.3, ""venuehistory"": 0.3}",clear,False,,0.0,poor_birdie_conv,-1.5958994708994712,0.0,0.0,-1.5958994708994712,0.0,poor_birdie_conv,Deere Run standard venue (non-major birdie-fest). AP_TO_VTS=2.0. Soft/wet week: bomb_and_spray softened (miss_fw_pen_frac=0.0264 modest). No weather amplification on other patterns.,OTT_Accuracy,False,0.0,,0.3,50.0,0.0,False,,0.0,False,ok,,0.0,low,25.0,standard,Standard venue variance class. Soft/wet delay risk: no compression multiplier.,standard,"{""win_exponent"": 4.5, ""win_cap"": 0.14, ""top3_center"": 80, ""top5_center"": 76, ""top10_center"": 68, ""top20_center"": 59, ""make_cut_center"": 48, ""make_cut_steepness"": 0.07}","144-player cut event. Win exp=4.5, cap=0.14. make_cut_pct via logistic(vts, center=48, steep=0.07).",65.47740888820177,65.47740888820177,2,"Tier2 — Contention Window: NeutralSG=0.30, VFD=-10.2; 12CH-rds",ok,0.009119586245833167,0.17068871706815664,0.2329123729370295,0.3991358214429014,0.5640525582243184,0.6953981434319174,0.3046018565680826,APP_100-150,APP_100-150+APP_150-200; weak OTT_Accuracy,NeutralSG=0.30; VFD=-10.2; VHD=2.9(12rds); AP=-1.6SG(poor_birdie_conv); →Tier2 VTS=65.5
42,19,"Berger, Daniel",BERGER_DANIEL,confirmed,TBD,TBD,deep,high,0.42,81.93091231178035,75.3845131736481,-6.546399138132244,high,1.2,"DataGolf venue-fit tool; comp courses: TPC River Highlands, Colonial CC, Sedgefield CC; cf_adj_total scaled ×20, capped ±7 VTS pts",14,0.836,0.016000000000000004,medium,70.39251887680658,Balanced,"{""neutral"": 0.4, ""venuefit"": 0.3, ""venuehistory"": 0.3}",clear,False,,0.0,poor_birdie_conv;rough_approach_liab,-3.072089947089948,0.0,0.0,-1.6091269841269848,-1.4629629629629628,poor_birdie_conv;rough_approach_liab,Deere Run standard venue (non-major birdie-fest). AP_TO_VTS=2.0. Soft/wet week: bomb_and_spray softened (miss_fw_pen_frac=0.0264 modest). No weather amplification on other patterns.,ARG_Rough,False,0.0,,0.42,50.0,0.0,False,,0.0,False,ok,,0.0,low,25.0,standard,Standard venue variance class. Soft/wet delay risk: no compression multiplier.,standard,"{""win_exponent"": 4.5, ""win_cap"": 0.14, ""top3_center"": 80, ""top5_center"": 76, ""top10_center"": 68, ""top20_center"": 59, ""make_cut_center"": 48, ""make_cut_steepness"": 0.07}","144-player cut event. Win exp=4.5, cap=0.14. make_cut_pct via logistic(vts, center=48, steep=0.07).",64.24833898262668,64.24833898262668,3,"Tier3 — Top-10 Range: NeutralSG=0.42, moderate fit VFD=-6.5; 14CH-rds",ok,0.008374174802907829,0.15433305274845352,0.212330211194873,0.3747425007729459,0.543106306870222,0.6814790682140079,0.31852093178599206,APP_100-150,APP_100-150+APP_150-200; weak ARG_Rough,NeutralSG=0.42; VFD=-6.5; VHD=0.0(14rds); AP=-3.1SG(poor_birdie_conv;rough_approach_liab); →Tier3 VTS=64.2
43,89,"Vilips, Karl",VILIPS_KARL,confirmed,TBD,TBD,deep,high,-0.46,66.34189548272809,60.99251177477008,-5.349383707958012,high,-1.8,"DataGolf venue-fit tool; comp courses: TPC River Highlands, Colonial CC, Sedgefield CC; cf_adj_total scaled ×20, capped ±7 VTS pts",2,-1.841,-0.0304,low,64.20214199954489,Neutral+Venue,"{""neutral"": 0.6, ""venuefit"": 0.4, ""venuehistory"": 0.0}",clear,False,,0.0,,0.0,0.0,0.0,0.0,0.0,,Deere Run standard venue (non-major birdie-fest). AP_TO_VTS=2.0. Soft/wet week: bomb_and_spray softened (miss_fw_pen_frac=0.0264 modest). No weather amplification on other patterns.,OTT_Accuracy,False,0.0,,-0.46,50.0,0.0,False,,0.0,False,ok,,0.0,low,25.0,standard,Standard venue variance class. Soft/wet delay risk: no compression multiplier.,standard,"{""win_exponent"": 4.5, ""win_cap"": 0.14, ""top3_center"": 80, ""top5_center"": 76, ""top10_center"": 68, ""top20_center"": 59, ""make_cut_center"": 48, ""make_cut_steepness"": 0.07}","144-player cut event. Win exp=4.5, cap=0.14. make_cut_pct via logistic(vts, center=48, steep=0.07).",64.20214199954489,64.20214199954489,3,"Tier3 — Top-10 Range: NeutralSG=-0.46, moderate fit VFD=-5.3; 2CH-rds",ok,0.008347112811602147,0.15374323808861484,0.21158164092941892,0.37383349375131675,0.5423100551319964,0.6809435482129437,0.3190564517870563,PUTT_BirdieConv,PUTT_BirdieConv+PUTT_Lag; weak OTT_Accuracy,NeutralSG=-0.46; VFD=-5.3; VHD=-0.0(2rds); →Tier3 VTS=64.2
44,25,"Mcgreevy, Max",MCGREEVY_MAX,confirmed,TBD,TBD,deep,high,0.35,80.69087688219663,71.5009447124489,-9.189932169747735,high,1.8,"DataGolf venue-fit tool; comp courses: TPC River Highlands, Colonial CC, Sedgefield CC; cf_adj_total scaled ×20, capped ±7 VTS pts",6,-2.512,-3.9432,medium,67.54367416661333,Balanced,"{""neutral"": 0.4, ""venuefit"": 0.3, ""venuehistory"": 0.3}",clear,False,,0.0,poor_birdie_conv,-1.7281746031746033,0.0,0.0,-1.7281746031746033,0.0,poor_birdie_conv,Deere Run standard venue (non-major birdie-fest). AP_TO_VTS=2.0. Soft/wet week: bomb_and_spray softened (miss_fw_pen_frac=0.0264 modest). No weather amplification on other patterns.,ARG_Rough,False,0.0,,0.35,50.0,0.0,False,,0.0,False,ok,,0.0,low,25.0,standard,Standard venue variance class. Soft/wet delay risk: no compression multiplier.,standard,"{""win_exponent"": 4.5, ""win_cap"": 0.14, ""top3_center"": 80, ""top5_center"": 76, ""top10_center"": 68, ""top20_center"": 59, ""make_cut_center"": 48, ""make_cut_steepness"": 0.07}","144-player cut event. Win exp=4.5, cap=0.14. make_cut_pct via logistic(vts, center=48, steep=0.07).",64.08732496026413,64.08732496026413,3,"Tier3 — Top-10 Range: NeutralSG=0.35, moderate fit VFD=-9.2; 6CH-rds",ok,0.008280148048758578,0.15228507845671285,0.20972908830766449,0.3715770513217702,0.5403284619432805,0.6796087264061967,0.32039127359380326,PAR5_Scoring,PAR5_Scoring+APP_100-150; weak ARG_Rough,NeutralSG=0.35; VFD=-9.2; VHD=-3.9(6rds); AP=-1.7SG(poor_birdie_conv); →Tier3 VTS=64.1
45,69,"Griffin, Lanto",GRIFFIN_LANTO,confirmed,TBD,TBD,deep,high,-0.14,72.01062887511073,67.54370686080713,-4.4669220143035915,high,0.0,"DataGolf venue-fit tool; comp courses: TPC River Highlands, Colonial CC, Sedgefield CC; cf_adj_total scaled ×20, capped ±7 VTS pts",14,-0.78,-0.9855999999999999,medium,63.77168360828642,Balanced,"{""neutral"": 0.4, ""venuefit"": 0.3, ""venuehistory"": 0.3}",clear,False,,0.0,,0.0,0.0,0.0,0.0,0.0,,Deere Run standard venue (non-major birdie-fest). AP_TO_VTS=2.0. Soft/wet week: bomb_and_spray softened (miss_fw_pen_frac=0.0264 modest). No weather amplification on other patterns.,OTT_Accuracy,False,0.0,,-0.14,50.0,0.0,False,,0.0,False,ok,,0.0,low,25.0,standard,Standard venue variance class. Soft/wet delay risk: no compression multiplier.,standard,"{""win_exponent"": 4.5, ""win_cap"": 0.14, ""top3_center"": 80, ""top5_center"": 76, ""top10_center"": 68, ""top20_center"": 59, ""make_cut_center"": 48, ""make_cut_steepness"": 0.07}","144-player cut event. Win exp=4.5, cap=0.14. make_cut_pct via logistic(vts, center=48, steep=0.07).",63.77168360828642,63.77168360828642,3,"Tier3 — Top-10 Range: NeutralSG=-0.14, moderate fit VFD=-4.5; 14CH-rds",ok,0.008098207960784842,0.14833325040409429,0.2046946667480755,0.36539515648589455,0.5348622784705032,0.6759109556347287,0.3240890443652713,PUTT_Lag,PUTT_Lag+PUTT_BirdieConv; weak OTT_Accuracy,NeutralSG=-0.14; VFD=-4.5; VHD=-1.0(14rds); →Tier3 VTS=63.8
46,26,"Hoey, Rico",HOEY_RICO,confirmed,TBD,TBD,deep,high,0.34,80.51372896368468,71.75648451211624,-8.75724445156844,high,1.0,"DataGolf venue-fit tool; comp courses: TPC River Highlands, Colonial CC, Sedgefield CC; cf_adj_total scaled ×20, capped ±7 VTS pts",8,1.469,3.4376,medium,69.76371693910875,Balanced,"{""neutral"": 0.4, ""venuefit"": 0.3, ""venuehistory"": 0.3}",clear,False,,0.0,poor_birdie_conv;rough_approach_liab,-3.063348286174374,0.0,0.0,-1.8604497354497362,-1.2028985507246377,poor_birdie_conv;rough_approach_liab,Deere Run standard venue (non-major birdie-fest). AP_TO_VTS=2.0. Soft/wet week: bomb_and_spray softened (miss_fw_pen_frac=0.0264 modest). No weather amplification on other patterns.,ARG_Rough,False,0.0,,0.34,50.0,0.0,False,,0.0,False,ok,,0.0,low,25.0,standard,Standard venue variance class. Soft/wet delay risk: no compression multiplier.,standard,"{""win_exponent"": 4.5, ""win_cap"": 0.14, ""top3_center"": 80, ""top5_center"": 76, ""top10_center"": 68, ""top20_center"": 59, ""make_cut_center"": 48, ""make_cut_steepness"": 0.07}","144-player cut event. Win exp=4.5, cap=0.14. make_cut_pct via logistic(vts, center=48, steep=0.07).",63.63702036676,63.63702036676,3,"Tier3 — Top-10 Range: NeutralSG=0.34, moderate fit VFD=-8.8; 8CH-rds",ok,0.008021539349544327,0.1466724860903364,0.20257293249721275,0.36276764324855193,0.5325221893784561,0.6743207975396738,0.3256792024603262,PAR5_Scoring,PAR5_Scoring+APP_100-150; weak ARG_Rough,NeutralSG=0.34; VFD=-8.8; VHD=3.4(8rds); AP=-3.1SG(poor_birdie_conv;rough_approach_liab); →Tier3 VTS=63.6
47,65,"Hodges, Lee",HODGES_LEE,confirmed,TBD,TBD,deep,high,-0.06,73.42781222320639,72.85612348731573,-0.5716887358906604,high,1.8,"DataGolf venue-fit tool; comp courses: TPC River Highlands, Colonial CC, Sedgefield CC; cf_adj_total scaled ×20, capped ±7 VTS pts",12,-0.099,-0.8672,medium,65.96780193547727,Balanced,"{""neutral"": 0.4, ""venuefit"": 0.3, ""venuehistory"": 0.3}",clear,False,,0.0,rough_approach_liab,-1.22061191626409,0.0,0.0,0.0,-1.22061191626409,rough_approach_liab,Deere Run standard venue (non-major birdie-fest). AP_TO_VTS=2.0. Soft/wet week: bomb_and_spray softened (miss_fw_pen_frac=0.0264 modest). No weather amplification on other patterns.,ARG_Rough,False,0.0,,-0.06,50.0,0.0,False,,0.0,False,ok,,0.0,low,25.0,standard,Standard venue variance class. Soft/wet delay risk: no compression multiplier.,standard,"{""win_exponent"": 4.5, ""win_cap"": 0.14, ""top3_center"": 80, ""top5_center"": 76, ""top10_center"": 68, ""top20_center"": 59, ""make_cut_center"": 48, ""make_cut_steepness"": 0.07}","144-player cut event. Win exp=4.5, cap=0.14. make_cut_pct via logistic(vts, center=48, steep=0.07).",63.52657810294909,63.52657810294909,3,"Tier3 — Top-10 Range: NeutralSG=-0.06, moderate fit VFD=-0.6; 12CH-rds",ok,0.007959083000814467,0.1453216354670652,0.20084450181539495,0.3606173176288784,0.5305995370605322,0.6730110596004404,0.3269889403995596,APP_100-150,APP_100-150+APP_150-200; weak ARG_Rough,NeutralSG=-0.06; VFD=-0.6; VHD=-0.9(12rds); AP=-1.2SG(rough_approach_liab); →Tier3 VTS=63.5
48,48,"Yu, Kevin",YU_KEVIN,confirmed,TBD,TBD,deep,high,0.06,75.55358724534986,68.00028425020368,-7.553302995146183,high,-0.2,"DataGolf venue-fit tool; comp courses: TPC River Highlands, Colonial CC, Sedgefield CC; cf_adj_total scaled ×20, capped ±7 VTS pts",12,1.591,3.1384000000000003,medium,66.56304017320105,Balanced,"{""neutral"": 0.4, ""venuefit"": 0.3, ""venuehistory"": 0.3}",clear,False,,0.0,poor_birdie_conv,-1.5892857142857146,0.0,0.0,-1.5892857142857146,0.0,poor_birdie_conv,Deere Run standard venue (non-major birdie-fest). AP_TO_VTS=2.0. Soft/wet week: bomb_and_spray softened (miss_fw_pen_frac=0.0264 modest). No weather amplification on other patterns.,ARG_Rough,False,0.0,,0.06,50.0,0.0,False,,0.0,False,ok,,0.0,low,25.0,standard,Standard venue variance class. Soft/wet delay risk: no compression multiplier.,standard,"{""win_exponent"": 4.5, ""win_cap"": 0.14, ""top3_center"": 80, ""top5_center"": 76, ""top10_center"": 68, ""top20_center"": 59, ""make_cut_center"": 48, ""make_cut_steepness"": 0.07}","144-player cut event. Win exp=4.5, cap=0.14. make_cut_pct via logistic(vts, center=48, steep=0.07).",63.384468744629615,63.384468744629615,3,"Tier3 — Top-10 Range: NeutralSG=0.06, moderate fit VFD=-7.6; 12CH-rds",ok,0.007879275732285184,0.14359825662870612,0.19863598155859952,0.35785668226258677,0.5281211326764262,0.6713183855179362,0.3286816144820638,PAR5_Scoring,PAR5_Scoring+APP_100-150; weak ARG_Rough,NeutralSG=0.06; VFD=-7.6; VHD=3.1(12rds); AP=-1.6SG(poor_birdie_conv); →Tier3 VTS=63.4
49,66,"Fishburn, Patrick",FISHBURN_PATRICK,confirmed,TBD,TBD,deep,high,-0.08,73.07351638618246,69.15514747996183,-3.9183689062206355,high,-0.8,"DataGolf venue-fit tool; comp courses: TPC River Highlands, Colonial CC, Sedgefield CC; cf_adj_total scaled ×20, capped ±7 VTS pts",6,0.706,1.9736,medium,65.56803079846154,Balanced,"{""neutral"": 0.4, ""venuefit"": 0.3, ""venuehistory"": 0.3}",clear,False,,0.0,bomb_and_spray,-1.1269767441860465,-1.1269767441860465,0.0,0.0,0.0,bomb_and_spray,Deere Run standard venue (non-major birdie-fest). AP_TO_VTS=2.0. Soft/wet week: bomb_and_spray softened (miss_fw_pen_frac=0.0264 modest). No weather amplification on other patterns.,OTT_Accuracy,False,0.0,,-0.08,50.0,0.0,False,,0.0,False,ok,,0.0,low,25.0,standard,Standard venue variance class. Soft/wet delay risk: no compression multiplier.,standard,"{""win_exponent"": 4.5, ""win_cap"": 0.14, ""top3_center"": 80, ""top5_center"": 76, ""top10_center"": 68, ""top20_center"": 59, ""make_cut_center"": 48, ""make_cut_steepness"": 0.07}","144-player cut event. Win exp=4.5, cap=0.14. make_cut_pct via logistic(vts, center=48, steep=0.07).",63.314077310089445,63.314077310089445,3,"Tier3 — Top-10 Range: NeutralSG=-0.08, moderate fit VFD=-3.9; 6CH-rds",ok,0.007839975809046345,0.1427507605728329,0.1975484948923236,0.3564919105626238,0.5268916751550332,0.6704768725579543,0.3295231274420457,PUTT_BirdieConv,PUTT_BirdieConv+PUTT_Lag; weak OTT_Accuracy,NeutralSG=-0.08; VFD=-3.9; VHD=2.0(6rds); AP=-1.1SG(bomb_and_spray); →Tier3 VTS=63.3
50,43,"Rodgers, Patrick",RODGERS_PATRICK,confirmed,TBD,TBD,deep,high,0.1,76.2621789193977,65.62978643618455,-10.632392483213152,high,-1.8,"DataGolf venue-fit tool; comp courses: TPC River Highlands, Colonial CC, Sedgefield CC; cf_adj_total scaled ×20, capped ±7 VTS pts",38,0.445,1.0208,medium,65.50004749861445,Balanced,"{""neutral"": 0.4, ""venuefit"": 0.3, ""venuehistory"": 0.3}",clear,False,,0.0,bomb_and_spray,-1.1604651162790698,-1.1604651162790698,0.0,0.0,0.0,bomb_and_spray,Deere Run standard venue (non-major birdie-fest). AP_TO_VTS=2.0. Soft/wet week: bomb_and_spray softened (miss_fw_pen_frac=0.0264 modest). No weather amplification on other patterns.,OTT_Accuracy,False,0.0,,0.1,50.0,0.0,False,,0.0,False,ok,,0.0,low,25.0,standard,Standard venue variance class. Soft/wet delay risk: no compression multiplier.,standard,"{""win_exponent"": 4.5, ""win_cap"": 0.14, ""top3_center"": 80, ""top5_center"": 76, ""top10_center"": 68, ""top20_center"": 59, ""make_cut_center"": 48, ""make_cut_steepness"": 0.07}","144-player cut event. Win exp=4.5, cap=0.14. make_cut_pct via logistic(vts, center=48, steep=0.07).",63.17911726605631,63.17911726605631,3,"Tier3 — Top-10 Range: NeutralSG=0.10, moderate fit VFD=-10.6; 38CH-rds",ok,0.007765053357981649,0.14113723053415084,0.1954754666261647,0.3538803034511747,0.5245311668543612,0.6688577712588987,0.33114222874110133,APP_100-150,APP_100-150+APP_150-200; weak OTT_Accuracy,NeutralSG=0.10; VFD=-10.6; VHD=1.0(38rds); AP=-1.2SG(bomb_and_spray); →Tier3 VTS=63.2
51,36,"Blanchet, Chandler",BLANCHET_CHANDLER,confirmed,TBD,TBD,deep,high,0.16,77.32506643046945,68.912186637611,-8.412879792858448,high,2.8,"DataGolf venue-fit tool; comp courses: TPC River Highlands, Colonial CC, Sedgefield CC; cf_adj_total scaled ×20, capped ±7 VTS pts",0,,0.0,none,73.95991451332607,Neutral+Venue,"{""neutral"": 0.6, ""venuefit"": 0.4, ""venuehistory"": 0.0}",clear,True,B,-1.75,poor_birdie_conv;rough_approach_liab,-3.2090286927243463,0.0,0.0,-1.6872895622895634,-1.5217391304347827,poor_birdie_conv;rough_approach_liab,Deere Run standard venue (non-major birdie-fest). AP_TO_VTS=2.0. Soft/wet week: bomb_and_spray softened (miss_fw_pen_frac=0.0264 modest). No weather amplification on other patterns.,ARG_Rough,False,0.0,,0.16,50.0,0.0,False,,0.0,False,ok,,0.0,high,75.0,standard,Standard venue variance class. Soft/wet delay risk: no compression multiplier.,standard,"{""win_exponent"": 4.5, ""win_cap"": 0.14, ""top3_center"": 80, ""top5_center"": 76, ""top10_center"": 68, ""top20_center"": 59, ""make_cut_center"": 48, ""make_cut_steepness"": 0.07}","144-player cut event. Win exp=4.5, cap=0.14. make_cut_pct via logistic(vts, center=48, steep=0.07).",63.16685712787738,63.16685712787738,3,"Tier3 — Top-10 Range: NeutralSG=0.16, moderate fit VFD=-8.4; 0CH-rds (debut); debut-B",ok,0.008922016128247867,0.17232281135279803,0.23868524538785932,0.43223081089550713,0.6408313029790733,0.8173126108008789,0.1826873891991211,APP_Wedge,APP_Wedge+APP_100-150; weak ARG_Rough,NeutralSG=0.16; VFD=-8.4; VHD=0.0(0rds); debut-B pen=-1.8SG; AP=-3.2SG(poor_birdie_conv;rough_approach_liab); →Tier3 VTS=63.2
52,72,"Simpson, Webb",SIMPSON_WEBB,confirmed,TBD,TBD,medium,medium,-0.16,71.6563330380868,65.64595708744123,-6.010375950645567,medium,-0.4,"DataGolf venue-fit tool; comp courses: TPC River Highlands, Colonial CC, Sedgefield CC; cf_adj_total scaled ×20, capped ±7 VTS pts",12,-0.333,-0.9032,medium,63.08536034146709,Balanced,"{""neutral"": 0.4, ""venuefit"": 0.3, ""venuehistory"": 0.3}",clear,False,,0.0,,0.0,0.0,0.0,0.0,0.0,,Deere Run standard venue (non-major birdie-fest). AP_TO_VTS=2.0. Soft/wet week: bomb_and_spray softened (miss_fw_pen_frac=0.0264 modest). No weather amplification on other patterns.,OTT_Accuracy,False,0.0,,-0.16,50.0,0.0,False,,0.0,False,ok,,0.0,medium,50.0,standard,Standard venue variance class. Soft/wet delay risk: no compression multiplier.,standard,"{""win_exponent"": 4.5, ""win_cap"": 0.14, ""top3_center"": 80, ""top5_center"": 76, ""top10_center"": 68, ""top20_center"": 59, ""make_cut_center"": 48, ""make_cut_steepness"": 0.07}","144-player cut event. Win exp=4.5, cap=0.14. make_cut_pct via logistic(vts, center=48, steep=0.07).",63.08536034146709,63.08536034146709,3,"Tier3 — Top-10 Range: NeutralSG=-0.16, moderate fit VFD=-6.0; 12CH-rds",ok,0.008330399985476801,0.15558341137838505,0.21560512249144173,0.39118887765510674,0.5809875822196605,0.7419206543904183,0.2580793456095817,APP_100-150,APP_100-150+APP_150-200; weak OTT_Accuracy,NeutralSG=-0.16; VFD=-6.0; VHD=-0.9(12rds); →Tier3 VTS=63.1
53,44,"Potgieter, Aldrich",POTGIETER_ALDRICH,confirmed,TBD,TBD,deep,high,0.08,75.9078830823738,66.47883533217689,-9.429047750196915,high,-2.2,"DataGolf venue-fit tool; comp courses: TPC River Highlands, Colonial CC, Sedgefield CC; cf_adj_total scaled ×20, capped ±7 VTS pts",3,-0.279,-0.052,low,68.71373390744881,Blended,"{""neutral"": 0.5, ""venuefit"": 0.35, ""venuehistory"": 0.15}",clear,False,,0.0,bomb_and_spray;rough_approach_liab,-2.8635584016777145,-1.5720930232558141,0.0,0.0,-1.2914653784219001,bomb_and_spray;rough_approach_liab,Deere Run standard venue (non-major birdie-fest). AP_TO_VTS=2.0. Soft/wet week: bomb_and_spray softened (miss_fw_pen_frac=0.0264 modest). No weather amplification on other patterns.,ARG_Rough,False,0.0,,0.08,50.0,0.0,False,,0.0,False,ok,,0.0,low,25.0,standard,Standard venue variance class. Soft/wet delay risk: no compression multiplier.,standard,"{""win_exponent"": 4.5, ""win_cap"": 0.14, ""top3_center"": 80, ""top5_center"": 76, ""top10_center"": 68, ""top20_center"": 59, ""make_cut_center"": 48, ""make_cut_steepness"": 0.07}","144-player cut event. Win exp=4.5, cap=0.14. make_cut_pct via logistic(vts, center=48, steep=0.07).",62.98661710409338,62.98661710409338,3,"Tier3 — Top-10 Range: NeutralSG=0.08, moderate fit VFD=-9.4; 3CH-rds",ok,0.007659152732511814,0.1388615018284555,0.19254588405249717,0.35016698964176557,0.5211569779826958,0.6665354700981666,0.3334645299018334,OTT_Distance,OTT_Distance+PAR5_Scoring; weak ARG_Rough,NeutralSG=0.08; VFD=-9.4; VHD=-0.1(3rds); AP=-2.9SG(bomb_and_spray;rough_approach_liab); →Tier3 VTS=63.0
54,18,"Coody, Pierceson",COODY_PIERCESON,confirmed,TBD,TBD,deep,high,0.43,82.1080602302923,71.56108127593508,-10.546978954357215,high,-1.0,"DataGolf venue-fit tool; comp courses: TPC River Highlands, Colonial CC, Sedgefield CC; cf_adj_total scaled ×20, capped ±7 VTS pts",6,-1.235,-2.8120000000000003,medium,68.46794847489744,Balanced,"{""neutral"": 0.4, ""venuefit"": 0.3, ""venuehistory"": 0.3}",clear,False,,0.0,bomb_and_spray;rough_approach_liab,-2.7668531625660036,-1.457674418604651,0.0,0.0,-1.3091787439613527,bomb_and_spray;rough_approach_liab,Deere Run standard venue (non-major birdie-fest). AP_TO_VTS=2.0. Soft/wet week: bomb_and_spray softened (miss_fw_pen_frac=0.0264 modest). No weather amplification on other patterns.,ARG_Rough,False,0.0,,0.43,50.0,0.0,False,,0.0,False,ok,,0.0,low,25.0,standard,Standard venue variance class. Soft/wet delay risk: no compression multiplier.,standard,"{""win_exponent"": 4.5, ""win_cap"": 0.14, ""top3_center"": 80, ""top5_center"": 76, ""top10_center"": 68, ""top20_center"": 59, ""make_cut_center"": 48, ""make_cut_steepness"": 0.07}","144-player cut event. Win exp=4.5, cap=0.14. make_cut_pct via logistic(vts, center=48, steep=0.07).",62.93424214976543,62.93424214976543,3,"Tier3 — Top-10 Range: NeutralSG=0.43, moderate fit VFD=-10.5; 6CH-rds",ok,0.007630534907520123,0.13824754185471588,0.1917543629758777,0.34915912584839864,0.5202374980754356,0.6659010073526789,0.3340989926473211,PAR5_Scoring,PAR5_Scoring+OTT_Distance; weak ARG_Rough,NeutralSG=0.43; VFD=-10.5; VHD=-2.8(6rds); AP=-2.8SG(bomb_and_spray;rough_approach_liab); →Tier3 VTS=62.9
55,82,"Noh, S.Y.",NOH_S.Y.,confirmed,TBD,TBD,deep,high,-0.37,67.9362267493357,68.06792442969936,0.1316976803636578,high,-1.2,"DataGolf venue-fit tool; comp courses: TPC River Highlands, Colonial CC, Sedgefield CC; cf_adj_total scaled ×20, capped ±7 VTS pts",21,-0.226,0.28400000000000003,medium,62.68006802864409,Balanced,"{""neutral"": 0.4, ""venuefit"": 0.3, ""venuehistory"": 0.3}",clear,False,,0.0,,0.0,0.0,0.0,0.0,0.0,,Deere Run standard venue (non-major birdie-fest). AP_TO_VTS=2.0. Soft/wet week: bomb_and_spray softened (miss_fw_pen_frac=0.0264 modest). No weather amplification on other patterns.,OTT_Accuracy,False,0.0,,-0.37,50.0,0.0,False,,0.0,False,ok,,0.0,low,25.0,standard,Standard venue variance class. Soft/wet delay risk: no compression multiplier.,standard,"{""win_exponent"": 4.5, ""win_cap"": 0.14, ""top3_center"": 80, ""top5_center"": 76, ""top10_center"": 68, ""top20_center"": 59, ""make_cut_center"": 48, ""make_cut_steepness"": 0.07}","144-player cut event. Win exp=4.5, cap=0.14. make_cut_pct via logistic(vts, center=48, steep=0.07).",62.68006802864409,62.68006802864409,3,"Tier3 — Top-10 Range: NeutralSG=-0.37, moderate fit VFD=0.1; 21CH-rds",ok,0.007492832409909761,0.13529952495624237,0.18794687234536037,0.3442832765398645,0.5157668829860269,0.6628061389913279,0.3371938610086721,APP_100-150,APP_100-150+APP_150-200; weak OTT_Accuracy,NeutralSG=-0.37; VFD=0.1; VHD=0.3(21rds); →Tier3 VTS=62.7
56,55,"Kohles, Ben",KOHLES_BEN,confirmed,TBD,TBD,deep,high,0.03,75.02214348981401,79.00400774905243,3.981864259238421,high,3.2,"DataGolf venue-fit tool; comp courses: TPC River Highlands, Colonial CC, Sedgefield CC; cf_adj_total scaled ×20, capped ±7 VTS pts",12,-0.419,-0.2672,medium,68.62989972064133,Balanced,"{""neutral"": 0.4, ""venuefit"": 0.3, ""venuehistory"": 0.3}",clear,False,,0.0,poor_birdie_conv;rough_approach_liab,-3.2098286174373136,0.0,0.0,-2.012566137566138,-1.1972624798711755,poor_birdie_conv;rough_approach_liab,Deere Run standard venue (non-major birdie-fest). AP_TO_VTS=2.0. Soft/wet week: bomb_and_spray softened (miss_fw_pen_frac=0.0264 modest). No weather amplification on other patterns.,ARG_Rough,False,0.0,,0.03,50.0,0.0,False,,0.0,False,ok,,0.0,low,25.0,standard,Standard venue variance class. Soft/wet delay risk: no compression multiplier.,standard,"{""win_exponent"": 4.5, ""win_cap"": 0.14, ""top3_center"": 80, ""top5_center"": 76, ""top10_center"": 68, ""top20_center"": 59, ""make_cut_center"": 48, ""make_cut_steepness"": 0.07}","144-player cut event. Win exp=4.5, cap=0.14. make_cut_pct via logistic(vts, center=48, steep=0.07).",62.210242485766706,62.210242485766706,3,"Tier3 — Top-10 Range: NeutralSG=0.03, moderate fit VFD=4.0; 12CH-rds",ok,0.007243391789600022,0.12998668870890379,0.18105619404357334,0.3353401391341531,0.5074688425345782,0.6570167450501292,0.3429832549498708,APP_Wedge,APP_Wedge+APP_100-150; weak ARG_Rough,NeutralSG=0.03; VFD=4.0; VHD=-0.3(12rds); AP=-3.2SG(poor_birdie_conv;rough_approach_liab); →Tier3 VTS=62.2
57,51,"Dou, Zecheng",DOU_ZECHENG,confirmed,TBD,TBD,deep,high,0.05,75.37643932683793,68.9808962817585,-6.395543045079421,high,-1.6,"DataGolf venue-fit tool; comp courses: TPC River Highlands, Colonial CC, Sedgefield CC; cf_adj_total scaled ×20, capped ±7 VTS pts",6,-3.042,-5.6184,medium,64.15932461526272,Balanced,"{""neutral"": 0.4, ""venuefit"": 0.3, ""venuehistory"": 0.3}",clear,False,,0.0,bomb_and_spray,-1.0,-1.0,0.0,0.0,0.0,bomb_and_spray,Deere Run standard venue (non-major birdie-fest). AP_TO_VTS=2.0. Soft/wet week: bomb_and_spray softened (miss_fw_pen_frac=0.0264 modest). No weather amplification on other patterns.,OTT_Accuracy,False,0.0,,0.05,50.0,0.0,False,,0.0,False,ok,,0.0,low,25.0,standard,Standard venue variance class. Soft/wet delay risk: no compression multiplier.,standard,"{""win_exponent"": 4.5, ""win_cap"": 0.14, ""top3_center"": 80, ""top5_center"": 76, ""top10_center"": 68, ""top20_center"": 59, ""make_cut_center"": 48, ""make_cut_steepness"": 0.07}","144-player cut event. Win exp=4.5, cap=0.14. make_cut_pct via logistic(vts, center=48, steep=0.07).",62.15932461526272,62.15932461526272,3,"Tier3 — Top-10 Range: NeutralSG=0.05, moderate fit VFD=-6.4; 6CH-rds",ok,0.007216751389106371,0.12942144163150526,0.18032087668909547,0.3343765576364972,0.5065670355306817,0.6563839919432796,0.34361600805672043,APP_100-150,APP_100-150+APP_150-200; weak OTT_Accuracy,NeutralSG=0.05; VFD=-6.4; VHD=-5.6(6rds); →Tier3 VTS=62.2
58,75,"Glover, Lucas",GLOVER_LUCAS,confirmed,TBD,TBD,medium,medium,-0.22,70.59344552701506,73.53179966920625,2.938354142191187,medium,3.8,"DataGolf venue-fit tool; comp courses: TPC River Highlands, Colonial CC, Sedgefield CC; cf_adj_total scaled ×20, capped ±7 VTS pts",48,0.769,1.2456,medium,65.6705981115679,Balanced,"{""neutral"": 0.4, ""venuefit"": 0.3, ""venuehistory"": 0.3}",clear,False,,0.0,poor_birdie_conv,-1.8869047619047623,0.0,0.0,-1.8869047619047623,0.0,poor_birdie_conv,Deere Run standard venue (non-major birdie-fest). AP_TO_VTS=2.0. Soft/wet week: bomb_and_spray softened (miss_fw_pen_frac=0.0264 modest). No weather amplification on other patterns.,ARG_Rough,False,0.0,,-0.22,50.0,0.0,False,,0.0,False,ok,,0.0,medium,50.0,standard,Standard venue variance class. Soft/wet delay risk: no compression multiplier.,standard,"{""win_exponent"": 4.5, ""win_cap"": 0.14, ""top3_center"": 80, ""top5_center"": 76, ""top10_center"": 68, ""top20_center"": 59, ""make_cut_center"": 48, ""make_cut_steepness"": 0.07}","144-player cut event. Win exp=4.5, cap=0.14. make_cut_pct via logistic(vts, center=48, steep=0.07).",61.89678858775837,61.89678858775837,3,"Tier3 — Top-10 Range: NeutralSG=-0.22, moderate fit VFD=2.9; 48CH-rds",ok,0.007647046562130274,0.14059931739205556,0.19618340890547822,0.3660293758611281,0.5576778706859281,0.7256723085200678,0.2743276914799322,APP_Wedge,APP_Wedge+APP_150-200; weak ARG_Rough,NeutralSG=-0.22; VFD=2.9; VHD=1.2(48rds); AP=-1.9SG(poor_birdie_conv); →Tier3 VTS=61.9
59,57,"Power, Seamus",POWER_SEAMUS,confirmed,TBD,TBD,deep,high,0.02,74.84499557130204,66.570693825003,-8.274301746299031,high,0.4,"DataGolf venue-fit tool; comp courses: TPC River Highlands, Colonial CC, Sedgefield CC; cf_adj_total scaled ×20, capped ±7 VTS pts",28,1.008,2.8887999999999994,medium,65.77584637602172,Balanced,"{""neutral"": 0.4, ""venuefit"": 0.3, ""venuehistory"": 0.3}",clear,False,,0.0,wedge_liability,-2.167123805920742,0.0,-2.167123805920742,0.0,0.0,wedge_liability,Deere Run standard venue (non-major birdie-fest). AP_TO_VTS=2.0. Soft/wet week: bomb_and_spray softened (miss_fw_pen_frac=0.0264 modest). No weather amplification on other patterns.,OTT_Accuracy,False,0.0,,0.02,50.0,0.0,False,,0.0,False,ok,,0.0,low,25.0,standard,Standard venue variance class. Soft/wet delay risk: no compression multiplier.,standard,"{""win_exponent"": 4.5, ""win_cap"": 0.14, ""top3_center"": 80, ""top5_center"": 76, ""top10_center"": 68, ""top20_center"": 59, ""make_cut_center"": 48, ""make_cut_steepness"": 0.07}","144-player cut event. Win exp=4.5, cap=0.14. make_cut_pct via logistic(vts, center=48, steep=0.07).",61.441598764180235,61.441598764180235,3,"Tier3 — Top-10 Range: NeutralSG=0.02, moderate fit VFD=-8.3; 28CH-rds",ok,0.0068492771246836835,0.1216697909658417,0.1701939529309022,0.32091848339061263,0.4938095773860994,0.647355440595127,0.35264455940487305,PUTT_BirdieConv,PUTT_BirdieConv+APP_100-150; weak OTT_Accuracy,NeutralSG=0.02; VFD=-8.3; VHD=2.9(28rds); AP=-2.2SG(wedge_liability); →Tier3 VTS=61.4
60,59,"Smotherman, Austin",SMOTHERMAN_AUSTIN,confirmed,TBD,TBD,deep,high,0.01,74.66784765279009,76.49388682219471,1.8260391694046234,high,2.2,"DataGolf venue-fit tool; comp courses: TPC River Highlands, Colonial CC, Sedgefield CC; cf_adj_total scaled ×20, capped ±7 VTS pts",10,-0.592,-0.14400000000000002,medium,67.77210510777445,Balanced,"{""neutral"": 0.4, ""venuefit"": 0.3, ""venuehistory"": 0.3}",clear,False,,0.0,poor_birdie_conv;rough_approach_liab,-3.1931556768513305,0.0,0.0,-1.6343795093795106,-1.5587761674718197,poor_birdie_conv;rough_approach_liab,Deere Run standard venue (non-major birdie-fest). AP_TO_VTS=2.0. Soft/wet week: bomb_and_spray softened (miss_fw_pen_frac=0.0264 modest). No weather amplification on other patterns.,ARG_Rough,False,0.0,,0.01,50.0,0.0,False,,0.0,False,ok,,0.0,low,25.0,standard,Standard venue variance class. Soft/wet delay risk: no compression multiplier.,standard,"{""win_exponent"": 4.5, ""win_cap"": 0.14, ""top3_center"": 80, ""top5_center"": 76, ""top10_center"": 68, ""top20_center"": 59, ""make_cut_center"": 48, ""make_cut_steepness"": 0.07}","144-player cut event. Win exp=4.5, cap=0.14. make_cut_pct via logistic(vts, center=48, steep=0.07).",61.38579375407179,61.38579375407179,3,"Tier3 — Top-10 Range: NeutralSG=0.01, moderate fit VFD=1.8; 10CH-rds",ok,0.006821327394678515,0.12108379725535796,0.16942512648845467,0.31988216313630946,0.49281439306748875,0.6466449585658558,0.3533550414341442,APP_Wedge,APP_Wedge+APP_100-150; weak ARG_Rough,NeutralSG=0.01; VFD=1.8; VHD=-0.1(10rds); AP=-3.2SG(poor_birdie_conv;rough_approach_liab); →Tier3 VTS=61.4
61,60,"Roy, Kevin",ROY_KEVIN,confirmed,TBD,TBD,deep,high,-0.01,74.31355181576617,66.32902860043123,-7.984523215334946,high,-0.6,"DataGolf venue-fit tool; comp courses: TPC River Highlands, Colonial CC, Sedgefield CC; cf_adj_total scaled ×20, capped ±7 VTS pts",8,1.477,4.232,medium,65.89372930643584,Balanced,"{""neutral"": 0.4, ""venuefit"": 0.3, ""venuehistory"": 0.3}",clear,False,,0.0,wedge_liability,-2.264447176771021,0.0,-2.264447176771021,0.0,0.0,wedge_liability,Deere Run standard venue (non-major birdie-fest). AP_TO_VTS=2.0. Soft/wet week: bomb_and_spray softened (miss_fw_pen_frac=0.0264 modest). No weather amplification on other patterns.,OTT_Accuracy,False,0.0,,-0.01,50.0,0.0,False,,0.0,False,ok,,0.0,low,25.0,standard,Standard venue variance class. Soft/wet delay risk: no compression multiplier.,standard,"{""win_exponent"": 4.5, ""win_cap"": 0.14, ""top3_center"": 80, ""top5_center"": 76, ""top10_center"": 68, ""top20_center"": 59, ""make_cut_center"": 48, ""make_cut_steepness"": 0.07}","144-player cut event. Win exp=4.5, cap=0.14. make_cut_pct via logistic(vts, center=48, steep=0.07).",61.3648349528938,61.3648349528938,3,"Tier3 — Top-10 Range: NeutralSG=-0.01, moderate fit VFD=-8.0; 8CH-rds",ok,0.006810853203991385,0.12086433086916061,0.16913706669268286,0.31949333818053555,0.4924405199344273,0.6463778077065748,0.3536221922934252,PUTT_BirdieConv,PUTT_BirdieConv+PUTT_Lag; weak OTT_Accuracy,NeutralSG=-0.01; VFD=-8.0; VHD=4.2(8rds); AP=-2.3SG(wedge_liability); →Tier3 VTS=61.4
62,64,"Brown, Blades",BROWN_BLADES,confirmed,TBD,TBD,deep,high,-0.04,73.7821080602303,72.7139310433134,-1.0681770169169056,high,-0.2,"DataGolf venue-fit tool; comp courses: TPC River Highlands, Colonial CC, Sedgefield CC; cf_adj_total scaled ×20, capped ±7 VTS pts",0,,0.0,none,73.35483725346353,Neutral+Venue,"{""neutral"": 0.6, ""venuefit"": 0.4, ""venuehistory"": 0.0}",clear,True,A,-4.0,rough_approach_liab,-1.140901771336554,0.0,0.0,0.0,-1.140901771336554,rough_approach_liab,Deere Run standard venue (non-major birdie-fest). AP_TO_VTS=2.0. Soft/wet week: bomb_and_spray softened (miss_fw_pen_frac=0.0264 modest). No weather amplification on other patterns.,OTT_Accuracy,False,0.0,,-0.04,50.0,0.0,False,,0.0,False,ok,,0.0,high,75.0,standard,Standard venue variance class. Soft/wet delay risk: no compression multiplier.,standard,"{""win_exponent"": 4.5, ""win_cap"": 0.14, ""top3_center"": 80, ""top5_center"": 76, ""top10_center"": 68, ""top20_center"": 59, ""make_cut_center"": 48, ""make_cut_steepness"": 0.07}","144-player cut event. Win exp=4.5, cap=0.14. make_cut_pct via logistic(vts, center=48, steep=0.07).",61.07303371079042,61.07303371079042,3,"Tier3 — Top-10 Range: NeutralSG=-0.04, moderate fit VFD=-1.1; 0CH-rds (debut); debut-A",ok,0.007666268287545312,0.1440310378822504,0.2018690554300878,0.38390268762653673,0.5955024984442875,0.7854496864149101,0.2145503135850899,APP_100-150,APP_100-150+APP_150-200; weak OTT_Accuracy,NeutralSG=-0.04; VFD=-1.1; VHD=0.0(0rds); debut-A pen=-4.0SG; AP=-1.1SG(rough_approach_liab); →Tier3 VTS=61.1
63,32,"Im, Sungjae",IM_SUNGJAE,confirmed,TBD,TBD,deep,high,0.22,78.38795394154118,65.78486906504297,-12.603084876498215,high,-0.6,"DataGolf venue-fit tool; comp courses: TPC River Highlands, Colonial CC, Sedgefield CC; cf_adj_total scaled ×20, capped ±7 VTS pts",14,0.565,-0.9087999999999999,medium,65.81800229612936,Balanced,"{""neutral"": 0.4, ""venuefit"": 0.3, ""venuehistory"": 0.3}",clear,False,,0.0,wedge_liability,-2.3955357987326207,0.0,-2.3955357987326207,0.0,0.0,wedge_liability,Deere Run standard venue (non-major birdie-fest). AP_TO_VTS=2.0. Soft/wet week: bomb_and_spray softened (miss_fw_pen_frac=0.0264 modest). No weather amplification on other patterns.,OTT_Accuracy,False,0.0,,0.22,50.0,0.0,False,,0.0,False,ok,,0.0,low,25.0,standard,Standard venue variance class. Soft/wet delay risk: no compression multiplier.,standard,"{""win_exponent"": 4.5, ""win_cap"": 0.14, ""top3_center"": 80, ""top5_center"": 76, ""top10_center"": 68, ""top20_center"": 59, ""make_cut_center"": 48, ""make_cut_steepness"": 0.07}","144-player cut event. Win exp=4.5, cap=0.14. make_cut_pct via logistic(vts, center=48, steep=0.07).",61.026930698664124,61.026930698664124,3,"Tier3 — Top-10 Range: NeutralSG=0.22, moderate fit VFD=-12.6; 14CH-rds",ok,0.006643704825041648,0.1173722224084236,0.1645447762749173,0.31325428945036493,0.48640501784531953,0.6420471908207872,0.3579528091792128,ARG_Rough,ARG_Rough+ARG_Bunker; weak OTT_Accuracy,NeutralSG=0.22; VFD=-12.6; VHD=-0.9(14rds); AP=-2.4SG(wedge_liability); →Tier3 VTS=61.0
64,61,"Blair, Zac",BLAIR_ZAC,confirmed,TBD,TBD,deep,high,-0.01,74.31355181576617,73.38640654855023,-0.9271452672159484,high,2.4,"DataGolf venue-fit tool; comp courses: TPC River Highlands, Colonial CC, Sedgefield CC; cf_adj_total scaled ×20, capped ±7 VTS pts",20,-0.398,-0.04000000000000001,medium,66.72934269087153,Balanced,"{""neutral"": 0.4, ""venuefit"": 0.3, ""venuehistory"": 0.3}",clear,False,,0.0,poor_birdie_conv;rough_approach_liab,-2.857804232804233,0.0,0.0,-1.6355820105820107,-1.2222222222222223,poor_birdie_conv;rough_approach_liab,Deere Run standard venue (non-major birdie-fest). AP_TO_VTS=2.0. Soft/wet week: bomb_and_spray softened (miss_fw_pen_frac=0.0264 modest). No weather amplification on other patterns.,OTT_Distance,False,0.0,,-0.01,50.0,0.0,False,,0.0,False,ok,,0.0,low,25.0,standard,Standard venue variance class. Soft/wet delay risk: no compression multiplier.,standard,"{""win_exponent"": 4.5, ""win_cap"": 0.14, ""top3_center"": 80, ""top5_center"": 76, ""top10_center"": 68, ""top20_center"": 59, ""make_cut_center"": 48, ""make_cut_steepness"": 0.07}","144-player cut event. Win exp=4.5, cap=0.14. make_cut_pct via logistic(vts, center=48, steep=0.07).",61.013734225263065,61.013734225263065,3,"Tier3 — Top-10 Range: NeutralSG=-0.01, moderate fit VFD=-0.9; 20CH-rds",ok,0.006637242409891009,0.11723759789822165,0.16436740882896608,0.31301178125400886,0.48616902590118766,0.6418771683930686,0.35812283160693137,APP_150-200,APP_150-200+APP_100-150; weak OTT_Distance,NeutralSG=-0.01; VFD=-0.9; VHD=-0.0(20rds); AP=-2.9SG(poor_birdie_conv;rough_approach_liab); →Tier3 VTS=61.0
65,39,"Hisatsune, Ryo",HISATSUNE_RYO,confirmed,TBD,TBD,deep,high,0.12,76.61647475642162,72.1591116263071,-4.45736313011453,high,0.8,"DataGolf venue-fit tool; comp courses: TPC River Highlands, Colonial CC, Sedgefield CC; cf_adj_total scaled ×20, capped ±7 VTS pts",8,-0.656,-2.4768,medium,66.55128339046078,Balanced,"{""neutral"": 0.4, ""venuefit"": 0.3, ""venuehistory"": 0.3}",clear,False,,0.0,poor_birdie_conv;rough_approach_liab,-2.8421037497124457,0.0,0.0,-1.6818783068783072,-1.1602254428341385,poor_birdie_conv;rough_approach_liab,Deere Run standard venue (non-major birdie-fest). AP_TO_VTS=2.0. Soft/wet week: bomb_and_spray softened (miss_fw_pen_frac=0.0264 modest). No weather amplification on other patterns.,ARG_Rough,False,0.0,,0.12,50.0,0.0,False,,0.0,False,ok,,0.0,low,25.0,standard,Standard venue variance class. Soft/wet delay risk: no compression multiplier.,standard,"{""win_exponent"": 4.5, ""win_cap"": 0.14, ""top3_center"": 80, ""top5_center"": 76, ""top10_center"": 68, ""top20_center"": 59, ""make_cut_center"": 48, ""make_cut_steepness"": 0.07}","144-player cut event. Win exp=4.5, cap=0.14. make_cut_pct via logistic(vts, center=48, steep=0.07).",60.86707589103589,60.86707589103589,3,"Tier3 — Top-10 Range: NeutralSG=0.12, moderate fit VFD=-4.5; 8CH-rds",ok,0.0065657512555612274,0.11575027668919759,0.16240623345223631,0.310322607390528,0.4835450228041688,0.6399831317134694,0.36001686828653057,PAR5_Scoring,PAR5_Scoring+APP_100-150; weak ARG_Rough,NeutralSG=0.12; VFD=-4.5; VHD=-2.5(8rds); AP=-2.8SG(poor_birdie_conv;rough_approach_liab); →Tier3 VTS=60.9
66,74,"Hubbard, Mark",HUBBARD_MARK,confirmed,TBD,TBD,deep,high,-0.23,70.41629760850311,67.74203749905958,-2.674260109443537,high,0.8,"DataGolf venue-fit tool; comp courses: TPC River Highlands, Colonial CC, Sedgefield CC; cf_adj_total scaled ×20, capped ±7 VTS pts",28,0.687,1.808,medium,64.03153029311912,Balanced,"{""neutral"": 0.4, ""venuefit"": 0.3, ""venuehistory"": 0.3}",clear,False,,0.0,poor_birdie_conv,-1.668650793650794,0.0,0.0,-1.668650793650794,0.0,poor_birdie_conv,Deere Run standard venue (non-major birdie-fest). AP_TO_VTS=2.0. Soft/wet week: bomb_and_spray softened (miss_fw_pen_frac=0.0264 modest). No weather amplification on other patterns.,OTT_Accuracy,False,0.0,,-0.23,50.0,0.0,False,,0.0,False,ok,,0.0,low,25.0,standard,Standard venue variance class. Soft/wet delay risk: no compression multiplier.,standard,"{""win_exponent"": 4.5, ""win_cap"": 0.14, ""top3_center"": 80, ""top5_center"": 76, ""top10_center"": 68, ""top20_center"": 59, ""make_cut_center"": 48, ""make_cut_steepness"": 0.07}","144-player cut event. Win exp=4.5, cap=0.14. make_cut_pct via logistic(vts, center=48, steep=0.07).",60.69422870581753,60.69422870581753,3,"Tier3 — Top-10 Range: NeutralSG=-0.23, moderate fit VFD=-2.7; 28CH-rds",ok,0.006482264361051096,0.11401804294783358,0.16011833450129268,0.3071673541505458,0.4804495162382866,0.6377403179188569,0.3622596820811431,APP_100-150,APP_100-150+APP_Wedge; weak OTT_Accuracy,NeutralSG=-0.23; VFD=-2.7; VHD=1.8(28rds); AP=-1.7SG(poor_birdie_conv); →Tier3 VTS=60.7
67,41,"Hossler, Beau",HOSSLER_BEAU,confirmed,TBD,TBD,deep,high,0.12,76.61647475642162,63.87973719327353,-12.736737563148097,high,-1.2,"DataGolf venue-fit tool; comp courses: TPC River Highlands, Colonial CC, Sedgefield CC; cf_adj_total scaled ×20, capped ±7 VTS pts",18,0.46,1.0512000000000001,medium,65.12587106055071,Balanced,"{""neutral"": 0.4, ""venuefit"": 0.3, ""venuehistory"": 0.3}",clear,False,,0.0,wedge_liability,-2.335382578265393,0.0,-2.335382578265393,0.0,0.0,wedge_liability,Deere Run standard venue (non-major birdie-fest). AP_TO_VTS=2.0. Soft/wet week: bomb_and_spray softened (miss_fw_pen_frac=0.0264 modest). No weather amplification on other patterns.,OTT_Accuracy,False,0.0,,0.12,50.0,0.0,False,,0.0,False,ok,,0.0,low,25.0,standard,Standard venue variance class. Soft/wet delay risk: no compression multiplier.,standard,"{""win_exponent"": 4.5, ""win_cap"": 0.14, ""top3_center"": 80, ""top5_center"": 76, ""top10_center"": 68, ""top20_center"": 59, ""make_cut_center"": 48, ""make_cut_steepness"": 0.07}","144-player cut event. Win exp=4.5, cap=0.14. make_cut_pct via logistic(vts, center=48, steep=0.07).",60.45510590401992,60.45510590401992,3,"Tier3 — Top-10 Range: NeutralSG=0.12, moderate fit VFD=-12.7; 18CH-rds",ok,0.006368129567915502,0.11165819248591494,0.15699492312437321,0.3028279443205633,0.4761623692344815,0.6346188360272175,0.36538116397278253,PUTT_BirdieConv,PUTT_BirdieConv+PUTT_Lag; weak OTT_Accuracy,NeutralSG=0.12; VFD=-12.7; VHD=1.1(18rds); AP=-2.3SG(wedge_liability); →Tier3 VTS=60.5
68,46,"Ventura, Kris",VENTURA_KRIS,confirmed,TBD,TBD,deep,high,0.07,75.73073516386184,66.61525508097222,-9.115480082889619,high,-0.4,"DataGolf venue-fit tool; comp courses: TPC River Highlands, Colonial CC, Sedgefield CC; cf_adj_total scaled ×20, capped ±7 VTS pts",6,-0.994,-1.4016,medium,64.85639058983641,Balanced,"{""neutral"": 0.4, ""venuefit"": 0.3, ""venuehistory"": 0.3}",clear,False,,0.0,wedge_liability,-2.2133736876950727,0.0,-2.2133736876950727,0.0,0.0,wedge_liability,Deere Run standard venue (non-major birdie-fest). AP_TO_VTS=2.0. Soft/wet week: bomb_and_spray softened (miss_fw_pen_frac=0.0264 modest). No weather amplification on other patterns.,OTT_Accuracy,False,0.0,,0.07,50.0,0.0,False,,0.0,False,ok,,0.0,low,25.0,standard,Standard venue variance class. Soft/wet delay risk: no compression multiplier.,standard,"{""win_exponent"": 4.5, ""win_cap"": 0.14, ""top3_center"": 80, ""top5_center"": 76, ""top10_center"": 68, ""top20_center"": 59, ""make_cut_center"": 48, ""make_cut_steepness"": 0.07}","144-player cut event. Win exp=4.5, cap=0.14. make_cut_pct via logistic(vts, center=48, steep=0.07).",60.429643214446266,60.429643214446266,3,"Tier3 — Top-10 Range: NeutralSG=0.07, moderate fit VFD=-9.1; 6CH-rds",ok,0.006356068782724619,0.11140939203585438,0.15666517748967868,0.3023676487518204,0.47570556312483403,0.6342851780122849,0.3657148219877151,PUTT_Lag,PUTT_Lag+PUTT_BirdieConv; weak OTT_Accuracy,NeutralSG=0.07; VFD=-9.1; VHD=-1.4(6rds); AP=-2.2SG(wedge_liability); →Tier3 VTS=60.4
69,50,"Ramey, Chad",RAMEY_CHAD,confirmed,TBD,TBD,deep,high,0.06,75.55358724534986,67.05567480905637,-8.49791243629349,high,-0.2,"DataGolf venue-fit tool; comp courses: TPC River Highlands, Colonial CC, Sedgefield CC; cf_adj_total scaled ×20, capped ±7 VTS pts",10,-1.011,-1.8104,medium,64.79501734085686,Balanced,"{""neutral"": 0.4, ""venuefit"": 0.3, ""venuehistory"": 0.3}",clear,False,,0.0,wedge_liability,-2.2011727986380403,0.0,-2.2011727986380403,0.0,0.0,wedge_liability,Deere Run standard venue (non-major birdie-fest). AP_TO_VTS=2.0. Soft/wet week: bomb_and_spray softened (miss_fw_pen_frac=0.0264 modest). No weather amplification on other patterns.,OTT_Accuracy,False,0.0,,0.06,50.0,0.0,False,,0.0,False,ok,,0.0,low,25.0,standard,Standard venue variance class. Soft/wet delay risk: no compression multiplier.,standard,"{""win_exponent"": 4.5, ""win_cap"": 0.14, ""top3_center"": 80, ""top5_center"": 76, ""top10_center"": 68, ""top20_center"": 59, ""make_cut_center"": 48, ""make_cut_steepness"": 0.07}","144-player cut event. Win exp=4.5, cap=0.14. make_cut_pct via logistic(vts, center=48, steep=0.07).",60.39267174358078,60.39267174358078,3,"Tier3 — Top-10 Range: NeutralSG=0.06, moderate fit VFD=-8.5; 10CH-rds",ok,0.006338588324863218,0.111048984813808,0.15618736481270323,0.30169992201155527,0.4750421926360284,0.6338002775880766,0.36619972241192345,PUTT_Lag,PUTT_Lag+PUTT_BirdieConv; weak OTT_Accuracy,NeutralSG=0.06; VFD=-8.5; VHD=-1.8(10rds); AP=-2.2SG(wedge_liability); →Tier3 VTS=60.4
70,81,"Young, Carson",YOUNG_CARSON,confirmed,TBD,TBD,deep,high,-0.36,68.11337466784767,64.99835315915014,-3.1150215086975237,high,1.6,"DataGolf venue-fit tool; comp courses: TPC River Highlands, Colonial CC, Sedgefield CC; cf_adj_total scaled ×20, capped ±7 VTS pts",10,1.289,3.676,medium,62.84765581488411,Balanced,"{""neutral"": 0.4, ""venuefit"": 0.3, ""venuehistory"": 0.3}",clear,False,,0.0,rough_approach_liab,-1.2278582930756845,0.0,0.0,0.0,-1.2278582930756845,rough_approach_liab,Deere Run standard venue (non-major birdie-fest). AP_TO_VTS=2.0. Soft/wet week: bomb_and_spray softened (miss_fw_pen_frac=0.0264 modest). No weather amplification on other patterns.,ARG_Rough,False,0.0,,-0.36,50.0,0.0,False,,0.0,False,ok,,0.0,low,25.0,standard,Standard venue variance class. Soft/wet delay risk: no compression multiplier.,standard,"{""win_exponent"": 4.5, ""win_cap"": 0.14, ""top3_center"": 80, ""top5_center"": 76, ""top10_center"": 68, ""top20_center"": 59, ""make_cut_center"": 48, ""make_cut_steepness"": 0.07}","144-player cut event. Win exp=4.5, cap=0.14. make_cut_pct via logistic(vts, center=48, steep=0.07).",60.39193922873274,60.39193922873274,3,"Tier3 — Top-10 Range: NeutralSG=-0.36, moderate fit VFD=-3.1; 10CH-rds",ok,0.006338242363156456,0.11104185420561676,0.15617790956335603,0.3016866997430655,0.47502904818008324,0.6337906650840688,0.3662093349159312,APP_100-150,APP_100-150+APP_150-200; weak ARG_Rough,NeutralSG=-0.36; VFD=-3.1; VHD=3.7(10rds); AP=-1.2SG(rough_approach_liab); →Tier3 VTS=60.4
71,132,"Feagles, Michael",FEAGLES_MICHAEL,confirmed,TBD,TBD,medium,medium,-1.12,54.65013286093888,68.97468418213,14.324551321191123,medium,1.0,"DataGolf venue-fit tool; comp courses: TPC River Highlands, Colonial CC, Sedgefield CC; cf_adj_total scaled ×20, capped ±7 VTS pts",2,-4.222,-0.0432,low,60.379953389415334,Neutral+Venue,"{""neutral"": 0.6, ""venuefit"": 0.4, ""venuehistory"": 0.0}",clear,False,,0.0,,0.0,0.0,0.0,0.0,0.0,,Deere Run standard venue (non-major birdie-fest). AP_TO_VTS=2.0. Soft/wet week: bomb_and_spray softened (miss_fw_pen_frac=0.0264 modest). No weather amplification on other patterns.,OTT_Accuracy,False,0.0,,-1.12,50.0,0.0,False,,0.0,False,ok,,0.0,medium,50.0,standard,Standard venue variance class. Soft/wet delay risk: no compression multiplier.,standard,"{""win_exponent"": 4.5, ""win_cap"": 0.14, ""top3_center"": 80, ""top5_center"": 76, ""top10_center"": 68, ""top20_center"": 59, ""make_cut_center"": 48, ""make_cut_steepness"": 0.07}","144-player cut event. Win exp=4.5, cap=0.14. make_cut_pct via logistic(vts, center=48, steep=0.07).",60.379953389415334,60.379953389415334,3,"Tier3 — Top-10 Range: NeutralSG=-1.12, moderate fit VFD=14.3; 2CH-rds",ok,0.006839190309465017,0.12325026096799561,0.17335917937507775,0.3349671000259821,0.5275710719796367,0.7040370567127653,0.2959629432872347,APP_Wedge,APP_Wedge+APP_100-150; weak OTT_Accuracy,NeutralSG=-1.12; VFD=14.3; VHD=-0.0(2rds); →Tier3 VTS=60.4
72,40,"Keefer, Johnny",KEEFER_JOHNNY,confirmed,TBD,TBD,deep,high,0.12,76.61647475642162,70.06581333496327,-6.550661421458358,high,0.2,"DataGolf venue-fit tool; comp courses: TPC River Highlands, Colonial CC, Sedgefield CC; cf_adj_total scaled ×20, capped ±7 VTS pts",0,,0.0,none,73.99621018783829,Neutral+Venue,"{""neutral"": 0.6, ""venuefit"": 0.4, ""venuehistory"": 0.0}",clear,True,B,-1.75,bomb_and_spray;poor_birdie_conv;rough_approach_liab,-4.655105645019701,-1.4116279069767441,0.0,-1.773268398268399,-1.4702093397745573,bomb_and_spray;poor_birdie_conv;rough_approach_liab,Deere Run standard venue (non-major birdie-fest). AP_TO_VTS=2.0. Soft/wet week: bomb_and_spray softened (miss_fw_pen_frac=0.0264 modest). No weather amplification on other patterns.,ARG_Rough,False,0.0,,0.12,50.0,0.0,False,,0.0,False,ok,,0.0,high,75.0,standard,Standard venue variance class. Soft/wet delay risk: no compression multiplier.,standard,"{""win_exponent"": 4.5, ""win_cap"": 0.14, ""top3_center"": 80, ""top5_center"": 76, ""top10_center"": 68, ""top20_center"": 59, ""make_cut_center"": 48, ""make_cut_steepness"": 0.07}","144-player cut event. Win exp=4.5, cap=0.14. make_cut_pct via logistic(vts, center=48, steep=0.07).",60.31099889779888,60.31099889779888,3,"Tier3 — Top-10 Range: NeutralSG=0.12, moderate fit VFD=-6.6; 0CH-rds (debut); debut-B",ok,0.00724512094934729,0.13475778238060188,0.18961057087740987,0.36694467254438057,0.5788155668132599,0.773333340188624,0.22666665981137601,PAR5_Scoring,PAR5_Scoring+APP_Wedge; weak ARG_Rough,NeutralSG=0.12; VFD=-6.6; VHD=0.0(0rds); debut-B pen=-1.8SG; AP=-4.7SG(bomb_and_spray;poor_birdie_conv;rough_approach_liab); →Tier3 VTS=60.3
73,73,"Ewart, A.J.",EWART_A.J.,confirmed,TBD,TBD,deep,high,-0.17,71.47918511957485,68.11370518862934,-3.3654799309455115,high,-1.2,"DataGolf venue-fit tool; comp courses: TPC River Highlands, Colonial CC, Sedgefield CC; cf_adj_total scaled ×20, capped ±7 VTS pts",0,,0.0,none,70.13299314719664,Neutral+Venue,"{""neutral"": 0.6, ""venuefit"": 0.4, ""venuehistory"": 0.0}",clear,True,A,-4.0,,0.0,0.0,0.0,0.0,0.0,,Deere Run standard venue (non-major birdie-fest). AP_TO_VTS=2.0. Soft/wet week: bomb_and_spray softened (miss_fw_pen_frac=0.0264 modest). No weather amplification on other patterns.,OTT_Accuracy,False,0.0,,-0.17,50.0,0.0,False,,0.0,False,ok,,0.0,high,75.0,standard,Standard venue variance class. Soft/wet delay risk: no compression multiplier.,standard,"{""win_exponent"": 4.5, ""win_cap"": 0.14, ""top3_center"": 80, ""top5_center"": 76, ""top10_center"": 68, ""top20_center"": 59, ""make_cut_center"": 48, ""make_cut_steepness"": 0.07}","144-player cut event. Win exp=4.5, cap=0.14. make_cut_pct via logistic(vts, center=48, steep=0.07).",60.13299314719664,60.13299314719664,3,"Tier3 — Top-10 Range: NeutralSG=-0.17, moderate fit VFD=-3.4; 0CH-rds (debut); debut-A",ok,0.0071493900291564536,0.13266698666848342,0.1868334532544806,0.36303756262361886,0.5749087983655916,0.7704645063982991,0.2295354936017009,PUTT_BirdieConv,PUTT_BirdieConv+PUTT_Lag; weak OTT_Accuracy,NeutralSG=-0.17; VFD=-3.4; VHD=0.0(0rds); debut-A pen=-4.0SG; →Tier3 VTS=60.1
74,37,"Whaley, Vince",WHALEY_VINCE,confirmed,TBD,TBD,deep,high,0.14,76.97077059344552,62.915508179624304,-14.055262413821218,high,-2.4,"DataGolf venue-fit tool; comp courses: TPC River Highlands, Colonial CC, Sedgefield CC; cf_adj_total scaled ×20, capped ±7 VTS pts",14,-0.5,-0.9735999999999999,medium,64.3708806912655,Balanced,"{""neutral"": 0.4, ""venuefit"": 0.3, ""venuehistory"": 0.3}",clear,False,,0.0,wedge_liability,-2.226993284781992,0.0,-2.226993284781992,0.0,0.0,wedge_liability,Deere Run standard venue (non-major birdie-fest). AP_TO_VTS=2.0. Soft/wet week: bomb_and_spray softened (miss_fw_pen_frac=0.0264 modest). No weather amplification on other patterns.,OTT_Accuracy,False,0.0,,0.14,50.0,0.0,False,,0.0,False,ok,,0.0,low,25.0,standard,Standard venue variance class. Soft/wet delay risk: no compression multiplier.,standard,"{""win_exponent"": 4.5, ""win_cap"": 0.14, ""top3_center"": 80, ""top5_center"": 76, ""top10_center"": 68, ""top20_center"": 59, ""make_cut_center"": 48, ""make_cut_steepness"": 0.07}","144-player cut event. Win exp=4.5, cap=0.14. make_cut_pct via logistic(vts, center=48, steep=0.07).",59.91689412170152,59.91689412170152,3,"Tier3 — Top-10 Range: NeutralSG=0.14, moderate fit VFD=-14.1; 14CH-rds",ok,0.006116954798486582,0.1064998091053227,0.15014096853303413,0.29317326383223596,0.4664966982197425,0.6275147302434677,0.3724852697565323,PUTT_BirdieConv,PUTT_BirdieConv+PUTT_Lag; weak OTT_Accuracy,NeutralSG=0.14; VFD=-14.1; VHD=-1.0(14rds); AP=-2.2SG(wedge_liability); →Tier3 VTS=59.9
75,144,"Adler, Patrick",ADLER_PATRICK,confirmed,TBD,TBD,thin,low,-0.14400000000000002,71.93976970770593,66.84920994960792,-5.09055975809801,low,0.0,"DataGolf venue-fit tool; comp courses: TPC River Highlands, Colonial CC, Sedgefield CC; cf_adj_total scaled ×20, capped ±7 VTS pts",0,,0.0,none,69.90354580446673,Neutral+Venue,"{""neutral"": 0.6, ""venuefit"": 0.4, ""venuehistory"": 0.0}",clear,True,A,-4.0,,0.0,0.0,0.0,0.0,0.0,,Deere Run standard venue (non-major birdie-fest). AP_TO_VTS=2.0. Soft/wet week: bomb_and_spray softened (miss_fw_pen_frac=0.0264 modest). No weather amplification on other patterns.,OTT_Accuracy,False,0.0,,-0.14400000000000002,50.0,0.0,False,,0.0,False,ok,,0.0,high,75.0,standard,Standard venue variance class. Soft/wet delay risk: no compression multiplier.,standard,"{""win_exponent"": 4.5, ""win_cap"": 0.14, ""top3_center"": 80, ""top5_center"": 76, ""top10_center"": 68, ""top20_center"": 59, ""make_cut_center"": 48, ""make_cut_steepness"": 0.07}","144-player cut event. Win exp=4.5, cap=0.14. make_cut_pct via logistic(vts, center=48, steep=0.07).",59.90354580446673,59.90354580446673,3,"Tier3 — Top-10 Range: NeutralSG=-0.14, moderate fit VFD=-5.1; 0CH-rds (debut); debut-A",ok,0.007027448595867162,0.13001332150712447,0.18330163304957678,0.35803269311871266,0.5698693571213003,0.7667454383511215,0.23325456164887848,APP_100-150,APP_100-150+APP_150-200; weak OTT_Accuracy,NeutralSG=-0.14; VFD=-5.1; VHD=0.0(0rds); debut-A pen=-4.0SG; →Tier3 VTS=59.9
76,108,"Dunlap, Nick",DUNLAP_NICK,confirmed,TBD,TBD,medium,medium,-0.655,62.8875110717449,60.370382206007775,-2.517128865737128,medium,-2.4,"DataGolf venue-fit tool; comp courses: TPC River Highlands, Colonial CC, Sedgefield CC; cf_adj_total scaled ×20, capped ±7 VTS pts",6,0.873,4.4336,medium,59.59619909050029,Balanced,"{""neutral"": 0.4, ""venuefit"": 0.3, ""venuehistory"": 0.3}",clear,False,,0.0,,0.0,0.0,0.0,0.0,0.0,,Deere Run standard venue (non-major birdie-fest). AP_TO_VTS=2.0. Soft/wet week: bomb_and_spray softened (miss_fw_pen_frac=0.0264 modest). No weather amplification on other patterns.,OTT_Accuracy,False,0.0,,-0.655,50.0,0.0,False,,0.0,False,ok,,0.0,medium,50.0,standard,Standard venue variance class. Soft/wet delay risk: no compression multiplier.,standard,"{""win_exponent"": 4.5, ""win_cap"": 0.14, ""top3_center"": 80, ""top5_center"": 76, ""top10_center"": 68, ""top20_center"": 59, ""make_cut_center"": 48, ""make_cut_steepness"": 0.07}","144-player cut event. Win exp=4.5, cap=0.14. make_cut_pct via logistic(vts, center=48, steep=0.07).",59.59619909050029,59.59619909050029,3,"Tier3 — Top-10 Range: NeutralSG=-0.66, moderate fit VFD=-2.5; 6CH-rds",ok,0.006448678693531594,0.11502803442264088,0.16241335017704273,0.3194409661304128,0.5119217218338091,0.6924788724931034,0.30752112750689664,APP_100-150,APP_100-150+APP_150-200; weak OTT_Accuracy,NeutralSG=-0.66; VFD=-2.5; VHD=4.4(6rds); →Tier3 VTS=59.6
77,101,"Goodwin, Noah",GOODWIN_NOAH,confirmed,TBD,TBD,deep,high,-0.69,62.26749335695306,64.25589796453639,1.9884046075833268,high,1.2,"DataGolf venue-fit tool; comp courses: TPC River Highlands, Colonial CC, Sedgefield CC; cf_adj_total scaled ×20, capped ±7 VTS pts",2,-3.841,-0.044800000000000006,low,63.062855199986394,Neutral+Venue,"{""neutral"": 0.6, ""venuefit"": 0.4, ""venuehistory"": 0.0}",clear,False,,0.0,wedge_liability,-2.2408966234748893,0.0,-2.2408966234748893,0.0,0.0,wedge_liability,Deere Run standard venue (non-major birdie-fest). AP_TO_VTS=2.0. Soft/wet week: bomb_and_spray softened (miss_fw_pen_frac=0.0264 modest). No weather amplification on other patterns.,OTT_Accuracy,False,0.0,,-0.69,50.0,0.0,False,,0.0,False,ok,,0.0,low,25.0,standard,Standard venue variance class. Soft/wet delay risk: no compression multiplier.,standard,"{""win_exponent"": 4.5, ""win_cap"": 0.14, ""top3_center"": 80, ""top5_center"": 76, ""top10_center"": 68, ""top20_center"": 59, ""make_cut_center"": 48, ""make_cut_steepness"": 0.07}","144-player cut event. Win exp=4.5, cap=0.14. make_cut_pct via logistic(vts, center=48, steep=0.07).",58.58106195303662,58.58106195303662,3,"Tier3 — Top-10 Range: NeutralSG=-0.69, moderate fit VFD=2.0; 2CH-rds",ok,0.005526765450520054,0.09458203466124636,0.13416529127882665,0.26992316568300373,0.44245982093874986,0.609428967756797,0.390571032243203,PUTT_Lag,PUTT_Lag+PUTT_BirdieConv; weak OTT_Accuracy,NeutralSG=-0.69; VFD=2.0; VHD=-0.0(2rds); AP=-2.2SG(wedge_liability); →Tier3 VTS=58.6
78,98,"Garnett, Brice",GARNETT_BRICE,confirmed,TBD,TBD,medium,medium,-0.52,65.27900797165634,66.37363425320488,1.0946262815485426,medium,2.2,"DataGolf venue-fit tool; comp courses: TPC River Highlands, Colonial CC, Sedgefield CC; cf_adj_total scaled ×20, capped ±7 VTS pts",26,-0.898,-1.5512000000000001,medium,60.558333464624,Balanced,"{""neutral"": 0.4, ""venuefit"": 0.3, ""venuehistory"": 0.3}",clear,False,,0.0,rough_approach_liab,-1.1215780998389693,0.0,0.0,0.0,-1.1215780998389693,rough_approach_liab,Deere Run standard venue (non-major birdie-fest). AP_TO_VTS=2.0. Soft/wet week: bomb_and_spray softened (miss_fw_pen_frac=0.0264 modest). No weather amplification on other patterns.,OTT_Distance,False,0.0,,-0.52,50.0,0.0,False,,0.0,False,ok,,0.0,medium,50.0,standard,Standard venue variance class. Soft/wet delay risk: no compression multiplier.,standard,"{""win_exponent"": 4.5, ""win_cap"": 0.14, ""top3_center"": 80, ""top5_center"": 76, ""top10_center"": 68, ""top20_center"": 59, ""make_cut_center"": 48, ""make_cut_steepness"": 0.07}","144-player cut event. Win exp=4.5, cap=0.14. make_cut_pct via logistic(vts, center=48, steep=0.07).",58.31517726494606,58.31517726494606,3,"Tier3 — Top-10 Range: NeutralSG=-0.52, moderate fit VFD=1.1; 26CH-rds",ok,0.0058479602077555785,0.10261671132893942,0.14573117459571736,0.29491440477960795,0.48630697008066814,0.6730610117136909,0.3269389882863091,PUTT_Lag,PUTT_Lag+PUTT_BirdieConv; weak OTT_Distance,NeutralSG=-0.52; VFD=1.1; VHD=-1.6(26rds); AP=-1.1SG(rough_approach_liab); →Tier3 VTS=58.3
79,70,"Nakajima, Keita",NAKAJIMA_KEITA,confirmed,TBD,TBD,deep,high,-0.14,72.01062887511073,68.67417072699045,-3.336458148120272,high,0.2,"DataGolf venue-fit tool; comp courses: TPC River Highlands, Colonial CC, Sedgefield CC; cf_adj_total scaled ×20, capped ±7 VTS pts",0,,0.0,none,70.67604561586262,Neutral+Venue,"{""neutral"": 0.6, ""venuefit"": 0.4, ""venuehistory"": 0.0}",clear,True,A,-4.0,rough_approach_liab,-1.289855072463768,0.0,0.0,0.0,-1.289855072463768,rough_approach_liab,Deere Run standard venue (non-major birdie-fest). AP_TO_VTS=2.0. Soft/wet week: bomb_and_spray softened (miss_fw_pen_frac=0.0264 modest). No weather amplification on other patterns.,ARG_Rough,False,0.0,,-0.14,50.0,0.0,False,,0.0,False,ok,,0.0,high,75.0,standard,Standard venue variance class. Soft/wet delay risk: no compression multiplier.,standard,"{""win_exponent"": 4.5, ""win_cap"": 0.14, ""top3_center"": 80, ""top5_center"": 76, ""top10_center"": 68, ""top20_center"": 59, ""make_cut_center"": 48, ""make_cut_steepness"": 0.07}","144-player cut event. Win exp=4.5, cap=0.14. make_cut_pct via logistic(vts, center=48, steep=0.07).",58.09633547093508,58.09633547093508,3,"Tier3 — Top-10 Range: NeutralSG=-0.14, moderate fit VFD=-3.3; 0CH-rds (debut); debut-A",ok,0.006122525748903027,0.11068081930749114,0.15733058127619445,0.3199190258814189,0.5301280343468198,0.7366493086718141,0.2633506913281859,PUTT_Lag,PUTT_Lag+PUTT_BirdieConv; weak ARG_Rough,NeutralSG=-0.14; VFD=-3.3; VHD=0.0(0rds); debut-A pen=-4.0SG; AP=-1.3SG(rough_approach_liab); →Tier3 VTS=58.1
80,88,"Svensson, Adam",SVENSSON_ADAM,confirmed,TBD,TBD,deep,high,-0.45,66.51904340124004,66.61219355937146,0.09315015813142224,high,1.4,"DataGolf venue-fit tool; comp courses: TPC River Highlands, Colonial CC, Sedgefield CC; cf_adj_total scaled ×20, capped ±7 VTS pts",20,0.69,1.4864000000000002,medium,62.037195428307456,Balanced,"{""neutral"": 0.4, ""venuefit"": 0.3, ""venuehistory"": 0.3}",clear,False,,0.0,poor_birdie_conv,-1.987313612313613,0.0,0.0,-1.987313612313613,0.0,poor_birdie_conv,Deere Run standard venue (non-major birdie-fest). AP_TO_VTS=2.0. Soft/wet week: bomb_and_spray softened (miss_fw_pen_frac=0.0264 modest). No weather amplification on other patterns.,OTT_Accuracy,False,0.0,,-0.45,50.0,0.0,False,,0.0,False,ok,,0.0,low,25.0,standard,Standard venue variance class. Soft/wet delay risk: no compression multiplier.,standard,"{""win_exponent"": 4.5, ""win_cap"": 0.14, ""top3_center"": 80, ""top5_center"": 76, ""top10_center"": 68, ""top20_center"": 59, ""make_cut_center"": 48, ""make_cut_steepness"": 0.07}","144-player cut event. Win exp=4.5, cap=0.14. make_cut_pct via logistic(vts, center=48, steep=0.07).",58.06256820368023,58.06256820368023,3,"Tier3 — Top-10 Range: NeutralSG=-0.45, moderate fit VFD=0.1; 20CH-rds",ok,0.00531002467837581,0.09028238616825372,0.12835297043037977,0.26118816410223483,0.4331341316508993,0.6022422973609445,0.3977577026390555,APP_100-150,APP_100-150+APP_150-200; weak OTT_Accuracy,NeutralSG=-0.45; VFD=0.1; VHD=1.5(20rds); AP=-2.0SG(poor_birdie_conv); →Tier3 VTS=58.1
81,47,"Higgo, Garrick",HIGGO_GARRICK,confirmed,TBD,TBD,deep,high,0.06,75.55358724534986,63.38801474802695,-12.165572497322913,high,-1.0,"DataGolf venue-fit tool; comp courses: TPC River Highlands, Colonial CC, Sedgefield CC; cf_adj_total scaled ×20, capped ±7 VTS pts",10,0.558,2.0288,medium,64.84647932254802,Balanced,"{""neutral"": 0.4, ""venuefit"": 0.3, ""venuehistory"": 0.3}",clear,False,,0.0,bomb_and_spray;wedge_liability,-3.417297988074054,-1.1576744186046513,-2.259623569469403,0.0,0.0,bomb_and_spray;wedge_liability,Deere Run standard venue (non-major birdie-fest). AP_TO_VTS=2.0. Soft/wet week: bomb_and_spray softened (miss_fw_pen_frac=0.0264 modest). No weather amplification on other patterns.,OTT_Accuracy,False,0.0,,0.06,50.0,0.0,False,,0.0,False,ok,,0.0,low,25.0,standard,Standard venue variance class. Soft/wet delay risk: no compression multiplier.,standard,"{""win_exponent"": 4.5, ""win_cap"": 0.14, ""top3_center"": 80, ""top5_center"": 76, ""top10_center"": 68, ""top20_center"": 59, ""make_cut_center"": 48, ""make_cut_steepness"": 0.07}","144-player cut event. Win exp=4.5, cap=0.14. make_cut_pct via logistic(vts, center=48, steep=0.07).",58.01188334639991,58.01188334639991,3,"Tier3 — Top-10 Range: NeutralSG=0.06, moderate fit VFD=-12.2; 10CH-rds",ok,0.005289197637398177,0.08987152745593438,0.1277962035001143,0.26034329679386475,0.43222315626181335,0.6015349572480364,0.3984650427519636,PUTT_Lag,PUTT_Lag+PUTT_BirdieConv; weak OTT_Accuracy,NeutralSG=0.06; VFD=-12.2; VHD=2.0(10rds); AP=-3.4SG(bomb_and_spray;wedge_liability); →Tier3 VTS=58.0
82,105,"Gomez, Fabian",GOMEZ_FABIAN,confirmed,TBD,TBD,medium,medium,-0.6400000000000001,63.15323294951285,71.7565682452369,8.603335295724058,medium,2.4,"DataGolf venue-fit tool; comp courses: TPC River Highlands, Colonial CC, Sedgefield CC; cf_adj_total scaled ×20, capped ±7 VTS pts",17,-0.478,0.32720000000000005,medium,61.88642365337621,Balanced,"{""neutral"": 0.4, ""venuefit"": 0.3, ""venuehistory"": 0.3}",clear,False,,0.0,poor_birdie_conv,-1.9464285714285718,0.0,0.0,-1.9464285714285718,0.0,poor_birdie_conv,Deere Run standard venue (non-major birdie-fest). AP_TO_VTS=2.0. Soft/wet week: bomb_and_spray softened (miss_fw_pen_frac=0.0264 modest). No weather amplification on other patterns.,OTT_Distance,False,0.0,,-0.6400000000000001,50.0,0.0,False,,0.0,False,ok,,0.0,medium,50.0,standard,Standard venue variance class. Soft/wet delay risk: no compression multiplier.,standard,"{""win_exponent"": 4.5, ""win_cap"": 0.14, ""top3_center"": 80, ""top5_center"": 76, ""top10_center"": 68, ""top20_center"": 59, ""make_cut_center"": 48, ""make_cut_steepness"": 0.07}","144-player cut event. Win exp=4.5, cap=0.14. make_cut_pct via logistic(vts, center=48, steep=0.07).",57.99356651051907,57.99356651051907,3,"Tier3 — Top-10 Range: NeutralSG=-0.64, moderate fit VFD=8.6; 17CH-rds",ok,0.005704221604557232,0.09969273104716049,0.14177276850080717,0.28893152434410496,0.4798821970315391,0.6680879174859524,0.3319120825140476,APP_150-200,APP_150-200+APP_100-150; weak OTT_Distance,NeutralSG=-0.64; VFD=8.6; VHD=0.3(17rds); AP=-1.9SG(poor_birdie_conv); →Tier3 VTS=58.0
83,87,"Kim, Chan",KIM_CHAN,confirmed,TBD,TBD,deep,high,-0.45,66.51904340124004,66.14882473089536,-0.37021867034468414,high,1.2,"DataGolf venue-fit tool; comp courses: TPC River Highlands, Colonial CC, Sedgefield CC; cf_adj_total scaled ×20, capped ±7 VTS pts",6,0.431,0.9432,medium,61.73522477976462,Balanced,"{""neutral"": 0.4, ""venuefit"": 0.3, ""venuehistory"": 0.3}",clear,False,,0.0,poor_birdie_conv,-1.941017316017317,0.0,0.0,-1.941017316017317,0.0,poor_birdie_conv,Deere Run standard venue (non-major birdie-fest). AP_TO_VTS=2.0. Soft/wet week: bomb_and_spray softened (miss_fw_pen_frac=0.0264 modest). No weather amplification on other patterns.,OTT_Accuracy,False,0.0,,-0.45,50.0,0.0,False,,0.0,False,ok,,0.0,low,25.0,standard,Standard venue variance class. Soft/wet delay risk: no compression multiplier.,standard,"{""win_exponent"": 4.5, ""win_cap"": 0.14, ""top3_center"": 80, ""top5_center"": 76, ""top10_center"": 68, ""top20_center"": 59, ""make_cut_center"": 48, ""make_cut_steepness"": 0.07}","144-player cut event. Win exp=4.5, cap=0.14. make_cut_pct via logistic(vts, center=48, steep=0.07).",57.85319014772999,57.85319014772999,3,"Tier3 — Top-10 Range: NeutralSG=-0.45, moderate fit VFD=-0.4; 6CH-rds",ok,0.005224399223002961,0.08859587103607335,0.12606600369389115,0.2577085482918213,0.42937188971259466,0.5993148356399315,0.4006851643600685,APP_100-150,APP_100-150+APP_150-200; weak OTT_Accuracy,NeutralSG=-0.45; VFD=-0.4; VHD=0.9(6rds); AP=-1.9SG(poor_birdie_conv); →Tier3 VTS=57.9
84,90,"Lebioda, Hank",LEBIODA_HANK,confirmed,TBD,TBD,deep,high,-0.47,66.16474756421613,65.00301646713694,-1.1617310970791834,high,0.2,"DataGolf venue-fit tool; comp courses: TPC River Highlands, Colonial CC, Sedgefield CC; cf_adj_total scaled ×20, capped ±7 VTS pts",12,0.087,0.5399999999999999,medium,61.12880396582754,Balanced,"{""neutral"": 0.4, ""venuefit"": 0.3, ""venuehistory"": 0.3}",clear,False,,0.0,poor_birdie_conv,-1.7017195767195772,0.0,0.0,-1.7017195767195772,0.0,poor_birdie_conv,Deere Run standard venue (non-major birdie-fest). AP_TO_VTS=2.0. Soft/wet week: bomb_and_spray softened (miss_fw_pen_frac=0.0264 modest). No weather amplification on other patterns.,OTT_Accuracy,False,0.0,,-0.47,50.0,0.0,False,,0.0,False,ok,,0.0,low,25.0,standard,Standard venue variance class. Soft/wet delay risk: no compression multiplier.,standard,"{""win_exponent"": 4.5, ""win_cap"": 0.14, ""top3_center"": 80, ""top5_center"": 76, ""top10_center"": 68, ""top20_center"": 59, ""make_cut_center"": 48, ""make_cut_steepness"": 0.07}","144-player cut event. Win exp=4.5, cap=0.14. make_cut_pct via logistic(vts, center=48, steep=0.07).",57.725364812388385,57.725364812388385,3,"Tier3 — Top-10 Range: NeutralSG=-0.47, moderate fit VFD=-1.2; 12CH-rds",ok,0.0051726553290330655,0.0875801002199195,0.12468664585797558,0.25559794332744096,0.4270764265479032,0.5975205904905636,0.4024794095094364,APP_100-150,APP_100-150+APP_150-200; weak OTT_Accuracy,NeutralSG=-0.47; VFD=-1.2; VHD=0.5(12rds); AP=-1.7SG(poor_birdie_conv); →Tier3 VTS=57.7
85,85,"Stanger, Jimmy",STANGER_JIMMY,confirmed,TBD,TBD,medium,medium,-0.3625,68.06908768821968,60.52397633858725,-7.545111349632435,medium,-1.0,"DataGolf venue-fit tool; comp courses: TPC River Highlands, Colonial CC, Sedgefield CC; cf_adj_total scaled ×20, capped ±7 VTS pts",1,-7.511,-0.049600000000000005,low,65.05104314836672,Neutral+Venue,"{""neutral"": 0.6, ""venuefit"": 0.4, ""venuehistory"": 0.0}",clear,False,,0.0,bomb_and_spray;wedge_liability,-4.053981818541745,-1.346046511627907,-2.7079353069138374,0.0,0.0,bomb_and_spray;wedge_liability,Deere Run standard venue (non-major birdie-fest). AP_TO_VTS=2.0. Soft/wet week: bomb_and_spray softened (miss_fw_pen_frac=0.0264 modest). No weather amplification on other patterns.,OTT_Accuracy,False,0.0,,-0.3625,50.0,0.0,False,,0.0,False,ok,,0.0,medium,50.0,standard,Standard venue variance class. Soft/wet delay risk: no compression multiplier.,standard,"{""win_exponent"": 4.5, ""win_cap"": 0.14, ""top3_center"": 80, ""top5_center"": 76, ""top10_center"": 68, ""top20_center"": 59, ""make_cut_center"": 48, ""make_cut_steepness"": 0.07}","144-player cut event. Win exp=4.5, cap=0.14. make_cut_pct via logistic(vts, center=48, steep=0.07).",56.94307951128323,56.94307951128323,3,"Tier3 — Top-10 Range: NeutralSG=-0.36, moderate fit VFD=-7.5; 1CH-rds",ok,0.005253775182657961,0.09065264385359285,0.12946560206116442,0.2699014083577392,0.4589541680318003,0.6515854557685797,0.34841454423142026,PUTT_Lag,PUTT_Lag+PUTT_BirdieConv; weak OTT_Accuracy,NeutralSG=-0.36; VFD=-7.5; VHD=-0.0(1rds); AP=-4.1SG(bomb_and_spray;wedge_liability); →Tier3 VTS=56.9
86,63,"Hughes, Mackenzie",HUGHES_MACKENZIE,confirmed,TBD,TBD,medium,medium,-0.0625,73.38352524357839,62.46349329264599,-10.920031950932398,medium,-2.2,"DataGolf venue-fit tool; comp courses: TPC River Highlands, Colonial CC, Sedgefield CC; cf_adj_total scaled ×20, capped ±7 VTS pts",6,0.391,1.1272,medium,63.430618085225156,Balanced,"{""neutral"": 0.4, ""venuefit"": 0.3, ""venuehistory"": 0.3}",clear,False,,0.0,bomb_and_spray;wedge_liability,-3.249692613260191,-1.0,-2.249692613260191,0.0,0.0,bomb_and_spray;wedge_liability,Deere Run standard venue (non-major birdie-fest). AP_TO_VTS=2.0. Soft/wet week: bomb_and_spray softened (miss_fw_pen_frac=0.0264 modest). No weather amplification on other patterns.,OTT_Accuracy,False,0.0,,-0.0625,50.0,0.0,False,,0.0,False,ok,,0.0,medium,50.0,standard,Standard venue variance class. Soft/wet delay risk: no compression multiplier.,standard,"{""win_exponent"": 4.5, ""win_cap"": 0.14, ""top3_center"": 80, ""top5_center"": 76, ""top10_center"": 68, ""top20_center"": 59, ""make_cut_center"": 48, ""make_cut_steepness"": 0.07}","144-player cut event. Win exp=4.5, cap=0.14. make_cut_pct via logistic(vts, center=48, steep=0.07).",56.931232858704774,56.931232858704774,3,"Tier3 — Top-10 Range: NeutralSG=-0.06, moderate fit VFD=-10.9; 6CH-rds",ok,0.005248858404851095,0.09055503362516715,0.12933214383832423,0.2696913605035362,0.4587188408537971,0.6513971706824706,0.3486028293175294,PUTT_BirdieConv,PUTT_BirdieConv+ARG_Bunker; weak OTT_Accuracy,NeutralSG=-0.06; VFD=-10.9; VHD=1.1(6rds); AP=-3.2SG(bomb_and_spray;wedge_liability); →Tier3 VTS=56.9
87,62,"Moore, Taylor",MOORE_TAYLOR,confirmed,TBD,TBD,deep,high,-0.02,74.13640389725423,63.128699949411555,-11.007703947842671,high,-1.8,"DataGolf venue-fit tool; comp courses: TPC River Highlands, Colonial CC, Sedgefield CC; cf_adj_total scaled ×20, capped ±7 VTS pts",10,0.369,0.6528,medium,63.78901154372515,Balanced,"{""neutral"": 0.4, ""venuefit"": 0.3, ""venuehistory"": 0.3}",clear,False,,0.0,bomb_and_spray;wedge_liability,-3.484601760957595,-1.2051162790697676,-2.2794854818878276,0.0,0.0,bomb_and_spray;wedge_liability,Deere Run standard venue (non-major birdie-fest). AP_TO_VTS=2.0. Soft/wet week: bomb_and_spray softened (miss_fw_pen_frac=0.0264 modest). No weather amplification on other patterns.,OTT_Accuracy,False,0.0,,-0.02,50.0,0.0,False,,0.0,False,ok,,0.0,low,25.0,standard,Standard venue variance class. Soft/wet delay risk: no compression multiplier.,standard,"{""win_exponent"": 4.5, ""win_cap"": 0.14, ""top3_center"": 80, ""top5_center"": 76, ""top10_center"": 68, ""top20_center"": 59, ""make_cut_center"": 48, ""make_cut_steepness"": 0.07}","144-player cut event. Win exp=4.5, cap=0.14. make_cut_pct via logistic(vts, center=48, steep=0.07).",56.81980802180996,56.81980802180996,3,"Tier3 — Top-10 Range: NeutralSG=-0.02, moderate fit VFD=-11.0; 10CH-rds",ok,0.0048173963796836715,0.0806774159364154,0.11527435291927872,0.2409487089798422,0.4108557271877263,0.584661536724411,0.415338463275589,PUTT_BirdieConv,PUTT_BirdieConv+PAR5_Scoring; weak OTT_Accuracy,NeutralSG=-0.02; VFD=-11.0; VHD=0.7(10rds); AP=-3.5SG(bomb_and_spray;wedge_liability); →Tier3 VTS=56.8
88,103,"Champ, Cameron",CHAMP_CAMERON,confirmed,TBD,TBD,medium,medium,-0.6175,63.55181576616475,68.63268410210354,5.0808683359387885,medium,-0.6,"DataGolf venue-fit tool; comp courses: TPC River Highlands, Colonial CC, Sedgefield CC; cf_adj_total scaled ×20, capped ±7 VTS pts",18,-0.173,0.4392,medium,61.142291537096966,Balanced,"{""neutral"": 0.4, ""venuefit"": 0.3, ""venuehistory"": 0.3}",clear,False,,0.0,wedge_liability,-2.188120684763076,0.0,-2.188120684763076,0.0,0.0,wedge_liability,Deere Run standard venue (non-major birdie-fest). AP_TO_VTS=2.0. Soft/wet week: bomb_and_spray softened (miss_fw_pen_frac=0.0264 modest). No weather amplification on other patterns.,ARG_Bunker,False,0.0,,-0.6175,50.0,0.0,False,,0.0,False,ok,,0.0,medium,50.0,standard,Standard venue variance class. Soft/wet delay risk: no compression multiplier.,standard,"{""win_exponent"": 4.5, ""win_cap"": 0.14, ""top3_center"": 80, ""top5_center"": 76, ""top10_center"": 68, ""top20_center"": 59, ""make_cut_center"": 48, ""make_cut_steepness"": 0.07}","144-player cut event. Win exp=4.5, cap=0.14. make_cut_pct via logistic(vts, center=48, steep=0.07).",56.76605016757081,56.76605016757081,3,"Tier3 — Top-10 Range: NeutralSG=-0.62, moderate fit VFD=5.1; 18CH-rds",ok,0.005180673864889975,0.08920384380861524,0.1274834596641737,0.26677334147316195,0.455439543133328,0.6487669303302553,0.35123306966974466,OTT_Distance,OTT_Distance+PAR5_Scoring; weak ARG_Bunker,NeutralSG=-0.62; VFD=5.1; VHD=0.4(18rds); AP=-2.2SG(wedge_liability); →Tier3 VTS=56.8
89,111,"Streelman, Kevin",STREELMAN_KEVIN,confirmed,TBD,TBD,medium,medium,-0.7075,61.95748449955714,64.48640652865838,2.5289220291012384,medium,1.4,"DataGolf venue-fit tool; comp courses: TPC River Highlands, Colonial CC, Sedgefield CC; cf_adj_total scaled ×20, capped ±7 VTS pts",40,0.292,-0.009599999999999997,medium,59.12603575842037,Balanced,"{""neutral"": 0.4, ""venuefit"": 0.3, ""venuehistory"": 0.3}",clear,False,,0.0,rough_approach_liab,-1.1996779388083736,0.0,0.0,0.0,-1.1996779388083736,rough_approach_liab,Deere Run standard venue (non-major birdie-fest). AP_TO_VTS=2.0. Soft/wet week: bomb_and_spray softened (miss_fw_pen_frac=0.0264 modest). No weather amplification on other patterns.,ARG_Rough,False,0.0,,-0.7075,50.0,0.0,False,,0.0,False,ok,,0.0,medium,50.0,standard,Standard venue variance class. Soft/wet delay risk: no compression multiplier.,standard,"{""win_exponent"": 4.5, ""win_cap"": 0.14, ""top3_center"": 80, ""top5_center"": 76, ""top10_center"": 68, ""top20_center"": 59, ""make_cut_center"": 48, ""make_cut_steepness"": 0.07}","144-player cut event. Win exp=4.5, cap=0.14. make_cut_pct via logistic(vts, center=48, steep=0.07).",56.72667988080362,56.72667988080362,3,"Tier3 — Top-10 Range: NeutralSG=-0.71, moderate fit VFD=2.5; 40CH-rds",ok,0.00516452464521742,0.08888449084437614,0.12704618022810596,0.2660808210960761,0.4546585016611549,0.6481386860552254,0.3518613139447746,PUTT_Lag,PUTT_Lag+PUTT_BirdieConv; weak ARG_Rough,NeutralSG=-0.71; VFD=2.5; VHD=-0.0(40rds); AP=-1.2SG(rough_approach_liab); →Tier3 VTS=56.7
90,79,"Dahmen, Joel",DAHMEN_JOEL,confirmed,TBD,TBD,deep,high,-0.34,68.46767050487158,69.32540486372004,0.8577343588484609,high,3.4,"DataGolf venue-fit tool; comp courses: TPC River Highlands, Colonial CC, Sedgefield CC; cf_adj_total scaled ×20, capped ±7 VTS pts",18,-0.638,-1.4407999999999999,medium,62.752449661064645,Balanced,"{""neutral"": 0.4, ""venuefit"": 0.3, ""venuehistory"": 0.3}",clear,False,,0.0,poor_birdie_conv;rough_approach_liab,-3.048222912353347,0.0,0.0,-1.7744708994708995,-1.2737520128824475,poor_birdie_conv;rough_approach_liab,Deere Run standard venue (non-major birdie-fest). AP_TO_VTS=2.0. Soft/wet week: bomb_and_spray softened (miss_fw_pen_frac=0.0264 modest). No weather amplification on other patterns.,ARG_Rough,False,0.0,,-0.34,50.0,0.0,False,,0.0,False,ok,,0.0,low,25.0,standard,Standard venue variance class. Soft/wet delay risk: no compression multiplier.,standard,"{""win_exponent"": 4.5, ""win_cap"": 0.14, ""top3_center"": 80, ""top5_center"": 76, ""top10_center"": 68, ""top20_center"": 59, ""make_cut_center"": 48, ""make_cut_steepness"": 0.07}","144-player cut event. Win exp=4.5, cap=0.14. make_cut_pct via logistic(vts, center=48, steep=0.07).",56.656003836357954,56.656003836357954,3,"Tier3 — Top-10 Range: NeutralSG=-0.34, moderate fit VFD=0.9; 18CH-rds",ok,0.004755215216633704,0.0794824094758097,0.11363796747691711,0.2383564622236958,0.40793127098913556,0.5823086394938934,0.41769136050610656,APP_Wedge,APP_Wedge+APP_150-200; weak ARG_Rough,NeutralSG=-0.34; VFD=0.9; VHD=-1.4(18rds); AP=-3.0SG(poor_birdie_conv;rough_approach_liab); →Tier3 VTS=56.7
91,80,"Skinns, David",SKINNS_DAVID,confirmed,TBD,TBD,deep,high,-0.35,68.29052258635961,68.61411243444857,0.3235898480889574,high,-0.2,"DataGolf venue-fit tool; comp courses: TPC River Highlands, Colonial CC, Sedgefield CC; cf_adj_total scaled ×20, capped ±7 VTS pts",6,-2.242,-3.632,medium,61.81084276487842,Balanced,"{""neutral"": 0.4, ""venuefit"": 0.3, ""venuehistory"": 0.3}",clear,False,,0.0,poor_birdie_conv;rough_approach_liab,-2.706377961812745,0.0,0.0,-1.602513227513228,-1.1038647342995167,poor_birdie_conv;rough_approach_liab,Deere Run standard venue (non-major birdie-fest). AP_TO_VTS=2.0. Soft/wet week: bomb_and_spray softened (miss_fw_pen_frac=0.0264 modest). No weather amplification on other patterns.,OTT_Accuracy,False,0.0,,-0.35,50.0,0.0,False,,0.0,False,ok,,0.0,low,25.0,standard,Standard venue variance class. Soft/wet delay risk: no compression multiplier.,standard,"{""win_exponent"": 4.5, ""win_cap"": 0.14, ""top3_center"": 80, ""top5_center"": 76, ""top10_center"": 68, ""top20_center"": 59, ""make_cut_center"": 48, ""make_cut_steepness"": 0.07}","144-player cut event. Win exp=4.5, cap=0.14. make_cut_pct via logistic(vts, center=48, steep=0.07).",56.39808684125293,56.39808684125293,3,"Tier3 — Top-10 Range: NeutralSG=-0.35, moderate fit VFD=0.3; 6CH-rds",ok,0.004658575372104802,0.07763320266836028,0.1111017098619636,0.23431119366519093,0.40333393600259043,0.5785878379077902,0.4214121620922098,APP_100-150,APP_100-150+APP_150-200; weak OTT_Accuracy,NeutralSG=-0.35; VFD=0.3; VHD=-3.6(6rds); AP=-2.7SG(poor_birdie_conv;rough_approach_liab); →Tier3 VTS=56.4
92,93,"Van Rooyen, Erik",VAN ROOYEN_ERIK,confirmed,TBD,TBD,deep,high,-0.57,64.39326837909655,60.43754221951884,-3.955726159577715,high,-0.8,"DataGolf venue-fit tool; comp courses: TPC River Highlands, Colonial CC, Sedgefield CC; cf_adj_total scaled ×20, capped ±7 VTS pts",2,-1.928,-0.027200000000000002,low,62.81097791526547,Neutral+Venue,"{""neutral"": 0.6, ""venuefit"": 0.4, ""venuehistory"": 0.0}",clear,False,,0.0,bomb_and_spray;wedge_liability,-3.3993817512355964,-1.0753488372093025,-2.3240329140262936,0.0,0.0,bomb_and_spray;wedge_liability,Deere Run standard venue (non-major birdie-fest). AP_TO_VTS=2.0. Soft/wet week: bomb_and_spray softened (miss_fw_pen_frac=0.0264 modest). No weather amplification on other patterns.,OTT_Accuracy,False,0.0,,-0.57,50.0,0.0,False,,0.0,False,ok,,0.0,low,25.0,standard,Standard venue variance class. Soft/wet delay risk: no compression multiplier.,standard,"{""win_exponent"": 4.5, ""win_cap"": 0.14, ""top3_center"": 80, ""top5_center"": 76, ""top10_center"": 68, ""top20_center"": 59, ""make_cut_center"": 48, ""make_cut_steepness"": 0.07}","144-player cut event. Win exp=4.5, cap=0.14. make_cut_pct via logistic(vts, center=48, steep=0.07).",56.01221441279428,56.01221441279428,3,"Tier3 — Top-10 Range: NeutralSG=-0.57, moderate fit VFD=-4.0; 2CH-rds",ok,0.004516851312501916,0.07493929643787947,0.10739810266378357,0.22834269432656526,0.39647445189041003,0.5729853147766722,0.42701468522332775,PUTT_Lag,PUTT_Lag+PUTT_BirdieConv; weak OTT_Accuracy,NeutralSG=-0.57; VFD=-4.0; VHD=-0.0(2rds); AP=-3.4SG(bomb_and_spray;wedge_liability); →Tier3 VTS=56.0
93,71,"Jaeger, Stephan",JAEGER_STEPHAN,confirmed,TBD,TBD,deep,high,-0.16,71.6563330380868,60.81858370532807,-10.837749332758733,high,-3.2,"DataGolf venue-fit tool; comp courses: TPC River Highlands, Colonial CC, Sedgefield CC; cf_adj_total scaled ×20, capped ±7 VTS pts",11,0.038,-0.1648,medium,61.85866832683314,Balanced,"{""neutral"": 0.4, ""venuefit"": 0.3, ""venuehistory"": 0.3}",clear,False,,0.0,bomb_and_spray;wedge_liability,-3.1739336044642017,-1.0,-2.1739336044642017,0.0,0.0,bomb_and_spray;wedge_liability,Deere Run standard venue (non-major birdie-fest). AP_TO_VTS=2.0. Soft/wet week: bomb_and_spray softened (miss_fw_pen_frac=0.0264 modest). No weather amplification on other patterns.,OTT_Accuracy,False,0.0,,-0.16,50.0,0.0,False,,0.0,False,ok,,0.0,low,25.0,standard,Standard venue variance class. Soft/wet delay risk: no compression multiplier.,standard,"{""win_exponent"": 4.5, ""win_cap"": 0.14, ""top3_center"": 80, ""top5_center"": 76, ""top10_center"": 68, ""top20_center"": 59, ""make_cut_center"": 48, ""make_cut_steepness"": 0.07}","144-player cut event. Win exp=4.5, cap=0.14. make_cut_pct via logistic(vts, center=48, steep=0.07).",55.510801117904734,55.510801117904734,3,"Tier3 — Top-10 Range: NeutralSG=-0.16, moderate fit VFD=-10.8; 11CH-rds",ok,0.004337726646561548,0.07156581440298522,0.10274540946383115,0.22073842273397773,0.3875990686337385,0.5656434676737603,0.4343565323262397,ARG_Bunker,ARG_Bunker+ARG_Rough; weak OTT_Accuracy,NeutralSG=-0.16; VFD=-10.8; VHD=-0.2(11rds); AP=-3.2SG(bomb_and_spray;wedge_liability); →Tier3 VTS=55.5
94,78,"Springer, Hayden",SPRINGER_HAYDEN,confirmed,TBD,TBD,deep,high,-0.33,68.64481842338354,62.37119774371765,-6.273620679665889,high,-1.4,"DataGolf venue-fit tool; comp courses: TPC River Highlands, Colonial CC, Sedgefield CC; cf_adj_total scaled ×20, capped ±7 VTS pts",8,1.344,4.3968,medium,62.48832669246872,Balanced,"{""neutral"": 0.4, ""venuefit"": 0.3, ""venuehistory"": 0.3}",clear,False,,0.0,bomb_and_spray;wedge_liability,-3.527349875395644,-1.193953488372093,-2.333396387023551,0.0,0.0,bomb_and_spray;wedge_liability,Deere Run standard venue (non-major birdie-fest). AP_TO_VTS=2.0. Soft/wet week: bomb_and_spray softened (miss_fw_pen_frac=0.0264 modest). No weather amplification on other patterns.,OTT_Accuracy,False,0.0,,-0.33,50.0,0.0,False,,0.0,False,ok,,0.0,low,25.0,standard,Standard venue variance class. Soft/wet delay risk: no compression multiplier.,standard,"{""win_exponent"": 4.5, ""win_cap"": 0.14, ""top3_center"": 80, ""top5_center"": 76, ""top10_center"": 68, ""top20_center"": 59, ""make_cut_center"": 48, ""make_cut_steepness"": 0.07}","144-player cut event. Win exp=4.5, cap=0.14. make_cut_pct via logistic(vts, center=48, steep=0.07).",55.43362694167743,55.43362694167743,3,"Tier3 — Top-10 Range: NeutralSG=-0.33, moderate fit VFD=-6.3; 8CH-rds",ok,0.004310655133773849,0.07105907584228678,0.10204509107060461,0.21958332821694587,0.3862372324488275,0.5645074616572251,0.4354925383427749,PUTT_Lag,PUTT_Lag+PUTT_BirdieConv; weak OTT_Accuracy,NeutralSG=-0.33; VFD=-6.3; VHD=4.4(8rds); AP=-3.5SG(bomb_and_spray;wedge_liability); →Tier3 VTS=55.4
95,77,"Shipley, Neal",SHIPLEY_NEAL,confirmed,TBD,TBD,deep,high,-0.26,69.88485385296724,61.057833996400255,-8.827019856566984,high,1.4,"DataGolf venue-fit tool; comp courses: TPC River Highlands, Colonial CC, Sedgefield CC; cf_adj_total scaled ×20, capped ±7 VTS pts",2,-3.62,-0.04000000000000001,low,66.35404591034045,Neutral+Venue,"{""neutral"": 0.6, ""venuefit"": 0.4, ""venuehistory"": 0.0}",clear,False,,0.0,wedge_liability;poor_birdie_conv;rough_approach_liab,-5.6478909165166,0.0,-2.3126832497871934,-1.8327922077922087,-1.5024154589371979,wedge_liability;poor_birdie_conv;rough_approach_liab,Deere Run standard venue (non-major birdie-fest). AP_TO_VTS=2.0. Soft/wet week: bomb_and_spray softened (miss_fw_pen_frac=0.0264 modest). No weather amplification on other patterns.,ARG_Rough,False,0.0,,-0.26,50.0,0.0,False,,0.0,False,ok,,0.0,low,25.0,standard,Standard venue variance class. Soft/wet delay risk: no compression multiplier.,standard,"{""win_exponent"": 4.5, ""win_cap"": 0.14, ""top3_center"": 80, ""top5_center"": 76, ""top10_center"": 68, ""top20_center"": 59, ""make_cut_center"": 48, ""make_cut_steepness"": 0.07}","144-player cut event. Win exp=4.5, cap=0.14. make_cut_pct via logistic(vts, center=48, steep=0.07).",55.05826407730724,55.05826407730724,3,"Tier3 — Top-10 Range: NeutralSG=-0.26, moderate fit VFD=-8.8; 2CH-rds",ok,0.004180851748805082,0.06864087921728423,0.09869796745540188,0.2140237145882828,0.3796309063127477,0.5589600727825635,0.44103992721743646,OTT_Distance,OTT_Distance+PAR5_Scoring; weak ARG_Rough,NeutralSG=-0.26; VFD=-8.8; VHD=-0.0(2rds); AP=-5.6SG(wedge_liability;poor_birdie_conv;rough_approach_liab); →Tier3 VTS=55.1
96,86,"Phillips, Chandler",PHILLIPS_CHANDLER,confirmed,TBD,TBD,deep,high,-0.44,66.69619131975199,60.19957584642476,-6.496615473327232,high,-0.2,"DataGolf venue-fit tool; comp courses: TPC River Highlands, Colonial CC, Sedgefield CC; cf_adj_total scaled ×20, capped ±7 VTS pts",6,-0.069,0.059199999999999996,medium,59.756109281828216,Balanced,"{""neutral"": 0.4, ""venuefit"": 0.3, ""venuehistory"": 0.3}",clear,False,,0.0,wedge_liability,-2.5175446893029414,0.0,-2.5175446893029414,0.0,0.0,wedge_liability,Deere Run standard venue (non-major birdie-fest). AP_TO_VTS=2.0. Soft/wet week: bomb_and_spray softened (miss_fw_pen_frac=0.0264 modest). No weather amplification on other patterns.,OTT_Accuracy,False,0.0,,-0.44,50.0,0.0,False,,0.0,False,ok,,0.0,low,25.0,standard,Standard venue variance class. Soft/wet delay risk: no compression multiplier.,standard,"{""win_exponent"": 4.5, ""win_cap"": 0.14, ""top3_center"": 80, ""top5_center"": 76, ""top10_center"": 68, ""top20_center"": 59, ""make_cut_center"": 48, ""make_cut_steepness"": 0.07}","144-player cut event. Win exp=4.5, cap=0.14. make_cut_pct via logistic(vts, center=48, steep=0.07).",54.721019903222334,54.721019903222334,3,"Tier3 — Top-10 Range: NeutralSG=-0.44, moderate fit VFD=-6.5; 6CH-rds",ok,0.004066841788848367,0.06653287889499615,0.09577323533765462,0.20911192365202225,0.3737217764339842,0.5539457904978773,0.4460542095021227,PUTT_BirdieConv,PUTT_BirdieConv+ARG_Rough; weak OTT_Accuracy,NeutralSG=-0.44; VFD=-6.5; VHD=0.1(6rds); AP=-2.5SG(wedge_liability); →Tier3 VTS=54.7
97,91,"Wu, Dylan",WU_DYLAN,confirmed,TBD,TBD,deep,high,-0.49,65.81045172719222,63.21651001797842,-2.5939417092137944,high,0.6,"DataGolf venue-fit tool; comp courses: TPC River Highlands, Colonial CC, Sedgefield CC; cf_adj_total scaled ×20, capped ±7 VTS pts",12,-0.213,0.8448,medium,60.54257369627041,Balanced,"{""neutral"": 0.4, ""venuefit"": 0.3, ""venuehistory"": 0.3}",clear,False,,0.0,poor_birdie_conv;rough_approach_liab,-2.9290027605245,0.0,0.0,-1.8339947089947093,-1.0950080515297906,poor_birdie_conv;rough_approach_liab,Deere Run standard venue (non-major birdie-fest). AP_TO_VTS=2.0. Soft/wet week: bomb_and_spray softened (miss_fw_pen_frac=0.0264 modest). No weather amplification on other patterns.,OTT_Accuracy,False,0.0,,-0.49,50.0,0.0,False,,0.0,False,ok,,0.0,low,25.0,standard,Standard venue variance class. Soft/wet delay risk: no compression multiplier.,standard,"{""win_exponent"": 4.5, ""win_cap"": 0.14, ""top3_center"": 80, ""top5_center"": 76, ""top10_center"": 68, ""top20_center"": 59, ""make_cut_center"": 48, ""make_cut_steepness"": 0.07}","144-player cut event. Win exp=4.5, cap=0.14. make_cut_pct via logistic(vts, center=48, steep=0.07).",54.68456817522141,54.68456817522141,3,"Tier3 — Top-10 Range: NeutralSG=-0.49, moderate fit VFD=-2.6; 12CH-rds",ok,0.00405466514958416,0.06630863226076163,0.0954617230497816,0.2085857573275386,0.37308465565192794,0.5534021487196635,0.44659785128033647,APP_100-150,APP_100-150+APP_150-200; weak OTT_Accuracy,NeutralSG=-0.49; VFD=-2.6; VHD=0.8(12rds); AP=-2.9SG(poor_birdie_conv;rough_approach_liab); →Tier3 VTS=54.7
98,138,"Nunez, Augusto",NUNEZ_AUGUSTO,confirmed,TBD,TBD,medium,medium,-1.4275000000000002,49.202834366696194,66.6200764521465,17.41724208545031,medium,-0.2,"DataGolf venue-fit tool; comp courses: TPC River Highlands, Colonial CC, Sedgefield CC; cf_adj_total scaled ×20, capped ±7 VTS pts",2,-1.928,-0.032,low,56.16973120087631,Neutral+Venue,"{""neutral"": 0.6, ""venuefit"": 0.4, ""venuehistory"": 0.0}",clear,False,,0.0,bomb_and_spray,-1.0300000000000002,-1.0300000000000002,0.0,0.0,0.0,bomb_and_spray,Deere Run standard venue (non-major birdie-fest). AP_TO_VTS=2.0. Soft/wet week: bomb_and_spray softened (miss_fw_pen_frac=0.0264 modest). No weather amplification on other patterns.,OTT_Accuracy,False,0.0,,-1.4275000000000002,50.0,0.0,False,,0.0,False,ok,,0.0,medium,50.0,standard,Standard venue variance class. Soft/wet delay risk: no compression multiplier.,standard,"{""win_exponent"": 4.5, ""win_cap"": 0.14, ""top3_center"": 80, ""top5_center"": 76, ""top10_center"": 68, ""top20_center"": 59, ""make_cut_center"": 48, ""make_cut_steepness"": 0.07}","144-player cut event. Win exp=4.5, cap=0.14. make_cut_pct via logistic(vts, center=48, steep=0.07).",54.10973120087631,54.10973120087631,3,"Tier3 — Top-10 Range: NeutralSG=-1.43, moderate fit VFD=17.4; 2CH-rds",ok,0.004175672241873706,0.06984797928985928,0.10074021584902754,0.22267864134962145,0.4034232831155684,0.6053198208745155,0.3946801791254845,APP_Wedge,APP_Wedge+APP_100-150; weak OTT_Accuracy,NeutralSG=-1.43; VFD=17.4; VHD=-0.0(2rds); AP=-1.0SG(bomb_and_spray); →Tier3 VTS=54.1
99,76,"Pavon, Matthieu",PAVON_MATTHIEU,confirmed,TBD,TBD,deep,high,-0.24,70.23914968999114,65.21149616095471,-5.027653529036428,high,0.4,"DataGolf venue-fit tool; comp courses: TPC River Highlands, Colonial CC, Sedgefield CC; cf_adj_total scaled ×20, capped ±7 VTS pts",0,,0.0,none,68.22808827837656,Neutral+Venue,"{""neutral"": 0.6, ""venuefit"": 0.4, ""venuehistory"": 0.0}",clear,True,A,-4.0,wedge_liability,-2.1963491913364233,0.0,-2.1963491913364233,0.0,0.0,wedge_liability,Deere Run standard venue (non-major birdie-fest). AP_TO_VTS=2.0. Soft/wet week: bomb_and_spray softened (miss_fw_pen_frac=0.0264 modest). No weather amplification on other patterns.,OTT_Accuracy,False,0.0,,-0.24,50.0,0.0,False,,0.0,False,ok,,0.0,high,75.0,standard,Standard venue variance class. Soft/wet delay risk: no compression multiplier.,standard,"{""win_exponent"": 4.5, ""win_cap"": 0.14, ""top3_center"": 80, ""top5_center"": 76, ""top10_center"": 68, ""top20_center"": 59, ""make_cut_center"": 48, ""make_cut_steepness"": 0.07}","144-player cut event. Win exp=4.5, cap=0.14. make_cut_pct via logistic(vts, center=48, steep=0.07).",53.83538989570371,53.83538989570371,3,"Tier3 — Top-10 Range: NeutralSG=-0.24, moderate fit VFD=-5.0; 0CH-rds (debut); debut-A",ok,0.004345769377988641,0.07489515231524295,0.10811019265979223,0.24027754656731815,0.43796779873516445,0.6607949766693164,0.3392050233306836,PUTT_Lag,PUTT_Lag+PUTT_BirdieConv; weak OTT_Accuracy,NeutralSG=-0.24; VFD=-5.0; VHD=0.0(0rds); debut-A pen=-4.0SG; AP=-2.2SG(wedge_liability); →Tier3 VTS=53.8
100,114,"Campbell, Brian",CAMPBELL_BRIAN,confirmed,TBD,TBD,deep,high,-0.92,58.19309123117804,62.434435544721026,4.241344313542989,high,2.0,"DataGolf venue-fit tool; comp courses: TPC River Highlands, Colonial CC, Sedgefield CC; cf_adj_total scaled ×20, capped ±7 VTS pts",10,0.952,3.8552,medium,58.16412715588753,Balanced,"{""neutral"": 0.4, ""venuefit"": 0.3, ""venuehistory"": 0.3}",clear,False,,0.0,wedge_liability,-2.3129669913931714,0.0,-2.3129669913931714,0.0,0.0,wedge_liability,Deere Run standard venue (non-major birdie-fest). AP_TO_VTS=2.0. Soft/wet week: bomb_and_spray softened (miss_fw_pen_frac=0.0264 modest). No weather amplification on other patterns.,OTT_Distance,False,0.0,,-0.92,50.0,0.0,False,,0.0,False,ok,,0.0,low,25.0,standard,Standard venue variance class. Soft/wet delay risk: no compression multiplier.,standard,"{""win_exponent"": 4.5, ""win_cap"": 0.14, ""top3_center"": 80, ""top5_center"": 76, ""top10_center"": 68, ""top20_center"": 59, ""make_cut_center"": 48, ""make_cut_steepness"": 0.07}","144-player cut event. Win exp=4.5, cap=0.14. make_cut_pct via logistic(vts, center=48, steep=0.07).",53.538193173101185,53.538193173101185,3,"Tier3 — Top-10 Range: NeutralSG=-0.92, moderate fit VFD=4.2; 10CH-rds",ok,0.003685956023610388,0.059602321458096484,0.08611147881149797,0.19251193407540593,0.35322233677288856,0.536150269694253,0.46384973030574705,PUTT_BirdieConv,PUTT_BirdieConv+PUTT_Lag; weak OTT_Distance,NeutralSG=-0.92; VFD=4.2; VHD=3.9(10rds); AP=-2.3SG(wedge_liability); →Tier3 VTS=53.5
101,112,"Gutschewski, Luke",GUTSCHEWSKI_LUKE,confirmed,TBD,TBD,medium,medium,-0.7225,61.691762621789195,66.02798699415803,4.336224372368832,medium,-0.6,"DataGolf venue-fit tool; comp courses: TPC River Highlands, Colonial CC, Sedgefield CC; cf_adj_total scaled ×20, capped ±7 VTS pts",0,,0.0,none,63.42625237073673,Neutral+Venue,"{""neutral"": 0.6, ""venuefit"": 0.4, ""venuehistory"": 0.0}",clear,True,A,-4.0,,0.0,0.0,0.0,0.0,0.0,,Deere Run standard venue (non-major birdie-fest). AP_TO_VTS=2.0. Soft/wet week: bomb_and_spray softened (miss_fw_pen_frac=0.0264 modest). No weather amplification on other patterns.,OTT_Accuracy,False,0.0,,-0.7225,50.0,0.0,False,,0.0,False,ok,,0.0,high,75.0,standard,Standard venue variance class. Soft/wet delay risk: no compression multiplier.,standard,"{""win_exponent"": 4.5, ""win_cap"": 0.14, ""top3_center"": 80, ""top5_center"": 76, ""top10_center"": 68, ""top20_center"": 59, ""make_cut_center"": 48, ""make_cut_steepness"": 0.07}","144-player cut event. Win exp=4.5, cap=0.14. make_cut_pct via logistic(vts, center=48, steep=0.07).",53.42625237073673,53.42625237073673,3,"Tier3 — Top-10 Range: NeutralSG=-0.72, moderate fit VFD=4.3; 0CH-rds (debut); debut-A",ok,0.004199112343887792,0.07208951444469318,0.1041867514292235,0.23343429537572666,0.42936967034401624,0.6532173442728859,0.3467826557271141,APP_Wedge,APP_Wedge+APP_100-150; weak OTT_Accuracy,NeutralSG=-0.72; VFD=4.3; VHD=0.0(0rds); debut-A pen=-4.0SG; →Tier3 VTS=53.4
102,102,"Byrd, Jonathan",BYRD_JONATHAN,confirmed,TBD,TBD,medium,medium,-0.6175,63.55181576616475,59.88079984705727,-3.6710159191074823,medium,0.4,"DataGolf venue-fit tool; comp courses: TPC River Highlands, Colonial CC, Sedgefield CC; cf_adj_total scaled ×20, capped ±7 VTS pts",52,0.051,0.6536,medium,58.58104626058308,Balanced,"{""neutral"": 0.4, ""venuefit"": 0.3, ""venuehistory"": 0.3}",clear,False,,0.0,wedge_liability,-2.672751347772629,0.0,-2.672751347772629,0.0,0.0,wedge_liability,Deere Run standard venue (non-major birdie-fest). AP_TO_VTS=2.0. Soft/wet week: bomb_and_spray softened (miss_fw_pen_frac=0.0264 modest). No weather amplification on other patterns.,OTT_Distance,False,0.0,,-0.6175,50.0,0.0,False,,0.0,False,ok,,0.0,medium,50.0,standard,Standard venue variance class. Soft/wet delay risk: no compression multiplier.,standard,"{""win_exponent"": 4.5, ""win_cap"": 0.14, ""top3_center"": 80, ""top5_center"": 76, ""top10_center"": 68, ""top20_center"": 59, ""make_cut_center"": 48, ""make_cut_steepness"": 0.07}","144-player cut event. Win exp=4.5, cap=0.14. make_cut_pct via logistic(vts, center=48, steep=0.07).",53.23554356503782,53.23554356503782,3,"Tier3 — Top-10 Range: NeutralSG=-0.62, moderate fit VFD=-3.7; 52CH-rds",ok,0.003880563781502168,0.06437763531257405,0.0930926008349927,0.20935774993172793,0.3867115022894562,0.5906100956017988,0.4093899043982012,ARG_Rough,ARG_Rough+ARG_Bunker; weak OTT_Distance,NeutralSG=-0.62; VFD=-3.7; VHD=0.7(52rds); AP=-2.7SG(wedge_liability); →Tier3 VTS=53.2
103,119,"Laird, Martin",LAIRD_MARTIN,confirmed,TBD,TBD,deep,high,-1.05,55.89016829052259,63.569512586068115,7.679344295545526,high,1.2,"DataGolf venue-fit tool; comp courses: TPC River Highlands, Colonial CC, Sedgefield CC; cf_adj_total scaled ×20, capped ±7 VTS pts",22,0.071,0.6136,medium,56.61100109202947,Balanced,"{""neutral"": 0.4, ""venuefit"": 0.3, ""venuehistory"": 0.3}",clear,False,,0.0,poor_birdie_conv,-1.708333333333334,0.0,0.0,-1.708333333333334,0.0,poor_birdie_conv,Deere Run standard venue (non-major birdie-fest). AP_TO_VTS=2.0. Soft/wet week: bomb_and_spray softened (miss_fw_pen_frac=0.0264 modest). No weather amplification on other patterns.,OTT_Accuracy,False,0.0,,-1.05,50.0,0.0,False,,0.0,False,ok,,0.0,low,25.0,standard,Standard venue variance class. Soft/wet delay risk: no compression multiplier.,standard,"{""win_exponent"": 4.5, ""win_cap"": 0.14, ""top3_center"": 80, ""top5_center"": 76, ""top10_center"": 68, ""top20_center"": 59, ""make_cut_center"": 48, ""make_cut_steepness"": 0.07}","144-player cut event. Win exp=4.5, cap=0.14. make_cut_pct via logistic(vts, center=48, steep=0.07).",53.1943344253628,53.1943344253628,3,"Tier3 — Top-10 Range: NeutralSG=-1.05, moderate fit VFD=7.7; 22CH-rds",ok,0.0035806152719879756,0.05771687832014369,0.08347074294629034,0.18787005099081175,0.34733693096326634,0.530921193505258,0.469078806494742,APP_100-150,APP_100-150+APP_150-200; weak OTT_Accuracy,NeutralSG=-1.05; VFD=7.7; VHD=0.6(22rds); AP=-1.7SG(poor_birdie_conv); →Tier3 VTS=53.2
104,99,"Malnati, Peter",MALNATI_PETER,confirmed,TBD,TBD,medium,medium,-0.5275000000000001,65.14614703277238,56.185285395432416,-8.96086163733996,medium,-2.6,"DataGolf venue-fit tool; comp courses: TPC River Highlands, Colonial CC, Sedgefield CC; cf_adj_total scaled ×20, capped ±7 VTS pts",30,-0.696,-0.21359999999999998,medium,57.84996443173867,Balanced,"{""neutral"": 0.4, ""venuefit"": 0.3, ""venuehistory"": 0.3}",clear,False,,0.0,wedge_liability,-2.4568239856237586,0.0,-2.4568239856237586,0.0,0.0,wedge_liability,Deere Run standard venue (non-major birdie-fest). AP_TO_VTS=2.0. Soft/wet week: bomb_and_spray softened (miss_fw_pen_frac=0.0264 modest). No weather amplification on other patterns.,OTT_Accuracy,False,0.0,,-0.5275000000000001,50.0,0.0,False,,0.0,False,ok,,0.0,medium,50.0,standard,Standard venue variance class. Soft/wet delay risk: no compression multiplier.,standard,"{""win_exponent"": 4.5, ""win_cap"": 0.14, ""top3_center"": 80, ""top5_center"": 76, ""top10_center"": 68, ""top20_center"": 59, ""make_cut_center"": 48, ""make_cut_steepness"": 0.07}","144-player cut event. Win exp=4.5, cap=0.14. make_cut_pct via logistic(vts, center=48, steep=0.07).",52.936316460491156,52.936316460491156,3,"Tier3 — Top-10 Range: NeutralSG=-0.53, moderate fit VFD=-9.0; 30CH-rds",ok,0.0037833710722148363,0.06259861827240341,0.09059690825103892,0.20493491821774712,0.3810498138440798,0.5855361466663972,0.4144638533336028,PUTT_BirdieConv,PUTT_BirdieConv+PUTT_Lag; weak OTT_Accuracy,NeutralSG=-0.53; VFD=-9.0; VHD=-0.2(30rds); AP=-2.5SG(wedge_liability); →Tier3 VTS=52.9
105,110,"Higgs, Harry",HIGGS_HARRY,confirmed,TBD,TBD,deep,high,-0.86,59.25597874224978,63.73127044596864,4.4752917037188595,high,0.0,"DataGolf venue-fit tool; comp courses: TPC River Highlands, Colonial CC, Sedgefield CC; cf_adj_total scaled ×20, capped ±7 VTS pts",12,-1.63,-2.3776,medium,57.108492630690506,Balanced,"{""neutral"": 0.4, ""venuefit"": 0.3, ""venuehistory"": 0.3}",clear,False,,0.0,bomb_and_spray;rough_approach_liab,-2.1731078904991943,-1.0,0.0,0.0,-1.1731078904991945,bomb_and_spray;rough_approach_liab,Deere Run standard venue (non-major birdie-fest). AP_TO_VTS=2.0. Soft/wet week: bomb_and_spray softened (miss_fw_pen_frac=0.0264 modest). No weather amplification on other patterns.,OTT_Accuracy,False,0.0,,-0.86,50.0,0.0,False,,0.0,False,ok,,0.0,low,25.0,standard,Standard venue variance class. Soft/wet delay risk: no compression multiplier.,standard,"{""win_exponent"": 4.5, ""win_cap"": 0.14, ""top3_center"": 80, ""top5_center"": 76, ""top10_center"": 68, ""top20_center"": 59, ""make_cut_center"": 48, ""make_cut_steepness"": 0.07}","144-player cut event. Win exp=4.5, cap=0.14. make_cut_pct via logistic(vts, center=48, steep=0.07).",52.762276849692114,52.762276849692114,3,"Tier3 — Top-10 Range: NeutralSG=-0.86, moderate fit VFD=4.5; 12CH-rds",ok,0.003451591020708282,0.05542658490836321,0.08025587249970734,0.18215508888661458,0.3399943544668201,0.5243188863658924,0.4756811136341076,APP_Wedge,APP_Wedge+APP_100-150; weak OTT_Accuracy,NeutralSG=-0.86; VFD=4.5; VHD=-2.4(12rds); AP=-2.2SG(bomb_and_spray;rough_approach_liab); →Tier3 VTS=52.8
106,83,"Crowe, Trace",CROWE_TRACE,confirmed,TBD,TBD,medium,medium,-0.34,68.46767050487158,56.55291903554296,-11.914751469328614,medium,-1.6,"DataGolf venue-fit tool; comp courses: TPC River Highlands, Colonial CC, Sedgefield CC; cf_adj_total scaled ×20, capped ±7 VTS pts",6,-0.402,0.39120000000000005,medium,59.47030391261152,Balanced,"{""neutral"": 0.4, ""venuefit"": 0.3, ""venuehistory"": 0.3}",clear,False,,0.0,bomb_and_spray;wedge_liability,-3.5291018148465048,-1.0893023255813954,-2.4397994892651096,0.0,0.0,bomb_and_spray;wedge_liability,Deere Run standard venue (non-major birdie-fest). AP_TO_VTS=2.0. Soft/wet week: bomb_and_spray softened (miss_fw_pen_frac=0.0264 modest). No weather amplification on other patterns.,OTT_Accuracy,False,0.0,,-0.34,50.0,0.0,False,,0.0,False,ok,,0.0,medium,50.0,standard,Standard venue variance class. Soft/wet delay risk: no compression multiplier.,standard,"{""win_exponent"": 4.5, ""win_cap"": 0.14, ""top3_center"": 80, ""top5_center"": 76, ""top10_center"": 68, ""top20_center"": 59, ""make_cut_center"": 48, ""make_cut_steepness"": 0.07}","144-player cut event. Win exp=4.5, cap=0.14. make_cut_pct via logistic(vts, center=48, steep=0.07).",52.41210028291851,52.41210028291851,3,"Tier3 — Top-10 Range: NeutralSG=-0.34, moderate fit VFD=-11.9; 6CH-rds",ok,0.0036176724549600325,0.059592140946444716,0.08636962995044706,0.19735459004836245,0.37120939781993323,0.5766038068260148,0.42339619317398525,PUTT_BirdieConv,PUTT_BirdieConv+PUTT_Lag; weak OTT_Accuracy,NeutralSG=-0.34; VFD=-11.9; VHD=0.4(6rds); AP=-3.5SG(bomb_and_spray;wedge_liability); →Tier3 VTS=52.4
107,95,"Silverman, Ben",SILVERMAN_BEN,confirmed,TBD,TBD,deep,high,-0.59,64.03897254207264,63.7102096124101,-0.3287629296625454,high,0.8,"DataGolf venue-fit tool; comp courses: TPC River Highlands, Colonial CC, Sedgefield CC; cf_adj_total scaled ×20, capped ±7 VTS pts",12,-1.006,-1.6728,medium,59.226811900552086,Balanced,"{""neutral"": 0.4, ""venuefit"": 0.3, ""venuehistory"": 0.3}",clear,False,,0.0,wedge_liability;rough_approach_liab,-3.4296922416394082,0.0,-2.3274378132980234,0.0,-1.1022544283413847,wedge_liability;rough_approach_liab,Deere Run standard venue (non-major birdie-fest). AP_TO_VTS=2.0. Soft/wet week: bomb_and_spray softened (miss_fw_pen_frac=0.0264 modest). No weather amplification on other patterns.,OTT_Accuracy,False,0.0,,-0.59,50.0,0.0,False,,0.0,False,ok,,0.0,low,25.0,standard,Standard venue variance class. Soft/wet delay risk: no compression multiplier.,standard,"{""win_exponent"": 4.5, ""win_cap"": 0.14, ""top3_center"": 80, ""top5_center"": 76, ""top10_center"": 68, ""top20_center"": 59, ""make_cut_center"": 48, ""make_cut_steepness"": 0.07}","144-player cut event. Win exp=4.5, cap=0.14. make_cut_pct via logistic(vts, center=48, steep=0.07).",52.36742741727327,52.36742741727327,3,"Tier3 — Top-10 Range: NeutralSG=-0.59, moderate fit VFD=-0.3; 12CH-rds",ok,0.0033368680238298237,0.05340805389238846,0.07741599074734777,0.17704663686470254,0.33333804390936606,0.518256179687893,0.48174382031210705,PUTT_BirdieConv,PUTT_BirdieConv+PUTT_Lag; weak OTT_Accuracy,NeutralSG=-0.59; VFD=-0.3; VHD=-1.7(12rds); AP=-3.4SG(wedge_liability;rough_approach_liab); →Tier3 VTS=52.4
108,117,"Villegas, Camilo",VILLEGAS_CAMILO,confirmed,TBD,TBD,deep,high,-1.03,56.2444641275465,58.94283933673893,2.6983752091924273,high,-0.6,"DataGolf venue-fit tool; comp courses: TPC River Highlands, Colonial CC, Sedgefield CC; cf_adj_total scaled ×20, capped ±7 VTS pts",42,-0.381,0.1664,medium,55.23055745204028,Balanced,"{""neutral"": 0.4, ""venuefit"": 0.3, ""venuehistory"": 0.3}",clear,False,,0.0,poor_birdie_conv,-1.6091269841269848,0.0,0.0,-1.6091269841269848,0.0,poor_birdie_conv,Deere Run standard venue (non-major birdie-fest). AP_TO_VTS=2.0. Soft/wet week: bomb_and_spray softened (miss_fw_pen_frac=0.0264 modest). No weather amplification on other patterns.,OTT_Accuracy,False,0.0,,-1.03,50.0,0.0,False,,0.0,False,ok,,0.0,low,25.0,standard,Standard venue variance class. Soft/wet delay risk: no compression multiplier.,standard,"{""win_exponent"": 4.5, ""win_cap"": 0.14, ""top3_center"": 80, ""top5_center"": 76, ""top10_center"": 68, ""top20_center"": 59, ""make_cut_center"": 48, ""make_cut_steepness"": 0.07}","144-player cut event. Win exp=4.5, cap=0.14. make_cut_pct via logistic(vts, center=48, steep=0.07).",52.01230348378631,52.01230348378631,3,"Tier3 — Top-10 Range: NeutralSG=-1.03, moderate fit VFD=2.7; 42CH-rds",ok,0.0032362409461949575,0.051651628045398315,0.07493990835260736,0.17254519287871917,0.3273977100520579,0.5127816210189807,0.4872183789810193,APP_100-150,APP_100-150+APP_150-200; weak OTT_Accuracy,NeutralSG=-1.03; VFD=2.7; VHD=0.2(42rds); AP=-1.6SG(poor_birdie_conv); →Tier3 VTS=52.0
109,94,"Hoge, Tom",HOGE_TOM,confirmed,TBD,TBD,deep,high,-0.59,64.03897254207264,64.19928491395105,0.16031237187840475,high,0.4,"DataGolf venue-fit tool; comp courses: TPC River Highlands, Colonial CC, Sedgefield CC; cf_adj_total scaled ×20, capped ±7 VTS pts",8,-3.313,-6.919999999999999,medium,57.79937449101437,Balanced,"{""neutral"": 0.4, ""venuefit"": 0.3, ""venuehistory"": 0.3}",clear,False,,0.0,poor_birdie_conv;rough_approach_liab,-3.0057798481711524,0.0,0.0,-1.7215608465608467,-1.2842190016103059,poor_birdie_conv;rough_approach_liab,Deere Run standard venue (non-major birdie-fest). AP_TO_VTS=2.0. Soft/wet week: bomb_and_spray softened (miss_fw_pen_frac=0.0264 modest). No weather amplification on other patterns.,OTT_Accuracy,False,0.0,,-0.59,50.0,0.0,False,,0.0,False,ok,,0.0,low,25.0,standard,Standard venue variance class. Soft/wet delay risk: no compression multiplier.,standard,"{""win_exponent"": 4.5, ""win_cap"": 0.14, ""top3_center"": 80, ""top5_center"": 76, ""top10_center"": 68, ""top20_center"": 59, ""make_cut_center"": 48, ""make_cut_steepness"": 0.07}","144-player cut event. Win exp=4.5, cap=0.14. make_cut_pct via logistic(vts, center=48, steep=0.07).",51.787814794672066,51.787814794672066,3,"Tier3 — Top-10 Range: NeutralSG=-0.59, moderate fit VFD=0.2; 8CH-rds",ok,0.0031738587188167512,0.05056945115716294,0.0734120306201126,0.16974497366752805,0.3236660865207373,0.5093110112243532,0.4906889887756468,APP_100-150,APP_100-150+APP_150-200; weak OTT_Accuracy,NeutralSG=-0.59; VFD=0.2; VHD=-6.9(8rds); AP=-3.0SG(poor_birdie_conv;rough_approach_liab); →Tier3 VTS=51.8
110,104,"Clanton, Luke",CLANTON_LUKE,confirmed,TBD,TBD,deep,high,-0.79,60.49601417183349,63.79963668587696,3.303622514043475,high,0.0,"DataGolf venue-fit tool; comp courses: TPC River Highlands, Colonial CC, Sedgefield CC; cf_adj_total scaled ×20, capped ±7 VTS pts",6,2.098,4.1208,medium,59.574536674496485,Balanced,"{""neutral"": 0.4, ""venuefit"": 0.3, ""venuehistory"": 0.3}",clear,False,,0.0,bomb_and_spray;poor_birdie_conv;rough_approach_liab,-4.100160507769204,-1.0,0.0,-1.773268398268399,-1.326892109500805,bomb_and_spray;poor_birdie_conv;rough_approach_liab,Deere Run standard venue (non-major birdie-fest). AP_TO_VTS=2.0. Soft/wet week: bomb_and_spray softened (miss_fw_pen_frac=0.0264 modest). No weather amplification on other patterns.,ARG_Rough,False,0.0,,-0.79,50.0,0.0,False,,0.0,False,ok,,0.0,low,25.0,standard,Standard venue variance class. Soft/wet delay risk: no compression multiplier.,standard,"{""win_exponent"": 4.5, ""win_cap"": 0.14, ""top3_center"": 80, ""top5_center"": 76, ""top10_center"": 68, ""top20_center"": 59, ""make_cut_center"": 48, ""make_cut_steepness"": 0.07}","144-player cut event. Win exp=4.5, cap=0.14. make_cut_pct via logistic(vts, center=48, steep=0.07).",51.37421565895808,51.37421565895808,3,"Tier3 — Top-10 Range: NeutralSG=-0.79, moderate fit VFD=3.3; 6CH-rds",ok,0.003061377407843126,0.04863127695718335,0.07067120846220476,0.1646774424098988,0.3168403960937448,0.5028982007069773,0.4971017992930227,APP_100-150,APP_100-150+APP_Wedge; weak ARG_Rough,NeutralSG=-0.79; VFD=3.3; VHD=4.1(6rds); AP=-4.1SG(bomb_and_spray;poor_birdie_conv;rough_approach_liab); →Tier3 VTS=51.4
111,107,"Lower, Justin",LOWER_JUSTIN,confirmed,TBD,TBD,medium,medium,-0.655,62.8875110717449,62.61181425942119,-0.2756968123237158,medium,1.6,"DataGolf venue-fit tool; comp courses: TPC River Highlands, Colonial CC, Sedgefield CC; cf_adj_total scaled ×20, capped ±7 VTS pts",12,-0.432,-0.2152,medium,58.873988706524315,Balanced,"{""neutral"": 0.4, ""venuefit"": 0.3, ""venuehistory"": 0.3}",clear,False,,0.0,wedge_liability;poor_birdie_conv,-3.9511955054729104,0.0,-2.223020902298307,-1.7281746031746033,0.0,wedge_liability;poor_birdie_conv,Deere Run standard venue (non-major birdie-fest). AP_TO_VTS=2.0. Soft/wet week: bomb_and_spray softened (miss_fw_pen_frac=0.0264 modest). No weather amplification on other patterns.,OTT_Accuracy,False,0.0,,-0.655,50.0,0.0,False,,0.0,False,ok,,0.0,medium,50.0,standard,Standard venue variance class. Soft/wet delay risk: no compression multiplier.,standard,"{""win_exponent"": 4.5, ""win_cap"": 0.14, ""top3_center"": 80, ""top5_center"": 76, ""top10_center"": 68, ""top20_center"": 59, ""make_cut_center"": 48, ""make_cut_steepness"": 0.07}","144-player cut event. Win exp=4.5, cap=0.14. make_cut_pct via logistic(vts, center=48, steep=0.07).",50.971597695578495,50.971597695578495,3,"Tier3 — Top-10 Range: NeutralSG=-0.66, moderate fit VFD=-0.3; 12CH-rds",ok,0.003191275649046185,0.0520133388087842,0.07565930901713874,0.17761998993726869,0.3447330897801065,0.5518162581215985,0.4481837418784015,APP_Wedge,APP_Wedge+APP_100-150; weak OTT_Accuracy,NeutralSG=-0.66; VFD=-0.3; VHD=-0.2(12rds); AP=-4.0SG(wedge_liability;poor_birdie_conv); →Tier3 VTS=51.0
112,116,"Hardy, Nick",HARDY_NICK,confirmed,TBD,TBD,deep,high,-1.01,56.59875996457042,61.056822768246604,4.458062803676185,high,-0.4,"DataGolf venue-fit tool; comp courses: TPC River Highlands, Colonial CC, Sedgefield CC; cf_adj_total scaled ×20, capped ±7 VTS pts",20,-0.085,0.6135999999999999,medium,56.14063081630215,Balanced,"{""neutral"": 0.4, ""venuefit"": 0.3, ""venuehistory"": 0.3}",clear,False,,0.0,bomb_and_spray;poor_birdie_conv,-2.7750036913990406,-1.0865116279069769,0.0,-1.6884920634920637,0.0,bomb_and_spray;poor_birdie_conv,Deere Run standard venue (non-major birdie-fest). AP_TO_VTS=2.0. Soft/wet week: bomb_and_spray softened (miss_fw_pen_frac=0.0264 modest). No weather amplification on other patterns.,OTT_Accuracy,False,0.0,,-1.01,50.0,0.0,False,,0.0,False,ok,,0.0,low,25.0,standard,Standard venue variance class. Soft/wet delay risk: no compression multiplier.,standard,"{""win_exponent"": 4.5, ""win_cap"": 0.14, ""top3_center"": 80, ""top5_center"": 76, ""top10_center"": 68, ""top20_center"": 59, ""make_cut_center"": 48, ""make_cut_steepness"": 0.07}","144-player cut event. Win exp=4.5, cap=0.14. make_cut_pct via logistic(vts, center=48, steep=0.07).",50.59062343350407,50.59062343350407,3,"Tier3 — Top-10 Range: NeutralSG=-1.01, moderate fit VFD=4.5; 20CH-rds",ok,0.0028567918198521315,0.04514991759386989,0.06573389911123959,0.15540010703518356,0.30409318395493695,0.49069086846505766,0.5093091315349423,APP_Wedge,APP_Wedge+APP_100-150; weak OTT_Accuracy,NeutralSG=-1.01; VFD=4.5; VHD=0.6(20rds); AP=-2.8SG(bomb_and_spray;poor_birdie_conv); →Tier3 VTS=50.6
113,131,"Voois, Ryan",VOOIS_RYAN,confirmed,TBD,TBD,medium,medium,-1.0899999999999999,55.18157661647476,68.25871511405019,13.077138497575433,medium,0.4,"DataGolf venue-fit tool; comp courses: TPC River Highlands, Colonial CC, Sedgefield CC; cf_adj_total scaled ×20, capped ±7 VTS pts",0,,0.0,none,60.412432015504926,Neutral+Venue,"{""neutral"": 0.6, ""venuefit"": 0.4, ""venuehistory"": 0.0}",clear,True,A,-4.0,,0.0,0.0,0.0,0.0,0.0,,Deere Run standard venue (non-major birdie-fest). AP_TO_VTS=2.0. Soft/wet week: bomb_and_spray softened (miss_fw_pen_frac=0.0264 modest). No weather amplification on other patterns.,OTT_Accuracy,False,0.0,,-1.0899999999999999,50.0,0.0,False,,0.0,False,ok,,0.0,high,75.0,standard,Standard venue variance class. Soft/wet delay risk: no compression multiplier.,standard,"{""win_exponent"": 4.5, ""win_cap"": 0.14, ""top3_center"": 80, ""top5_center"": 76, ""top10_center"": 68, ""top20_center"": 59, ""make_cut_center"": 48, ""make_cut_steepness"": 0.07}","144-player cut event. Win exp=4.5, cap=0.14. make_cut_pct via logistic(vts, center=48, steep=0.07).",50.412432015504926,50.412432015504926,3,"Tier3 — Top-10 Range: NeutralSG=-1.09, moderate fit VFD=13.1; 0CH-rds (debut); debut-A",ok,0.003233558446194861,0.05425669576360531,0.07902443342814156,0.18742661552932108,0.36816951495592376,0.5963292703297048,0.40367072967029516,APP_Wedge,APP_Wedge+APP_100-150; weak OTT_Accuracy,NeutralSG=-1.09; VFD=13.1; VHD=0.0(0rds); debut-A pen=-4.0SG; →Tier3 VTS=50.4
114,97,"Hadwin, Adam",HADWIN_ADAM,confirmed,TBD,TBD,deep,high,-0.64,63.15323294951285,58.268546227235255,-4.884686722277593,high,0.2,"DataGolf venue-fit tool; comp courses: TPC River Highlands, Colonial CC, Sedgefield CC; cf_adj_total scaled ×20, capped ±7 VTS pts",14,-0.141,-0.8351999999999999,medium,57.49129704797571,Balanced,"{""neutral"": 0.4, ""venuefit"": 0.3, ""venuehistory"": 0.3}",clear,False,,0.0,wedge_liability;rough_approach_liab,-3.786352394281121,0.0,-2.4361108483874014,0.0,-1.3502415458937196,wedge_liability;rough_approach_liab,Deere Run standard venue (non-major birdie-fest). AP_TO_VTS=2.0. Soft/wet week: bomb_and_spray softened (miss_fw_pen_frac=0.0264 modest). No weather amplification on other patterns.,ARG_Rough,False,0.0,,-0.64,50.0,0.0,False,,0.0,False,ok,,0.0,low,25.0,standard,Standard venue variance class. Soft/wet delay risk: no compression multiplier.,standard,"{""win_exponent"": 4.5, ""win_cap"": 0.14, ""top3_center"": 80, ""top5_center"": 76, ""top10_center"": 68, ""top20_center"": 59, ""make_cut_center"": 48, ""make_cut_steepness"": 0.07}","144-player cut event. Win exp=4.5, cap=0.14. make_cut_pct via logistic(vts, center=48, steep=0.07).",49.91859225941347,49.91859225941347,4,"Tier4 — Cut-Line Player: Below-avg or mismatch VFD=-4.9, AP=-3.8SG; 14CH-rds",ok,0.0026899483132291745,0.0423535070048968,0.0617546953054857,0.14777721555197817,0.29336442763727955,0.4801724902435599,0.5198275097564401,PUTT_BirdieConv,PUTT_BirdieConv+PUTT_Lag; weak ARG_Rough,NeutralSG=-0.64; VFD=-4.9; VHD=-0.8(14rds); AP=-3.8SG(wedge_liability;rough_approach_liab); →Tier4 VTS=49.9
115,118,"Duncan, Tyler",DUNCAN_TYLER,confirmed,TBD,TBD,deep,high,-1.04,56.067316209034544,62.83578334805009,6.768467139015549,high,2.8,"DataGolf venue-fit tool; comp courses: TPC River Highlands, Colonial CC, Sedgefield CC; cf_adj_total scaled ×20, capped ±7 VTS pts",17,-0.132,0.1704,medium,56.328781488028845,Balanced,"{""neutral"": 0.4, ""venuefit"": 0.3, ""venuehistory"": 0.3}",clear,False,,0.0,poor_birdie_conv;rough_approach_liab,-3.430268000920175,0.0,0.0,-2.283730158730159,-1.1465378421900159,poor_birdie_conv;rough_approach_liab,Deere Run standard venue (non-major birdie-fest). AP_TO_VTS=2.0. Soft/wet week: bomb_and_spray softened (miss_fw_pen_frac=0.0264 modest). No weather amplification on other patterns.,PUTT_BirdieConv,False,0.0,,-1.04,50.0,0.0,False,,0.0,False,ok,,0.0,low,25.0,standard,Standard venue variance class. Soft/wet delay risk: no compression multiplier.,standard,"{""win_exponent"": 4.5, ""win_cap"": 0.14, ""top3_center"": 80, ""top5_center"": 76, ""top10_center"": 68, ""top20_center"": 59, ""make_cut_center"": 48, ""make_cut_steepness"": 0.07}","144-player cut event. Win exp=4.5, cap=0.14. make_cut_pct via logistic(vts, center=48, steep=0.07).",49.46824548618849,49.46824548618849,4,"Tier4 — Cut-Line Player: Below-avg or mismatch VFD=6.8, AP=-3.4SG; 17CH-rds",ok,0.0025824548401586875,0.04057252019732406,0.059214205607597194,0.14283898610332843,0.2862854825364921,0.4731045319349423,0.5268954680650577,APP_Wedge,APP_Wedge+APP_150-200; weak PUTT_BirdieConv,NeutralSG=-1.04; VFD=6.8; VHD=0.2(17rds); AP=-3.4SG(poor_birdie_conv;rough_approach_liab); →Tier4 VTS=49.5
116,120,"Kizzire, Patton",KIZZIRE_PATTON,confirmed,TBD,TBD,medium,medium,-0.8425,59.56598759964571,58.0775349273007,-1.4884526723450122,medium,-0.6,"DataGolf venue-fit tool; comp courses: TPC River Highlands, Colonial CC, Sedgefield CC; cf_adj_total scaled ×20, capped ±7 VTS pts",24,0.331,2.1216000000000004,medium,56.88613551804849,Balanced,"{""neutral"": 0.4, ""venuefit"": 0.3, ""venuehistory"": 0.3}",clear,False,,0.0,wedge_liability;poor_birdie_conv,-3.9096200812719313,0.0,-2.1537879504397996,-1.7558321308321316,0.0,wedge_liability;poor_birdie_conv,Deere Run standard venue (non-major birdie-fest). AP_TO_VTS=2.0. Soft/wet week: bomb_and_spray softened (miss_fw_pen_frac=0.0264 modest). No weather amplification on other patterns.,OTT_Accuracy,False,0.0,,-0.8425,50.0,0.0,False,,0.0,False,ok,,0.0,medium,50.0,standard,Standard venue variance class. Soft/wet delay risk: no compression multiplier.,standard,"{""win_exponent"": 4.5, ""win_cap"": 0.14, ""top3_center"": 80, ""top5_center"": 76, ""top10_center"": 68, ""top20_center"": 59, ""make_cut_center"": 48, ""make_cut_steepness"": 0.07}","144-player cut event. Win exp=4.5, cap=0.14. make_cut_pct via logistic(vts, center=48, steep=0.07).",49.06689535550463,49.06689535550463,4,"Tier4 — Cut-Line Player: Below-avg or mismatch VFD=-1.5, AP=-3.9SG; 24CH-rds",ok,0.002688659564152984,0.04338403664705353,0.06336924615787053,0.1539462445747677,0.31117144638639344,0.51866199558451,0.48133800441549,ARG_Bunker,ARG_Bunker+ARG_Rough; weak OTT_Accuracy,NeutralSG=-0.84; VFD=-1.5; VHD=2.1(24rds); AP=-3.9SG(wedge_liability;poor_birdie_conv); →Tier4 VTS=49.1
117,129,"List, Luke",LIST_LUKE,confirmed,TBD,TBD,deep,high,-1.29,51.63861824623561,62.627342898248,10.988724652012394,high,0.0,"DataGolf venue-fit tool; comp courses: TPC River Highlands, Colonial CC, Sedgefield CC; cf_adj_total scaled ×20, capped ±7 VTS pts",20,-0.521,-0.7368000000000001,medium,54.22261016796864,Balanced,"{""neutral"": 0.4, ""venuefit"": 0.3, ""venuehistory"": 0.3}",clear,False,,0.0,bomb_and_spray;poor_birdie_conv,-2.7774880029531195,-1.1088372093023258,0.0,-1.668650793650794,0.0,bomb_and_spray;poor_birdie_conv,Deere Run standard venue (non-major birdie-fest). AP_TO_VTS=2.0. Soft/wet week: bomb_and_spray softened (miss_fw_pen_frac=0.0264 modest). No weather amplification on other patterns.,OTT_Accuracy,False,0.0,,-1.29,50.0,0.0,False,,0.0,False,ok,,0.0,low,25.0,standard,Standard venue variance class. Soft/wet delay risk: no compression multiplier.,standard,"{""win_exponent"": 4.5, ""win_cap"": 0.14, ""top3_center"": 80, ""top5_center"": 76, ""top10_center"": 68, ""top20_center"": 59, ""make_cut_center"": 48, ""make_cut_steepness"": 0.07}","144-player cut event. Win exp=4.5, cap=0.14. make_cut_pct via logistic(vts, center=48, steep=0.07).",48.6676341620624,48.6676341620624,4,"Tier4 — Cut-Line Player: Below-avg or mismatch VFD=11.0, AP=-2.8SG; 20CH-rds",ok,0.0023996312511738956,0.037581217660185504,0.05493635638713047,0.1343915954630822,0.2739300609019939,0.4605133246065238,0.5394866753934762,APP_Wedge,APP_Wedge+APP_100-150; weak OTT_Accuracy,NeutralSG=-1.29; VFD=11.0; VHD=-0.7(20rds); AP=-2.8SG(bomb_and_spray;poor_birdie_conv); →Tier4 VTS=48.7
118,125,"Merritt, Troy",MERRITT_TROY,confirmed,TBD,TBD,deep,high,-1.22,52.87865367581932,56.789859600148766,3.911205924329444,high,0.6,"DataGolf venue-fit tool; comp courses: TPC River Highlands, Colonial CC, Sedgefield CC; cf_adj_total scaled ×20, capped ±7 VTS pts",34,-0.409,-0.10639999999999997,medium,53.15649935037236,Balanced,"{""neutral"": 0.4, ""venuefit"": 0.3, ""venuehistory"": 0.3}",clear,False,,0.0,wedge_liability,-2.4863331126454176,0.0,-2.4863331126454176,0.0,0.0,wedge_liability,Deere Run standard venue (non-major birdie-fest). AP_TO_VTS=2.0. Soft/wet week: bomb_and_spray softened (miss_fw_pen_frac=0.0264 modest). No weather amplification on other patterns.,OTT_Accuracy,False,0.0,,-1.22,50.0,0.0,False,,0.0,False,ok,,0.0,low,25.0,standard,Standard venue variance class. Soft/wet delay risk: no compression multiplier.,standard,"{""win_exponent"": 4.5, ""win_cap"": 0.14, ""top3_center"": 80, ""top5_center"": 76, ""top10_center"": 68, ""top20_center"": 59, ""make_cut_center"": 48, ""make_cut_steepness"": 0.07}","144-player cut event. Win exp=4.5, cap=0.14. make_cut_pct via logistic(vts, center=48, steep=0.07).",48.18383312508152,48.18383312508152,4,"Tier4 — Cut-Line Player: Below-avg or mismatch VFD=3.9, AP=-2.5SG; 34CH-rds",ok,0.0022941378495528403,0.03587706926009228,0.0524931277277565,0.12948933001657706,0.26661114075354,0.45289533176610336,0.5471046682338967,PUTT_Lag,PUTT_Lag+PUTT_BirdieConv; weak OTT_Accuracy,NeutralSG=-1.22; VFD=3.9; VHD=-0.1(34rds); AP=-2.5SG(wedge_liability); →Tier4 VTS=48.2
119,128,"Riley, Davis",RILEY_DAVIS,confirmed,TBD,TBD,deep,high,-1.27,51.99291408325952,52.72785175622179,0.7349376729622676,high,-2.6,"DataGolf venue-fit tool; comp courses: TPC River Highlands, Colonial CC, Sedgefield CC; cf_adj_total scaled ×20, capped ±7 VTS pts",2,-5.12,-0.05280000000000001,low,52.28688915244443,Neutral+Venue,"{""neutral"": 0.6, ""venuefit"": 0.4, ""venuehistory"": 0.0}",clear,False,,0.0,wedge_liability,-2.4554052775938713,0.0,-2.4554052775938713,0.0,0.0,wedge_liability,Deere Run standard venue (non-major birdie-fest). AP_TO_VTS=2.0. Soft/wet week: bomb_and_spray softened (miss_fw_pen_frac=0.0264 modest). No weather amplification on other patterns.,OTT_Accuracy,False,0.0,,-1.27,50.0,0.0,False,,0.0,False,ok,,0.0,low,25.0,standard,Standard venue variance class. Soft/wet delay risk: no compression multiplier.,standard,"{""win_exponent"": 4.5, ""win_cap"": 0.14, ""top3_center"": 80, ""top5_center"": 76, ""top10_center"": 68, ""top20_center"": 59, ""make_cut_center"": 48, ""make_cut_steepness"": 0.07}","144-player cut event. Win exp=4.5, cap=0.14. make_cut_pct via logistic(vts, center=48, steep=0.07).",47.37607859725669,47.37607859725669,4,"Tier4 — Cut-Line Player: Below-avg or mismatch VFD=0.7, AP=-2.5SG; 2CH-rds",ok,0.0021260792565420974,0.0331957236807987,0.04863984783705392,0.12163688118244029,0.2546479986794222,0.44017479962333833,0.5598252003766617,PUTT_BirdieConv,PUTT_BirdieConv+PUTT_Lag; weak OTT_Accuracy,NeutralSG=-1.27; VFD=0.7; VHD=-0.1(2rds); AP=-2.5SG(wedge_liability); →Tier4 VTS=47.4
120,124,"Martin, Ben",MARTIN_BEN,confirmed,TBD,TBD,deep,high,-1.16,53.941541186891065,60.807952694584436,6.866411507693371,high,1.2,"DataGolf venue-fit tool; comp courses: TPC River Highlands, Colonial CC, Sedgefield CC; cf_adj_total scaled ×20, capped ±7 VTS pts",22,0.279,1.3736000000000002,medium,55.231082283131755,Balanced,"{""neutral"": 0.4, ""venuefit"": 0.3, ""venuehistory"": 0.3}",clear,False,,0.0,wedge_liability;poor_birdie_conv,-3.987117217810966,0.0,-2.3316939373876853,-1.655423280423281,0.0,wedge_liability;poor_birdie_conv,Deere Run standard venue (non-major birdie-fest). AP_TO_VTS=2.0. Soft/wet week: bomb_and_spray softened (miss_fw_pen_frac=0.0264 modest). No weather amplification on other patterns.,OTT_Accuracy,False,0.0,,-1.16,50.0,0.0,False,,0.0,False,ok,,0.0,low,25.0,standard,Standard venue variance class. Soft/wet delay risk: no compression multiplier.,standard,"{""win_exponent"": 4.5, ""win_cap"": 0.14, ""top3_center"": 80, ""top5_center"": 76, ""top10_center"": 68, ""top20_center"": 59, ""make_cut_center"": 48, ""make_cut_steepness"": 0.07}","144-player cut event. Win exp=4.5, cap=0.14. make_cut_pct via logistic(vts, center=48, steep=0.07).",47.256847847509825,47.256847847509825,4,"Tier4 — Cut-Line Player: Below-avg or mismatch VFD=6.9, AP=-4.0SG; 22CH-rds",ok,0.0021021070390777096,0.03281662492479453,0.048094161503293556,0.12051244538385696,0.2529099130748626,0.4382979924263911,0.5617020075736089,ARG_Rough,ARG_Rough+PUTT_Lag; weak OTT_Accuracy,NeutralSG=-1.16; VFD=6.9; VHD=1.4(22rds); AP=-4.0SG(wedge_liability;poor_birdie_conv); →Tier4 VTS=47.3
121,109,"Kang, Jeffrey",KANG_JEFFREY,confirmed,TBD,TBD,deep,high,-0.83,59.787422497785656,58.841762703034334,-0.9456597947513217,high,-0.8,"DataGolf venue-fit tool; comp courses: TPC River Highlands, Colonial CC, Sedgefield CC; cf_adj_total scaled ×20, capped ±7 VTS pts",0,,0.0,none,59.40915857988513,Neutral+Venue,"{""neutral"": 0.6, ""venuefit"": 0.4, ""venuehistory"": 0.0}",clear,True,A,-4.0,poor_birdie_conv,-1.6951058201058204,0.0,0.0,-1.6951058201058204,0.0,poor_birdie_conv,Deere Run standard venue (non-major birdie-fest). AP_TO_VTS=2.0. Soft/wet week: bomb_and_spray softened (miss_fw_pen_frac=0.0264 modest). No weather amplification on other patterns.,OTT_Accuracy,False,0.0,,-0.83,50.0,0.0,False,,0.0,False,ok,,0.0,high,75.0,standard,Standard venue variance class. Soft/wet delay risk: no compression multiplier.,standard,"{""win_exponent"": 4.5, ""win_cap"": 0.14, ""top3_center"": 80, ""top5_center"": 76, ""top10_center"": 68, ""top20_center"": 59, ""make_cut_center"": 48, ""make_cut_steepness"": 0.07}","144-player cut event. Win exp=4.5, cap=0.14. make_cut_pct via logistic(vts, center=48, steep=0.07).",46.01894693967349,46.01894693967349,4,"Tier4 — Cut-Line Player: Below-avg or mismatch VFD=-0.9, AP=-1.7SG; 0CH-rds (debut); debut-A",ok,0.0021452422265855094,0.03559020416815417,0.05226269681290483,0.13365080655084205,0.2875868223417421,0.5119257243346326,0.48807427566536743,APP_100-150,APP_100-150+APP_150-200; weak OTT_Accuracy,NeutralSG=-0.83; VFD=-0.9; VHD=0.0(0rds); debut-A pen=-4.0SG; AP=-1.7SG(poor_birdie_conv); →Tier4 VTS=46.0
122,115,"Hirata, Kensei",HIRATA_KENSEI,confirmed,TBD,TBD,deep,high,-0.95,57.66164747564216,64.61917811310802,6.957530637465858,high,2.2,"DataGolf venue-fit tool; comp courses: TPC River Highlands, Colonial CC, Sedgefield CC; cf_adj_total scaled ×20, capped ±7 VTS pts",0,,0.0,none,60.4446597306285,Neutral+Venue,"{""neutral"": 0.6, ""venuefit"": 0.4, ""venuehistory"": 0.0}",clear,True,A,-4.0,wedge_liability,-2.380497493615814,0.0,-2.380497493615814,0.0,0.0,wedge_liability,Deere Run standard venue (non-major birdie-fest). AP_TO_VTS=2.0. Soft/wet week: bomb_and_spray softened (miss_fw_pen_frac=0.0264 modest). No weather amplification on other patterns.,OTT_Distance,False,0.0,,-0.95,50.0,0.0,False,,0.0,False,ok,,0.0,high,75.0,standard,Standard venue variance class. Soft/wet delay risk: no compression multiplier.,standard,"{""win_exponent"": 4.5, ""win_cap"": 0.14, ""top3_center"": 80, ""top5_center"": 76, ""top10_center"": 68, ""top20_center"": 59, ""make_cut_center"": 48, ""make_cut_steepness"": 0.07}","144-player cut event. Win exp=4.5, cap=0.14. make_cut_pct via logistic(vts, center=48, steep=0.07).",45.683664743396875,45.683664743396875,4,"Tier4 — Cut-Line Player: Below-avg or mismatch VFD=7.0, AP=-2.4SG; 0CH-rds (debut); debut-A",ok,0.0020757999825114287,0.03445346587783371,0.05061876917403129,0.1301481199136265,0.28192628334223274,0.5055079800950414,0.4944920199049586,PUTT_Lag,PUTT_Lag+PUTT_BirdieConv; weak OTT_Distance,NeutralSG=-0.95; VFD=7.0; VHD=0.0(0rds); debut-A pen=-4.0SG; AP=-2.4SG(wedge_liability); →Tier4 VTS=45.7
123,126,"Sargent, Gordon",SARGENT_GORDON,confirmed,TBD,TBD,medium,medium,-0.9625,57.44021257750222,50.44953032401288,-6.990682253489339,medium,-2.2,"DataGolf venue-fit tool; comp courses: TPC River Highlands, Colonial CC, Sedgefield CC; cf_adj_total scaled ×20, capped ±7 VTS pts",8,-0.898,0.2928,medium,53.19878412820476,Balanced,"{""neutral"": 0.4, ""venuefit"": 0.3, ""venuehistory"": 0.3}",clear,False,,0.0,bomb_and_spray;wedge_liability,-4.11139383114955,-1.2386046511627908,-2.872789179986759,0.0,0.0,bomb_and_spray;wedge_liability,Deere Run standard venue (non-major birdie-fest). AP_TO_VTS=2.0. Soft/wet week: bomb_and_spray softened (miss_fw_pen_frac=0.0264 modest). No weather amplification on other patterns.,OTT_Accuracy,False,0.0,,-0.9625,50.0,0.0,False,,0.0,False,ok,,0.0,medium,50.0,standard,Standard venue variance class. Soft/wet delay risk: no compression multiplier.,standard,"{""win_exponent"": 4.5, ""win_cap"": 0.14, ""top3_center"": 80, ""top5_center"": 76, ""top10_center"": 68, ""top20_center"": 59, ""make_cut_center"": 48, ""make_cut_steepness"": 0.07}","144-player cut event. Win exp=4.5, cap=0.14. make_cut_pct via logistic(vts, center=48, steep=0.07).",44.97599646590566,44.97599646590566,4,"Tier4 — Cut-Line Player: Below-avg or mismatch VFD=-7.0, AP=-4.1SG; 8CH-rds",ok,0.0018171918564114677,0.029244010547578622,0.04300835123205024,0.11183228318257839,0.24565526457330406,0.4472766625429302,0.5527233374570698,PUTT_Lag,PUTT_Lag+PUTT_BirdieConv; weak OTT_Accuracy,NeutralSG=-0.96; VFD=-7.0; VHD=0.3(8rds); AP=-4.1SG(bomb_and_spray;wedge_liability); →Tier4 VTS=45.0
124,136,"Wise, Aaron",WISE_AARON,confirmed,TBD,TBD,thin,low,-0.945,57.75022143489815,52.30035395645032,-5.449867478447828,low,-1.2,"DataGolf venue-fit tool; comp courses: TPC River Highlands, Colonial CC, Sedgefield CC; cf_adj_total scaled ×20, capped ±7 VTS pts",12,-0.712,-2.2728,medium,53.10835476089436,Balanced,"{""neutral"": 0.4, ""venuefit"": 0.3, ""venuehistory"": 0.3}",clear,False,,0.0,wedge_liability;poor_birdie_conv,-4.23792928428557,0.0,-2.4766858980421826,-1.7612433862433867,0.0,wedge_liability;poor_birdie_conv,Deere Run standard venue (non-major birdie-fest). AP_TO_VTS=2.0. Soft/wet week: bomb_and_spray softened (miss_fw_pen_frac=0.0264 modest). No weather amplification on other patterns.,OTT_Accuracy,False,0.0,,-0.945,50.0,0.0,False,,0.0,False,ok,,0.0,high,75.0,standard,Standard venue variance class. Soft/wet delay risk: no compression multiplier.,standard,"{""win_exponent"": 4.5, ""win_cap"": 0.14, ""top3_center"": 80, ""top5_center"": 76, ""top10_center"": 68, ""top20_center"": 59, ""make_cut_center"": 48, ""make_cut_steepness"": 0.07}","144-player cut event. Win exp=4.5, cap=0.14. make_cut_pct via logistic(vts, center=48, steep=0.07).",44.63249619232322,44.63249619232322,4,"Tier4 — Cut-Line Player: Below-avg or mismatch VFD=-5.4, AP=-4.2SG; 12CH-rds",ok,0.0018693541560524255,0.031112911723645532,0.04577818979318958,0.11967810063946456,0.2646585005994291,0.4854740648572983,0.5145259351427016,ARG_Rough,ARG_Rough+ARG_Bunker; weak OTT_Accuracy,NeutralSG=-0.94; VFD=-5.4; VHD=-2.3(12rds); AP=-4.2SG(wedge_liability;poor_birdie_conv); →Tier4 VTS=44.6
125,123,"Schenk, Adam",SCHENK_ADAM,confirmed,TBD,TBD,deep,high,-1.15,54.118689105403014,58.41854482750988,4.299855722106869,high,0.0,"DataGolf venue-fit tool; comp courses: TPC River Highlands, Colonial CC, Sedgefield CC; cf_adj_total scaled ×20, capped ±7 VTS pts",19,0.677,1.8496,medium,54.727919090414176,Balanced,"{""neutral"": 0.4, ""venuefit"": 0.3, ""venuehistory"": 0.3}",clear,False,,0.0,wedge_liability;poor_birdie_conv;rough_approach_liab,-5.067420329606312,0.0,-2.2105362716352976,-1.7546296296296302,-1.1022544283413847,wedge_liability;poor_birdie_conv;rough_approach_liab,Deere Run standard venue (non-major birdie-fest). AP_TO_VTS=2.0. Soft/wet week: bomb_and_spray softened (miss_fw_pen_frac=0.0264 modest). No weather amplification on other patterns.,OTT_Accuracy,False,0.0,,-1.15,50.0,0.0,False,,0.0,False,ok,,0.0,low,25.0,standard,Standard venue variance class. Soft/wet delay risk: no compression multiplier.,standard,"{""win_exponent"": 4.5, ""win_cap"": 0.14, ""top3_center"": 80, ""top5_center"": 76, ""top10_center"": 68, ""top20_center"": 59, ""make_cut_center"": 48, ""make_cut_steepness"": 0.07}","144-player cut event. Win exp=4.5, cap=0.14. make_cut_pct via logistic(vts, center=48, steep=0.07).",44.59307843120155,44.59307843120155,4,"Tier4 — Cut-Line Player: Below-avg or mismatch VFD=4.3, AP=-5.1SG; 19CH-rds",ok,0.0016190751142490017,0.025358695961943234,0.03731364339072353,0.09760929385569903,0.2160206494480604,0.3965938678746905,0.6034061321253095,APP_Wedge,APP_Wedge+APP_100-150; weak OTT_Accuracy,NeutralSG=-1.15; VFD=4.3; VHD=1.8(19rds); AP=-5.1SG(wedge_liability;poor_birdie_conv;rough_approach_liab); →Tier4 VTS=44.6
126,96,"Chatfield, Davis",CHATFIELD_DAVIS,confirmed,TBD,TBD,deep,high,-0.61,63.68467670504872,61.56179066720106,-2.122886037847664,high,2.8,"DataGolf venue-fit tool; comp courses: TPC River Highlands, Colonial CC, Sedgefield CC; cf_adj_total scaled ×20, capped ±7 VTS pts",0,,0.0,none,62.83552228990966,Neutral+Venue,"{""neutral"": 0.6, ""venuefit"": 0.4, ""venuehistory"": 0.0}",clear,True,A,-4.0,wedge_liability;poor_birdie_conv,-4.13565332130309,0.0,-2.34134115199092,-1.7943121693121697,0.0,wedge_liability;poor_birdie_conv,Deere Run standard venue (non-major birdie-fest). AP_TO_VTS=2.0. Soft/wet week: bomb_and_spray softened (miss_fw_pen_frac=0.0264 modest). No weather amplification on other patterns.,OTT_Distance,False,0.0,,-0.61,50.0,0.0,False,,0.0,False,ok,,0.0,high,75.0,standard,Standard venue variance class. Soft/wet delay risk: no compression multiplier.,standard,"{""win_exponent"": 4.5, ""win_cap"": 0.14, ""top3_center"": 80, ""top5_center"": 76, ""top10_center"": 68, ""top20_center"": 59, ""make_cut_center"": 48, ""make_cut_steepness"": 0.07}","144-player cut event. Win exp=4.5, cap=0.14. make_cut_pct via logistic(vts, center=48, steep=0.07).",44.564215647303485,44.564215647303485,4,"Tier4 — Cut-Line Player: Below-avg or mismatch VFD=-2.1, AP=-4.1SG; 0CH-rds (debut); debut-A",ok,0.001856519414468155,0.030907143395580823,0.04547955798580991,0.11902423874645132,0.2635622037574465,0.48417812152957534,0.5158218784704247,APP_150-200,APP_150-200+APP_100-150; weak OTT_Distance,NeutralSG=-0.61; VFD=-2.1; VHD=0.0(0rds); debut-A pen=-4.0SG; AP=-4.1SG(wedge_liability;poor_birdie_conv); →Tier4 VTS=44.6
127,121,"Paul, Jeremy",PAUL_JEREMY,confirmed,TBD,TBD,deep,high,-1.12,54.65013286093888,51.61744671339113,-3.03268614754775,high,-1.0,"DataGolf venue-fit tool; comp courses: TPC River Highlands, Colonial CC, Sedgefield CC; cf_adj_total scaled ×20, capped ±7 VTS pts",4,0.62,0.0,low,52.89117278015634,Blended,"{""neutral"": 0.5, ""venuefit"": 0.35, ""venuehistory"": 0.15}",clear,False,,0.0,wedge_liability;poor_birdie_conv,-4.220110361472796,0.0,-2.604369620732054,-1.6157407407407416,0.0,wedge_liability;poor_birdie_conv,Deere Run standard venue (non-major birdie-fest). AP_TO_VTS=2.0. Soft/wet week: bomb_and_spray softened (miss_fw_pen_frac=0.0264 modest). No weather amplification on other patterns.,OTT_Accuracy,False,0.0,,-1.12,50.0,0.0,False,,0.0,False,ok,,0.0,low,25.0,standard,Standard venue variance class. Soft/wet delay risk: no compression multiplier.,standard,"{""win_exponent"": 4.5, ""win_cap"": 0.14, ""top3_center"": 80, ""top5_center"": 76, ""top10_center"": 68, ""top20_center"": 59, ""make_cut_center"": 48, ""make_cut_steepness"": 0.07}","144-player cut event. Win exp=4.5, cap=0.14. make_cut_pct via logistic(vts, center=48, steep=0.07).",44.45095205721075,44.45095205721075,4,"Tier4 — Cut-Line Player: Below-avg or mismatch VFD=-3.0, AP=-4.2SG; 4CH-rds",ok,0.0015959829783150038,0.02501077611129641,0.036808605054083725,0.09650171118375322,0.21415953157475978,0.39438822697667636,0.6056117730233237,PUTT_BirdieConv,PUTT_BirdieConv+PUTT_Lag; weak OTT_Accuracy,NeutralSG=-1.12; VFD=-3.0; VHD=0.0(4rds); AP=-4.2SG(wedge_liability;poor_birdie_conv); →Tier4 VTS=44.5
128,113,"Frittelli, Dylan",FRITTELLI_DYLAN,confirmed,TBD,TBD,deep,high,-0.91,58.37023914968999,52.54880506456381,-5.821434085126185,high,-2.0,"DataGolf venue-fit tool; comp courses: TPC River Highlands, Colonial CC, Sedgefield CC; cf_adj_total scaled ×20, capped ±7 VTS pts",18,0.333,2.0312,medium,54.72209717924514,Balanced,"{""neutral"": 0.4, ""venuefit"": 0.3, ""venuehistory"": 0.3}",clear,False,,0.0,bomb_and_spray;wedge_liability;poor_birdie_conv,-5.187970596735848,-1.0,-2.432138465903717,-1.7558321308321316,0.0,bomb_and_spray;wedge_liability;poor_birdie_conv,Deere Run standard venue (non-major birdie-fest). AP_TO_VTS=2.0. Soft/wet week: bomb_and_spray softened (miss_fw_pen_frac=0.0264 modest). No weather amplification on other patterns.,OTT_Accuracy,False,0.0,,-0.91,50.0,0.0,False,,0.0,False,ok,,0.0,low,25.0,standard,Standard venue variance class. Soft/wet delay risk: no compression multiplier.,standard,"{""win_exponent"": 4.5, ""win_cap"": 0.14, ""top3_center"": 80, ""top5_center"": 76, ""top10_center"": 68, ""top20_center"": 59, ""make_cut_center"": 48, ""make_cut_steepness"": 0.07}","144-player cut event. Win exp=4.5, cap=0.14. make_cut_pct via logistic(vts, center=48, steep=0.07).",44.34615598577344,44.34615598577344,4,"Tier4 — Cut-Line Player: Below-avg or mismatch VFD=-5.8, AP=-5.2SG; 18CH-rds",ok,0.0015791208363032468,0.02475721387648865,0.036440416291109265,0.09569213842907076,0.21279432804946016,0.39276364027681676,0.6072363597231832,ARG_Rough,ARG_Rough+ARG_Bunker; weak OTT_Accuracy,NeutralSG=-0.91; VFD=-5.8; VHD=2.0(18rds); AP=-5.2SG(bomb_and_spray;wedge_liability;poor_birdie_conv); →Tier4 VTS=44.3
129,92,"Vanderlaan, John",VANDERLAAN_JOHN,confirmed,TBD,TBD,deep,high,-0.55,64.74756421612047,58.013556782459204,-6.734007433661262,high,-0.2,"DataGolf venue-fit tool; comp courses: TPC River Highlands, Colonial CC, Sedgefield CC; cf_adj_total scaled ×20, capped ±7 VTS pts",0,,0.0,none,62.05396124265596,Neutral+Venue,"{""neutral"": 0.6, ""venuefit"": 0.4, ""venuehistory"": 0.0}",clear,True,A,-4.0,wedge_liability;poor_birdie_conv,-4.0163838883809575,0.0,-2.4006431476402157,-1.6157407407407416,0.0,wedge_liability;poor_birdie_conv,Deere Run standard venue (non-major birdie-fest). AP_TO_VTS=2.0. Soft/wet week: bomb_and_spray softened (miss_fw_pen_frac=0.0264 modest). No weather amplification on other patterns.,OTT_Accuracy,False,0.0,,-0.55,50.0,0.0,False,,0.0,False,ok,,0.0,high,75.0,standard,Standard venue variance class. Soft/wet delay risk: no compression multiplier.,standard,"{""win_exponent"": 4.5, ""win_cap"": 0.14, ""top3_center"": 80, ""top5_center"": 76, ""top10_center"": 68, ""top20_center"": 59, ""make_cut_center"": 48, ""make_cut_steepness"": 0.07}","144-player cut event. Win exp=4.5, cap=0.14. make_cut_pct via logistic(vts, center=48, steep=0.07).",44.021193465894044,44.021193465894044,4,"Tier4 — Cut-Line Player: Below-avg or mismatch VFD=-6.7, AP=-4.0SG; 0CH-rds (debut); debut-A",ok,0.0017568692836007081,0.029317109452011332,0.04317011104788689,0.11393516105887397,0.2549546667701851,0.4738992761359659,0.5261007238640341,PUTT_Lag,PUTT_Lag+PUTT_BirdieConv; weak OTT_Accuracy,NeutralSG=-0.55; VFD=-6.7; VHD=0.0(0rds); debut-A pen=-4.0SG; AP=-4.0SG(wedge_liability;poor_birdie_conv); →Tier4 VTS=44.0
130,137,"Campos, Rafael",CAMPOS_RAFAEL,confirmed,TBD,TBD,medium,medium,-1.405,49.6014171833481,54.27561016306849,4.674192979720395,medium,0.0,"DataGolf venue-fit tool; comp courses: TPC River Highlands, Colonial CC, Sedgefield CC; cf_adj_total scaled ×20, capped ±7 VTS pts",6,-2.061,-2.7880000000000003,medium,50.28684992225979,Balanced,"{""neutral"": 0.4, ""venuefit"": 0.3, ""venuehistory"": 0.3}",clear,False,,0.0,poor_birdie_conv;rough_approach_liab,-3.338313256791518,0.0,0.0,-1.7666546416546425,-1.5716586151368759,poor_birdie_conv;rough_approach_liab,Deere Run standard venue (non-major birdie-fest). AP_TO_VTS=2.0. Soft/wet week: bomb_and_spray softened (miss_fw_pen_frac=0.0264 modest). No weather amplification on other patterns.,ARG_Rough,False,0.0,,-1.405,50.0,0.0,False,,0.0,False,ok,,0.0,medium,50.0,standard,Standard venue variance class. Soft/wet delay risk: no compression multiplier.,standard,"{""win_exponent"": 4.5, ""win_cap"": 0.14, ""top3_center"": 80, ""top5_center"": 76, ""top10_center"": 68, ""top20_center"": 59, ""make_cut_center"": 48, ""make_cut_steepness"": 0.07}","144-player cut event. Win exp=4.5, cap=0.14. make_cut_pct via logistic(vts, center=48, steep=0.07).",43.61022340867675,43.61022340867675,4,"Tier4 — Cut-Line Player: Below-avg or mismatch VFD=4.7, AP=-3.3SG; 6CH-rds",ok,0.001581738224782529,0.025606283964885512,0.03772498579924982,0.10019318722672237,0.2259745927774887,0.42377773346840153,0.5762222665315985,APP_Wedge,APP_Wedge+APP_100-150; weak ARG_Rough,NeutralSG=-1.41; VFD=4.7; VHD=-2.8(6rds); AP=-3.3SG(poor_birdie_conv;rough_approach_liab); →Tier4 VTS=43.6
131,133,"Highsmith, Joe",HIGHSMITH_JOE,confirmed,TBD,TBD,deep,high,-1.5,47.918511957484505,57.31978392051375,9.401271963029245,high,-0.2,"DataGolf venue-fit tool; comp courses: TPC River Highlands, Colonial CC, Sedgefield CC; cf_adj_total scaled ×20, capped ±7 VTS pts",4,-1.23,-0.06,low,51.512180350922065,Blended,"{""neutral"": 0.5, ""venuefit"": 0.35, ""venuehistory"": 0.15}",clear,False,,0.0,wedge_liability;poor_birdie_conv,-4.053961510726385,0.0,-2.1935117752766486,-1.8604497354497362,0.0,wedge_liability;poor_birdie_conv,Deere Run standard venue (non-major birdie-fest). AP_TO_VTS=2.0. Soft/wet week: bomb_and_spray softened (miss_fw_pen_frac=0.0264 modest). No weather amplification on other patterns.,OTT_Accuracy,False,0.0,,-1.5,50.0,0.0,False,,0.0,False,ok,,0.0,low,25.0,standard,Standard venue variance class. Soft/wet delay risk: no compression multiplier.,standard,"{""win_exponent"": 4.5, ""win_cap"": 0.14, ""top3_center"": 80, ""top5_center"": 76, ""top10_center"": 68, ""top20_center"": 59, ""make_cut_center"": 48, ""make_cut_steepness"": 0.07}","144-player cut event. Win exp=4.5, cap=0.14. make_cut_pct via logistic(vts, center=48, steep=0.07).",43.404257329469296,43.404257329469296,4,"Tier4 — Cut-Line Player: Below-avg or mismatch VFD=9.4, AP=-4.1SG; 4CH-rds",ok,0.0014337021483326476,0.02258763900108828,0.033285932492919466,0.08868090541152261,0.20079501163638927,0.37823491501631495,0.6217650849836851,APP_Wedge,APP_Wedge+APP_100-150; weak OTT_Accuracy,NeutralSG=-1.50; VFD=9.4; VHD=-0.1(4rds); AP=-4.1SG(wedge_liability;poor_birdie_conv); →Tier4 VTS=43.4
132,100,"Nyholm, Pontus",NYHOLM_PONTUS,confirmed,TBD,TBD,deep,high,-0.66,62.79893711248893,54.88367729463524,-7.915259817853688,high,-2.8,"DataGolf venue-fit tool; comp courses: TPC River Highlands, Colonial CC, Sedgefield CC; cf_adj_total scaled ×20, capped ±7 VTS pts",0,,0.0,none,59.63283318534745,Neutral+Venue,"{""neutral"": 0.6, ""venuefit"": 0.4, ""venuehistory"": 0.0}",clear,True,A,-4.0,bomb_and_spray;wedge_liability,-3.4502182170909226,-1.0725581395348838,-2.377660077556039,0.0,0.0,bomb_and_spray;wedge_liability,Deere Run standard venue (non-major birdie-fest). AP_TO_VTS=2.0. Soft/wet week: bomb_and_spray softened (miss_fw_pen_frac=0.0264 modest). No weather amplification on other patterns.,OTT_Accuracy,False,0.0,,-0.66,50.0,0.0,False,,0.0,False,ok,,0.0,high,75.0,standard,Standard venue variance class. Soft/wet delay risk: no compression multiplier.,standard,"{""win_exponent"": 4.5, ""win_cap"": 0.14, ""top3_center"": 80, ""top5_center"": 76, ""top10_center"": 68, ""top20_center"": 59, ""make_cut_center"": 48, ""make_cut_steepness"": 0.07}","144-player cut event. Win exp=4.5, cap=0.14. make_cut_pct via logistic(vts, center=48, steep=0.07).",42.73239675116561,42.73239675116561,4,"Tier4 — Cut-Line Player: Below-avg or mismatch VFD=-7.9, AP=-3.5SG; 0CH-rds (debut); debut-A",ok,0.0015369825153353103,0.025855402559363097,0.038130923346740155,0.10262136805825686,0.23532091497717755,0.44973213516151195,0.550267864838488,PUTT_Lag,PUTT_Lag+PUTT_BirdieConv; weak OTT_Accuracy,NeutralSG=-0.66; VFD=-7.9; VHD=0.0(0rds); debut-A pen=-4.0SG; AP=-3.5SG(bomb_and_spray;wedge_liability); →Tier4 VTS=42.7
133,141,"Streb, Robert",STREB_ROBERT,confirmed,TBD,TBD,medium,medium,-1.9,40.83259521700621,55.18363551093741,14.351040293931199,medium,0.2,"DataGolf venue-fit tool; comp courses: TPC River Highlands, Colonial CC, Sedgefield CC; cf_adj_total scaled ×20, capped ±7 VTS pts",29,-0.477,-1.2136,medium,47.52404874008371,Balanced,"{""neutral"": 0.4, ""venuefit"": 0.3, ""venuehistory"": 0.3}",clear,False,,0.0,wedge_liability,-2.4034805636999907,0.0,-2.4034805636999907,0.0,0.0,wedge_liability,Deere Run standard venue (non-major birdie-fest). AP_TO_VTS=2.0. Soft/wet week: bomb_and_spray softened (miss_fw_pen_frac=0.0264 modest). No weather amplification on other patterns.,OTT_Accuracy,False,0.0,,-1.9,50.0,0.0,False,,0.0,False,ok,,0.0,medium,50.0,standard,Standard venue variance class. Soft/wet delay risk: no compression multiplier.,standard,"{""win_exponent"": 4.5, ""win_cap"": 0.14, ""top3_center"": 80, ""top5_center"": 76, ""top10_center"": 68, ""top20_center"": 59, ""make_cut_center"": 48, ""make_cut_steepness"": 0.07}","144-player cut event. Win exp=4.5, cap=0.14. make_cut_pct via logistic(vts, center=48, steep=0.07).",42.71708761268373,42.71708761268373,4,"Tier4 — Cut-Line Player: Below-avg or mismatch VFD=14.4, AP=-2.4SG; 29CH-rds",ok,0.0014411014924049002,0.023469798844343207,0.03461328350824997,0.09317566982413383,0.21372222238963576,0.4085884150376414,0.5914115849623587,PUTT_Lag,PUTT_Lag+PUTT_BirdieConv; weak OTT_Accuracy,NeutralSG=-1.90; VFD=14.4; VHD=-1.2(29rds); AP=-2.4SG(wedge_liability); →Tier4 VTS=42.7
134,130,"Gordon, Will",GORDON_WILL,confirmed,TBD,TBD,deep,high,-1.31,51.28432240921169,59.656372259318445,8.372049850106755,high,0.0,"DataGolf venue-fit tool; comp courses: TPC River Highlands, Colonial CC, Sedgefield CC; cf_adj_total scaled ×20, capped ±7 VTS pts",10,-1.61,-2.5711999999999997,medium,52.63928064148021,Balanced,"{""neutral"": 0.4, ""venuefit"": 0.3, ""venuehistory"": 0.3}",clear,False,,0.0,bomb_and_spray;wedge_liability;poor_birdie_conv,-5.068360632212579,-1.115813953488372,-2.2255745767521047,-1.726972101972103,0.0,bomb_and_spray;wedge_liability;poor_birdie_conv,Deere Run standard venue (non-major birdie-fest). AP_TO_VTS=2.0. Soft/wet week: bomb_and_spray softened (miss_fw_pen_frac=0.0264 modest). No weather amplification on other patterns.,OTT_Accuracy,False,0.0,,-1.31,50.0,0.0,False,,0.0,False,ok,,0.0,low,25.0,standard,Standard venue variance class. Soft/wet delay risk: no compression multiplier.,standard,"{""win_exponent"": 4.5, ""win_cap"": 0.14, ""top3_center"": 80, ""top5_center"": 76, ""top10_center"": 68, ""top20_center"": 59, ""make_cut_center"": 48, ""make_cut_steepness"": 0.07}","144-player cut event. Win exp=4.5, cap=0.14. make_cut_pct via logistic(vts, center=48, steep=0.07).",42.50255937705505,42.50255937705505,4,"Tier4 — Cut-Line Player: Below-avg or mismatch VFD=8.4, AP=-5.1SG; 10CH-rds",ok,0.0013044616782922978,0.020684804635924602,0.030513191550600956,0.08240135688178449,0.18976712452779126,0.36446822676790824,0.6355317732320918,APP_Wedge,APP_Wedge+APP_100-150; weak OTT_Accuracy,NeutralSG=-1.31; VFD=8.4; VHD=-2.6(10rds); AP=-5.1SG(bomb_and_spray;wedge_liability;poor_birdie_conv); →Tier4 VTS=42.5
135,140,"Todd, Brendon",TODD_BRENDON,confirmed,TBD,TBD,thin,low,-1.205,53.14437555358725,42.72277085918609,-10.42160469440116,low,0.4,"DataGolf venue-fit tool; comp courses: TPC River Highlands, Colonial CC, Sedgefield CC; cf_adj_total scaled ×20, capped ±7 VTS pts",28,-0.999,-0.568,medium,48.90418147919073,Balanced,"{""neutral"": 0.4, ""venuefit"": 0.3, ""venuehistory"": 0.3}",clear,False,,0.0,wedge_liability,-3.4899271729877994,0.0,-3.4899271729877994,0.0,0.0,wedge_liability,Deere Run standard venue (non-major birdie-fest). AP_TO_VTS=2.0. Soft/wet week: bomb_and_spray softened (miss_fw_pen_frac=0.0264 modest). No weather amplification on other patterns.,OTT_Distance,False,0.0,,-1.205,50.0,0.0,False,,0.0,False,ok,,0.0,high,75.0,standard,Standard venue variance class. Soft/wet delay risk: no compression multiplier.,standard,"{""win_exponent"": 4.5, ""win_cap"": 0.14, ""top3_center"": 80, ""top5_center"": 76, ""top10_center"": 68, ""top20_center"": 59, ""make_cut_center"": 48, ""make_cut_steepness"": 0.07}","144-player cut event. Win exp=4.5, cap=0.14. make_cut_pct via logistic(vts, center=48, steep=0.07).",41.92432713321514,41.92432713321514,4,"Tier4 — Cut-Line Player: Below-avg or mismatch VFD=-10.4, AP=-3.5SG; 28CH-rds",ok,0.0014104534195885894,0.02389188654467898,0.03526578385630286,0.09605158241728545,0.22358397369705524,0.4347748876566735,0.5652251123433265,ARG_Rough,ARG_Rough+PUTT_BirdieConv; weak OTT_Distance,NeutralSG=-1.21; VFD=-10.4; VHD=-0.6(28rds); AP=-3.5SG(wedge_liability); →Tier4 VTS=41.9
136,67,"Stout, Preston",STOUT_PRESTON,confirmed,TBD,TBD,medium,medium,-0.1375,72.05491585473871,50.24983281073422,-21.80508304400449,medium,0.6,"DataGolf venue-fit tool; comp courses: TPC River Highlands, Colonial CC, Sedgefield CC; cf_adj_total scaled ×20, capped ±7 VTS pts",0,,0.0,none,63.33288263713692,Neutral+Venue,"{""neutral"": 0.6, ""venuefit"": 0.4, ""venuehistory"": 0.0}",clear,True,A,-4.0,wedge_liability;poor_birdie_conv;rough_approach_liab,-6.383686528001519,0.0,-2.582237775465809,-2.051046176046177,-1.750402576489533,wedge_liability;poor_birdie_conv;rough_approach_liab,Deere Run standard venue (non-major birdie-fest). AP_TO_VTS=2.0. Soft/wet week: bomb_and_spray softened (miss_fw_pen_frac=0.0264 modest). No weather amplification on other patterns.,ARG_Rough,False,0.0,,-0.1375,50.0,0.0,False,,0.0,False,ok,,0.0,high,75.0,standard,Standard venue variance class. Soft/wet delay risk: no compression multiplier.,standard,"{""win_exponent"": 4.5, ""win_cap"": 0.14, ""top3_center"": 80, ""top5_center"": 76, ""top10_center"": 68, ""top20_center"": 59, ""make_cut_center"": 48, ""make_cut_steepness"": 0.07}","144-player cut event. Win exp=4.5, cap=0.14. make_cut_pct via logistic(vts, center=48, steep=0.07).",40.56550958113388,40.56550958113388,4,"Tier4 — Cut-Line Player: Below-avg or mismatch VFD=-21.8, AP=-6.4SG; 0CH-rds (debut); debut-A",ok,0.0012160950054258216,0.020914037595211897,0.030911030446198823,0.0858579451686843,0.20484234260000533,0.41003089021317685,0.5899691097868232,OTT_Distance,OTT_Distance+APP_Wedge; weak ARG_Rough,NeutralSG=-0.14; VFD=-21.8; VHD=0.0(0rds); debut-A pen=-4.0SG; AP=-6.4SG(wedge_liability;poor_birdie_conv;rough_approach_liab); →Tier4 VTS=40.6
137,127,"Rozo, Marcelo",ROZO_MARCELO,confirmed,TBD,TBD,deep,high,-1.23,52.70150575730735,63.30309409679104,10.60158833948369,high,3.0,"DataGolf venue-fit tool; comp courses: TPC River Highlands, Colonial CC, Sedgefield CC; cf_adj_total scaled ×20, capped ±7 VTS pts",0,,0.0,none,56.94214109310083,Neutral+Venue,"{""neutral"": 0.6, ""venuefit"": 0.4, ""venuehistory"": 0.0}",clear,True,A,-4.0,poor_birdie_conv;rough_approach_liab,-3.579968944099379,0.0,0.0,-2.343253968253969,-1.2367149758454106,poor_birdie_conv;rough_approach_liab,Deere Run standard venue (non-major birdie-fest). AP_TO_VTS=2.0. Soft/wet week: bomb_and_spray softened (miss_fw_pen_frac=0.0264 modest). No weather amplification on other patterns.,ARG_Rough,False,0.0,,-1.23,50.0,0.0,False,,0.0,False,ok,,0.0,high,75.0,standard,Standard venue variance class. Soft/wet delay risk: no compression multiplier.,standard,"{""win_exponent"": 4.5, ""win_cap"": 0.14, ""top3_center"": 80, ""top5_center"": 76, ""top10_center"": 68, ""top20_center"": 59, ""make_cut_center"": 48, ""make_cut_steepness"": 0.07}","144-player cut event. Win exp=4.5, cap=0.14. make_cut_pct via logistic(vts, center=48, steep=0.07).",39.782203204902075,39.782203204902075,4,"Tier4 — Cut-Line Player: Below-avg or mismatch VFD=10.6, AP=-3.6SG; 0CH-rds (debut); debut-A",ok,0.0011139380387383947,0.019366086644415418,0.02864279310192597,0.08044098149708918,0.19460110866606048,0.39602999999900124,0.6039700000009988,APP_Wedge,APP_Wedge+APP_100-150; weak ARG_Rough,NeutralSG=-1.23; VFD=10.6; VHD=0.0(0rds); debut-A pen=-4.0SG; AP=-3.6SG(poor_birdie_conv;rough_approach_liab); →Tier4 VTS=39.8
138,134,"Tosti, Alejandro",TOSTI_ALEJANDRO,confirmed,TBD,TBD,medium,medium,-1.225,52.79007971656333,50.70397033376528,-2.086109382798057,medium,-0.6,"DataGolf venue-fit tool; comp courses: TPC River Highlands, Colonial CC, Sedgefield CC; cf_adj_total scaled ×20, capped ±7 VTS pts",4,-1.48,-0.068,low,51.631229475099516,Blended,"{""neutral"": 0.5, ""venuefit"": 0.35, ""venuehistory"": 0.15}",clear,False,,0.0,bomb_and_spray;wedge_liability;poor_birdie_conv,-5.997968346966047,-1.2888372093023257,-2.676723730256313,-2.032407407407408,0.0,bomb_and_spray;wedge_liability;poor_birdie_conv,Deere Run standard venue (non-major birdie-fest). AP_TO_VTS=2.0. Soft/wet week: bomb_and_spray softened (miss_fw_pen_frac=0.0264 modest). No weather amplification on other patterns.,OTT_Accuracy,False,0.0,,-1.225,50.0,0.0,False,,0.0,False,ok,,0.0,medium,50.0,standard,Standard venue variance class. Soft/wet delay risk: no compression multiplier.,standard,"{""win_exponent"": 4.5, ""win_cap"": 0.14, ""top3_center"": 80, ""top5_center"": 76, ""top10_center"": 68, ""top20_center"": 59, ""make_cut_center"": 48, ""make_cut_steepness"": 0.07}","144-player cut event. Win exp=4.5, cap=0.14. make_cut_pct via logistic(vts, center=48, steep=0.07).",39.63529278116742,39.63529278116742,4,"Tier4 — Cut-Line Player: Below-avg or mismatch VFD=-2.1, AP=-6.0SG; 4CH-rds",ok,0.0010288605757197398,0.0173532357757925,0.025668908003315956,0.07223701893522888,0.17520522777312492,0.35766124949374645,0.6423387505062536,OTT_Distance,OTT_Distance+PAR5_Scoring; weak OTT_Accuracy,NeutralSG=-1.23; VFD=-2.1; VHD=-0.1(4rds); AP=-6.0SG(bomb_and_spray;wedge_liability;poor_birdie_conv); →Tier4 VTS=39.6
139,122,"Walker, Danny",WALKER_DANNY,confirmed,TBD,TBD,deep,high,-1.12,54.65013286093888,57.4460339589273,2.79590109798842,high,-1.4,"DataGolf venue-fit tool; comp courses: TPC River Highlands, Colonial CC, Sedgefield CC; cf_adj_total scaled ×20, capped ±7 VTS pts",0,,0.0,none,55.76849330013425,Neutral+Venue,"{""neutral"": 0.6, ""venuefit"": 0.4, ""venuehistory"": 0.0}",clear,True,A,-4.0,bomb_and_spray;wedge_liability;poor_birdie_conv,-4.882896348740953,-1.0,-2.2340868249314294,-1.6488095238095242,0.0,bomb_and_spray;wedge_liability;poor_birdie_conv,Deere Run standard venue (non-major birdie-fest). AP_TO_VTS=2.0. Soft/wet week: bomb_and_spray softened (miss_fw_pen_frac=0.0264 modest). No weather amplification on other patterns.,OTT_Accuracy,False,0.0,,-1.12,50.0,0.0,False,,0.0,False,ok,,0.0,high,75.0,standard,Standard venue variance class. Soft/wet delay risk: no compression multiplier.,standard,"{""win_exponent"": 4.5, ""win_cap"": 0.14, ""top3_center"": 80, ""top5_center"": 76, ""top10_center"": 68, ""top20_center"": 59, ""make_cut_center"": 48, ""make_cut_steepness"": 0.07}","144-player cut event. Win exp=4.5, cap=0.14. make_cut_pct via logistic(vts, center=48, steep=0.07).",36.00270060265235,36.00270060265235,4,"Tier4 — Cut-Line Player: Below-avg or mismatch VFD=2.8, AP=-4.9SG; 0CH-rds (debut); debut-A",ok,0.0007108355643618031,0.013344838202760381,0.01979007863601077,0.058479706666577924,0.15078453084203639,0.33173205995647004,0.66826794004353,APP_100-150,APP_100-150+APP_150-200; weak OTT_Accuracy,NeutralSG=-1.12; VFD=2.8; VHD=0.0(0rds); debut-A pen=-4.0SG; AP=-4.9SG(bomb_and_spray;wedge_liability;poor_birdie_conv); →Tier4 VTS=36.0
140,106,"Lamprecht, Christo",LAMPRECHT_CHRISTO,confirmed,TBD,TBD,deep,high,-0.8,60.31886625332154,48.41051527300436,-11.90835098031718,high,-3.0,"DataGolf venue-fit tool; comp courses: TPC River Highlands, Colonial CC, Sedgefield CC; cf_adj_total scaled ×20, capped ±7 VTS pts",0,,0.0,none,55.55552586119467,Neutral+Venue,"{""neutral"": 0.6, ""venuefit"": 0.4, ""venuehistory"": 0.0}",clear,True,A,-4.0,bomb_and_spray;wedge_liability;poor_birdie_conv,-5.839775950442733,-1.2274418604651163,-2.9040007566442827,-1.708333333333334,0.0,bomb_and_spray;wedge_liability;poor_birdie_conv,Deere Run standard venue (non-major birdie-fest). AP_TO_VTS=2.0. Soft/wet week: bomb_and_spray softened (miss_fw_pen_frac=0.0264 modest). No weather amplification on other patterns.,OTT_Accuracy,False,0.0,,-0.8,50.0,0.0,False,,0.0,False,ok,,0.0,high,75.0,standard,Standard venue variance class. Soft/wet delay risk: no compression multiplier.,standard,"{""win_exponent"": 4.5, ""win_cap"": 0.14, ""top3_center"": 80, ""top5_center"": 76, ""top10_center"": 68, ""top20_center"": 59, ""make_cut_center"": 48, ""make_cut_steepness"": 0.07}","144-player cut event. Win exp=4.5, cap=0.14. make_cut_pct via logistic(vts, center=48, steep=0.07).",33.8759739603092,33.8759739603092,5,"Tier5 — Course Mismatch: Weak NeutralSG=-0.80, AP=-5.8SG; 0CH-rds (debut); debut-A",ok,0.0005404734314141431,0.010813375891482815,0.016054043054667566,0.048743835197348706,0.12998160633149464,0.29828977303824306,0.701710226961757,ARG_Rough,ARG_Rough+ARG_Bunker; weak OTT_Accuracy,NeutralSG=-0.80; VFD=-11.9; VHD=0.0(0rds); debut-A pen=-4.0SG; AP=-5.8SG(bomb_and_spray;wedge_liability;poor_birdie_conv); →Tier5 VTS=33.9
141,143,"Fisher, Darin",FISHER_DARIN,confirmed,TBD,TBD,thin,low,-4.205,0.0,74.46366065275929,74.46366065275929,low,2.8,"DataGolf venue-fit tool; comp courses: TPC River Highlands, Colonial CC, Sedgefield CC; cf_adj_total scaled ×20, capped ±7 VTS pts",4,-5.642,-0.032,low,33.55748122846575,Blended,"{""neutral"": 0.5, ""venuefit"": 0.35, ""venuehistory"": 0.15}",clear,False,,0.0,,0.0,0.0,0.0,0.0,0.0,,Deere Run standard venue (non-major birdie-fest). AP_TO_VTS=2.0. Soft/wet week: bomb_and_spray softened (miss_fw_pen_frac=0.0264 modest). No weather amplification on other patterns.,OTT_Accuracy,False,0.0,,-4.205,50.0,0.0,False,,0.0,False,ok,,0.0,high,75.0,standard,Standard venue variance class. Soft/wet delay risk: no compression multiplier.,standard,"{""win_exponent"": 4.5, ""win_cap"": 0.14, ""top3_center"": 80, ""top5_center"": 76, ""top10_center"": 68, ""top20_center"": 59, ""make_cut_center"": 48, ""make_cut_steepness"": 0.07}","144-player cut event. Win exp=4.5, cap=0.14. make_cut_pct via logistic(vts, center=48, steep=0.07).",33.55748122846575,33.55748122846575,5,"Tier5 — Course Mismatch: Weak NeutralSG=-4.21, AP=0.0SG; 4CH-rds",ok,0.0005179804812468045,0.010477633124709574,0.015557907896350082,0.047425844837737846,0.12708939096726096,0.29346771081208933,0.7065322891879107,ARG_Rough,ARG_Rough+PUTT_Lag; weak OTT_Accuracy,NeutralSG=-4.21; VFD=74.5; VHD=-0.0(4rds); →Tier5 VTS=33.6
142,139,"Brehm, Ryan",BREHM_RYAN,confirmed,TBD,TBD,medium,medium,-1.5924999999999998,46.279893711248896,46.53840397927888,0.2585102680299869,medium,0.0,"DataGolf venue-fit tool; comp courses: TPC River Highlands, Colonial CC, Sedgefield CC; cf_adj_total scaled ×20, capped ±7 VTS pts",12,-2.651,-2.68,medium,46.66947867828322,Balanced,"{""neutral"": 0.4, ""venuefit"": 0.3, ""venuehistory"": 0.3}",clear,False,,0.0,bomb_and_spray;wedge_liability;poor_birdie_conv;rough_approach_liab,-7.247008627628805,-1.1730232558139535,-2.672467606166651,-2.2759139009139018,-1.1256038647342994,bomb_and_spray;wedge_liability;poor_birdie_conv;rough_approach_liab,Deere Run standard venue (non-major birdie-fest). AP_TO_VTS=2.0. Soft/wet week: bomb_and_spray softened (miss_fw_pen_frac=0.0264 modest). No weather amplification on other patterns.,OTT_Accuracy,False,0.0,,-1.5924999999999998,50.0,0.0,False,,0.0,False,ok,,0.0,medium,50.0,standard,Standard venue variance class. Soft/wet delay risk: no compression multiplier.,standard,"{""win_exponent"": 4.5, ""win_cap"": 0.14, ""top3_center"": 80, ""top5_center"": 76, ""top10_center"": 68, ""top20_center"": 59, ""make_cut_center"": 48, ""make_cut_steepness"": 0.07}","144-player cut event. Win exp=4.5, cap=0.14. make_cut_pct via logistic(vts, center=48, steep=0.07).",32.17546142302561,32.17546142302561,5,"Tier5 — Course Mismatch: Weak NeutralSG=-1.59, AP=-7.2SG; 12CH-rds",ok,0.0004025767924018482,0.008305856587060184,0.012340470854696868,0.03826480984166262,0.10470906045315648,0.24829662455484602,0.751703375445154,OTT_Distance,OTT_Distance+APP_Wedge; weak OTT_Accuracy,NeutralSG=-1.59; VFD=0.3; VHD=-2.7(12rds); AP=-7.2SG(bomb_and_spray;wedge_liability;poor_birdie_conv;rough_approach_liab); →Tier5 VTS=32.2
143,135,"Howell, Mason",HOWELL_MASON,confirmed,TBD,TBD,medium,medium,-1.2325000000000002,52.65721877767937,52.6834738268195,0.02625504914013277,medium,0.6,"DataGolf venue-fit tool; comp courses: TPC River Highlands, Colonial CC, Sedgefield CC; cf_adj_total scaled ×20, capped ±7 VTS pts",0,,0.0,none,52.66772079733542,Neutral+Venue,"{""neutral"": 0.6, ""venuefit"": 0.4, ""venuehistory"": 0.0}",clear,True,A,-4.0,wedge_liability;poor_birdie_conv;rough_approach_liab,-6.047159769933427,0.0,-2.516409722879031,-1.8117484367484376,-1.7190016103059582,wedge_liability;poor_birdie_conv;rough_approach_liab,Deere Run standard venue (non-major birdie-fest). AP_TO_VTS=2.0. Soft/wet week: bomb_and_spray softened (miss_fw_pen_frac=0.0264 modest). No weather amplification on other patterns.,ARG_Bunker,False,0.0,,-1.2325000000000002,50.0,0.0,False,,0.0,False,ok,,0.0,high,75.0,standard,Standard venue variance class. Soft/wet delay risk: no compression multiplier.,standard,"{""win_exponent"": 4.5, ""win_cap"": 0.14, ""top3_center"": 80, ""top5_center"": 76, ""top10_center"": 68, ""top20_center"": 59, ""make_cut_center"": 48, ""make_cut_steepness"": 0.07}","144-player cut event. Win exp=4.5, cap=0.14. make_cut_pct via logistic(vts, center=48, steep=0.07).",30.573401257468568,30.573401257468568,5,"Tier5 — Course Mismatch: Weak NeutralSG=-1.23, AP=-6.0SG; 0CH-rds (debut); debut-A",ok,0.00034064984529455543,0.007793541119728126,0.011586223811082657,0.03662776658929651,0.10261731060284676,0.25075682765452495,0.7492431723454751,OTT_Distance,OTT_Distance+PUTT_Lag; weak ARG_Bunker,NeutralSG=-1.23; VFD=0.0; VHD=0.0(0rds); debut-A pen=-4.0SG; AP=-6.0SG(wedge_liability;poor_birdie_conv;rough_approach_liab); →Tier5 VTS=30.6
144,142,"Lindheim, Nicholas",LINDHEIM_NICHOLAS,confirmed,TBD,TBD,thin,low,-2.44,31.2666076173605,18.82394057242317,-12.44266704493733,low,2.2,"DataGolf venue-fit tool; comp courses: TPC River Highlands, Colonial CC, Sedgefield CC; cf_adj_total scaled ×20, capped ±7 VTS pts",13,-1.392,-0.9600000000000001,medium,32.86582521867115,Balanced,"{""neutral"": 0.4, ""venuefit"": 0.3, ""venuehistory"": 0.3}",clear,False,,0.0,wedge_liability;poor_birdie_conv;rough_approach_liab,-9.0,0.0,-4.284403669724771,-3.248136123136124,-1.5950080515297906,wedge_liability;poor_birdie_conv;rough_approach_liab,Deere Run standard venue (non-major birdie-fest). AP_TO_VTS=2.0. Soft/wet week: bomb_and_spray softened (miss_fw_pen_frac=0.0264 modest). No weather amplification on other patterns.,APP_Wedge,False,0.0,,-2.44,50.0,0.0,False,,0.0,False,ok,,0.0,high,75.0,standard,Standard venue variance class. Soft/wet delay risk: no compression multiplier.,standard,"{""win_exponent"": 4.5, ""win_cap"": 0.14, ""top3_center"": 80, ""top5_center"": 76, ""top10_center"": 68, ""top20_center"": 59, ""make_cut_center"": 48, ""make_cut_steepness"": 0.07}","144-player cut event. Win exp=4.5, cap=0.14. make_cut_pct via logistic(vts, center=48, steep=0.07).",14.865825218671148,14.865825218671148,5,"Tier5 — Course Mismatch: Weak NeutralSG=-2.44, AP=-9.0SG; 13CH-rds",ok,1.3277364985553404e-05,0.0016293247712861848,0.0024288974997596674,0.009139868927207273,0.031295322023973206,0.09848254722053658,0.9015174527794634,OTT_Accuracy,OTT_Accuracy+OTT_Distance; weak APP_Wedge,NeutralSG=-2.44; VFD=-12.4; VHD=-1.0(13rds); AP=-9.0SG(wedge_liability;poor_birdie_conv;rough_approach_liab); →Tier5 VTS=14.9
