rank_model,player_id,player_display,name_key,field_status,r1_tee_time,r1_wave,data_depth_class,baseline_confidence_band,neutral_skill_sg,neutral_skill_index,venue_fit_score,venue_fit_delta,venue_fit_conf_band,comp_course_adjustment,comp_course_trace,venue_history_rounds,venue_history_sg,venue_history_delta,venue_history_conf_band,pre_penalty_vts,blend_class,blend_weights_used,tier_eligibility_gate_status,debut_flag,debut_class,debut_penalty_applied,anti_pattern_flags,anti_pattern_penalty_total,ap_pen_bomb_spray,ap_pen_wedge_liab,ap_pen_poor_birdie,ap_pen_rough_approach,anti_pattern_trigger_trace,anti_pattern_modifier_trace,primary_risk_trait,risk_stressor_active,risk_secondary_discount_applied,risk_discount_trace,form_score_adjusted,recent_form_index,form_vs_baseline,recent_form_gate_applied,recent_form_gate_reason,form_delta_vts,injury_flag,health_gate_status,health_gate_reason,health_delta_vts,player_variance_band,volatility_index,venue_variance_class,variance_adjustment_trace,probability_compression_class,probability_compression_coefficients,probability_compression_trace,vts_final_raw,vts_final,tier,tier_reason,tier_gate_check,win_pct,top3_pct,top5_pct,top10_pct,top20_pct,make_cut_pct,miss_cut_pct,primary_trait_driver,trait_summary_label,trace_notes
1,3,"Koivun, Jackson",KOIVUN_JACKSON,confirmed,TBD,TBD,medium,medium,0.9275,90.9211691762622,85.60536859181347,-5.3158005844487235,medium,0.0,"DataGolf venue-fit tool; comp courses: TPC River Highlands, Colonial CC, Sedgefield CC; cf_adj_total scaled ×20, capped ±7 VTS pts",4,1.87,0.024,low,82.92606359526582,Blended,"{""neutral"": 0.5, ""venuefit"": 0.35, ""venuehistory"": 0.15}",clear,False,,0.0,,0.0,0.0,0.0,0.0,0.0,,Deere Run standard venue (non-major birdie-fest). AP_TO_VTS=2.0. Soft/wet week: bomb_and_spray softened (miss_fw_pen_frac=0.0264 modest). No weather amplification on other patterns.,ARG_Rough,False,0.0,,1.7915,54.32,0.864,True,l5_form_applied,2.16,False,ok,,0.0,medium,50.0,standard,Standard venue variance class. Soft/wet delay risk: no compression multiplier.,standard,"{""win_exponent"": 4.5, ""win_cap"": 0.14, ""top3_center"": 80, ""top5_center"": 76, ""top10_center"": 68, ""top20_center"": 59, ""make_cut_center"": 48, ""make_cut_steepness"": 0.07}","144-player cut event. Win exp=4.5, cap=0.14. make_cut_pct via logistic(vts, center=48, steep=0.07).",85.08606359526581,85.08606359526581,1,Tier1 — Course Architect: NeutralSG=0.93+VFD=-5.3; 4CH-rds → elite birdie-fest fit at TPC Deere Run,ok,0.03150962777639687,0.6244797158264199,0.7127148961712183,0.823136780777128,0.889621928596489,0.930605281449292,0.069394718550708,PUTT_BirdieConv,PUTT_BirdieConv+PUTT_Lag; weak ARG_Rough,NeutralSG=0.93; VFD=-5.3; VHD=0.0(4rds); FormΔ=2.2; →Tier1 VTS=85.1
2,2,"Griffin, Ben",GRIFFIN_BEN,confirmed,TBD,TBD,deep,high,1.41,99.46855624446414,74.80987901703467,-24.658677227429465,high,-1.4,"DataGolf venue-fit tool; comp courses: TPC River Highlands, Colonial CC, Sedgefield CC; cf_adj_total scaled ×20, capped ±7 VTS pts",6,1.931,3.1336,medium,78.17046620289605,Balanced,"{""neutral"": 0.4, ""venuefit"": 0.3, ""venuehistory"": 0.3}",clear,False,,0.0,,0.0,0.0,0.0,0.0,0.0,,Deere Run standard venue (non-major birdie-fest). AP_TO_VTS=2.0. Soft/wet week: bomb_and_spray softened (miss_fw_pen_frac=0.0264 modest). No weather amplification on other patterns.,OTT_Accuracy,False,0.0,,2.466,55.28,1.056,True,l5_form_applied,2.64,False,ok,,0.0,low,25.0,standard,Standard venue variance class. Soft/wet delay risk: no compression multiplier.,standard,"{""win_exponent"": 4.5, ""win_cap"": 0.14, ""top3_center"": 80, ""top5_center"": 76, ""top10_center"": 68, ""top20_center"": 59, ""make_cut_center"": 48, ""make_cut_steepness"": 0.07}","144-player cut event. Win exp=4.5, cap=0.14. make_cut_pct via logistic(vts, center=48, steep=0.07).",80.81046620289605,80.81046620289605,1,Tier1 — Course Architect: NeutralSG=1.41+VFD=-24.7; 6CH-rds → elite birdie-fest fit at TPC Deere Run,ok,0.023134537867533878,0.46822551438319876,0.5561954895902034,0.6840430805766643,0.7661704052247511,0.8177454678704905,0.18225453212950948,PAR5_Scoring,PAR5_Scoring+APP_100-150; weak OTT_Accuracy,NeutralSG=1.41; VFD=-24.7; VHD=3.1(6rds); FormΔ=2.6; →Tier1 VTS=80.8
3,17,"Wallace, Matt",WALLACE_MATT,confirmed,TBD,TBD,deep,high,0.44,82.28520814880427,71.5769066264611,-10.708301522343177,high,-0.4,"DataGolf venue-fit tool; comp courses: TPC River Highlands, Colonial CC, Sedgefield CC; cf_adj_total scaled ×20, capped ±7 VTS pts",2,-1.266,-0.027200000000000002,low,78.001887539867,Neutral+Venue,"{""neutral"": 0.6, ""venuefit"": 0.4, ""venuehistory"": 0.0}",clear,False,,0.0,,0.0,0.0,0.0,0.0,0.0,,Deere Run standard venue (non-major birdie-fest). AP_TO_VTS=2.0. Soft/wet week: bomb_and_spray softened (miss_fw_pen_frac=0.0264 modest). No weather amplification on other patterns.,OTT_Accuracy,False,0.0,,1.074,53.17,0.634,True,l5_form_applied,1.585,False,ok,,0.0,low,25.0,standard,Standard venue variance class. Soft/wet delay risk: no compression multiplier.,standard,"{""win_exponent"": 4.5, ""win_cap"": 0.14, ""top3_center"": 80, ""top5_center"": 76, ""top10_center"": 68, ""top20_center"": 59, ""make_cut_center"": 48, ""make_cut_steepness"": 0.07}","144-player cut event. Win exp=4.5, cap=0.14. make_cut_pct via logistic(vts, center=48, steep=0.07).",79.58688753986699,79.58688753986699,2,"Tier2 — Contention Window: NeutralSG=0.44, VFD=-10.7; 2CH-rds",ok,0.021599486020824343,0.44070629134443146,0.5298506832205584,0.6654543632836093,0.7546306894941969,0.8111162562926612,0.18888374370733885,APP_100-150,APP_100-150+APP_150-200; weak OTT_Accuracy,NeutralSG=0.44; VFD=-10.7; VHD=-0.0(2rds); FormΔ=1.6; →Tier2 VTS=79.6
4,31,"Kim, Tom",KIM_TOM,confirmed,TBD,TBD,deep,high,0.28,79.45084145261293,71.29106738160755,-8.159774071005387,high,0.0,"DataGolf venue-fit tool; comp courses: TPC River Highlands, Colonial CC, Sedgefield CC; cf_adj_total scaled ×20, capped ±7 VTS pts",2,0.159,-0.022400000000000003,low,76.18693182421077,Neutral+Venue,"{""neutral"": 0.6, ""venuefit"": 0.4, ""venuehistory"": 0.0}",clear,False,,0.0,,0.0,0.0,0.0,0.0,0.0,,Deere Run standard venue (non-major birdie-fest). AP_TO_VTS=2.0. Soft/wet week: bomb_and_spray softened (miss_fw_pen_frac=0.0264 modest). No weather amplification on other patterns.,OTT_Accuracy,False,0.0,,1.438,55.79,1.158,True,l5_form_applied,2.8949999999999996,False,ok,,0.0,low,25.0,standard,Standard venue variance class. Soft/wet delay risk: no compression multiplier.,standard,"{""win_exponent"": 4.5, ""win_cap"": 0.14, ""top3_center"": 80, ""top5_center"": 76, ""top10_center"": 68, ""top20_center"": 59, ""make_cut_center"": 48, ""make_cut_steepness"": 0.07}","144-player cut event. Win exp=4.5, cap=0.14. make_cut_pct via logistic(vts, center=48, steep=0.07).",79.08193182421077,79.08193182421077,2,"Tier2 — Contention Window: NeutralSG=0.28, VFD=-8.2; 2CH-rds",ok,0.020989606044252256,0.42935796244542784,0.5187997586717827,0.6574877422126804,0.7496392326963386,0.808244339036137,0.19175566096386298,APP_100-150,APP_100-150+APP_150-200; weak OTT_Accuracy,NeutralSG=0.28; VFD=-8.2; VHD=-0.0(2rds); FormΔ=2.9; →Tier2 VTS=79.1
5,4,"Fowler, Rickie",FOWLER_RICKIE,confirmed,TBD,TBD,deep,high,1.18,95.39415411868912,77.4081909008021,-17.98596321788702,high,0.4,"DataGolf venue-fit tool; comp courses: TPC River Highlands, Colonial CC, Sedgefield CC; cf_adj_total scaled ×20, capped ±7 VTS pts",6,0.762,0.39840000000000003,medium,76.49963891771627,Balanced,"{""neutral"": 0.4, ""venuefit"": 0.3, ""venuehistory"": 0.3}",clear,False,,0.0,,0.0,0.0,0.0,0.0,0.0,,Deere Run standard venue (non-major birdie-fest). AP_TO_VTS=2.0. Soft/wet week: bomb_and_spray softened (miss_fw_pen_frac=0.0264 modest). No weather amplification on other patterns.,ARG_Rough,False,0.0,,0.9679999999999999,48.94,-0.21200000000000005,True,l5_form_applied,-0.5300000000000001,False,ok,,0.0,low,25.0,standard,Standard venue variance class. Soft/wet delay risk: no compression multiplier.,standard,"{""win_exponent"": 4.5, ""win_cap"": 0.14, ""top3_center"": 80, ""top5_center"": 76, ""top10_center"": 68, ""top20_center"": 59, ""make_cut_center"": 48, ""make_cut_steepness"": 0.07}","144-player cut event. Win exp=4.5, cap=0.14. make_cut_pct via logistic(vts, center=48, steep=0.07).",75.96963891771627,75.96963891771627,2,"Tier2 — Contention Window: NeutralSG=1.18, VFD=-18.0; 6CH-rds",ok,0.017520110999163525,0.36052479118778397,0.4493168761733662,0.6048045170577478,0.7158281907745191,0.7886724882613945,0.21132751173860553,PAR5_Scoring,PAR5_Scoring+APP_100-150; weak ARG_Rough,NeutralSG=1.18; VFD=-18.0; VHD=0.4(6rds); FormΔ=-0.5; →Tier2 VTS=76.0
6,1,"Gotterup, Chris",GOTTERUP_CHRIS,confirmed,TBD,TBD,deep,high,1.44,100.0,75.24528993119566,-24.754710068804343,high,-2.6,"DataGolf venue-fit tool; comp courses: TPC River Highlands, Colonial CC, Sedgefield CC; cf_adj_total scaled ×20, capped ±7 VTS pts",10,1.23,2.6912000000000003,medium,78.3809469793587,Balanced,"{""neutral"": 0.4, ""venuefit"": 0.3, ""venuehistory"": 0.3}",clear,False,,0.0,bomb_and_spray;rough_approach_liab,-2.6740815638692284,-1.558139534883721,0.0,0.0,-1.1159420289855073,bomb_and_spray;rough_approach_liab,Deere Run standard venue (non-major birdie-fest). AP_TO_VTS=2.0. Soft/wet week: bomb_and_spray softened (miss_fw_pen_frac=0.0264 modest). No weather amplification on other patterns.,ARG_Rough,False,0.0,,2.42,54.9,0.98,True,l5_form_applied,2.45,False,ok,,0.0,low,25.0,standard,Standard venue variance class. Soft/wet delay risk: no compression multiplier.,standard,"{""win_exponent"": 4.5, ""win_cap"": 0.14, ""top3_center"": 80, ""top5_center"": 76, ""top10_center"": 68, ""top20_center"": 59, ""make_cut_center"": 48, ""make_cut_steepness"": 0.07}","144-player cut event. Win exp=4.5, cap=0.14. make_cut_pct via logistic(vts, center=48, steep=0.07).",75.48278385162024,75.48278385162024,2,"Tier2 — Contention Window: NeutralSG=1.44, VFD=-24.8; 10CH-rds",ok,0.017020494090052997,0.3500563632768413,0.4383652302515346,0.5960478269048081,0.7100572228024373,0.7853049122777983,0.2146950877222017,PAR5_Scoring,PAR5_Scoring+OTT_Distance; weak ARG_Rough,NeutralSG=1.44; VFD=-24.8; VHD=2.7(10rds); AP=-2.7SG(bomb_and_spray;rough_approach_liab); FormΔ=2.5; →Tier2 VTS=75.5
7,5,"Bridgeman, Jacob",BRIDGEMAN_JACOB,confirmed,TBD,TBD,deep,high,0.97,91.674047829938,75.3670881869283,-16.306959643009705,high,-0.4,"DataGolf venue-fit tool; comp courses: TPC River Highlands, Colonial CC, Sedgefield CC; cf_adj_total scaled ×20, capped ±7 VTS pts",6,0.873,2.0143999999999997,medium,74.88406558805369,Balanced,"{""neutral"": 0.4, ""venuefit"": 0.3, ""venuehistory"": 0.3}",clear,False,,0.0,,0.0,0.0,0.0,0.0,0.0,,Deere Run standard venue (non-major birdie-fest). AP_TO_VTS=2.0. Soft/wet week: bomb_and_spray softened (miss_fw_pen_frac=0.0264 modest). No weather amplification on other patterns.,OTT_Accuracy,False,0.0,,1.032,50.31,0.062,True,l5_form_applied,0.155,False,ok,,0.0,low,25.0,standard,Standard venue variance class. Soft/wet delay risk: no compression multiplier.,standard,"{""win_exponent"": 4.5, ""win_cap"": 0.14, ""top3_center"": 80, ""top5_center"": 76, ""top10_center"": 68, ""top20_center"": 59, ""make_cut_center"": 48, ""make_cut_steepness"": 0.07}","144-player cut event. Win exp=4.5, cap=0.14. make_cut_pct via logistic(vts, center=48, steep=0.07).",75.03906558805369,75.03906558805369,2,"Tier2 — Contention Window: NeutralSG=0.97, VFD=-16.3; 6CH-rds",ok,0.01657486316553549,0.3406132465684269,0.42839559766984203,0.5879576290453561,0.7046831636969649,0.7821603113408941,0.21783968865910586,PAR5_Scoring,PAR5_Scoring+APP_100-150; weak OTT_Accuracy,NeutralSG=0.97; VFD=-16.3; VHD=2.0(6rds); FormΔ=0.2; →Tier2 VTS=75.0
8,6,"Bradley, Keegan",BRADLEY_KEEGAN,confirmed,TBD,TBD,deep,high,0.91,90.61116031886627,72.17425471253082,-18.436905606335444,high,-1.0,"DataGolf venue-fit tool; comp courses: TPC River Highlands, Colonial CC, Sedgefield CC; cf_adj_total scaled ×20, capped ±7 VTS pts",8,0.204,-1.82,medium,72.35074054130575,Balanced,"{""neutral"": 0.4, ""venuefit"": 0.3, ""venuehistory"": 0.3}",clear,False,,0.0,,0.0,0.0,0.0,0.0,0.0,,Deere Run standard venue (non-major birdie-fest). AP_TO_VTS=2.0. Soft/wet week: bomb_and_spray softened (miss_fw_pen_frac=0.0264 modest). No weather amplification on other patterns.,OTT_Accuracy,False,0.0,,1.682,53.86,0.7719999999999999,True,l5_form_applied,1.9299999999999997,False,ok,,0.0,low,25.0,standard,Standard venue variance class. Soft/wet delay risk: no compression multiplier.,standard,"{""win_exponent"": 4.5, ""win_cap"": 0.14, ""top3_center"": 80, ""top5_center"": 76, ""top10_center"": 68, ""top20_center"": 59, ""make_cut_center"": 48, ""make_cut_steepness"": 0.07}","144-player cut event. Win exp=4.5, cap=0.14. make_cut_pct via logistic(vts, center=48, steep=0.07).",74.28074054130576,74.28074054130576,2,"Tier2 — Contention Window: NeutralSG=0.91, VFD=-18.4; 8CH-rds",ok,0.015834326104216853,0.32471328758851636,0.4114116665897499,0.573903236918218,0.6952464368845274,0.776616773132412,0.22338322686758805,PAR5_Scoring,PAR5_Scoring+APP_100-150; weak OTT_Accuracy,NeutralSG=0.91; VFD=-18.4; VHD=-1.8(8rds); FormΔ=1.9; →Tier2 VTS=74.3
9,35,"Bauchou, Zach",BAUCHOU_ZACH,confirmed,TBD,TBD,deep,high,0.18,77.67936226749336,72.97608525510582,-4.703277012387545,high,0.2,"DataGolf venue-fit tool; comp courses: TPC River Highlands, Colonial CC, Sedgefield CC; cf_adj_total scaled ×20, capped ±7 VTS pts",0,,0.0,none,75.79805146253834,Neutral+Venue,"{""neutral"": 0.6, ""venuefit"": 0.4, ""venuehistory"": 0.0}",clear,True,B,-1.75,,0.0,0.0,0.0,0.0,0.0,,Deere Run standard venue (non-major birdie-fest). AP_TO_VTS=2.0. Soft/wet week: bomb_and_spray softened (miss_fw_pen_frac=0.0264 modest). No weather amplification on other patterns.,OTT_Accuracy,False,0.0,,1.2379999999999998,55.29,1.0579999999999998,True,l5_form_applied,2.6449999999999996,False,ok,,0.0,high,75.0,standard,Standard venue variance class. Soft/wet delay risk: no compression multiplier.,standard,"{""win_exponent"": 4.5, ""win_cap"": 0.14, ""top3_center"": 80, ""top5_center"": 76, ""top10_center"": 68, ""top20_center"": 59, ""make_cut_center"": 48, ""make_cut_steepness"": 0.07}","144-player cut event. Win exp=4.5, cap=0.14. make_cut_pct via logistic(vts, center=48, steep=0.07).",74.06805146253834,74.06805146253834,2,"Tier2 — Contention Window: NeutralSG=0.18, VFD=-4.7; 0CH-rds (debut); debut-B",ok,0.017976020393624025,0.3914923570038878,0.4970360494837724,0.6965596103722455,0.84644103008367,0.9472504144158588,0.05274958558414122,APP_100-150,APP_100-150+APP_150-200; weak OTT_Accuracy,NeutralSG=0.18; VFD=-4.7; VHD=0.0(0rds); debut-B pen=-1.8SG; FormΔ=2.6; →Tier2 VTS=74.1
10,13,"Cole, Eric",COLE_ERIC,confirmed,TBD,TBD,deep,high,0.59,84.94242692648362,69.32664773384232,-15.615779192641298,high,-2.2,"DataGolf venue-fit tool; comp courses: TPC River Highlands, Colonial CC, Sedgefield CC; cf_adj_total scaled ×20, capped ±7 VTS pts",14,0.117,0.5824,medium,69.94968509074614,Balanced,"{""neutral"": 0.4, ""venuefit"": 0.3, ""venuehistory"": 0.3}",clear,False,,0.0,,0.0,0.0,0.0,0.0,0.0,,Deere Run standard venue (non-major birdie-fest). AP_TO_VTS=2.0. Soft/wet week: bomb_and_spray softened (miss_fw_pen_frac=0.0264 modest). No weather amplification on other patterns.,OTT_Accuracy,False,0.0,,2.114,57.62,1.524,True,l5_form_applied,3.81,False,ok,,0.0,low,25.0,standard,Standard venue variance class. Soft/wet delay risk: no compression multiplier.,standard,"{""win_exponent"": 4.5, ""win_cap"": 0.14, ""top3_center"": 80, ""top5_center"": 76, ""top10_center"": 68, ""top20_center"": 59, ""make_cut_center"": 48, ""make_cut_steepness"": 0.07}","144-player cut event. Win exp=4.5, cap=0.14. make_cut_pct via logistic(vts, center=48, steep=0.07).",73.75968509074615,73.75968509074615,2,"Tier2 — Contention Window: NeutralSG=0.59, VFD=-15.6; 14CH-rds",ok,0.015340598932001459,0.313978597145302,0.3998026898326756,0.5640902340903484,0.6885783788142636,0.7726818109493533,0.2273181890506467,APP_100-150,APP_100-150+APP_150-200; weak OTT_Accuracy,NeutralSG=0.59; VFD=-15.6; VHD=0.6(14rds); FormΔ=3.8; →Tier2 VTS=73.8
11,10,"Bezuidenhout, Christiaan",BEZUIDENHOUT_CHRISTIAAN,confirmed,TBD,TBD,deep,high,0.69,86.7139061116032,74.73308262744251,-11.98082348416068,high,0.6,"DataGolf venue-fit tool; comp courses: TPC River Highlands, Colonial CC, Sedgefield CC; cf_adj_total scaled ×20, capped ±7 VTS pts",8,0.691,0.5768,medium,72.27852723287403,Balanced,"{""neutral"": 0.4, ""venuefit"": 0.3, ""venuehistory"": 0.3}",clear,False,,0.0,,0.0,0.0,0.0,0.0,0.0,,Deere Run standard venue (non-major birdie-fest). AP_TO_VTS=2.0. Soft/wet week: bomb_and_spray softened (miss_fw_pen_frac=0.0264 modest). No weather amplification on other patterns.,OTT_Distance,False,0.0,,1.2,52.55,0.51,True,l5_form_applied,1.275,False,ok,,0.0,low,25.0,standard,Standard venue variance class. Soft/wet delay risk: no compression multiplier.,standard,"{""win_exponent"": 4.5, ""win_cap"": 0.14, ""top3_center"": 80, ""top5_center"": 76, ""top10_center"": 68, ""top20_center"": 59, ""make_cut_center"": 48, ""make_cut_steepness"": 0.07}","144-player cut event. Win exp=4.5, cap=0.14. make_cut_pct via logistic(vts, center=48, steep=0.07).",73.55352723287403,73.55352723287403,2,"Tier2 — Contention Window: NeutralSG=0.69, VFD=-12.0; 8CH-rds",ok,0.015148594530221668,0.30977709570468226,0.39522728000404395,0.5601747874865072,0.6858989442556808,0.7710962173643794,0.2289037826356206,APP_150-200,APP_150-200+APP_100-150; weak OTT_Distance,NeutralSG=0.69; VFD=-12.0; VHD=0.6(8rds); FormΔ=1.3; →Tier2 VTS=73.6
12,54,"Fisk, Steven",FISK_STEVEN,confirmed,TBD,TBD,deep,high,0.03,75.02214348981401,66.42663523192509,-8.595508257888923,high,-0.6,"DataGolf venue-fit tool; comp courses: TPC River Highlands, Colonial CC, Sedgefield CC; cf_adj_total scaled ×20, capped ±7 VTS pts",2,-1.841,-0.0352,low,71.58394018665844,Neutral+Venue,"{""neutral"": 0.6, ""venuefit"": 0.4, ""venuehistory"": 0.0}",clear,False,,0.0,,0.0,0.0,0.0,0.0,0.0,,Deere Run standard venue (non-major birdie-fest). AP_TO_VTS=2.0. Soft/wet week: bomb_and_spray softened (miss_fw_pen_frac=0.0264 modest). No weather amplification on other patterns.,OTT_Accuracy,False,0.0,,0.518,52.44,0.488,True,l5_form_applied,1.22,False,ok,,0.0,low,25.0,standard,Standard venue variance class. Soft/wet delay risk: no compression multiplier.,standard,"{""win_exponent"": 4.5, ""win_cap"": 0.14, ""top3_center"": 80, ""top5_center"": 76, ""top10_center"": 68, ""top20_center"": 59, ""make_cut_center"": 48, ""make_cut_steepness"": 0.07}","144-player cut event. Win exp=4.5, cap=0.14. make_cut_pct via logistic(vts, center=48, steep=0.07).",72.80394018665844,72.80394018665844,2,"Tier2 — Contention Window: NeutralSG=0.03, VFD=-8.6; 2CH-rds",ok,0.014466169593035571,0.29473177898608527,0.3786945985976733,0.5457922099109132,0.6759609960801313,0.7651920658163611,0.23480793418363888,PAR5_Scoring,PAR5_Scoring+APP_100-150; weak OTT_Accuracy,NeutralSG=0.03; VFD=-8.6; VHD=-0.0(2rds); FormΔ=1.2; →Tier2 VTS=72.8
13,56,"Suber, Jackson",SUBER_JACKSON,confirmed,TBD,TBD,deep,high,0.02,74.84499557130204,67.40277765231409,-7.44221791898795,high,-0.2,"DataGolf venue-fit tool; comp courses: TPC River Highlands, Colonial CC, Sedgefield CC; cf_adj_total scaled ×20, capped ±7 VTS pts",2,0.159,-0.0176,low,71.86810840370686,Neutral+Venue,"{""neutral"": 0.6, ""venuefit"": 0.4, ""venuehistory"": 0.0}",clear,False,,0.0,rough_approach_liab,-1.1143317230273753,0.0,0.0,0.0,-1.1143317230273753,rough_approach_liab,Deere Run standard venue (non-major birdie-fest). AP_TO_VTS=2.0. Soft/wet week: bomb_and_spray softened (miss_fw_pen_frac=0.0264 modest). No weather amplification on other patterns.,OTT_Accuracy,False,0.0,,1.258,56.19,1.238,True,l5_form_applied,3.0949999999999998,False,ok,,0.0,low,25.0,standard,Standard venue variance class. Soft/wet delay risk: no compression multiplier.,standard,"{""win_exponent"": 4.5, ""win_cap"": 0.14, ""top3_center"": 80, ""top5_center"": 76, ""top10_center"": 68, ""top20_center"": 59, ""make_cut_center"": 48, ""make_cut_steepness"": 0.07}","144-player cut event. Win exp=4.5, cap=0.14. make_cut_pct via logistic(vts, center=48, steep=0.07).",72.7344449576521,72.7344449576521,2,"Tier2 — Contention Window: NeutralSG=0.02, VFD=-7.4; 2CH-rds",ok,0.014404134038550863,0.29335594765654727,0.37717106157047264,0.5444478107731232,0.6750241823491377,0.7646335491967234,0.23536645080327656,APP_100-150,APP_100-150+APP_150-200; weak OTT_Accuracy,NeutralSG=0.02; VFD=-7.4; VHD=-0.0(2rds); AP=-1.1SG(rough_approach_liab); FormΔ=3.1; →Tier2 VTS=72.7
14,9,"Thorbjornsen, Michael",THORBJORNSEN_MICHAEL,confirmed,TBD,TBD,deep,high,0.71,87.0682019486271,71.20959910028232,-15.858602848344788,high,-0.4,"DataGolf venue-fit tool; comp courses: TPC River Highlands, Colonial CC, Sedgefield CC; cf_adj_total scaled ×20, capped ±7 VTS pts",12,2.007,5.4624,medium,72.82888050953554,Balanced,"{""neutral"": 0.4, ""venuefit"": 0.3, ""venuehistory"": 0.3}",clear,False,,0.0,,0.0,0.0,0.0,0.0,0.0,,Deere Run standard venue (non-major birdie-fest). AP_TO_VTS=2.0. Soft/wet week: bomb_and_spray softened (miss_fw_pen_frac=0.0264 modest). No weather amplification on other patterns.,ARG_Rough,False,0.0,,0.546,49.18,-0.16399999999999998,True,l5_form_applied,-0.4099999999999999,False,ok,,0.0,low,25.0,standard,Standard venue variance class. Soft/wet delay risk: no compression multiplier.,standard,"{""win_exponent"": 4.5, ""win_cap"": 0.14, ""top3_center"": 80, ""top5_center"": 76, ""top10_center"": 68, ""top20_center"": 59, ""make_cut_center"": 48, ""make_cut_steepness"": 0.07}","144-player cut event. Win exp=4.5, cap=0.14. make_cut_pct via logistic(vts, center=48, steep=0.07).",72.41888050953554,72.41888050953554,2,"Tier2 — Contention Window: NeutralSG=0.71, VFD=-15.9; 12CH-rds",ok,0.014125040597843435,0.28715069051232256,0.3702750178934723,0.538321278518802,0.6707375380615713,0.7620734489065107,0.23792655109348926,PAR5_Scoring,PAR5_Scoring+OTT_Distance; weak ARG_Rough,NeutralSG=0.71; VFD=-15.9; VHD=5.5(12rds); FormΔ=-0.4; →Tier2 VTS=72.4
15,11,"Poston, J.T.",POSTON_J.T.,confirmed,TBD,TBD,deep,high,0.68,86.53675819309123,73.91547294765289,-12.621285245438344,high,0.8,"DataGolf venue-fit tool; comp courses: TPC River Highlands, Colonial CC, Sedgefield CC; cf_adj_total scaled ×20, capped ±7 VTS pts",26,0.212,0.07840000000000001,medium,71.81286516153236,Balanced,"{""neutral"": 0.4, ""venuefit"": 0.3, ""venuehistory"": 0.3}",clear,False,,0.0,rough_approach_liab,-1.1779388083735909,0.0,0.0,0.0,-1.1779388083735909,rough_approach_liab,Deere Run standard venue (non-major birdie-fest). AP_TO_VTS=2.0. Soft/wet week: bomb_and_spray softened (miss_fw_pen_frac=0.0264 modest). No weather amplification on other patterns.,ARG_Rough,False,0.0,,1.798,55.59,1.1179999999999999,True,l5_form_applied,2.795,False,ok,,0.0,low,25.0,standard,Standard venue variance class. Soft/wet delay risk: no compression multiplier.,standard,"{""win_exponent"": 4.5, ""win_cap"": 0.14, ""top3_center"": 80, ""top5_center"": 76, ""top10_center"": 68, ""top20_center"": 59, ""make_cut_center"": 48, ""make_cut_steepness"": 0.07}","144-player cut event. Win exp=4.5, cap=0.14. make_cut_pct via logistic(vts, center=48, steep=0.07).",72.25198754478518,72.25198754478518,2,"Tier2 — Contention Window: NeutralSG=0.68, VFD=-12.6; 26CH-rds",ok,0.013979146816559382,0.283897275095198,0.36664324454232944,0.5350671478405822,0.6684488369292388,0.7607035258973059,0.23929647410269406,PAR5_Scoring,PAR5_Scoring+APP_100-150; weak ARG_Rough,NeutralSG=0.68; VFD=-12.6; VHD=0.1(26rds); AP=-1.2SG(rough_approach_liab); FormΔ=2.8; →Tier2 VTS=72.3
16,14,"Kim, Michael",KIM_MICHAEL,confirmed,TBD,TBD,deep,high,0.55,84.23383525243578,70.79474845025219,-13.439086802183596,high,-1.4,"DataGolf venue-fit tool; comp courses: TPC River Highlands, Colonial CC, Sedgefield CC; cf_adj_total scaled ×20, capped ±7 VTS pts",22,-0.302,0.6368,medium,70.12299863604997,Balanced,"{""neutral"": 0.4, ""venuefit"": 0.3, ""venuehistory"": 0.3}",clear,False,,0.0,,0.0,0.0,0.0,0.0,0.0,,Deere Run standard venue (non-major birdie-fest). AP_TO_VTS=2.0. Soft/wet week: bomb_and_spray softened (miss_fw_pen_frac=0.0264 modest). No weather amplification on other patterns.,OTT_Accuracy,False,0.0,,1.12,52.85,0.57,True,l5_form_applied,1.4249999999999998,False,ok,,0.0,low,25.0,standard,Standard venue variance class. Soft/wet delay risk: no compression multiplier.,standard,"{""win_exponent"": 4.5, ""win_cap"": 0.14, ""top3_center"": 80, ""top5_center"": 76, ""top10_center"": 68, ""top20_center"": 59, ""make_cut_center"": 48, ""make_cut_steepness"": 0.07}","144-player cut event. Win exp=4.5, cap=0.14. make_cut_pct via logistic(vts, center=48, steep=0.07).",71.54799863604997,71.54799863604997,2,"Tier2 — Contention Window: NeutralSG=0.55, VFD=-13.4; 22CH-rds",ok,0.013376585768814784,0.2703966360956887,0.35145232272132526,0.5212426428765312,0.6586315891469857,0.7548023372519874,0.24519766274801258,APP_100-150,APP_100-150+APP_150-200; weak OTT_Accuracy,NeutralSG=0.55; VFD=-13.4; VHD=0.6(22rds); FormΔ=1.4; →Tier2 VTS=71.5
17,15,"Mccarthy, Denny",MCCARTHY_DENNY,confirmed,TBD,TBD,deep,high,0.51,83.52524357838796,70.65655633988764,-12.868687238500314,high,-1.0,"DataGolf venue-fit tool; comp courses: TPC River Highlands, Colonial CC, Sedgefield CC; cf_adj_total scaled ×20, capped ±7 VTS pts",24,1.211,1.9751999999999998,medium,70.19962433332148,Balanced,"{""neutral"": 0.4, ""venuefit"": 0.3, ""venuehistory"": 0.3}",clear,False,,0.0,,0.0,0.0,0.0,0.0,0.0,,Deere Run standard venue (non-major birdie-fest). AP_TO_VTS=2.0. Soft/wet week: bomb_and_spray softened (miss_fw_pen_frac=0.0264 modest). No weather amplification on other patterns.,OTT_Accuracy,False,0.0,,0.976,52.33,0.466,True,l5_form_applied,1.165,False,ok,,0.0,low,25.0,standard,Standard venue variance class. Soft/wet delay risk: no compression multiplier.,standard,"{""win_exponent"": 4.5, ""win_cap"": 0.14, ""top3_center"": 80, ""top5_center"": 76, ""top10_center"": 68, ""top20_center"": 59, ""make_cut_center"": 48, ""make_cut_steepness"": 0.07}","144-player cut event. Win exp=4.5, cap=0.14. make_cut_pct via logistic(vts, center=48, steep=0.07).",71.36462433332149,71.36462433332149,2,"Tier2 — Contention Window: NeutralSG=0.51, VFD=-12.9; 24CH-rds",ok,0.013223000102505385,0.2669406991773083,0.3475322558721438,0.5176177318007281,0.6560315460912101,0.7532324337037107,0.24676756629628926,PUTT_BirdieConv,PUTT_BirdieConv+PUTT_Lag; weak OTT_Accuracy,NeutralSG=0.51; VFD=-12.9; VHD=2.0(24rds); FormΔ=1.2; →Tier2 VTS=71.4
18,8,"Meissner, Mac",MEISSNER_MAC,confirmed,TBD,TBD,deep,high,0.72,87.24534986713907,71.9565755911451,-15.288774275993973,high,-1.2,"DataGolf venue-fit tool; comp courses: TPC River Highlands, Colonial CC, Sedgefield CC; cf_adj_total scaled ×20, capped ±7 VTS pts",6,0.765,1.9856,medium,72.08079262419916,Balanced,"{""neutral"": 0.4, ""venuefit"": 0.3, ""venuehistory"": 0.3}",clear,False,,0.0,bomb_and_spray,-1.1004651162790697,-1.1004651162790697,0.0,0.0,0.0,bomb_and_spray,Deere Run standard venue (non-major birdie-fest). AP_TO_VTS=2.0. Soft/wet week: bomb_and_spray softened (miss_fw_pen_frac=0.0264 modest). No weather amplification on other patterns.,OTT_Accuracy,False,0.0,,1.092,51.86,0.372,True,l5_form_applied,0.9299999999999999,False,ok,,0.0,low,25.0,standard,Standard venue variance class. Soft/wet delay risk: no compression multiplier.,standard,"{""win_exponent"": 4.5, ""win_cap"": 0.14, ""top3_center"": 80, ""top5_center"": 76, ""top10_center"": 68, ""top20_center"": 59, ""make_cut_center"": 48, ""make_cut_steepness"": 0.07}","144-player cut event. Win exp=4.5, cap=0.14. make_cut_pct via logistic(vts, center=48, steep=0.07).",70.80986239164103,70.80986239164103,2,"Tier2 — Contention Window: NeutralSG=0.72, VFD=-15.3; 6CH-rds",ok,0.012766694032112273,0.2566430009442695,0.33577459046312114,0.5065984020038982,0.648059396000587,0.7483997789120659,0.2516002210879341,PAR5_Scoring,PAR5_Scoring+APP_100-150; weak OTT_Accuracy,NeutralSG=0.72; VFD=-15.3; VHD=2.0(6rds); AP=-1.1SG(bomb_and_spray); FormΔ=0.9; →Tier2 VTS=70.8
19,16,"Homa, Max",HOMA_MAX,confirmed,TBD,TBD,deep,high,0.49,83.17094774136406,71.33951277829686,-11.831434963067196,high,-1.0,"DataGolf venue-fit tool; comp courses: TPC River Highlands, Colonial CC, Sedgefield CC; cf_adj_total scaled ×20, capped ±7 VTS pts",10,0.924,4.208,medium,70.93263293003469,Balanced,"{""neutral"": 0.4, ""venuefit"": 0.3, ""venuehistory"": 0.3}",clear,False,,0.0,,0.0,0.0,0.0,0.0,0.0,,Deere Run standard venue (non-major birdie-fest). AP_TO_VTS=2.0. Soft/wet week: bomb_and_spray softened (miss_fw_pen_frac=0.0264 modest). No weather amplification on other patterns.,OTT_Accuracy,False,0.0,,0.434,49.72,-0.05599999999999998,True,l5_form_applied,-0.13999999999999996,False,ok,,0.0,low,25.0,standard,Standard venue variance class. Soft/wet delay risk: no compression multiplier.,standard,"{""win_exponent"": 4.5, ""win_cap"": 0.14, ""top3_center"": 80, ""top5_center"": 76, ""top10_center"": 68, ""top20_center"": 59, ""make_cut_center"": 48, ""make_cut_steepness"": 0.07}","144-player cut event. Win exp=4.5, cap=0.14. make_cut_pct via logistic(vts, center=48, steep=0.07).",70.79263293003469,70.79263293003469,2,"Tier2 — Contention Window: NeutralSG=0.49, VFD=-11.8; 10CH-rds",ok,0.012752721214465391,0.2563270280588458,0.3354119847846729,0.5062549912368747,0.6478092671153266,0.7482476771068256,0.2517523228931744,APP_100-150,APP_100-150+APP_150-200; weak OTT_Accuracy,NeutralSG=0.49; VFD=-11.8; VHD=4.2(10rds); FormΔ=-0.1; →Tier2 VTS=70.8
20,34,"Yellamaraju, Sudarshan",YELLAMARAJU_SUDARSHAN,confirmed,TBD,TBD,deep,high,0.18,77.67936226749336,74.47768463464648,-3.201677632846881,high,-0.2,"DataGolf venue-fit tool; comp courses: TPC River Highlands, Colonial CC, Sedgefield CC; cf_adj_total scaled ×20, capped ±7 VTS pts",0,,0.0,none,76.39869121435461,Neutral+Venue,"{""neutral"": 0.6, ""venuefit"": 0.4, ""venuehistory"": 0.0}",clear,True,B,-1.75,rough_approach_liab,-1.1054750402576488,0.0,0.0,0.0,-1.1054750402576488,rough_approach_liab,Deere Run standard venue (non-major birdie-fest). AP_TO_VTS=2.0. Soft/wet week: bomb_and_spray softened (miss_fw_pen_frac=0.0264 modest). No weather amplification on other patterns.,ARG_Rough,False,0.0,,0.484,51.52,0.304,True,l5_form_applied,0.76,False,ok,,0.0,high,75.0,standard,Standard venue variance class. Soft/wet delay risk: no compression multiplier.,standard,"{""win_exponent"": 4.5, ""win_cap"": 0.14, ""top3_center"": 80, ""top5_center"": 76, ""top10_center"": 68, ""top20_center"": 59, ""make_cut_center"": 48, ""make_cut_steepness"": 0.07}","144-player cut event. Win exp=4.5, cap=0.14. make_cut_pct via logistic(vts, center=48, steep=0.07).",70.57274113383932,70.57274113383932,2,"Tier2 — Contention Window: NeutralSG=0.18, VFD=-3.2; 0CH-rds (debut); debut-B",ok,0.014461750081828316,0.30838506070274646,0.40430906968510094,0.6133923699361654,0.787848975109347,0.9121392829374841,0.08786071706251586,PAR5_Scoring,PAR5_Scoring+APP_100-150; weak ARG_Rough,NeutralSG=0.18; VFD=-3.2; VHD=0.0(0rds); debut-B pen=-1.8SG; AP=-1.1SG(rough_approach_liab); FormΔ=0.8; →Tier2 VTS=70.6
21,58,"Finau, Tony",FINAU_TONY,confirmed,TBD,TBD,deep,high,0.01,74.66784765279009,64.04224374437047,-10.62560390841962,high,-1.8,"DataGolf venue-fit tool; comp courses: TPC River Highlands, Colonial CC, Sedgefield CC; cf_adj_total scaled ×20, capped ±7 VTS pts",2,-0.292,-0.028800000000000006,low,70.41760608942224,Neutral+Venue,"{""neutral"": 0.6, ""venuefit"": 0.4, ""venuehistory"": 0.0}",clear,False,,0.0,bomb_and_spray,-1.0627906976744188,-1.0627906976744188,0.0,0.0,0.0,bomb_and_spray,Deere Run standard venue (non-major birdie-fest). AP_TO_VTS=2.0. Soft/wet week: bomb_and_spray softened (miss_fw_pen_frac=0.0264 modest). No weather amplification on other patterns.,OTT_Accuracy,False,0.0,,0.706,53.48,0.696,True,l5_form_applied,1.7399999999999998,False,ok,,0.0,low,25.0,standard,Standard venue variance class. Soft/wet delay risk: no compression multiplier.,standard,"{""win_exponent"": 4.5, ""win_cap"": 0.14, ""top3_center"": 80, ""top5_center"": 76, ""top10_center"": 68, ""top20_center"": 59, ""make_cut_center"": 48, ""make_cut_steepness"": 0.07}","144-player cut event. Win exp=4.5, cap=0.14. make_cut_pct via logistic(vts, center=48, steep=0.07).",70.0320246940734,70.0320246940734,2,"Tier2 — Contention Window: NeutralSG=0.01, VFD=-10.6; 2CH-rds",ok,0.012147632482273773,0.2426143777085864,0.31956903864102554,0.49103419493377376,0.6366175595227426,0.7414113332865166,0.25858866671348335,APP_100-150,APP_100-150+APP_150-200; weak OTT_Accuracy,NeutralSG=0.01; VFD=-10.6; VHD=-0.0(2rds); AP=-1.1SG(bomb_and_spray); FormΔ=1.7; →Tier2 VTS=70.0
22,7,"Spieth, Jordan",SPIETH_JORDAN,confirmed,TBD,TBD,deep,high,0.77,88.13108945969886,71.85339955174672,-16.277689907952137,high,-0.8,"DataGolf venue-fit tool; comp courses: TPC River Highlands, Colonial CC, Sedgefield CC; cf_adj_total scaled ×20, capped ±7 VTS pts",20,1.82,1.9912,medium,72.40581564940355,Balanced,"{""neutral"": 0.4, ""venuefit"": 0.3, ""venuehistory"": 0.3}",clear,False,,0.0,bomb_and_spray,-1.2427906976744187,-1.2427906976744187,0.0,0.0,0.0,bomb_and_spray,Deere Run standard venue (non-major birdie-fest). AP_TO_VTS=2.0. Soft/wet week: bomb_and_spray softened (miss_fw_pen_frac=0.0264 modest). No weather amplification on other patterns.,OTT_Accuracy,False,0.0,,0.658,49.44,-0.11199999999999999,True,l5_form_applied,-0.27999999999999997,False,ok,,0.0,low,25.0,standard,Standard venue variance class. Soft/wet delay risk: no compression multiplier.,standard,"{""win_exponent"": 4.5, ""win_cap"": 0.14, ""top3_center"": 80, ""top5_center"": 76, ""top10_center"": 68, ""top20_center"": 59, ""make_cut_center"": 48, ""make_cut_steepness"": 0.07}","144-player cut event. Win exp=4.5, cap=0.14. make_cut_pct via logistic(vts, center=48, steep=0.07).",69.64023425405472,69.64023425405472,2,"Tier2 — Contention Window: NeutralSG=0.77, VFD=-16.3; 20CH-rds",ok,0.011844795806456783,0.23573435604533935,0.311540945057435,0.48315455686966424,0.6307404647048696,0.7377965101339808,0.26220348986601916,PAR5_Scoring,PAR5_Scoring+APP_100-150; weak OTT_Accuracy,NeutralSG=0.77; VFD=-16.3; VHD=2.0(20rds); AP=-1.2SG(bomb_and_spray); FormΔ=-0.3; →Tier2 VTS=69.6
23,28,"Greyserman, Max",GREYSERMAN_MAX,confirmed,TBD,TBD,deep,high,0.33,80.33658104517272,65.85587374003129,-14.480707305141436,high,-1.6,"DataGolf venue-fit tool; comp courses: TPC River Highlands, Colonial CC, Sedgefield CC; cf_adj_total scaled ×20, capped ±7 VTS pts",4,1.068,0.008,low,70.71904633159731,Blended,"{""neutral"": 0.5, ""venuefit"": 0.35, ""venuehistory"": 0.15}",clear,False,,0.0,bomb_and_spray,-1.0934883720930235,-1.0934883720930235,0.0,0.0,0.0,bomb_and_spray,Deere Run standard venue (non-major birdie-fest). AP_TO_VTS=2.0. Soft/wet week: bomb_and_spray softened (miss_fw_pen_frac=0.0264 modest). No weather amplification on other patterns.,OTT_Accuracy,False,0.0,,0.748,52.09,0.41800000000000004,True,l5_form_applied,1.0450000000000002,False,ok,,0.0,low,25.0,standard,Standard venue variance class. Soft/wet delay risk: no compression multiplier.,standard,"{""win_exponent"": 4.5, ""win_cap"": 0.14, ""top3_center"": 80, ""top5_center"": 76, ""top10_center"": 68, ""top20_center"": 59, ""make_cut_center"": 48, ""make_cut_steepness"": 0.07}","144-player cut event. Win exp=4.5, cap=0.14. make_cut_pct via logistic(vts, center=48, steep=0.07).",69.57706958741127,69.57706958741127,2,"Tier2 — Contention Window: NeutralSG=0.33, VFD=-14.5; 4CH-rds",ok,0.011796527206000903,0.23463701319812003,0.3102555405451083,0.4818821525461731,0.6297859480974354,0.7372077474184333,0.2627922525815667,APP_100-150,APP_100-150+APP_150-200; weak OTT_Accuracy,NeutralSG=0.33; VFD=-14.5; VHD=0.0(4rds); AP=-1.1SG(bomb_and_spray); FormΔ=1.0; →Tier2 VTS=69.6
24,24,"Pendrith, Taylor",PENDRITH_TAYLOR,confirmed,TBD,TBD,deep,high,0.36,80.86802480070861,68.88341962891963,-11.984605171788985,high,-0.8,"DataGolf venue-fit tool; comp courses: TPC River Highlands, Colonial CC, Sedgefield CC; cf_adj_total scaled ×20, capped ±7 VTS pts",0,,0.0,none,76.07418273199302,Neutral+Venue,"{""neutral"": 0.6, ""venuefit"": 0.4, ""venuehistory"": 0.0}",clear,True,B,-1.75,bomb_and_spray,-1.3697674418604653,-1.3697674418604653,0.0,0.0,0.0,bomb_and_spray,Deere Run standard venue (non-major birdie-fest). AP_TO_VTS=2.0. Soft/wet week: bomb_and_spray softened (miss_fw_pen_frac=0.0264 modest). No weather amplification on other patterns.,OTT_Accuracy,False,0.0,,0.546,50.93,0.186,True,l5_form_applied,0.46499999999999997,False,ok,,0.0,high,75.0,standard,Standard venue variance class. Soft/wet delay risk: no compression multiplier.,standard,"{""win_exponent"": 4.5, ""win_cap"": 0.14, ""top3_center"": 80, ""top5_center"": 76, ""top10_center"": 68, ""top20_center"": 59, ""make_cut_center"": 48, ""make_cut_steepness"": 0.07}","144-player cut event. Win exp=4.5, cap=0.14. make_cut_pct via logistic(vts, center=48, steep=0.07).",69.42464784827209,69.42464784827209,2,"Tier2 — Contention Window: NeutralSG=0.36, VFD=-12.0; 0CH-rds (debut); debut-B",ok,0.013432782983383568,0.28355883596354853,0.3754228592596871,0.5852118074744496,0.7669135060184264,0.8992868604005276,0.10071313959947237,PAR5_Scoring,PAR5_Scoring+OTT_Distance; weak OTT_Accuracy,NeutralSG=0.36; VFD=-12.0; VHD=0.0(0rds); debut-B pen=-1.8SG; AP=-1.4SG(bomb_and_spray); FormΔ=0.5; →Tier2 VTS=69.4
25,20,"Brennan, Michael",BRENNAN_MICHAEL,confirmed,TBD,TBD,deep,high,0.4,81.57661647475643,70.30146897279299,-11.275147501963446,high,-0.2,"DataGolf venue-fit tool; comp courses: TPC River Highlands, Colonial CC, Sedgefield CC; cf_adj_total scaled ×20, capped ±7 VTS pts",0,,0.0,none,77.06655747397106,Neutral+Venue,"{""neutral"": 0.6, ""venuefit"": 0.4, ""venuehistory"": 0.0}",clear,True,B,-1.75,rough_approach_liab,-1.3888888888888888,0.0,0.0,0.0,-1.3888888888888888,rough_approach_liab,Deere Run standard venue (non-major birdie-fest). AP_TO_VTS=2.0. Soft/wet week: bomb_and_spray softened (miss_fw_pen_frac=0.0264 modest). No weather amplification on other patterns.,ARG_Rough,False,0.0,,0.194,48.97,-0.20600000000000002,True,l5_form_applied,-0.515,False,ok,,0.0,high,75.0,standard,Standard venue variance class. Soft/wet delay risk: no compression multiplier.,standard,"{""win_exponent"": 4.5, ""win_cap"": 0.14, ""top3_center"": 80, ""top5_center"": 76, ""top10_center"": 68, ""top20_center"": 59, ""make_cut_center"": 48, ""make_cut_steepness"": 0.07}","144-player cut event. Win exp=4.5, cap=0.14. make_cut_pct via logistic(vts, center=48, steep=0.07).",69.39877969619329,69.39877969619329,2,"Tier2 — Contention Window: NeutralSG=0.40, VFD=-11.3; 0CH-rds (debut); debut-B",ok,0.013410274458174262,0.2830147487460405,0.3747834196140033,0.5845741476461507,0.7664327295241486,0.8989895606967541,0.10101043930324594,OTT_Distance,OTT_Distance+PAR5_Scoring; weak ARG_Rough,NeutralSG=0.40; VFD=-11.3; VHD=0.0(0rds); debut-B pen=-1.8SG; AP=-1.4SG(rough_approach_liab); FormΔ=-0.5; →Tier2 VTS=69.4
26,12,"Mitchell, Keith",MITCHELL_KEITH,confirmed,TBD,TBD,deep,high,0.66,86.18246235606732,71.388869524762,-14.793592831305318,high,-0.6,"DataGolf venue-fit tool; comp courses: TPC River Highlands, Colonial CC, Sedgefield CC; cf_adj_total scaled ×20, capped ±7 VTS pts",18,0.657,0.8496,medium,71.14452579985553,Balanced,"{""neutral"": 0.4, ""venuefit"": 0.3, ""venuehistory"": 0.3}",clear,False,,0.0,bomb_and_spray;rough_approach_liab,-2.625904205519979,-1.4213953488372093,0.0,0.0,-1.2045088566827697,bomb_and_spray;rough_approach_liab,Deere Run standard venue (non-major birdie-fest). AP_TO_VTS=2.0. Soft/wet week: bomb_and_spray softened (miss_fw_pen_frac=0.0264 modest). No weather amplification on other patterns.,ARG_Rough,False,0.0,,1.8600000000000003,56.0,1.2000000000000002,True,l5_form_applied,3.0000000000000004,False,ok,,0.0,low,25.0,standard,Standard venue variance class. Soft/wet delay risk: no compression multiplier.,standard,"{""win_exponent"": 4.5, ""win_cap"": 0.14, ""top3_center"": 80, ""top5_center"": 76, ""top10_center"": 68, ""top20_center"": 59, ""make_cut_center"": 48, ""make_cut_steepness"": 0.07}","144-player cut event. Win exp=4.5, cap=0.14. make_cut_pct via logistic(vts, center=48, steep=0.07).",68.89271738881557,68.89271738881557,2,"Tier2 — Contention Window: NeutralSG=0.66, VFD=-14.8; 18CH-rds",ok,0.011283309273044714,0.22296162879680945,0.29649414697188053,0.4680678088184478,0.6193220317954441,0.7307219264168976,0.2692780735831024,PAR5_Scoring,PAR5_Scoring+OTT_Distance; weak ARG_Rough,NeutralSG=0.66; VFD=-14.8; VHD=0.8(18rds); AP=-2.6SG(bomb_and_spray;rough_approach_liab); FormΔ=3.0; →Tier2 VTS=68.9
27,30,"Putnam, Andrew",PUTNAM_ANDREW,confirmed,TBD,TBD,deep,high,0.28,79.45084145261293,74.76171639402823,-4.6891250585847075,high,2.0,"DataGolf venue-fit tool; comp courses: TPC River Highlands, Colonial CC, Sedgefield CC; cf_adj_total scaled ×20, capped ±7 VTS pts",14,-1.548,-3.6256,medium,68.12117149925363,Balanced,"{""neutral"": 0.4, ""venuefit"": 0.3, ""venuehistory"": 0.3}",clear,False,,0.0,,0.0,0.0,0.0,0.0,0.0,,Deere Run standard venue (non-major birdie-fest). AP_TO_VTS=2.0. Soft/wet week: bomb_and_spray softened (miss_fw_pen_frac=0.0264 modest). No weather amplification on other patterns.,OTT_Distance,False,0.0,,0.458,50.89,0.178,True,l5_form_applied,0.44499999999999995,False,ok,,0.0,low,25.0,standard,Standard venue variance class. Soft/wet delay risk: no compression multiplier.,standard,"{""win_exponent"": 4.5, ""win_cap"": 0.14, ""top3_center"": 80, ""top5_center"": 76, ""top10_center"": 68, ""top20_center"": 59, ""make_cut_center"": 48, ""make_cut_steepness"": 0.07}","144-player cut event. Win exp=4.5, cap=0.14. make_cut_pct via logistic(vts, center=48, steep=0.07).",68.56617149925363,68.56617149925363,2,"Tier2 — Contention Window: NeutralSG=0.28, VFD=-4.7; 14CH-rds",ok,0.011044628849563014,0.21752982645676036,0.2900383658527593,0.4614624928120197,0.6142517574034729,0.7275578929454147,0.27244210705458527,APP_150-200,APP_150-200+APP_100-150; weak OTT_Distance,NeutralSG=0.28; VFD=-4.7; VHD=-3.6(14rds); FormΔ=0.4; →Tier2 VTS=68.6
28,84,"Peterson, Paul",PETERSON_PAUL,confirmed,TBD,TBD,deep,high,-0.41,67.22763507528788,70.5691752848989,3.3415402096110256,high,2.6,"DataGolf venue-fit tool; comp courses: TPC River Highlands, Colonial CC, Sedgefield CC; cf_adj_total scaled ×20, capped ±7 VTS pts",2,0.159,-0.016,low,68.56425115913228,Neutral+Venue,"{""neutral"": 0.6, ""venuefit"": 0.4, ""venuehistory"": 0.0}",clear,False,,0.0,,0.0,0.0,0.0,0.0,0.0,,Deere Run standard venue (non-major birdie-fest). AP_TO_VTS=2.0. Soft/wet week: bomb_and_spray softened (miss_fw_pen_frac=0.0264 modest). No weather amplification on other patterns.,OTT_Distance,False,0.0,,-0.592,49.09,-0.182,True,l5_form_applied,-0.45499999999999996,False,ok,,0.0,low,25.0,standard,Standard venue variance class. Soft/wet delay risk: no compression multiplier.,standard,"{""win_exponent"": 4.5, ""win_cap"": 0.14, ""top3_center"": 80, ""top5_center"": 76, ""top10_center"": 68, ""top20_center"": 59, ""make_cut_center"": 48, ""make_cut_steepness"": 0.07}","144-player cut event. Win exp=4.5, cap=0.14. make_cut_pct via logistic(vts, center=48, steep=0.07).",68.10925115913228,68.10925115913228,2,"Tier2 — Contention Window: NeutralSG=-0.41, VFD=3.3; 2CH-rds",ok,0.010717266927672796,0.21008198955965868,0.281130609826438,0.45221231814852775,0.6070758603628379,0.7230551762420087,0.27694482375799134,APP_150-200,APP_150-200+APP_100-150; weak OTT_Distance,NeutralSG=-0.41; VFD=3.3; VHD=-0.0(2rds); FormΔ=-0.5; →Tier2 VTS=68.1
29,49,"Eckroat, Austin",ECKROAT_AUSTIN,confirmed,TBD,TBD,deep,high,0.06,75.55358724534986,72.55730673631045,-2.9962805090394085,high,0.6,"DataGolf venue-fit tool; comp courses: TPC River Highlands, Colonial CC, Sedgefield CC; cf_adj_total scaled ×20, capped ±7 VTS pts",4,1.87,0.024,low,70.67545098038359,Blended,"{""neutral"": 0.5, ""venuefit"": 0.35, ""venuehistory"": 0.15}",clear,False,,0.0,rough_approach_liab,-1.3711755233494363,0.0,0.0,0.0,-1.3711755233494363,rough_approach_liab,Deere Run standard venue (non-major birdie-fest). AP_TO_VTS=2.0. Soft/wet week: bomb_and_spray softened (miss_fw_pen_frac=0.0264 modest). No weather amplification on other patterns.,ARG_Rough,False,0.0,,-0.164,48.88,-0.224,True,l5_form_applied,-0.56,False,ok,,0.0,low,25.0,standard,Standard venue variance class. Soft/wet delay risk: no compression multiplier.,standard,"{""win_exponent"": 4.5, ""win_cap"": 0.14, ""top3_center"": 80, ""top5_center"": 76, ""top10_center"": 68, ""top20_center"": 59, ""make_cut_center"": 48, ""make_cut_steepness"": 0.07}","144-player cut event. Win exp=4.5, cap=0.14. make_cut_pct via logistic(vts, center=48, steep=0.07).",67.37309993368471,67.37309993368471,2,"Tier2 — Contention Window: NeutralSG=0.06, VFD=-3.0; 4CH-rds",ok,0.010205774302984319,0.19846005313379572,0.2670998694640645,0.43730864021061144,0.5953222096529407,0.7156150946252886,0.2843849053747114,APP_100-150,APP_100-150+APP_150-200; weak ARG_Rough,NeutralSG=0.06; VFD=-3.0; VHD=0.0(4rds); AP=-1.4SG(rough_approach_liab); FormΔ=-0.6; →Tier2 VTS=67.4
30,22,"Ghim, Doug",GHIM_DOUG,confirmed,TBD,TBD,deep,high,0.38,81.22232063773251,73.18045347820839,-8.041867159524116,high,1.2,"DataGolf venue-fit tool; comp courses: TPC River Highlands, Colonial CC, Sedgefield CC; cf_adj_total scaled ×20, capped ±7 VTS pts",19,0.266,-0.3224,medium,69.34634429855552,Balanced,"{""neutral"": 0.4, ""venuefit"": 0.3, ""venuehistory"": 0.3}",clear,False,,0.0,poor_birdie_conv,-1.8219696969696977,0.0,0.0,-1.8219696969696977,0.0,poor_birdie_conv,Deere Run standard venue (non-major birdie-fest). AP_TO_VTS=2.0. Soft/wet week: bomb_and_spray softened (miss_fw_pen_frac=0.0264 modest). No weather amplification on other patterns.,ARG_Rough,False,0.0,,1.048,53.34,0.6679999999999999,True,l5_form_applied,1.67,False,ok,,0.0,low,25.0,standard,Standard venue variance class. Soft/wet delay risk: no compression multiplier.,standard,"{""win_exponent"": 4.5, ""win_cap"": 0.14, ""top3_center"": 80, ""top5_center"": 76, ""top10_center"": 68, ""top20_center"": 59, ""make_cut_center"": 48, ""make_cut_steepness"": 0.07}","144-player cut event. Win exp=4.5, cap=0.14. make_cut_pct via logistic(vts, center=48, steep=0.07).",67.37240490461613,67.37240490461613,2,"Tier2 — Contention Window: NeutralSG=0.38, VFD=-8.0; 19CH-rds",ok,0.010205300533513784,0.1984493014240478,0.2670868148755892,0.437294577079258,0.5953110037404259,0.7156079616685093,0.28439203833149074,PAR5_Scoring,PAR5_Scoring+APP_100-150; weak ARG_Rough,NeutralSG=0.38; VFD=-8.0; VHD=-0.3(19rds); AP=-1.8SG(poor_birdie_conv); FormΔ=1.7; →Tier2 VTS=67.4
31,21,"Thompson, Davis",THOMPSON_DAVIS,confirmed,TBD,TBD,deep,high,0.39,81.39946855624447,70.48624297866013,-10.913225577584342,high,0.2,"DataGolf venue-fit tool; comp courses: TPC River Highlands, Colonial CC, Sedgefield CC; cf_adj_total scaled ×20, capped ±7 VTS pts",12,2.174,3.8815999999999997,medium,69.87014031609583,Balanced,"{""neutral"": 0.4, ""venuefit"": 0.3, ""venuehistory"": 0.3}",clear,False,,0.0,poor_birdie_conv,-1.6091269841269848,0.0,0.0,-1.6091269841269848,0.0,poor_birdie_conv,Deere Run standard venue (non-major birdie-fest). AP_TO_VTS=2.0. Soft/wet week: bomb_and_spray softened (miss_fw_pen_frac=0.0264 modest). No weather amplification on other patterns.,ARG_Rough,False,0.0,,0.5740000000000001,50.92,0.184,True,l5_form_applied,0.45999999999999996,False,ok,,0.0,low,25.0,standard,Standard venue variance class. Soft/wet delay risk: no compression multiplier.,standard,"{""win_exponent"": 4.5, ""win_cap"": 0.14, ""top3_center"": 80, ""top5_center"": 76, ""top10_center"": 68, ""top20_center"": 59, ""make_cut_center"": 48, ""make_cut_steepness"": 0.07}","144-player cut event. Win exp=4.5, cap=0.14. make_cut_pct via logistic(vts, center=48, steep=0.07).",67.11188634784185,67.11188634784185,2,"Tier2 — Contention Window: NeutralSG=0.39, VFD=-10.9; 12CH-rds",ok,0.010028917991446337,0.19444866078769976,0.26221966273636693,0.4320252673347248,0.5910966119016678,0.7129198762669485,0.2870801237330515,PAR5_Scoring,PAR5_Scoring+APP_100-150; weak ARG_Rough,NeutralSG=0.39; VFD=-10.9; VHD=3.9(12rds); AP=-1.6SG(poor_birdie_conv); FormΔ=0.5; →Tier2 VTS=67.1
32,27,"Mouw, William",MOUW_WILLIAM,confirmed,TBD,TBD,deep,high,0.34,80.51372896368468,71.34605413114465,-9.16767483254003,high,0.4,"DataGolf venue-fit tool; comp courses: TPC River Highlands, Colonial CC, Sedgefield CC; cf_adj_total scaled ×20, capped ±7 VTS pts",6,1.11,3.7072,medium,69.72146782481727,Balanced,"{""neutral"": 0.4, ""venuefit"": 0.3, ""venuehistory"": 0.3}",clear,False,,0.0,rough_approach_liab,-1.1497584541062802,0.0,0.0,0.0,-1.1497584541062802,rough_approach_liab,Deere Run standard venue (non-major birdie-fest). AP_TO_VTS=2.0. Soft/wet week: bomb_and_spray softened (miss_fw_pen_frac=0.0264 modest). No weather amplification on other patterns.,ARG_Rough,False,0.0,,0.21400000000000002,49.37,-0.126,True,l5_form_applied,-0.315,False,ok,,0.0,low,25.0,standard,Standard venue variance class. Soft/wet delay risk: no compression multiplier.,standard,"{""win_exponent"": 4.5, ""win_cap"": 0.14, ""top3_center"": 80, ""top5_center"": 76, ""top10_center"": 68, ""top20_center"": 59, ""make_cut_center"": 48, ""make_cut_steepness"": 0.07}","144-player cut event. Win exp=4.5, cap=0.14. make_cut_pct via logistic(vts, center=48, steep=0.07).",67.1069509166047,67.1069509166047,2,"Tier2 — Contention Window: NeutralSG=0.34, VFD=-9.2; 6CH-rds",ok,0.010025599533171186,0.19437343698108853,0.2621279616990805,0.4319254851983596,0.5910165030322179,0.7128686735699482,0.2871313264300518,PAR5_Scoring,PAR5_Scoring+APP_100-150; weak ARG_Rough,NeutralSG=0.34; VFD=-9.2; VHD=3.7(6rds); AP=-1.1SG(rough_approach_liab); FormΔ=-0.3; →Tier2 VTS=67.1
33,29,"Novak, Andrew",NOVAK_ANDREW,confirmed,TBD,TBD,deep,high,0.3,79.80513728963685,69.57370971381985,-10.231427575816994,high,0.0,"DataGolf venue-fit tool; comp courses: TPC River Highlands, Colonial CC, Sedgefield CC; cf_adj_total scaled ×20, capped ±7 VTS pts",12,1.056,2.9168,medium,68.6692078300007,Balanced,"{""neutral"": 0.4, ""venuefit"": 0.3, ""venuehistory"": 0.3}",clear,False,,0.0,poor_birdie_conv,-1.5958994708994712,0.0,0.0,-1.5958994708994712,0.0,poor_birdie_conv,Deere Run standard venue (non-major birdie-fest). AP_TO_VTS=2.0. Soft/wet week: bomb_and_spray softened (miss_fw_pen_frac=0.0264 modest). No weather amplification on other patterns.,OTT_Accuracy,False,0.0,,0.94,53.2,0.64,True,l5_form_applied,1.6,False,ok,,0.0,low,25.0,standard,Standard venue variance class. Soft/wet delay risk: no compression multiplier.,standard,"{""win_exponent"": 4.5, ""win_cap"": 0.14, ""top3_center"": 80, ""top5_center"": 76, ""top10_center"": 68, ""top20_center"": 59, ""make_cut_center"": 48, ""make_cut_steepness"": 0.07}","144-player cut event. Win exp=4.5, cap=0.14. make_cut_pct via logistic(vts, center=48, steep=0.07).",67.07740888820176,67.07740888820176,2,"Tier2 — Contention Window: NeutralSG=0.30, VFD=-10.2; 12CH-rds",ok,0.010005754076864033,0.19392361045055503,0.2615794616593625,0.4313282564673889,0.5905367879982684,0.7125619733374421,0.2874380266625579,APP_100-150,APP_100-150+APP_150-200; weak OTT_Accuracy,NeutralSG=0.30; VFD=-10.2; VHD=2.9(12rds); AP=-1.6SG(poor_birdie_conv); FormΔ=1.6; →Tier2 VTS=67.1
34,23,"Olesen, Thorbjorn",OLESEN_THORBJORN,confirmed,TBD,TBD,deep,high,0.38,81.22232063773251,70.240315181765,-10.98200545596751,high,0.0,"DataGolf venue-fit tool; comp courses: TPC River Highlands, Colonial CC, Sedgefield CC; cf_adj_total scaled ×20, capped ±7 VTS pts",6,-1.235,-3.2352000000000003,medium,67.59046280962251,Balanced,"{""neutral"": 0.4, ""venuefit"": 0.3, ""venuehistory"": 0.3}",clear,False,,0.0,,0.0,0.0,0.0,0.0,0.0,,Deere Run standard venue (non-major birdie-fest). AP_TO_VTS=2.0. Soft/wet week: bomb_and_spray softened (miss_fw_pen_frac=0.0264 modest). No weather amplification on other patterns.,OTT_Accuracy,False,0.0,,0.16799999999999998,48.94,-0.21200000000000002,True,l5_form_applied,-0.53,False,ok,,0.0,low,25.0,standard,Standard venue variance class. Soft/wet delay risk: no compression multiplier.,standard,"{""win_exponent"": 4.5, ""win_cap"": 0.14, ""top3_center"": 80, ""top5_center"": 76, ""top10_center"": 68, ""top20_center"": 59, ""make_cut_center"": 48, ""make_cut_steepness"": 0.07}","144-player cut event. Win exp=4.5, cap=0.14. make_cut_pct via logistic(vts, center=48, steep=0.07).",67.0604628096225,67.0604628096225,2,"Tier2 — Contention Window: NeutralSG=0.38, VFD=-11.0; 6CH-rds",ok,0.009994384003474042,0.1936659192263005,0.26126513367755233,0.4309857000794106,0.5902614510083547,0.712385874957458,0.287614125042542,PAR5_Scoring,PAR5_Scoring+APP_100-150; weak OTT_Accuracy,NeutralSG=0.38; VFD=-11.0; VHD=-3.2(6rds); FormΔ=-0.5; →Tier2 VTS=67.1
35,38,"Li, Haotong",LI_HAOTONG,confirmed,TBD,TBD,deep,high,0.14,76.97077059344552,71.38969984472757,-5.5810707487179485,high,0.2,"DataGolf venue-fit tool; comp courses: TPC River Highlands, Colonial CC, Sedgefield CC; cf_adj_total scaled ×20, capped ±7 VTS pts",0,,0.0,none,74.73834229395834,Neutral+Venue,"{""neutral"": 0.6, ""venuefit"": 0.4, ""venuehistory"": 0.0}",clear,True,B,-1.75,rough_approach_liab,-1.2648953301127215,0.0,0.0,0.0,-1.2648953301127215,rough_approach_liab,Deere Run standard venue (non-major birdie-fest). AP_TO_VTS=2.0. Soft/wet week: bomb_and_spray softened (miss_fw_pen_frac=0.0264 modest). No weather amplification on other patterns.,ARG_Rough,False,0.0,,-0.266,47.97,-0.406,True,l5_form_applied,-1.0150000000000001,False,ok,,0.0,high,75.0,standard,Standard venue variance class. Soft/wet delay risk: no compression multiplier.,standard,"{""win_exponent"": 4.5, ""win_cap"": 0.14, ""top3_center"": 80, ""top5_center"": 76, ""top10_center"": 68, ""top20_center"": 59, ""make_cut_center"": 48, ""make_cut_steepness"": 0.07}","144-player cut event. Win exp=4.5, cap=0.14. make_cut_pct via logistic(vts, center=48, steep=0.07).",66.8185516337329,66.8185516337329,2,"Tier2 — Contention Window: NeutralSG=0.14, VFD=-5.6; 0CH-rds (debut); debut-B",ok,0.011308139902194135,0.23223982089406536,0.3138696521122905,0.5207866719241486,0.7166112785416208,0.8676051067738152,0.1323948932261848,PAR5_Scoring,PAR5_Scoring+APP_100-150; weak ARG_Rough,NeutralSG=0.14; VFD=-5.6; VHD=0.0(0rds); debut-B pen=-1.8SG; AP=-1.3SG(rough_approach_liab); FormΔ=-1.0; →Tier2 VTS=66.8
36,53,"Grillo, Emiliano",GRILLO_EMILIANO,confirmed,TBD,TBD,deep,high,0.04,75.19929140832596,72.37362239193257,-2.825669016393391,high,2.4,"DataGolf venue-fit tool; comp courses: TPC River Highlands, Colonial CC, Sedgefield CC; cf_adj_total scaled ×20, capped ±7 VTS pts",10,1.869,3.7192000000000003,medium,67.90756328091015,Balanced,"{""neutral"": 0.4, ""venuefit"": 0.3, ""venuehistory"": 0.3}",clear,False,,0.0,rough_approach_liab,-1.1674718196457325,0.0,0.0,0.0,-1.1674718196457325,rough_approach_liab,Deere Run standard venue (non-major birdie-fest). AP_TO_VTS=2.0. Soft/wet week: bomb_and_spray softened (miss_fw_pen_frac=0.0264 modest). No weather amplification on other patterns.,ARG_Rough,False,0.0,,0.454,52.07,0.41400000000000003,True,l5_form_applied,1.0350000000000001,False,ok,,0.0,low,25.0,standard,Standard venue variance class. Soft/wet delay risk: no compression multiplier.,standard,"{""win_exponent"": 4.5, ""win_cap"": 0.14, ""top3_center"": 80, ""top5_center"": 76, ""top10_center"": 68, ""top20_center"": 59, ""make_cut_center"": 48, ""make_cut_steepness"": 0.07}","144-player cut event. Win exp=4.5, cap=0.14. make_cut_pct via logistic(vts, center=48, steep=0.07).",66.60761964161868,66.60761964161868,2,"Tier2 — Contention Window: NeutralSG=0.04, VFD=-2.8; 10CH-rds",ok,0.009694249307106882,0.18687185209235277,0.25294885333713124,0.421841137860706,0.5828612051681221,0.7076349334320894,0.2923650665679106,APP_100-150,APP_100-150+APP_150-200; weak ARG_Rough,NeutralSG=0.04; VFD=-2.8; VHD=3.7(10rds); AP=-1.2SG(rough_approach_liab); FormΔ=1.0; →Tier2 VTS=66.6
37,52,"Kanaya, Takumi",KANAYA_TAKUMI,confirmed,TBD,TBD,deep,high,0.05,75.37643932683793,67.18196223249687,-8.194477094341053,high,0.8,"DataGolf venue-fit tool; comp courses: TPC River Highlands, Colonial CC, Sedgefield CC; cf_adj_total scaled ×20, capped ±7 VTS pts",2,-0.341,-0.024,low,72.0986484891015,Neutral+Venue,"{""neutral"": 0.6, ""venuefit"": 0.4, ""venuehistory"": 0.0}",clear,False,,0.0,wedge_liability,-2.4585264352596234,0.0,-2.4585264352596234,0.0,0.0,wedge_liability,Deere Run standard venue (non-major birdie-fest). AP_TO_VTS=2.0. Soft/wet week: bomb_and_spray softened (miss_fw_pen_frac=0.0264 modest). No weather amplification on other patterns.,OTT_Distance,False,0.0,,-0.24000000000000005,48.55,-0.29000000000000004,True,l5_form_applied,-0.7250000000000001,False,ok,,0.0,low,25.0,standard,Standard venue variance class. Soft/wet delay risk: no compression multiplier.,standard,"{""win_exponent"": 4.5, ""win_cap"": 0.14, ""top3_center"": 80, ""top5_center"": 76, ""top10_center"": 68, ""top20_center"": 59, ""make_cut_center"": 48, ""make_cut_steepness"": 0.07}","144-player cut event. Win exp=4.5, cap=0.14. make_cut_pct via logistic(vts, center=48, steep=0.07).",66.45659561858227,66.45659561858227,2,"Tier2 — Contention Window: NeutralSG=0.05, VFD=-8.2; 2CH-rds",ok,0.009595729075774611,0.18464550224646004,0.25021148680852434,0.41879621819432133,0.5803753373581892,0.7060311369334181,0.2939688630665819,PUTT_BirdieConv,PUTT_BirdieConv+ARG_Rough; weak OTT_Distance,NeutralSG=0.05; VFD=-8.2; VHD=-0.0(2rds); AP=-2.5SG(wedge_liability); FormΔ=-0.7; →Tier2 VTS=66.5
38,33,"Kuchar, Matt",KUCHAR_MATT,confirmed,TBD,TBD,medium,medium,0.10250000000000001,76.3064658990257,70.14849644561527,-6.157969453410431,medium,1.2,"DataGolf venue-fit tool; comp courses: TPC River Highlands, Colonial CC, Sedgefield CC; cf_adj_total scaled ×20, capped ±7 VTS pts",22,-0.178,-0.2368,medium,66.49609529329486,Balanced,"{""neutral"": 0.4, ""venuefit"": 0.3, ""venuehistory"": 0.3}",clear,False,,0.0,,0.0,0.0,0.0,0.0,0.0,,Deere Run standard venue (non-major birdie-fest). AP_TO_VTS=2.0. Soft/wet week: bomb_and_spray softened (miss_fw_pen_frac=0.0264 modest). No weather amplification on other patterns.,OTT_Distance,False,0.0,,0.0765,49.87,-0.02600000000000001,True,l5_form_applied,-0.06500000000000003,False,ok,,0.0,medium,50.0,standard,Standard venue variance class. Soft/wet delay risk: no compression multiplier.,standard,"{""win_exponent"": 4.5, ""win_cap"": 0.14, ""top3_center"": 80, ""top5_center"": 76, ""top10_center"": 68, ""top20_center"": 59, ""make_cut_center"": 48, ""make_cut_steepness"": 0.07}","144-player cut event. Win exp=4.5, cap=0.14. make_cut_pct via logistic(vts, center=48, steep=0.07).",66.43109529329486,66.43109529329486,2,"Tier2 — Contention Window: NeutralSG=0.10, VFD=-6.2; 22CH-rds",ok,0.01034550481904744,0.20474614707799227,0.27750120619799534,0.46475817847361517,0.644394151142845,0.7841770909965702,0.21582290900342982,PUTT_BirdieConv,PUTT_BirdieConv+PUTT_Lag; weak OTT_Distance,NeutralSG=0.10; VFD=-6.2; VHD=-0.2(22rds); FormΔ=-0.1; →Tier2 VTS=66.4
39,45,"Lipsky, David",LIPSKY_DAVID,confirmed,TBD,TBD,deep,high,0.07,75.73073516386184,71.28001072285409,-4.45072444100775,high,1.0,"DataGolf venue-fit tool; comp courses: TPC River Highlands, Colonial CC, Sedgefield CC; cf_adj_total scaled ×20, capped ±7 VTS pts",14,0.568,2.4352,medium,67.40685728240096,Balanced,"{""neutral"": 0.4, ""venuefit"": 0.3, ""venuehistory"": 0.3}",clear,False,,0.0,,0.0,0.0,0.0,0.0,0.0,,Deere Run standard venue (non-major birdie-fest). AP_TO_VTS=2.0. Soft/wet week: bomb_and_spray softened (miss_fw_pen_frac=0.0264 modest). No weather amplification on other patterns.,OTT_Distance,False,0.0,,-0.41400000000000003,47.58,-0.48400000000000004,True,l5_form_applied,-1.2100000000000002,False,ok,,0.0,low,25.0,standard,Standard venue variance class. Soft/wet delay risk: no compression multiplier.,standard,"{""win_exponent"": 4.5, ""win_cap"": 0.14, ""top3_center"": 80, ""top5_center"": 76, ""top10_center"": 68, ""top20_center"": 59, ""make_cut_center"": 48, ""make_cut_steepness"": 0.07}","144-player cut event. Win exp=4.5, cap=0.14. make_cut_pct via logistic(vts, center=48, steep=0.07).",66.19685728240097,66.19685728240097,2,"Tier2 — Contention Window: NeutralSG=0.07, VFD=-4.5; 14CH-rds",ok,0.009428112277429818,0.18086267796434854,0.24554648675094812,0.4135662839114256,0.5760797127078693,0.7032502228735961,0.29674977712640394,APP_100-150,APP_100-150+APP_150-200; weak OTT_Distance,NeutralSG=0.07; VFD=-4.5; VHD=2.4(14rds); FormΔ=-1.2; →Tier2 VTS=66.2
40,44,"Potgieter, Aldrich",POTGIETER_ALDRICH,confirmed,TBD,TBD,deep,high,0.08,75.9078830823738,66.47883533217689,-9.429047750196915,high,-2.2,"DataGolf venue-fit tool; comp courses: TPC River Highlands, Colonial CC, Sedgefield CC; cf_adj_total scaled ×20, capped ±7 VTS pts",3,-0.279,-0.052,low,68.71373390744881,Blended,"{""neutral"": 0.5, ""venuefit"": 0.35, ""venuehistory"": 0.15}",clear,False,,0.0,bomb_and_spray;rough_approach_liab,-2.8635584016777145,-1.5720930232558141,0.0,0.0,-1.2914653784219001,bomb_and_spray;rough_approach_liab,Deere Run standard venue (non-major birdie-fest). AP_TO_VTS=2.0. Soft/wet week: bomb_and_spray softened (miss_fw_pen_frac=0.0264 modest). No weather amplification on other patterns.,ARG_Rough,False,0.0,,1.342,56.31,1.262,True,l5_form_applied,3.1550000000000002,False,ok,,0.0,low,25.0,standard,Standard venue variance class. Soft/wet delay risk: no compression multiplier.,standard,"{""win_exponent"": 4.5, ""win_cap"": 0.14, ""top3_center"": 80, ""top5_center"": 76, ""top10_center"": 68, ""top20_center"": 59, ""make_cut_center"": 48, ""make_cut_steepness"": 0.07}","144-player cut event. Win exp=4.5, cap=0.14. make_cut_pct via logistic(vts, center=48, steep=0.07).",66.14161710409338,66.14161710409338,2,"Tier2 — Contention Window: NeutralSG=0.08, VFD=-9.4; 3CH-rds",ok,0.009392759729683182,0.1800656832859535,0.24456138898205762,0.41245522886849795,0.5751628770002402,0.7026550995212076,0.29734490047879236,OTT_Distance,OTT_Distance+PAR5_Scoring; weak ARG_Rough,NeutralSG=0.08; VFD=-9.4; VHD=-0.1(3rds); AP=-2.9SG(bomb_and_spray;rough_approach_liab); FormΔ=3.2; →Tier2 VTS=66.1
41,42,"Dumont De Chassart, Adrien",DUMONT DE CHASSART_ADRIEN,confirmed,TBD,TBD,deep,high,0.11,76.43932683790968,65.61253242527124,-10.826794412638435,high,-2.2,"DataGolf venue-fit tool; comp courses: TPC River Highlands, Colonial CC, Sedgefield CC; cf_adj_total scaled ×20, capped ±7 VTS pts",4,-0.182,-0.012,low,68.68224976779977,Blended,"{""neutral"": 0.5, ""venuefit"": 0.35, ""venuehistory"": 0.15}",clear,False,,0.0,bomb_and_spray,-1.0195348837209302,-1.0195348837209302,0.0,0.0,0.0,bomb_and_spray,Deere Run standard venue (non-major birdie-fest). AP_TO_VTS=2.0. Soft/wet week: bomb_and_spray softened (miss_fw_pen_frac=0.0264 modest). No weather amplification on other patterns.,OTT_Accuracy,False,0.0,,-0.268,48.11,-0.378,True,l5_form_applied,-0.9450000000000001,False,ok,,0.0,low,25.0,standard,Standard venue variance class. Soft/wet delay risk: no compression multiplier.,standard,"{""win_exponent"": 4.5, ""win_cap"": 0.14, ""top3_center"": 80, ""top5_center"": 76, ""top10_center"": 68, ""top20_center"": 59, ""make_cut_center"": 48, ""make_cut_steepness"": 0.07}","144-player cut event. Win exp=4.5, cap=0.14. make_cut_pct via logistic(vts, center=48, steep=0.07).",65.69818000035792,65.69818000035792,2,"Tier2 — Contention Window: NeutralSG=0.11, VFD=-10.8; 4CH-rds",ok,0.009112690022581993,0.1737632953032646,0.23674393907888444,0.40355413545869745,0.5677627676825553,0.6978309417190045,0.3021690582809955,APP_100-150,APP_100-150+APP_150-200; weak OTT_Accuracy,NeutralSG=0.11; VFD=-10.8; VHD=-0.0(4rds); AP=-1.0SG(bomb_and_spray); FormΔ=-0.9; →Tier2 VTS=65.7
42,68,"Johnson, Zach",JOHNSON_ZACH,confirmed,TBD,TBD,medium,medium,-0.1375,72.05491585473871,70.36061821193363,-1.6942976428050827,medium,2.4,"DataGolf venue-fit tool; comp courses: TPC River Highlands, Colonial CC, Sedgefield CC; cf_adj_total scaled ×20, capped ±7 VTS pts",82,1.211,2.1351999999999998,medium,65.57071180547557,Balanced,"{""neutral"": 0.4, ""venuefit"": 0.3, ""venuehistory"": 0.3}",clear,False,,0.0,,0.0,0.0,0.0,0.0,0.0,,Deere Run standard venue (non-major birdie-fest). AP_TO_VTS=2.0. Soft/wet week: bomb_and_spray softened (miss_fw_pen_frac=0.0264 modest). No weather amplification on other patterns.,OTT_Distance,False,0.0,,-0.0915,50.23,0.046000000000000006,True,l5_form_applied,0.11500000000000002,False,ok,,0.0,medium,50.0,standard,Standard venue variance class. Soft/wet delay risk: no compression multiplier.,standard,"{""win_exponent"": 4.5, ""win_cap"": 0.14, ""top3_center"": 80, ""top5_center"": 76, ""top10_center"": 68, ""top20_center"": 59, ""make_cut_center"": 48, ""make_cut_steepness"": 0.07}","144-player cut event. Win exp=4.5, cap=0.14. make_cut_pct via logistic(vts, center=48, steep=0.07).",65.68571180547556,65.68571180547556,2,"Tier2 — Contention Window: NeutralSG=-0.14, VFD=-1.7; 82CH-rds",ok,0.00983330310451875,0.19287615523168233,0.2628071914978058,0.4481159540720821,0.630615202958558,0.7752156632139331,0.2247843367860669,PUTT_BirdieConv,PUTT_BirdieConv+PUTT_Lag; weak OTT_Distance,NeutralSG=-0.14; VFD=-1.7; VHD=2.1(82rds); FormΔ=0.1; →Tier2 VTS=65.7
43,19,"Berger, Daniel",BERGER_DANIEL,confirmed,TBD,TBD,deep,high,0.42,81.93091231178035,75.3845131736481,-6.546399138132244,high,1.2,"DataGolf venue-fit tool; comp courses: TPC River Highlands, Colonial CC, Sedgefield CC; cf_adj_total scaled ×20, capped ±7 VTS pts",14,0.836,0.016000000000000004,medium,70.39251887680658,Balanced,"{""neutral"": 0.4, ""venuefit"": 0.3, ""venuehistory"": 0.3}",clear,False,,0.0,poor_birdie_conv;rough_approach_liab,-3.072089947089948,0.0,0.0,-1.6091269841269848,-1.4629629629629628,poor_birdie_conv;rough_approach_liab,Deere Run standard venue (non-major birdie-fest). AP_TO_VTS=2.0. Soft/wet week: bomb_and_spray softened (miss_fw_pen_frac=0.0264 modest). No weather amplification on other patterns.,ARG_Rough,False,0.0,,0.6719999999999999,51.26,0.252,True,l5_form_applied,0.63,False,ok,,0.0,low,25.0,standard,Standard venue variance class. Soft/wet delay risk: no compression multiplier.,standard,"{""win_exponent"": 4.5, ""win_cap"": 0.14, ""top3_center"": 80, ""top5_center"": 76, ""top10_center"": 68, ""top20_center"": 59, ""make_cut_center"": 48, ""make_cut_steepness"": 0.07}","144-player cut event. Win exp=4.5, cap=0.14. make_cut_pct via logistic(vts, center=48, steep=0.07).",64.87833898262667,64.87833898262667,3,"Tier3 — Top-10 Range: NeutralSG=0.42, moderate fit VFD=-6.5; 14CH-rds",ok,0.008612025849481715,0.16255619894116713,0.2227205527406249,0.3871989098477319,0.5539022800513883,0.6886930295399379,0.31130697046006206,APP_100-150,APP_100-150+APP_150-200; weak ARG_Rough,NeutralSG=0.42; VFD=-6.5; VHD=0.0(14rds); AP=-3.1SG(poor_birdie_conv;rough_approach_liab); FormΔ=0.6; →Tier3 VTS=64.9
44,69,"Griffin, Lanto",GRIFFIN_LANTO,confirmed,TBD,TBD,deep,high,-0.14,72.01062887511073,67.54370686080713,-4.4669220143035915,high,0.0,"DataGolf venue-fit tool; comp courses: TPC River Highlands, Colonial CC, Sedgefield CC; cf_adj_total scaled ×20, capped ±7 VTS pts",14,-0.78,-0.9855999999999999,medium,63.77168360828642,Balanced,"{""neutral"": 0.4, ""venuefit"": 0.3, ""venuehistory"": 0.3}",clear,False,,0.0,,0.0,0.0,0.0,0.0,0.0,,Deere Run standard venue (non-major birdie-fest). AP_TO_VTS=2.0. Soft/wet week: bomb_and_spray softened (miss_fw_pen_frac=0.0264 modest). No weather amplification on other patterns.,OTT_Accuracy,False,0.0,,0.16200000000000003,51.51,0.30200000000000005,True,l5_form_applied,0.7550000000000001,False,ok,,0.0,low,25.0,standard,Standard venue variance class. Soft/wet delay risk: no compression multiplier.,standard,"{""win_exponent"": 4.5, ""win_cap"": 0.14, ""top3_center"": 80, ""top5_center"": 76, ""top10_center"": 68, ""top20_center"": 59, ""make_cut_center"": 48, ""make_cut_steepness"": 0.07}","144-player cut event. Win exp=4.5, cap=0.14. make_cut_pct via logistic(vts, center=48, steep=0.07).",64.52668360828642,64.52668360828642,3,"Tier3 — Top-10 Range: NeutralSG=-0.14, moderate fit VFD=-4.5; 14CH-rds",ok,0.008403953196945594,0.15792479690216524,0.21687912674850662,0.38023254682223984,0.5478908099470573,0.6846868094098267,0.31531319059017326,PUTT_Lag,PUTT_Lag+PUTT_BirdieConv; weak OTT_Accuracy,NeutralSG=-0.14; VFD=-4.5; VHD=-1.0(14rds); FormΔ=0.8; →Tier3 VTS=64.5
45,18,"Coody, Pierceson",COODY_PIERCESON,confirmed,TBD,TBD,deep,high,0.43,82.1080602302923,71.56108127593508,-10.546978954357215,high,-1.0,"DataGolf venue-fit tool; comp courses: TPC River Highlands, Colonial CC, Sedgefield CC; cf_adj_total scaled ×20, capped ±7 VTS pts",6,-1.235,-2.8120000000000003,medium,68.46794847489744,Balanced,"{""neutral"": 0.4, ""venuefit"": 0.3, ""venuehistory"": 0.3}",clear,False,,0.0,bomb_and_spray;rough_approach_liab,-2.7668531625660036,-1.457674418604651,0.0,0.0,-1.3091787439613527,bomb_and_spray;rough_approach_liab,Deere Run standard venue (non-major birdie-fest). AP_TO_VTS=2.0. Soft/wet week: bomb_and_spray softened (miss_fw_pen_frac=0.0264 modest). No weather amplification on other patterns.,ARG_Rough,False,0.0,,0.9279999999999999,52.49,0.498,True,l5_form_applied,1.245,False,ok,,0.0,low,25.0,standard,Standard venue variance class. Soft/wet delay risk: no compression multiplier.,standard,"{""win_exponent"": 4.5, ""win_cap"": 0.14, ""top3_center"": 80, ""top5_center"": 76, ""top10_center"": 68, ""top20_center"": 59, ""make_cut_center"": 48, ""make_cut_steepness"": 0.07}","144-player cut event. Win exp=4.5, cap=0.14. make_cut_pct via logistic(vts, center=48, steep=0.07).",64.17924214976543,64.17924214976543,3,"Tier3 — Top-10 Range: NeutralSG=0.43, moderate fit VFD=-10.5; 6CH-rds",ok,0.0082022349167759,0.15345153099656464,0.2112112528684032,0.3733831354780926,0.5419151288922437,0.6806777611085617,0.3193222388914383,PAR5_Scoring,PAR5_Scoring+OTT_Distance; weak ARG_Rough,NeutralSG=0.43; VFD=-10.5; VHD=-2.8(6rds); AP=-2.8SG(bomb_and_spray;rough_approach_liab); FormΔ=1.2; →Tier3 VTS=64.2
46,48,"Yu, Kevin",YU_KEVIN,confirmed,TBD,TBD,deep,high,0.06,75.55358724534986,68.00028425020368,-7.553302995146183,high,-0.2,"DataGolf venue-fit tool; comp courses: TPC River Highlands, Colonial CC, Sedgefield CC; cf_adj_total scaled ×20, capped ±7 VTS pts",12,1.591,3.1384000000000003,medium,66.56304017320105,Balanced,"{""neutral"": 0.4, ""venuefit"": 0.3, ""venuehistory"": 0.3}",clear,False,,0.0,poor_birdie_conv,-1.5892857142857146,0.0,0.0,-1.5892857142857146,0.0,poor_birdie_conv,Deere Run standard venue (non-major birdie-fest). AP_TO_VTS=2.0. Soft/wet week: bomb_and_spray softened (miss_fw_pen_frac=0.0264 modest). No weather amplification on other patterns.,ARG_Rough,False,0.0,,0.37600000000000006,51.58,0.31600000000000006,True,l5_form_applied,0.7900000000000001,False,ok,,0.0,low,25.0,standard,Standard venue variance class. Soft/wet delay risk: no compression multiplier.,standard,"{""win_exponent"": 4.5, ""win_cap"": 0.14, ""top3_center"": 80, ""top5_center"": 76, ""top10_center"": 68, ""top20_center"": 59, ""make_cut_center"": 48, ""make_cut_steepness"": 0.07}","144-player cut event. Win exp=4.5, cap=0.14. make_cut_pct via logistic(vts, center=48, steep=0.07).",64.17446874462962,64.17446874462962,3,"Tier3 — Top-10 Range: NeutralSG=0.06, moderate fit VFD=-7.6; 12CH-rds",ok,0.008199490046010583,0.15339078093651207,0.2111341032334918,0.3732892795155855,0.5418327890644582,0.6806223310610858,0.31937766893891417,PAR5_Scoring,PAR5_Scoring+APP_100-150; weak ARG_Rough,NeutralSG=0.06; VFD=-7.6; VHD=3.1(12rds); AP=-1.6SG(poor_birdie_conv); FormΔ=0.8; →Tier3 VTS=64.2
47,55,"Kohles, Ben",KOHLES_BEN,confirmed,TBD,TBD,deep,high,0.03,75.02214348981401,79.00400774905243,3.981864259238421,high,3.2,"DataGolf venue-fit tool; comp courses: TPC River Highlands, Colonial CC, Sedgefield CC; cf_adj_total scaled ×20, capped ±7 VTS pts",12,-0.419,-0.2672,medium,68.62989972064133,Balanced,"{""neutral"": 0.4, ""venuefit"": 0.3, ""venuehistory"": 0.3}",clear,False,,0.0,poor_birdie_conv;rough_approach_liab,-3.2098286174373136,0.0,0.0,-2.012566137566138,-1.1972624798711755,poor_birdie_conv;rough_approach_liab,Deere Run standard venue (non-major birdie-fest). AP_TO_VTS=2.0. Soft/wet week: bomb_and_spray softened (miss_fw_pen_frac=0.0264 modest). No weather amplification on other patterns.,ARG_Rough,False,0.0,,0.798,53.84,0.768,True,l5_form_applied,1.92,False,ok,,0.0,low,25.0,standard,Standard venue variance class. Soft/wet delay risk: no compression multiplier.,standard,"{""win_exponent"": 4.5, ""win_cap"": 0.14, ""top3_center"": 80, ""top5_center"": 76, ""top10_center"": 68, ""top20_center"": 59, ""make_cut_center"": 48, ""make_cut_steepness"": 0.07}","144-player cut event. Win exp=4.5, cap=0.14. make_cut_pct via logistic(vts, center=48, steep=0.07).",64.1302424857667,64.1302424857667,3,"Tier3 — Top-10 Range: NeutralSG=0.03, moderate fit VFD=4.0; 12CH-rds",ok,0.008174092398371621,0.1528288317451139,0.21042023084117706,0.37242001892428683,0.541069594706603,0.6801083126665671,0.3198916873334329,APP_Wedge,APP_Wedge+APP_100-150; weak ARG_Rough,NeutralSG=0.03; VFD=4.0; VHD=-0.3(12rds); AP=-3.2SG(poor_birdie_conv;rough_approach_liab); FormΔ=1.9; →Tier3 VTS=64.1
48,26,"Hoey, Rico",HOEY_RICO,confirmed,TBD,TBD,deep,high,0.34,80.51372896368468,71.75648451211624,-8.75724445156844,high,1.0,"DataGolf venue-fit tool; comp courses: TPC River Highlands, Colonial CC, Sedgefield CC; cf_adj_total scaled ×20, capped ±7 VTS pts",8,1.469,3.4376,medium,69.76371693910875,Balanced,"{""neutral"": 0.4, ""venuefit"": 0.3, ""venuehistory"": 0.3}",clear,False,,0.0,poor_birdie_conv;rough_approach_liab,-3.063348286174374,0.0,0.0,-1.8604497354497362,-1.2028985507246377,poor_birdie_conv;rough_approach_liab,Deere Run standard venue (non-major birdie-fest). AP_TO_VTS=2.0. Soft/wet week: bomb_and_spray softened (miss_fw_pen_frac=0.0264 modest). No weather amplification on other patterns.,ARG_Rough,False,0.0,,0.514,50.87,0.174,True,l5_form_applied,0.43499999999999994,False,ok,,0.0,low,25.0,standard,Standard venue variance class. Soft/wet delay risk: no compression multiplier.,standard,"{""win_exponent"": 4.5, ""win_cap"": 0.14, ""top3_center"": 80, ""top5_center"": 76, ""top10_center"": 68, ""top20_center"": 59, ""make_cut_center"": 48, ""make_cut_steepness"": 0.07}","144-player cut event. Win exp=4.5, cap=0.14. make_cut_pct via logistic(vts, center=48, steep=0.07).",64.07202036676,64.07202036676,3,"Tier3 — Top-10 Range: NeutralSG=0.34, moderate fit VFD=-8.8; 8CH-rds",ok,0.008140750742980405,0.1520915464541783,0.20948300620040822,0.3712765819822532,0.5400640466866597,0.6794303861667347,0.3205696138332653,PAR5_Scoring,PAR5_Scoring+APP_100-150; weak ARG_Rough,NeutralSG=0.34; VFD=-8.8; VHD=3.4(8rds); AP=-3.1SG(poor_birdie_conv;rough_approach_liab); FormΔ=0.4; →Tier3 VTS=64.1
49,89,"Vilips, Karl",VILIPS_KARL,confirmed,TBD,TBD,deep,high,-0.46,66.34189548272809,60.99251177477008,-5.349383707958012,high,-1.8,"DataGolf venue-fit tool; comp courses: TPC River Highlands, Colonial CC, Sedgefield CC; cf_adj_total scaled ×20, capped ±7 VTS pts",2,-1.841,-0.0304,low,64.20214199954489,Neutral+Venue,"{""neutral"": 0.6, ""venuefit"": 0.4, ""venuehistory"": 0.0}",clear,False,,0.0,,0.0,0.0,0.0,0.0,0.0,,Deere Run standard venue (non-major birdie-fest). AP_TO_VTS=2.0. Soft/wet week: bomb_and_spray softened (miss_fw_pen_frac=0.0264 modest). No weather amplification on other patterns.,OTT_Accuracy,False,0.0,,-0.646,49.07,-0.186,True,l5_form_applied,-0.46499999999999997,False,ok,,0.0,low,25.0,standard,Standard venue variance class. Soft/wet delay risk: no compression multiplier.,standard,"{""win_exponent"": 4.5, ""win_cap"": 0.14, ""top3_center"": 80, ""top5_center"": 76, ""top10_center"": 68, ""top20_center"": 59, ""make_cut_center"": 48, ""make_cut_steepness"": 0.07}","144-player cut event. Win exp=4.5, cap=0.14. make_cut_pct via logistic(vts, center=48, steep=0.07).",63.73714199954489,63.73714199954489,3,"Tier3 — Top-10 Range: NeutralSG=-0.46, moderate fit VFD=-5.3; 2CH-rds",ok,0.007951026641885546,0.14790582439628455,0.2041489427850302,0.36472061139322265,0.5342624851753132,0.6755037894953075,0.32449621050469246,PUTT_BirdieConv,PUTT_BirdieConv+PUTT_Lag; weak OTT_Accuracy,NeutralSG=-0.46; VFD=-5.3; VHD=-0.0(2rds); FormΔ=-0.5; →Tier3 VTS=63.7
50,25,"Mcgreevy, Max",MCGREEVY_MAX,confirmed,TBD,TBD,deep,high,0.35,80.69087688219663,71.5009447124489,-9.189932169747735,high,1.8,"DataGolf venue-fit tool; comp courses: TPC River Highlands, Colonial CC, Sedgefield CC; cf_adj_total scaled ×20, capped ±7 VTS pts",6,-2.512,-3.9432,medium,67.54367416661333,Balanced,"{""neutral"": 0.4, ""venuefit"": 0.3, ""venuehistory"": 0.3}",clear,False,,0.0,poor_birdie_conv,-1.7281746031746033,0.0,0.0,-1.7281746031746033,0.0,poor_birdie_conv,Deere Run standard venue (non-major birdie-fest). AP_TO_VTS=2.0. Soft/wet week: bomb_and_spray softened (miss_fw_pen_frac=0.0264 modest). No weather amplification on other patterns.,ARG_Rough,False,0.0,,0.17999999999999997,49.15,-0.17,True,l5_form_applied,-0.42500000000000004,False,ok,,0.0,low,25.0,standard,Standard venue variance class. Soft/wet delay risk: no compression multiplier.,standard,"{""win_exponent"": 4.5, ""win_cap"": 0.14, ""top3_center"": 80, ""top5_center"": 76, ""top10_center"": 68, ""top20_center"": 59, ""make_cut_center"": 48, ""make_cut_steepness"": 0.07}","144-player cut event. Win exp=4.5, cap=0.14. make_cut_pct via logistic(vts, center=48, steep=0.07).",63.66232496026413,63.66232496026413,3,"Tier3 — Top-10 Range: NeutralSG=0.35, moderate fit VFD=-9.2; 6CH-rds",ok,0.007909113378464339,0.14698341395857611,0.20297043426901035,0.36326091444737213,0.532962272708912,0.674620176433335,0.32537982356666495,PAR5_Scoring,PAR5_Scoring+APP_100-150; weak ARG_Rough,NeutralSG=0.35; VFD=-9.2; VHD=-3.9(6rds); AP=-1.7SG(poor_birdie_conv); FormΔ=-0.4; →Tier3 VTS=63.7
51,66,"Fishburn, Patrick",FISHBURN_PATRICK,confirmed,TBD,TBD,deep,high,-0.08,73.07351638618246,69.15514747996183,-3.9183689062206355,high,-0.8,"DataGolf venue-fit tool; comp courses: TPC River Highlands, Colonial CC, Sedgefield CC; cf_adj_total scaled ×20, capped ±7 VTS pts",6,0.706,1.9736,medium,65.56803079846154,Balanced,"{""neutral"": 0.4, ""venuefit"": 0.3, ""venuehistory"": 0.3}",clear,False,,0.0,bomb_and_spray,-1.1269767441860465,-1.1269767441860465,0.0,0.0,0.0,bomb_and_spray,Deere Run standard venue (non-major birdie-fest). AP_TO_VTS=2.0. Soft/wet week: bomb_and_spray softened (miss_fw_pen_frac=0.0264 modest). No weather amplification on other patterns.,OTT_Accuracy,False,0.0,,0.032,50.56,0.112,True,l5_form_applied,0.28,False,ok,,0.0,low,25.0,standard,Standard venue variance class. Soft/wet delay risk: no compression multiplier.,standard,"{""win_exponent"": 4.5, ""win_cap"": 0.14, ""top3_center"": 80, ""top5_center"": 76, ""top10_center"": 68, ""top20_center"": 59, ""make_cut_center"": 48, ""make_cut_steepness"": 0.07}","144-player cut event. Win exp=4.5, cap=0.14. make_cut_pct via logistic(vts, center=48, steep=0.07).",63.594077310089446,63.594077310089446,3,"Tier3 — Top-10 Range: NeutralSG=-0.08, moderate fit VFD=-3.9; 6CH-rds",ok,0.007871030415489144,0.14614603969570428,0.20189961860974037,0.36193103823714473,0.5317749742469219,0.6738121326510342,0.32618786734896577,PUTT_BirdieConv,PUTT_BirdieConv+PUTT_Lag; weak OTT_Accuracy,NeutralSG=-0.08; VFD=-3.9; VHD=2.0(6rds); AP=-1.1SG(bomb_and_spray); FormΔ=0.3; →Tier3 VTS=63.6
52,82,"Noh, S.Y.",NOH_S.Y.,confirmed,TBD,TBD,deep,high,-0.37,67.9362267493357,68.06792442969936,0.1316976803636578,high,-1.2,"DataGolf venue-fit tool; comp courses: TPC River Highlands, Colonial CC, Sedgefield CC; cf_adj_total scaled ×20, capped ±7 VTS pts",21,-0.226,0.28400000000000003,medium,62.68006802864409,Balanced,"{""neutral"": 0.4, ""venuefit"": 0.3, ""venuehistory"": 0.3}",clear,False,,0.0,,0.0,0.0,0.0,0.0,0.0,,Deere Run standard venue (non-major birdie-fest). AP_TO_VTS=2.0. Soft/wet week: bomb_and_spray softened (miss_fw_pen_frac=0.0264 modest). No weather amplification on other patterns.,OTT_Accuracy,False,0.0,,-0.33799999999999997,50.16,0.032000000000000015,True,l5_form_applied,0.08000000000000004,False,ok,,0.0,low,25.0,standard,Standard venue variance class. Soft/wet delay risk: no compression multiplier.,standard,"{""win_exponent"": 4.5, ""win_cap"": 0.14, ""top3_center"": 80, ""top5_center"": 76, ""top10_center"": 68, ""top20_center"": 59, ""make_cut_center"": 48, ""make_cut_steepness"": 0.07}","144-player cut event. Win exp=4.5, cap=0.14. make_cut_pct via logistic(vts, center=48, steep=0.07).",62.760068028644085,62.760068028644085,3,"Tier3 — Top-10 Range: NeutralSG=-0.37, moderate fit VFD=0.1; 21CH-rds",ok,0.007417061821026502,0.13622177642853908,0.1891392270400393,0.3458151572804933,0.5171754618528244,0.6637830604971495,0.3362169395028505,APP_100-150,APP_100-150+APP_150-200; weak OTT_Accuracy,NeutralSG=-0.37; VFD=0.1; VHD=0.3(21rds); FormΔ=0.1; →Tier3 VTS=62.8
53,65,"Hodges, Lee",HODGES_LEE,confirmed,TBD,TBD,deep,high,-0.06,73.42781222320639,72.85612348731573,-0.5716887358906604,high,1.8,"DataGolf venue-fit tool; comp courses: TPC River Highlands, Colonial CC, Sedgefield CC; cf_adj_total scaled ×20, capped ±7 VTS pts",12,-0.099,-0.8672,medium,65.96780193547727,Balanced,"{""neutral"": 0.4, ""venuefit"": 0.3, ""venuehistory"": 0.3}",clear,False,,0.0,rough_approach_liab,-1.22061191626409,0.0,0.0,0.0,-1.22061191626409,rough_approach_liab,Deere Run standard venue (non-major birdie-fest). AP_TO_VTS=2.0. Soft/wet week: bomb_and_spray softened (miss_fw_pen_frac=0.0264 modest). No weather amplification on other patterns.,ARG_Rough,False,0.0,,-0.506,47.77,-0.44599999999999995,True,l5_form_applied,-1.1149999999999998,False,ok,,0.0,low,25.0,standard,Standard venue variance class. Soft/wet delay risk: no compression multiplier.,standard,"{""win_exponent"": 4.5, ""win_cap"": 0.14, ""top3_center"": 80, ""top5_center"": 76, ""top10_center"": 68, ""top20_center"": 59, ""make_cut_center"": 48, ""make_cut_steepness"": 0.07}","144-player cut event. Win exp=4.5, cap=0.14. make_cut_pct via logistic(vts, center=48, steep=0.07).",62.411578102949086,62.411578102949086,3,"Tier3 — Top-10 Range: NeutralSG=-0.06, moderate fit VFD=-0.6; 12CH-rds",ok,0.007233522081023847,0.13224186600375604,0.18398568710822225,0.3391612082184953,0.5110300378032,0.6595085621147748,0.3404914378852252,APP_100-150,APP_100-150+APP_150-200; weak ARG_Rough,NeutralSG=-0.06; VFD=-0.6; VHD=-0.9(12rds); AP=-1.2SG(rough_approach_liab); FormΔ=-1.1; →Tier3 VTS=62.4
54,32,"Im, Sungjae",IM_SUNGJAE,confirmed,TBD,TBD,deep,high,0.22,78.38795394154118,65.78486906504297,-12.603084876498215,high,-0.6,"DataGolf venue-fit tool; comp courses: TPC River Highlands, Colonial CC, Sedgefield CC; cf_adj_total scaled ×20, capped ±7 VTS pts",14,0.565,-0.9087999999999999,medium,65.81800229612936,Balanced,"{""neutral"": 0.4, ""venuefit"": 0.3, ""venuehistory"": 0.3}",clear,False,,0.0,wedge_liability,-2.3955357987326207,0.0,-2.3955357987326207,0.0,0.0,wedge_liability,Deere Run standard venue (non-major birdie-fest). AP_TO_VTS=2.0. Soft/wet week: bomb_and_spray softened (miss_fw_pen_frac=0.0264 modest). No weather amplification on other patterns.,OTT_Accuracy,False,0.0,,0.716,52.48,0.496,True,l5_form_applied,1.24,False,ok,,0.0,low,25.0,standard,Standard venue variance class. Soft/wet delay risk: no compression multiplier.,standard,"{""win_exponent"": 4.5, ""win_cap"": 0.14, ""top3_center"": 80, ""top5_center"": 76, ""top10_center"": 68, ""top20_center"": 59, ""make_cut_center"": 48, ""make_cut_steepness"": 0.07}","144-player cut event. Win exp=4.5, cap=0.14. make_cut_pct via logistic(vts, center=48, steep=0.07).",62.266930698664126,62.266930698664126,3,"Tier3 — Top-10 Range: NeutralSG=0.22, moderate fit VFD=-12.6; 14CH-rds",ok,0.007158386405221456,0.1306184055867734,0.18187747875979335,0.3364142439346193,0.5084722960783972,0.6577199862201266,0.3422800137798734,ARG_Rough,ARG_Rough+ARG_Bunker; weak OTT_Accuracy,NeutralSG=0.22; VFD=-12.6; VHD=-0.9(14rds); AP=-2.4SG(wedge_liability); FormΔ=1.2; →Tier3 VTS=62.3
55,72,"Simpson, Webb",SIMPSON_WEBB,confirmed,TBD,TBD,medium,medium,-0.16,71.6563330380868,65.64595708744123,-6.010375950645567,medium,-0.4,"DataGolf venue-fit tool; comp courses: TPC River Highlands, Colonial CC, Sedgefield CC; cf_adj_total scaled ×20, capped ±7 VTS pts",12,-0.333,-0.9032,medium,63.08536034146709,Balanced,"{""neutral"": 0.4, ""venuefit"": 0.3, ""venuehistory"": 0.3}",clear,False,,0.0,,0.0,0.0,0.0,0.0,0.0,,Deere Run standard venue (non-major birdie-fest). AP_TO_VTS=2.0. Soft/wet week: bomb_and_spray softened (miss_fw_pen_frac=0.0264 modest). No weather amplification on other patterns.,OTT_Accuracy,False,0.0,,-0.492,48.34,-0.332,True,l5_form_applied,-0.8300000000000001,False,ok,,0.0,medium,50.0,standard,Standard venue variance class. Soft/wet delay risk: no compression multiplier.,standard,"{""win_exponent"": 4.5, ""win_cap"": 0.14, ""top3_center"": 80, ""top5_center"": 76, ""top10_center"": 68, ""top20_center"": 59, ""make_cut_center"": 48, ""make_cut_steepness"": 0.07}","144-player cut event. Win exp=4.5, cap=0.14. make_cut_pct via logistic(vts, center=48, steep=0.07).",62.25536034146709,62.25536034146709,3,"Tier3 — Top-10 Range: NeutralSG=-0.16, moderate fit VFD=-6.0; 12CH-rds",ok,0.007724594833523632,0.1449880691358091,0.20189958293259563,0.3735498897815281,0.5647417041326556,0.7306406172538601,0.2693593827461399,APP_100-150,APP_100-150+APP_150-200; weak OTT_Accuracy,NeutralSG=-0.16; VFD=-6.0; VHD=-0.9(12rds); FormΔ=-0.8; →Tier3 VTS=62.3
56,64,"Brown, Blades",BROWN_BLADES,confirmed,TBD,TBD,deep,high,-0.04,73.7821080602303,72.7139310433134,-1.0681770169169056,high,-0.2,"DataGolf venue-fit tool; comp courses: TPC River Highlands, Colonial CC, Sedgefield CC; cf_adj_total scaled ×20, capped ±7 VTS pts",0,,0.0,none,73.35483725346353,Neutral+Venue,"{""neutral"": 0.6, ""venuefit"": 0.4, ""venuehistory"": 0.0}",clear,True,A,-4.0,rough_approach_liab,-1.140901771336554,0.0,0.0,0.0,-1.140901771336554,rough_approach_liab,Deere Run standard venue (non-major birdie-fest). AP_TO_VTS=2.0. Soft/wet week: bomb_and_spray softened (miss_fw_pen_frac=0.0264 modest). No weather amplification on other patterns.,OTT_Accuracy,False,0.0,,0.36000000000000004,52.0,0.4,True,l5_form_applied,1.0,False,ok,,0.0,high,75.0,standard,Standard venue variance class. Soft/wet delay risk: no compression multiplier.,standard,"{""win_exponent"": 4.5, ""win_cap"": 0.14, ""top3_center"": 80, ""top5_center"": 76, ""top10_center"": 68, ""top20_center"": 59, ""make_cut_center"": 48, ""make_cut_steepness"": 0.07}","144-player cut event. Win exp=4.5, cap=0.14. make_cut_pct via logistic(vts, center=48, steep=0.07).",62.07303371079042,62.07303371079042,3,"Tier3 — Top-10 Range: NeutralSG=-0.04, moderate fit VFD=-1.1; 0CH-rds (debut); debut-A",ok,0.008117415650616598,0.1570166697140896,0.2188753647732554,0.4066897536992338,0.6172682821803188,0.8009335858060077,0.1990664141939923,APP_100-150,APP_100-150+APP_150-200; weak OTT_Accuracy,NeutralSG=-0.04; VFD=-1.1; VHD=0.0(0rds); debut-A pen=-4.0SG; AP=-1.1SG(rough_approach_liab); FormΔ=1.0; →Tier3 VTS=62.1
57,51,"Dou, Zecheng",DOU_ZECHENG,confirmed,TBD,TBD,deep,high,0.05,75.37643932683793,68.9808962817585,-6.395543045079421,high,-1.6,"DataGolf venue-fit tool; comp courses: TPC River Highlands, Colonial CC, Sedgefield CC; cf_adj_total scaled ×20, capped ±7 VTS pts",6,-3.042,-5.6184,medium,64.15932461526272,Balanced,"{""neutral"": 0.4, ""venuefit"": 0.3, ""venuehistory"": 0.3}",clear,False,,0.0,bomb_and_spray,-1.0,-1.0,0.0,0.0,0.0,bomb_and_spray,Deere Run standard venue (non-major birdie-fest). AP_TO_VTS=2.0. Soft/wet week: bomb_and_spray softened (miss_fw_pen_frac=0.0264 modest). No weather amplification on other patterns.,OTT_Accuracy,False,0.0,,-0.039999999999999994,49.55,-0.09,True,l5_form_applied,-0.22499999999999998,False,ok,,0.0,low,25.0,standard,Standard venue variance class. Soft/wet delay risk: no compression multiplier.,standard,"{""win_exponent"": 4.5, ""win_cap"": 0.14, ""top3_center"": 80, ""top5_center"": 76, ""top10_center"": 68, ""top20_center"": 59, ""make_cut_center"": 48, ""make_cut_steepness"": 0.07}","144-player cut event. Win exp=4.5, cap=0.14. make_cut_pct via logistic(vts, center=48, steep=0.07).",61.93432461526272,61.93432461526272,3,"Tier3 — Top-10 Range: NeutralSG=0.05, moderate fit VFD=-6.4; 6CH-rds",ok,0.006987919616010677,0.12694813351421766,0.1770984091798596,0.33013229180364995,0.5025766253478574,0.6535755578838549,0.3464244421161451,APP_100-150,APP_100-150+APP_150-200; weak OTT_Accuracy,NeutralSG=0.05; VFD=-6.4; VHD=-5.6(6rds); FormΔ=-0.2; →Tier3 VTS=61.9
58,43,"Rodgers, Patrick",RODGERS_PATRICK,confirmed,TBD,TBD,deep,high,0.1,76.2621789193977,65.62978643618455,-10.632392483213152,high,-1.8,"DataGolf venue-fit tool; comp courses: TPC River Highlands, Colonial CC, Sedgefield CC; cf_adj_total scaled ×20, capped ±7 VTS pts",38,0.445,1.0208,medium,65.50004749861445,Balanced,"{""neutral"": 0.4, ""venuefit"": 0.3, ""venuehistory"": 0.3}",clear,False,,0.0,bomb_and_spray,-1.1604651162790698,-1.1604651162790698,0.0,0.0,0.0,bomb_and_spray,Deere Run standard venue (non-major birdie-fest). AP_TO_VTS=2.0. Soft/wet week: bomb_and_spray softened (miss_fw_pen_frac=0.0264 modest). No weather amplification on other patterns.,OTT_Accuracy,False,0.0,,-0.45000000000000007,47.25,-0.55,True,l5_form_applied,-1.375,False,ok,,0.0,low,25.0,standard,Standard venue variance class. Soft/wet delay risk: no compression multiplier.,standard,"{""win_exponent"": 4.5, ""win_cap"": 0.14, ""top3_center"": 80, ""top5_center"": 76, ""top10_center"": 68, ""top20_center"": 59, ""make_cut_center"": 48, ""make_cut_steepness"": 0.07}","144-player cut event. Win exp=4.5, cap=0.14. make_cut_pct via logistic(vts, center=48, steep=0.07).",61.80411726605631,61.80411726605631,3,"Tier3 — Top-10 Range: NeutralSG=0.10, moderate fit VFD=-10.6; 38CH-rds",ok,0.006922052817953688,0.12553495580084234,0.1752535237036565,0.327686523644242,0.5002635003810406,0.6519411370459767,0.34805886295402333,APP_100-150,APP_100-150+APP_150-200; weak OTT_Accuracy,NeutralSG=0.10; VFD=-10.6; VHD=1.0(38rds); AP=-1.2SG(bomb_and_spray); FormΔ=-1.4; →Tier3 VTS=61.8
59,40,"Keefer, Johnny",KEEFER_JOHNNY,confirmed,TBD,TBD,deep,high,0.12,76.61647475642162,70.06581333496327,-6.550661421458358,high,0.2,"DataGolf venue-fit tool; comp courses: TPC River Highlands, Colonial CC, Sedgefield CC; cf_adj_total scaled ×20, capped ±7 VTS pts",0,,0.0,none,73.99621018783829,Neutral+Venue,"{""neutral"": 0.6, ""venuefit"": 0.4, ""venuehistory"": 0.0}",clear,True,B,-1.75,bomb_and_spray;poor_birdie_conv;rough_approach_liab,-4.655105645019701,-1.4116279069767441,0.0,-1.773268398268399,-1.4702093397745573,bomb_and_spray;poor_birdie_conv;rough_approach_liab,Deere Run standard venue (non-major birdie-fest). AP_TO_VTS=2.0. Soft/wet week: bomb_and_spray softened (miss_fw_pen_frac=0.0264 modest). No weather amplification on other patterns.,ARG_Rough,False,0.0,,0.6920000000000001,52.86,0.5720000000000001,True,l5_form_applied,1.4300000000000002,False,ok,,0.0,high,75.0,standard,Standard venue variance class. Soft/wet delay risk: no compression multiplier.,standard,"{""win_exponent"": 4.5, ""win_cap"": 0.14, ""top3_center"": 80, ""top5_center"": 76, ""top10_center"": 68, ""top20_center"": 59, ""make_cut_center"": 48, ""make_cut_steepness"": 0.07}","144-player cut event. Win exp=4.5, cap=0.14. make_cut_pct via logistic(vts, center=48, steep=0.07).",61.74099889779888,61.74099889779888,3,"Tier3 — Top-10 Range: NeutralSG=0.12, moderate fit VFD=-6.6; 0CH-rds (debut); debut-B",ok,0.007923842705005874,0.15260015264564067,0.21311212829879947,0.3990601044203093,0.6100615035567978,0.7958456424426906,0.20415435755730937,PAR5_Scoring,PAR5_Scoring+APP_Wedge; weak ARG_Rough,NeutralSG=0.12; VFD=-6.6; VHD=0.0(0rds); debut-B pen=-1.8SG; AP=-4.7SG(bomb_and_spray;poor_birdie_conv;rough_approach_liab); FormΔ=1.4; →Tier3 VTS=61.7
60,36,"Blanchet, Chandler",BLANCHET_CHANDLER,confirmed,TBD,TBD,deep,high,0.16,77.32506643046945,68.912186637611,-8.412879792858448,high,2.8,"DataGolf venue-fit tool; comp courses: TPC River Highlands, Colonial CC, Sedgefield CC; cf_adj_total scaled ×20, capped ±7 VTS pts",0,,0.0,none,73.95991451332607,Neutral+Venue,"{""neutral"": 0.6, ""venuefit"": 0.4, ""venuehistory"": 0.0}",clear,True,B,-1.75,poor_birdie_conv;rough_approach_liab,-3.2090286927243463,0.0,0.0,-1.6872895622895634,-1.5217391304347827,poor_birdie_conv;rough_approach_liab,Deere Run standard venue (non-major birdie-fest). AP_TO_VTS=2.0. Soft/wet week: bomb_and_spray softened (miss_fw_pen_frac=0.0264 modest). No weather amplification on other patterns.,ARG_Rough,False,0.0,,-0.45799999999999996,46.91,-0.618,True,l5_form_applied,-1.545,False,ok,,0.0,high,75.0,standard,Standard venue variance class. Soft/wet delay risk: no compression multiplier.,standard,"{""win_exponent"": 4.5, ""win_cap"": 0.14, ""top3_center"": 80, ""top5_center"": 76, ""top10_center"": 68, ""top20_center"": 59, ""make_cut_center"": 48, ""make_cut_steepness"": 0.07}","144-player cut event. Win exp=4.5, cap=0.14. make_cut_pct via logistic(vts, center=48, steep=0.07).",61.62185712787738,61.62185712787738,3,"Tier3 — Top-10 Range: NeutralSG=0.16, moderate fit VFD=-8.4; 0CH-rds (debut); debut-B",ok,0.007855266723115432,0.15104099790923553,0.21107245161171453,0.39633746407513654,0.6074703131815119,0.7940069884032631,0.20599301159673689,APP_Wedge,APP_Wedge+APP_100-150; weak ARG_Rough,NeutralSG=0.16; VFD=-8.4; VHD=0.0(0rds); debut-B pen=-1.8SG; AP=-3.2SG(poor_birdie_conv;rough_approach_liab); FormΔ=-1.5; →Tier3 VTS=61.6
61,73,"Ewart, A.J.",EWART_A.J.,confirmed,TBD,TBD,deep,high,-0.17,71.47918511957485,68.11370518862934,-3.3654799309455115,high,-1.2,"DataGolf venue-fit tool; comp courses: TPC River Highlands, Colonial CC, Sedgefield CC; cf_adj_total scaled ×20, capped ±7 VTS pts",0,,0.0,none,70.13299314719664,Neutral+Venue,"{""neutral"": 0.6, ""venuefit"": 0.4, ""venuehistory"": 0.0}",clear,True,A,-4.0,,0.0,0.0,0.0,0.0,0.0,,Deere Run standard venue (non-major birdie-fest). AP_TO_VTS=2.0. Soft/wet week: bomb_and_spray softened (miss_fw_pen_frac=0.0264 modest). No weather amplification on other patterns.,OTT_Accuracy,False,0.0,,0.402,52.86,0.5720000000000001,True,l5_form_applied,1.4300000000000002,False,ok,,0.0,high,75.0,standard,Standard venue variance class. Soft/wet delay risk: no compression multiplier.,standard,"{""win_exponent"": 4.5, ""win_cap"": 0.14, ""top3_center"": 80, ""top5_center"": 76, ""top10_center"": 68, ""top20_center"": 59, ""make_cut_center"": 48, ""make_cut_steepness"": 0.07}","144-player cut event. Win exp=4.5, cap=0.14. make_cut_pct via logistic(vts, center=48, steep=0.07).",61.56299314719664,61.56299314719664,3,"Tier3 — Top-10 Range: NeutralSG=-0.17, moderate fit VFD=-3.4; 0CH-rds (debut); debut-A",ok,0.0078215564504618,0.1502756272939922,0.21007022334462555,0.3949952966097763,0.6061891322636007,0.7930960535112396,0.20690394648876043,PUTT_BirdieConv,PUTT_BirdieConv+PUTT_Lag; weak OTT_Accuracy,NeutralSG=-0.17; VFD=-3.4; VHD=0.0(0rds); debut-A pen=-4.0SG; FormΔ=1.4; →Tier3 VTS=61.6
62,59,"Smotherman, Austin",SMOTHERMAN_AUSTIN,confirmed,TBD,TBD,deep,high,0.01,74.66784765279009,76.49388682219471,1.8260391694046234,high,2.2,"DataGolf venue-fit tool; comp courses: TPC River Highlands, Colonial CC, Sedgefield CC; cf_adj_total scaled ×20, capped ±7 VTS pts",10,-0.592,-0.14400000000000002,medium,67.77210510777445,Balanced,"{""neutral"": 0.4, ""venuefit"": 0.3, ""venuehistory"": 0.3}",clear,False,,0.0,poor_birdie_conv;rough_approach_liab,-3.1931556768513305,0.0,0.0,-1.6343795093795106,-1.5587761674718197,poor_birdie_conv;rough_approach_liab,Deere Run standard venue (non-major birdie-fest). AP_TO_VTS=2.0. Soft/wet week: bomb_and_spray softened (miss_fw_pen_frac=0.0264 modest). No weather amplification on other patterns.,ARG_Rough,False,0.0,,0.066,50.28,0.056,True,l5_form_applied,0.14,False,ok,,0.0,low,25.0,standard,Standard venue variance class. Soft/wet delay risk: no compression multiplier.,standard,"{""win_exponent"": 4.5, ""win_cap"": 0.14, ""top3_center"": 80, ""top5_center"": 76, ""top10_center"": 68, ""top20_center"": 59, ""make_cut_center"": 48, ""make_cut_steepness"": 0.07}","144-player cut event. Win exp=4.5, cap=0.14. make_cut_pct via logistic(vts, center=48, steep=0.07).",61.52579375407179,61.52579375407179,3,"Tier3 — Top-10 Range: NeutralSG=0.01, moderate fit VFD=1.8; 10CH-rds",ok,0.006782879273708291,0.12255842678721389,0.17135896666074615,0.3224848407493294,0.49531022562902627,0.6484250676144561,0.35157493238554394,APP_Wedge,APP_Wedge+APP_100-150; weak ARG_Rough,NeutralSG=0.01; VFD=1.8; VHD=-0.1(10rds); AP=-3.2SG(poor_birdie_conv;rough_approach_liab); FormΔ=0.1; →Tier3 VTS=61.5
63,81,"Young, Carson",YOUNG_CARSON,confirmed,TBD,TBD,deep,high,-0.36,68.11337466784767,64.99835315915014,-3.1150215086975237,high,1.6,"DataGolf venue-fit tool; comp courses: TPC River Highlands, Colonial CC, Sedgefield CC; cf_adj_total scaled ×20, capped ±7 VTS pts",10,1.289,3.676,medium,62.84765581488411,Balanced,"{""neutral"": 0.4, ""venuefit"": 0.3, ""venuehistory"": 0.3}",clear,False,,0.0,rough_approach_liab,-1.2278582930756845,0.0,0.0,0.0,-1.2278582930756845,rough_approach_liab,Deere Run standard venue (non-major birdie-fest). AP_TO_VTS=2.0. Soft/wet week: bomb_and_spray softened (miss_fw_pen_frac=0.0264 modest). No weather amplification on other patterns.,ARG_Rough,False,0.0,,-0.04599999999999993,51.57,0.31400000000000006,True,l5_form_applied,0.7850000000000001,False,ok,,0.0,low,25.0,standard,Standard venue variance class. Soft/wet delay risk: no compression multiplier.,standard,"{""win_exponent"": 4.5, ""win_cap"": 0.14, ""top3_center"": 80, ""top5_center"": 76, ""top10_center"": 68, ""top20_center"": 59, ""make_cut_center"": 48, ""make_cut_steepness"": 0.07}","144-player cut event. Win exp=4.5, cap=0.14. make_cut_pct via logistic(vts, center=48, steep=0.07).",61.176939228732735,61.176939228732735,3,"Tier3 — Top-10 Range: NeutralSG=-0.36, moderate fit VFD=-3.1; 10CH-rds",ok,0.006611521658830669,0.1189117955253247,0.16657141735827372,0.31601708074885726,0.4890861656961615,0.6439751715597928,0.3560248284402072,APP_100-150,APP_100-150+APP_150-200; weak ARG_Rough,NeutralSG=-0.36; VFD=-3.1; VHD=3.7(10rds); AP=-1.2SG(rough_approach_liab); FormΔ=0.8; →Tier3 VTS=61.2
64,74,"Hubbard, Mark",HUBBARD_MARK,confirmed,TBD,TBD,deep,high,-0.23,70.41629760850311,67.74203749905958,-2.674260109443537,high,0.8,"DataGolf venue-fit tool; comp courses: TPC River Highlands, Colonial CC, Sedgefield CC; cf_adj_total scaled ×20, capped ±7 VTS pts",28,0.687,1.808,medium,64.03153029311912,Balanced,"{""neutral"": 0.4, ""venuefit"": 0.3, ""venuehistory"": 0.3}",clear,False,,0.0,poor_birdie_conv,-1.668650793650794,0.0,0.0,-1.668650793650794,0.0,poor_birdie_conv,Deere Run standard venue (non-major birdie-fest). AP_TO_VTS=2.0. Soft/wet week: bomb_and_spray softened (miss_fw_pen_frac=0.0264 modest). No weather amplification on other patterns.,OTT_Accuracy,False,0.0,,-0.068,50.81,0.162,True,l5_form_applied,0.405,False,ok,,0.0,low,25.0,standard,Standard venue variance class. Soft/wet delay risk: no compression multiplier.,standard,"{""win_exponent"": 4.5, ""win_cap"": 0.14, ""top3_center"": 80, ""top5_center"": 76, ""top10_center"": 68, ""top20_center"": 59, ""make_cut_center"": 48, ""make_cut_steepness"": 0.07}","144-player cut event. Win exp=4.5, cap=0.14. make_cut_pct via logistic(vts, center=48, steep=0.07).",61.09922870581753,61.09922870581753,3,"Tier3 — Top-10 Range: NeutralSG=-0.23, moderate fit VFD=-2.7; 28CH-rds",ok,0.006573813045827088,0.11811210789765758,0.1655191358984601,0.3145844415908676,0.4876975587831987,0.6429774830529852,0.3570225169470148,APP_100-150,APP_100-150+APP_Wedge; weak OTT_Accuracy,NeutralSG=-0.23; VFD=-2.7; VHD=1.8(28rds); AP=-1.7SG(poor_birdie_conv); FormΔ=0.4; →Tier3 VTS=61.1
65,61,"Blair, Zac",BLAIR_ZAC,confirmed,TBD,TBD,deep,high,-0.01,74.31355181576617,73.38640654855023,-0.9271452672159484,high,2.4,"DataGolf venue-fit tool; comp courses: TPC River Highlands, Colonial CC, Sedgefield CC; cf_adj_total scaled ×20, capped ±7 VTS pts",20,-0.398,-0.04000000000000001,medium,66.72934269087153,Balanced,"{""neutral"": 0.4, ""venuefit"": 0.3, ""venuehistory"": 0.3}",clear,False,,0.0,poor_birdie_conv;rough_approach_liab,-2.857804232804233,0.0,0.0,-1.6355820105820107,-1.2222222222222223,poor_birdie_conv;rough_approach_liab,Deere Run standard venue (non-major birdie-fest). AP_TO_VTS=2.0. Soft/wet week: bomb_and_spray softened (miss_fw_pen_frac=0.0264 modest). No weather amplification on other patterns.,OTT_Distance,False,0.0,,-0.056,49.77,-0.046,True,l5_form_applied,-0.11499999999999999,False,ok,,0.0,low,25.0,standard,Standard venue variance class. Soft/wet delay risk: no compression multiplier.,standard,"{""win_exponent"": 4.5, ""win_cap"": 0.14, ""top3_center"": 80, ""top5_center"": 76, ""top10_center"": 68, ""top20_center"": 59, ""make_cut_center"": 48, ""make_cut_steepness"": 0.07}","144-player cut event. Win exp=4.5, cap=0.14. make_cut_pct via logistic(vts, center=48, steep=0.07).",60.89873422526306,60.89873422526306,3,"Tier3 — Top-10 Range: NeutralSG=-0.01, moderate fit VFD=-0.9; 20CH-rds",ok,0.006477296391062843,0.11606996924469255,0.1628280316214328,0.31090217985617213,0.48411165243941195,0.6403926849369255,0.35960731506307453,APP_150-200,APP_150-200+APP_100-150; weak OTT_Distance,NeutralSG=-0.01; VFD=-0.9; VHD=-0.0(20rds); AP=-2.9SG(poor_birdie_conv;rough_approach_liab); FormΔ=-0.1; →Tier3 VTS=60.9
66,57,"Power, Seamus",POWER_SEAMUS,confirmed,TBD,TBD,deep,high,0.02,74.84499557130204,66.570693825003,-8.274301746299031,high,0.4,"DataGolf venue-fit tool; comp courses: TPC River Highlands, Colonial CC, Sedgefield CC; cf_adj_total scaled ×20, capped ±7 VTS pts",28,1.008,2.8887999999999994,medium,65.77584637602172,Balanced,"{""neutral"": 0.4, ""venuefit"": 0.3, ""venuehistory"": 0.3}",clear,False,,0.0,wedge_liability,-2.167123805920742,0.0,-2.167123805920742,0.0,0.0,wedge_liability,Deere Run standard venue (non-major birdie-fest). AP_TO_VTS=2.0. Soft/wet week: bomb_and_spray softened (miss_fw_pen_frac=0.0264 modest). No weather amplification on other patterns.,OTT_Accuracy,False,0.0,,-0.19800000000000004,48.91,-0.21800000000000003,True,l5_form_applied,-0.545,False,ok,,0.0,low,25.0,standard,Standard venue variance class. Soft/wet delay risk: no compression multiplier.,standard,"{""win_exponent"": 4.5, ""win_cap"": 0.14, ""top3_center"": 80, ""top5_center"": 76, ""top10_center"": 68, ""top20_center"": 59, ""make_cut_center"": 48, ""make_cut_steepness"": 0.07}","144-player cut event. Win exp=4.5, cap=0.14. make_cut_pct via logistic(vts, center=48, steep=0.07).",60.89659876418023,60.89659876418023,3,"Tier3 — Top-10 Range: NeutralSG=0.02, moderate fit VFD=-8.3; 28CH-rds",ok,0.006476274362511133,0.11604838126940989,0.16279955309300267,0.3108630696646609,0.48407343476658315,0.6403650712616987,0.3596349287383013,PUTT_BirdieConv,PUTT_BirdieConv+APP_100-150; weak OTT_Accuracy,NeutralSG=0.02; VFD=-8.3; VHD=2.9(28rds); AP=-2.2SG(wedge_liability); FormΔ=-0.5; →Tier3 VTS=60.9
67,41,"Hossler, Beau",HOSSLER_BEAU,confirmed,TBD,TBD,deep,high,0.12,76.61647475642162,63.87973719327353,-12.736737563148097,high,-1.2,"DataGolf venue-fit tool; comp courses: TPC River Highlands, Colonial CC, Sedgefield CC; cf_adj_total scaled ×20, capped ±7 VTS pts",18,0.46,1.0512000000000001,medium,65.12587106055071,Balanced,"{""neutral"": 0.4, ""venuefit"": 0.3, ""venuehistory"": 0.3}",clear,False,,0.0,wedge_liability,-2.335382578265393,0.0,-2.335382578265393,0.0,0.0,wedge_liability,Deere Run standard venue (non-major birdie-fest). AP_TO_VTS=2.0. Soft/wet week: bomb_and_spray softened (miss_fw_pen_frac=0.0264 modest). No weather amplification on other patterns.,OTT_Accuracy,False,0.0,,0.276,50.78,0.156,True,l5_form_applied,0.39,False,ok,,0.0,low,25.0,standard,Standard venue variance class. Soft/wet delay risk: no compression multiplier.,standard,"{""win_exponent"": 4.5, ""win_cap"": 0.14, ""top3_center"": 80, ""top5_center"": 76, ""top10_center"": 68, ""top20_center"": 59, ""make_cut_center"": 48, ""make_cut_steepness"": 0.07}","144-player cut event. Win exp=4.5, cap=0.14. make_cut_pct via logistic(vts, center=48, steep=0.07).",60.845105904019924,60.845105904019924,3,"Tier3 — Top-10 Range: NeutralSG=0.12, moderate fit VFD=-12.7; 18CH-rds",ok,0.006451667907189521,0.11552886052928478,0.16211401861752364,0.30992070156582185,0.48315173489812613,0.6396986880212182,0.3603013119787818,PUTT_BirdieConv,PUTT_BirdieConv+PUTT_Lag; weak OTT_Accuracy,NeutralSG=0.12; VFD=-12.7; VHD=1.1(18rds); AP=-2.3SG(wedge_liability); FormΔ=0.4; →Tier3 VTS=60.8
68,39,"Hisatsune, Ryo",HISATSUNE_RYO,confirmed,TBD,TBD,deep,high,0.12,76.61647475642162,72.1591116263071,-4.45736313011453,high,0.8,"DataGolf venue-fit tool; comp courses: TPC River Highlands, Colonial CC, Sedgefield CC; cf_adj_total scaled ×20, capped ±7 VTS pts",8,-0.656,-2.4768,medium,66.55128339046078,Balanced,"{""neutral"": 0.4, ""venuefit"": 0.3, ""venuehistory"": 0.3}",clear,False,,0.0,poor_birdie_conv;rough_approach_liab,-2.8421037497124457,0.0,0.0,-1.6818783068783072,-1.1602254428341385,poor_birdie_conv;rough_approach_liab,Deere Run standard venue (non-major birdie-fest). AP_TO_VTS=2.0. Soft/wet week: bomb_and_spray softened (miss_fw_pen_frac=0.0264 modest). No weather amplification on other patterns.,ARG_Rough,False,0.0,,0.032,49.56,-0.088,True,l5_form_applied,-0.21999999999999997,False,ok,,0.0,low,25.0,standard,Standard venue variance class. Soft/wet delay risk: no compression multiplier.,standard,"{""win_exponent"": 4.5, ""win_cap"": 0.14, ""top3_center"": 80, ""top5_center"": 76, ""top10_center"": 68, ""top20_center"": 59, ""make_cut_center"": 48, ""make_cut_steepness"": 0.07}","144-player cut event. Win exp=4.5, cap=0.14. make_cut_pct via logistic(vts, center=48, steep=0.07).",60.64707589103589,60.64707589103589,3,"Tier3 — Top-10 Range: NeutralSG=0.12, moderate fit VFD=-4.5; 8CH-rds",ok,0.006357713758758922,0.11354935189556627,0.15949859588812854,0.3063092860786586,0.47960454485198806,0.6371265032122426,0.3628734967877574,PAR5_Scoring,PAR5_Scoring+APP_100-150; weak ARG_Rough,NeutralSG=0.12; VFD=-4.5; VHD=-2.5(8rds); AP=-2.8SG(poor_birdie_conv;rough_approach_liab); FormΔ=-0.2; →Tier3 VTS=60.6
69,144,"Adler, Patrick",ADLER_PATRICK,confirmed,TBD,TBD,thin,low,-0.14400000000000002,71.93976970770593,66.84920994960792,-5.09055975809801,low,0.0,"DataGolf venue-fit tool; comp courses: TPC River Highlands, Colonial CC, Sedgefield CC; cf_adj_total scaled ×20, capped ±7 VTS pts",0,,0.0,none,69.90354580446673,Neutral+Venue,"{""neutral"": 0.6, ""venuefit"": 0.4, ""venuehistory"": 0.0}",clear,True,A,-4.0,,0.0,0.0,0.0,0.0,0.0,,Deere Run standard venue (non-major birdie-fest). AP_TO_VTS=2.0. Soft/wet week: bomb_and_spray softened (miss_fw_pen_frac=0.0264 modest). No weather amplification on other patterns.,OTT_Accuracy,False,0.0,,-0.14400000000000002,50.0,0.0,False,,0.0,False,ok,,0.0,high,75.0,standard,Standard venue variance class. Soft/wet delay risk: no compression multiplier.,standard,"{""win_exponent"": 4.5, ""win_cap"": 0.14, ""top3_center"": 80, ""top5_center"": 76, ""top10_center"": 68, ""top20_center"": 59, ""make_cut_center"": 48, ""make_cut_steepness"": 0.07}","144-player cut event. Win exp=4.5, cap=0.14. make_cut_pct via logistic(vts, center=48, steep=0.07).",59.90354580446673,59.90354580446673,3,"Tier3 — Top-10 Range: NeutralSG=-0.14, moderate fit VFD=-5.1; 0CH-rds (debut); debut-A",ok,0.006916570341921961,0.13001332150712447,0.18330163304957678,0.35803269311871266,0.5698693571213003,0.7667454383511215,0.23325456164887848,APP_100-150,APP_100-150+APP_150-200; weak OTT_Accuracy,NeutralSG=-0.14; VFD=-5.1; VHD=0.0(0rds); debut-A pen=-4.0SG; →Tier3 VTS=59.9
70,75,"Glover, Lucas",GLOVER_LUCAS,confirmed,TBD,TBD,medium,medium,-0.22,70.59344552701506,73.53179966920625,2.938354142191187,medium,3.8,"DataGolf venue-fit tool; comp courses: TPC River Highlands, Colonial CC, Sedgefield CC; cf_adj_total scaled ×20, capped ±7 VTS pts",48,0.769,1.2456,medium,65.6705981115679,Balanced,"{""neutral"": 0.4, ""venuefit"": 0.3, ""venuehistory"": 0.3}",clear,False,,0.0,poor_birdie_conv,-1.8869047619047623,0.0,0.0,-1.8869047619047623,0.0,poor_birdie_conv,Deere Run standard venue (non-major birdie-fest). AP_TO_VTS=2.0. Soft/wet week: bomb_and_spray softened (miss_fw_pen_frac=0.0264 modest). No weather amplification on other patterns.,ARG_Rough,False,0.0,,-1.0639999999999998,45.78,-0.8439999999999999,True,l5_form_applied,-2.1099999999999994,False,ok,,0.0,medium,50.0,standard,Standard venue variance class. Soft/wet delay risk: no compression multiplier.,standard,"{""win_exponent"": 4.5, ""win_cap"": 0.14, ""top3_center"": 80, ""top5_center"": 76, ""top10_center"": 68, ""top20_center"": 59, ""make_cut_center"": 48, ""make_cut_steepness"": 0.07}","144-player cut event. Win exp=4.5, cap=0.14. make_cut_pct via logistic(vts, center=48, steep=0.07).",59.78678858775837,59.78678858775837,3,"Tier3 — Top-10 Range: NeutralSG=-0.22, moderate fit VFD=2.9; 48CH-rds",ok,0.006438783858220853,0.11698245114250622,0.16502274925076446,0.3231815066544501,0.5157305786053225,0.6953126011684108,0.30468739883158924,APP_Wedge,APP_Wedge+APP_150-200; weak ARG_Rough,NeutralSG=-0.22; VFD=2.9; VHD=1.2(48rds); AP=-1.9SG(poor_birdie_conv); FormΔ=-2.1; →Tier3 VTS=59.8
71,108,"Dunlap, Nick",DUNLAP_NICK,confirmed,TBD,TBD,medium,medium,-0.655,62.8875110717449,60.370382206007775,-2.517128865737128,medium,-2.4,"DataGolf venue-fit tool; comp courses: TPC River Highlands, Colonial CC, Sedgefield CC; cf_adj_total scaled ×20, capped ±7 VTS pts",6,0.873,4.4336,medium,59.59619909050029,Balanced,"{""neutral"": 0.4, ""venuefit"": 0.3, ""venuehistory"": 0.3}",clear,False,,0.0,,0.0,0.0,0.0,0.0,0.0,,Deere Run standard venue (non-major birdie-fest). AP_TO_VTS=2.0. Soft/wet week: bomb_and_spray softened (miss_fw_pen_frac=0.0264 modest). No weather amplification on other patterns.,OTT_Accuracy,False,0.0,,-0.677,49.89,-0.021999999999999992,True,l5_form_applied,-0.05499999999999998,False,ok,,0.0,medium,50.0,standard,Standard venue variance class. Soft/wet delay risk: no compression multiplier.,standard,"{""win_exponent"": 4.5, ""win_cap"": 0.14, ""top3_center"": 80, ""top5_center"": 76, ""top10_center"": 68, ""top20_center"": 59, ""make_cut_center"": 48, ""make_cut_steepness"": 0.07}","144-player cut event. Win exp=4.5, cap=0.14. make_cut_pct via logistic(vts, center=48, steep=0.07).",59.54119909050029,59.54119909050029,3,"Tier3 — Top-10 Range: NeutralSG=-0.66, moderate fit VFD=-2.5; 6CH-rds",ok,0.006320616251562155,0.11446933756401757,0.16166654477680875,0.31836580701304923,0.5108222912970809,0.6916584007491446,0.30834159925085536,APP_100-150,APP_100-150+APP_150-200; weak OTT_Accuracy,NeutralSG=-0.66; VFD=-2.5; VHD=4.4(6rds); FormΔ=-0.1; →Tier3 VTS=59.5
72,60,"Roy, Kevin",ROY_KEVIN,confirmed,TBD,TBD,deep,high,-0.01,74.31355181576617,66.32902860043123,-7.984523215334946,high,-0.6,"DataGolf venue-fit tool; comp courses: TPC River Highlands, Colonial CC, Sedgefield CC; cf_adj_total scaled ×20, capped ±7 VTS pts",8,1.477,4.232,medium,65.89372930643584,Balanced,"{""neutral"": 0.4, ""venuefit"": 0.3, ""venuehistory"": 0.3}",clear,False,,0.0,wedge_liability,-2.264447176771021,0.0,-2.264447176771021,0.0,0.0,wedge_liability,Deere Run standard venue (non-major birdie-fest). AP_TO_VTS=2.0. Soft/wet week: bomb_and_spray softened (miss_fw_pen_frac=0.0264 modest). No weather amplification on other patterns.,OTT_Accuracy,False,0.0,,-0.796,46.07,-0.786,True,l5_form_applied,-1.965,False,ok,,0.0,low,25.0,standard,Standard venue variance class. Soft/wet delay risk: no compression multiplier.,standard,"{""win_exponent"": 4.5, ""win_cap"": 0.14, ""top3_center"": 80, ""top5_center"": 76, ""top10_center"": 68, ""top20_center"": 59, ""make_cut_center"": 48, ""make_cut_steepness"": 0.07}","144-player cut event. Win exp=4.5, cap=0.14. make_cut_pct via logistic(vts, center=48, steep=0.07).",59.3998349528938,59.3998349528938,3,"Tier3 — Top-10 Range: NeutralSG=-0.01, moderate fit VFD=-8.0; 8CH-rds",ok,0.005790154410312755,0.10173975769221245,0.14378380325558532,0.28405012794778467,0.45719641557509005,0.6205896234194618,0.3794103765805382,PUTT_BirdieConv,PUTT_BirdieConv+PUTT_Lag; weak OTT_Accuracy,NeutralSG=-0.01; VFD=-8.0; VHD=4.2(8rds); AP=-2.3SG(wedge_liability); FormΔ=-2.0; →Tier3 VTS=59.4
73,87,"Kim, Chan",KIM_CHAN,confirmed,TBD,TBD,deep,high,-0.45,66.51904340124004,66.14882473089536,-0.37021867034468414,high,1.2,"DataGolf venue-fit tool; comp courses: TPC River Highlands, Colonial CC, Sedgefield CC; cf_adj_total scaled ×20, capped ±7 VTS pts",6,0.431,0.9432,medium,61.73522477976462,Balanced,"{""neutral"": 0.4, ""venuefit"": 0.3, ""venuehistory"": 0.3}",clear,False,,0.0,poor_birdie_conv,-1.941017316017317,0.0,0.0,-1.941017316017317,0.0,poor_birdie_conv,Deere Run standard venue (non-major birdie-fest). AP_TO_VTS=2.0. Soft/wet week: bomb_and_spray softened (miss_fw_pen_frac=0.0264 modest). No weather amplification on other patterns.,OTT_Accuracy,False,0.0,,0.13000000000000006,52.9,0.5800000000000001,True,l5_form_applied,1.4500000000000002,False,ok,,0.0,low,25.0,standard,Standard venue variance class. Soft/wet delay risk: no compression multiplier.,standard,"{""win_exponent"": 4.5, ""win_cap"": 0.14, ""top3_center"": 80, ""top5_center"": 76, ""top10_center"": 68, ""top20_center"": 59, ""make_cut_center"": 48, ""make_cut_steepness"": 0.07}","144-player cut event. Win exp=4.5, cap=0.14. make_cut_pct via logistic(vts, center=48, steep=0.07).",59.30319014772999,59.30319014772999,3,"Tier3 — Top-10 Range: NeutralSG=-0.45, moderate fit VFD=-0.4; 6CH-rds",ok,0.005747881778089219,0.1008709038563339,0.14262004478715648,0.2823619424396108,0.4554571551177755,0.6192845447947269,0.38071545520527306,APP_100-150,APP_100-150+APP_150-200; weak OTT_Accuracy,NeutralSG=-0.45; VFD=-0.4; VHD=0.9(6rds); AP=-1.9SG(poor_birdie_conv); FormΔ=1.5; →Tier3 VTS=59.3
74,37,"Whaley, Vince",WHALEY_VINCE,confirmed,TBD,TBD,deep,high,0.14,76.97077059344552,62.915508179624304,-14.055262413821218,high,-2.4,"DataGolf venue-fit tool; comp courses: TPC River Highlands, Colonial CC, Sedgefield CC; cf_adj_total scaled ×20, capped ±7 VTS pts",14,-0.5,-0.9735999999999999,medium,64.3708806912655,Balanced,"{""neutral"": 0.4, ""venuefit"": 0.3, ""venuehistory"": 0.3}",clear,False,,0.0,wedge_liability,-2.226993284781992,0.0,-2.226993284781992,0.0,0.0,wedge_liability,Deere Run standard venue (non-major birdie-fest). AP_TO_VTS=2.0. Soft/wet week: bomb_and_spray softened (miss_fw_pen_frac=0.0264 modest). No weather amplification on other patterns.,OTT_Accuracy,False,0.0,,-0.15600000000000003,48.52,-0.29600000000000004,True,l5_form_applied,-0.7400000000000001,False,ok,,0.0,low,25.0,standard,Standard venue variance class. Soft/wet delay risk: no compression multiplier.,standard,"{""win_exponent"": 4.5, ""win_cap"": 0.14, ""top3_center"": 80, ""top5_center"": 76, ""top10_center"": 68, ""top20_center"": 59, ""make_cut_center"": 48, ""make_cut_steepness"": 0.07}","144-player cut event. Win exp=4.5, cap=0.14. make_cut_pct via logistic(vts, center=48, steep=0.07).",59.176894121701515,59.176894121701515,3,"Tier3 — Top-10 Range: NeutralSG=0.14, moderate fit VFD=-14.1; 14CH-rds",ok,0.0056930018861117105,0.09974525807609254,0.14111077619864498,0.2801640486007195,0.4531840410529289,0.6175740500989467,0.3824259499010533,PUTT_BirdieConv,PUTT_BirdieConv+PUTT_Lag; weak OTT_Accuracy,NeutralSG=0.14; VFD=-14.1; VHD=-1.0(14rds); AP=-2.2SG(wedge_liability); FormΔ=-0.7; →Tier3 VTS=59.2
75,50,"Ramey, Chad",RAMEY_CHAD,confirmed,TBD,TBD,deep,high,0.06,75.55358724534986,67.05567480905637,-8.49791243629349,high,-0.2,"DataGolf venue-fit tool; comp courses: TPC River Highlands, Colonial CC, Sedgefield CC; cf_adj_total scaled ×20, capped ±7 VTS pts",10,-1.011,-1.8104,medium,64.79501734085686,Balanced,"{""neutral"": 0.4, ""venuefit"": 0.3, ""venuehistory"": 0.3}",clear,False,,0.0,wedge_liability,-2.2011727986380403,0.0,-2.2011727986380403,0.0,0.0,wedge_liability,Deere Run standard venue (non-major birdie-fest). AP_TO_VTS=2.0. Soft/wet week: bomb_and_spray softened (miss_fw_pen_frac=0.0264 modest). No weather amplification on other patterns.,OTT_Accuracy,False,0.0,,-0.48400000000000004,47.28,-0.544,True,l5_form_applied,-1.36,False,ok,,0.0,low,25.0,standard,Standard venue variance class. Soft/wet delay risk: no compression multiplier.,standard,"{""win_exponent"": 4.5, ""win_cap"": 0.14, ""top3_center"": 80, ""top5_center"": 76, ""top10_center"": 68, ""top20_center"": 59, ""make_cut_center"": 48, ""make_cut_steepness"": 0.07}","144-player cut event. Win exp=4.5, cap=0.14. make_cut_pct via logistic(vts, center=48, steep=0.07).",59.03267174358078,59.03267174358078,3,"Tier3 — Top-10 Range: NeutralSG=0.06, moderate fit VFD=-8.5; 10CH-rds",ok,0.0056308317417557065,0.09847330113558235,0.13940321284748394,0.2776656986538072,0.4505880910496522,0.6156138732828756,0.38438612671712435,PUTT_Lag,PUTT_Lag+PUTT_BirdieConv; weak OTT_Accuracy,NeutralSG=0.06; VFD=-8.5; VHD=-1.8(10rds); AP=-2.2SG(wedge_liability); FormΔ=-1.4; →Tier3 VTS=59.0
76,98,"Garnett, Brice",GARNETT_BRICE,confirmed,TBD,TBD,medium,medium,-0.52,65.27900797165634,66.37363425320488,1.0946262815485426,medium,2.2,"DataGolf venue-fit tool; comp courses: TPC River Highlands, Colonial CC, Sedgefield CC; cf_adj_total scaled ×20, capped ±7 VTS pts",26,-0.898,-1.5512000000000001,medium,60.558333464624,Balanced,"{""neutral"": 0.4, ""venuefit"": 0.3, ""venuehistory"": 0.3}",clear,False,,0.0,rough_approach_liab,-1.1215780998389693,0.0,0.0,0.0,-1.1215780998389693,rough_approach_liab,Deere Run standard venue (non-major birdie-fest). AP_TO_VTS=2.0. Soft/wet week: bomb_and_spray softened (miss_fw_pen_frac=0.0264 modest). No weather amplification on other patterns.,OTT_Distance,False,0.0,,-0.23399999999999999,51.43,0.28600000000000003,True,l5_form_applied,0.7150000000000001,False,ok,,0.0,medium,50.0,standard,Standard venue variance class. Soft/wet delay risk: no compression multiplier.,standard,"{""win_exponent"": 4.5, ""win_cap"": 0.14, ""top3_center"": 80, ""top5_center"": 76, ""top10_center"": 68, ""top20_center"": 59, ""make_cut_center"": 48, ""make_cut_steepness"": 0.07}","144-player cut event. Win exp=4.5, cap=0.14. make_cut_pct via logistic(vts, center=48, steep=0.07).",59.03017726494606,59.03017726494606,3,"Tier3 — Top-10 Range: NeutralSG=-0.52, moderate fit VFD=1.1; 26CH-rds",ok,0.006080141998328084,0.10939047441332761,0.15485980860919152,0.308469550771616,0.500603545005786,0.6839776728753983,0.31602232712460165,PUTT_Lag,PUTT_Lag+PUTT_BirdieConv; weak OTT_Distance,NeutralSG=-0.52; VFD=1.1; VHD=-1.6(26rds); AP=-1.1SG(rough_approach_liab); FormΔ=0.7; →Tier3 VTS=59.0
77,46,"Ventura, Kris",VENTURA_KRIS,confirmed,TBD,TBD,deep,high,0.07,75.73073516386184,66.61525508097222,-9.115480082889619,high,-0.4,"DataGolf venue-fit tool; comp courses: TPC River Highlands, Colonial CC, Sedgefield CC; cf_adj_total scaled ×20, capped ±7 VTS pts",6,-0.994,-1.4016,medium,64.85639058983641,Balanced,"{""neutral"": 0.4, ""venuefit"": 0.3, ""venuehistory"": 0.3}",clear,False,,0.0,wedge_liability,-2.2133736876950727,0.0,-2.2133736876950727,0.0,0.0,wedge_liability,Deere Run standard venue (non-major birdie-fest). AP_TO_VTS=2.0. Soft/wet week: bomb_and_spray softened (miss_fw_pen_frac=0.0264 modest). No weather amplification on other patterns.,OTT_Accuracy,False,0.0,,-0.6579999999999999,46.36,-0.728,True,l5_form_applied,-1.8199999999999998,False,ok,,0.0,low,25.0,standard,Standard venue variance class. Soft/wet delay risk: no compression multiplier.,standard,"{""win_exponent"": 4.5, ""win_cap"": 0.14, ""top3_center"": 80, ""top5_center"": 76, ""top10_center"": 68, ""top20_center"": 59, ""make_cut_center"": 48, ""make_cut_steepness"": 0.07}","144-player cut event. Win exp=4.5, cap=0.14. make_cut_pct via logistic(vts, center=48, steep=0.07).",58.609643214446265,58.609643214446265,3,"Tier3 — Top-10 Range: NeutralSG=0.07, moderate fit VFD=-9.1; 6CH-rds",ok,0.005451517652099447,0.09482422622782027,0.13449191642992492,0.2704095039074405,0.44297414883107267,0.6098224800437214,0.3901775199562786,PUTT_Lag,PUTT_Lag+PUTT_BirdieConv; weak OTT_Accuracy,NeutralSG=0.07; VFD=-9.1; VHD=-1.4(6rds); AP=-2.2SG(wedge_liability); FormΔ=-1.8; →Tier3 VTS=58.6
78,62,"Moore, Taylor",MOORE_TAYLOR,confirmed,TBD,TBD,deep,high,-0.02,74.13640389725423,63.128699949411555,-11.007703947842671,high,-1.8,"DataGolf venue-fit tool; comp courses: TPC River Highlands, Colonial CC, Sedgefield CC; cf_adj_total scaled ×20, capped ±7 VTS pts",10,0.369,0.6528,medium,63.78901154372515,Balanced,"{""neutral"": 0.4, ""venuefit"": 0.3, ""venuehistory"": 0.3}",clear,False,,0.0,bomb_and_spray;wedge_liability,-3.484601760957595,-1.2051162790697676,-2.2794854818878276,0.0,0.0,bomb_and_spray;wedge_liability,Deere Run standard venue (non-major birdie-fest). AP_TO_VTS=2.0. Soft/wet week: bomb_and_spray softened (miss_fw_pen_frac=0.0264 modest). No weather amplification on other patterns.,OTT_Accuracy,False,0.0,,0.508,52.64,0.528,True,l5_form_applied,1.32,False,ok,,0.0,low,25.0,standard,Standard venue variance class. Soft/wet delay risk: no compression multiplier.,standard,"{""win_exponent"": 4.5, ""win_cap"": 0.14, ""top3_center"": 80, ""top5_center"": 76, ""top10_center"": 68, ""top20_center"": 59, ""make_cut_center"": 48, ""make_cut_steepness"": 0.07}","144-player cut event. Win exp=4.5, cap=0.14. make_cut_pct via logistic(vts, center=48, steep=0.07).",58.13980802180996,58.13980802180996,3,"Tier3 — Top-10 Range: NeutralSG=-0.02, moderate fit VFD=-11.0; 10CH-rds",ok,0.005257602443808416,0.09091171263575867,0.12920532772447568,0.2624787881896269,0.43452265172817467,0.6033185963940527,0.3966814036059473,PUTT_BirdieConv,PUTT_BirdieConv+PAR5_Scoring; weak OTT_Accuracy,NeutralSG=-0.02; VFD=-11.0; VHD=0.7(10rds); AP=-3.5SG(bomb_and_spray;wedge_liability); FormΔ=1.3; →Tier3 VTS=58.1
79,70,"Nakajima, Keita",NAKAJIMA_KEITA,confirmed,TBD,TBD,deep,high,-0.14,72.01062887511073,68.67417072699045,-3.336458148120272,high,0.2,"DataGolf venue-fit tool; comp courses: TPC River Highlands, Colonial CC, Sedgefield CC; cf_adj_total scaled ×20, capped ±7 VTS pts",0,,0.0,none,70.67604561586262,Neutral+Venue,"{""neutral"": 0.6, ""venuefit"": 0.4, ""venuehistory"": 0.0}",clear,True,A,-4.0,rough_approach_liab,-1.289855072463768,0.0,0.0,0.0,-1.289855072463768,rough_approach_liab,Deere Run standard venue (non-major birdie-fest). AP_TO_VTS=2.0. Soft/wet week: bomb_and_spray softened (miss_fw_pen_frac=0.0264 modest). No weather amplification on other patterns.,ARG_Rough,False,0.0,,-0.134,50.03,0.005999999999999998,True,l5_form_applied,0.014999999999999996,False,ok,,0.0,high,75.0,standard,Standard venue variance class. Soft/wet delay risk: no compression multiplier.,standard,"{""win_exponent"": 4.5, ""win_cap"": 0.14, ""top3_center"": 80, ""top5_center"": 76, ""top10_center"": 68, ""top20_center"": 59, ""make_cut_center"": 48, ""make_cut_steepness"": 0.07}","144-player cut event. Win exp=4.5, cap=0.14. make_cut_pct via logistic(vts, center=48, steep=0.07).",58.11133547093508,58.11133547093508,3,"Tier3 — Top-10 Range: NeutralSG=-0.14, moderate fit VFD=-3.3; 0CH-rds (debut); debut-A",ok,0.0060329297262811206,0.1108302251353706,0.15753293148962627,0.32022539389578,0.530457610657427,0.736904758715434,0.26309524128456596,PUTT_Lag,PUTT_Lag+PUTT_BirdieConv; weak ARG_Rough,NeutralSG=-0.14; VFD=-3.3; VHD=0.0(0rds); debut-A pen=-4.0SG; AP=-1.3SG(rough_approach_liab); FormΔ=0.0; →Tier3 VTS=58.1
80,105,"Gomez, Fabian",GOMEZ_FABIAN,confirmed,TBD,TBD,medium,medium,-0.6400000000000001,63.15323294951285,71.7565682452369,8.603335295724058,medium,2.4,"DataGolf venue-fit tool; comp courses: TPC River Highlands, Colonial CC, Sedgefield CC; cf_adj_total scaled ×20, capped ±7 VTS pts",17,-0.478,0.32720000000000005,medium,61.88642365337621,Balanced,"{""neutral"": 0.4, ""venuefit"": 0.3, ""venuehistory"": 0.3}",clear,False,,0.0,poor_birdie_conv,-1.9464285714285718,0.0,0.0,-1.9464285714285718,0.0,poor_birdie_conv,Deere Run standard venue (non-major birdie-fest). AP_TO_VTS=2.0. Soft/wet week: bomb_and_spray softened (miss_fw_pen_frac=0.0264 modest). No weather amplification on other patterns.,OTT_Distance,False,0.0,,-0.7200000000000001,49.6,-0.07999999999999996,True,l5_form_applied,-0.1999999999999999,False,ok,,0.0,medium,50.0,standard,Standard venue variance class. Soft/wet delay risk: no compression multiplier.,standard,"{""win_exponent"": 4.5, ""win_cap"": 0.14, ""top3_center"": 80, ""top5_center"": 76, ""top10_center"": 68, ""top20_center"": 59, ""make_cut_center"": 48, ""make_cut_steepness"": 0.07}","144-player cut event. Win exp=4.5, cap=0.14. make_cut_pct via logistic(vts, center=48, steep=0.07).",57.793566510519064,57.793566510519064,3,"Tier3 — Top-10 Range: NeutralSG=-0.64, moderate fit VFD=8.6; 17CH-rds",ok,0.005527618496816279,0.09791196566368654,0.13935669409673257,0.28524751843242757,0.4758900428270197,0.6649761953822123,0.3350238046177877,APP_150-200,APP_150-200+APP_100-150; weak OTT_Distance,NeutralSG=-0.64; VFD=8.6; VHD=0.3(17rds); AP=-1.9SG(poor_birdie_conv); FormΔ=-0.2; →Tier3 VTS=57.8
81,93,"Van Rooyen, Erik",VAN ROOYEN_ERIK,confirmed,TBD,TBD,deep,high,-0.57,64.39326837909655,60.43754221951884,-3.955726159577715,high,-0.8,"DataGolf venue-fit tool; comp courses: TPC River Highlands, Colonial CC, Sedgefield CC; cf_adj_total scaled ×20, capped ±7 VTS pts",2,-1.928,-0.027200000000000002,low,62.81097791526547,Neutral+Venue,"{""neutral"": 0.6, ""venuefit"": 0.4, ""venuehistory"": 0.0}",clear,False,,0.0,bomb_and_spray;wedge_liability,-3.3993817512355964,-1.0753488372093025,-2.3240329140262936,0.0,0.0,bomb_and_spray;wedge_liability,Deere Run standard venue (non-major birdie-fest). AP_TO_VTS=2.0. Soft/wet week: bomb_and_spray softened (miss_fw_pen_frac=0.0264 modest). No weather amplification on other patterns.,OTT_Accuracy,False,0.0,,0.138,53.54,0.708,True,l5_form_applied,1.77,False,ok,,0.0,low,25.0,standard,Standard venue variance class. Soft/wet delay risk: no compression multiplier.,standard,"{""win_exponent"": 4.5, ""win_cap"": 0.14, ""top3_center"": 80, ""top5_center"": 76, ""top10_center"": 68, ""top20_center"": 59, ""make_cut_center"": 48, ""make_cut_steepness"": 0.07}","144-player cut event. Win exp=4.5, cap=0.14. make_cut_pct via logistic(vts, center=48, steep=0.07).",57.78221441279428,57.78221441279428,3,"Tier3 — Top-10 Range: NeutralSG=-0.57, moderate fit VFD=-4.0; 2CH-rds",ok,0.005113642820836656,0.08803056939894746,0.1252985371652604,0.2565353347482639,0.4280971803809506,0.5983192246391067,0.4016807753608933,PUTT_Lag,PUTT_Lag+PUTT_BirdieConv; weak OTT_Accuracy,NeutralSG=-0.57; VFD=-4.0; VHD=-0.0(2rds); AP=-3.4SG(bomb_and_spray;wedge_liability); FormΔ=1.8; →Tier3 VTS=57.8
82,47,"Higgo, Garrick",HIGGO_GARRICK,confirmed,TBD,TBD,deep,high,0.06,75.55358724534986,63.38801474802695,-12.165572497322913,high,-1.0,"DataGolf venue-fit tool; comp courses: TPC River Highlands, Colonial CC, Sedgefield CC; cf_adj_total scaled ×20, capped ±7 VTS pts",10,0.558,2.0288,medium,64.84647932254802,Balanced,"{""neutral"": 0.4, ""venuefit"": 0.3, ""venuehistory"": 0.3}",clear,False,,0.0,bomb_and_spray;wedge_liability,-3.417297988074054,-1.1576744186046513,-2.259623569469403,0.0,0.0,bomb_and_spray;wedge_liability,Deere Run standard venue (non-major birdie-fest). AP_TO_VTS=2.0. Soft/wet week: bomb_and_spray softened (miss_fw_pen_frac=0.0264 modest). No weather amplification on other patterns.,OTT_Accuracy,False,0.0,,-0.07800000000000001,49.31,-0.138,True,l5_form_applied,-0.34500000000000003,False,ok,,0.0,low,25.0,standard,Standard venue variance class. Soft/wet delay risk: no compression multiplier.,standard,"{""win_exponent"": 4.5, ""win_cap"": 0.14, ""top3_center"": 80, ""top5_center"": 76, ""top10_center"": 68, ""top20_center"": 59, ""make_cut_center"": 48, ""make_cut_steepness"": 0.07}","144-player cut event. Win exp=4.5, cap=0.14. make_cut_pct via logistic(vts, center=48, steep=0.07).",57.66688334639991,57.66688334639991,3,"Tier3 — Top-10 Range: NeutralSG=0.06, moderate fit VFD=-12.2; 10CH-rds",ok,0.0050678731337427795,0.08711884749666063,0.12405980883240911,0.25463580380064654,0.42602661885856014,0.5966979437550568,0.4033020562449432,PUTT_Lag,PUTT_Lag+PUTT_BirdieConv; weak OTT_Accuracy,NeutralSG=0.06; VFD=-12.2; VHD=2.0(10rds); AP=-3.4SG(bomb_and_spray;wedge_liability); FormΔ=-0.3; →Tier3 VTS=57.7
83,88,"Svensson, Adam",SVENSSON_ADAM,confirmed,TBD,TBD,deep,high,-0.45,66.51904340124004,66.61219355937146,0.09315015813142224,high,1.4,"DataGolf venue-fit tool; comp courses: TPC River Highlands, Colonial CC, Sedgefield CC; cf_adj_total scaled ×20, capped ±7 VTS pts",20,0.69,1.4864000000000002,medium,62.037195428307456,Balanced,"{""neutral"": 0.4, ""venuefit"": 0.3, ""venuehistory"": 0.3}",clear,False,,0.0,poor_birdie_conv,-1.987313612313613,0.0,0.0,-1.987313612313613,0.0,poor_birdie_conv,Deere Run standard venue (non-major birdie-fest). AP_TO_VTS=2.0. Soft/wet week: bomb_and_spray softened (miss_fw_pen_frac=0.0264 modest). No weather amplification on other patterns.,OTT_Accuracy,False,0.0,,-0.656,48.97,-0.206,True,l5_form_applied,-0.515,False,ok,,0.0,low,25.0,standard,Standard venue variance class. Soft/wet delay risk: no compression multiplier.,standard,"{""win_exponent"": 4.5, ""win_cap"": 0.14, ""top3_center"": 80, ""top5_center"": 76, ""top10_center"": 68, ""top20_center"": 59, ""make_cut_center"": 48, ""make_cut_steepness"": 0.07}","144-player cut event. Win exp=4.5, cap=0.14. make_cut_pct via logistic(vts, center=48, steep=0.07).",57.54756820368023,57.54756820368023,3,"Tier3 — Top-10 Range: NeutralSG=-0.45, moderate fit VFD=0.1; 20CH-rds",ok,0.005020858322646111,0.08618451208615456,0.12278913318085508,0.25267964287444045,0.4238856023048988,0.595016160204479,0.404983839795521,APP_100-150,APP_100-150+APP_150-200; weak OTT_Accuracy,NeutralSG=-0.45; VFD=0.1; VHD=1.5(20rds); AP=-2.0SG(poor_birdie_conv); FormΔ=-0.5; →Tier3 VTS=57.5
84,132,"Feagles, Michael",FEAGLES_MICHAEL,confirmed,TBD,TBD,medium,medium,-1.12,54.65013286093888,68.97468418213,14.324551321191123,medium,1.0,"DataGolf venue-fit tool; comp courses: TPC River Highlands, Colonial CC, Sedgefield CC; cf_adj_total scaled ×20, capped ±7 VTS pts",2,-4.222,-0.0432,low,60.379953389415334,Neutral+Venue,"{""neutral"": 0.6, ""venuefit"": 0.4, ""venuehistory"": 0.0}",clear,False,,0.0,,0.0,0.0,0.0,0.0,0.0,,Deere Run standard venue (non-major birdie-fest). AP_TO_VTS=2.0. Soft/wet week: bomb_and_spray softened (miss_fw_pen_frac=0.0264 modest). No weather amplification on other patterns.,OTT_Accuracy,False,0.0,,-2.3040000000000003,44.08,-1.1840000000000002,True,l5_form_applied,-2.9600000000000004,False,ok,,0.0,medium,50.0,standard,Standard venue variance class. Soft/wet delay risk: no compression multiplier.,standard,"{""win_exponent"": 4.5, ""win_cap"": 0.14, ""top3_center"": 80, ""top5_center"": 76, ""top10_center"": 68, ""top20_center"": 59, ""make_cut_center"": 48, ""make_cut_steepness"": 0.07}","144-player cut event. Win exp=4.5, cap=0.14. make_cut_pct via logistic(vts, center=48, steep=0.07).",57.41995338941533,57.41995338941533,3,"Tier3 — Top-10 Range: NeutralSG=-1.12, moderate fit VFD=14.3; 2CH-rds",ok,0.005368625243723619,0.09466123221296886,0.13493579451400925,0.2784417566875436,0.46844107705251015,0.65912486082787,0.34087513917212997,APP_Wedge,APP_Wedge+APP_100-150; weak OTT_Accuracy,NeutralSG=-1.12; VFD=14.3; VHD=-0.0(2rds); FormΔ=-3.0; →Tier3 VTS=57.4
85,80,"Skinns, David",SKINNS_DAVID,confirmed,TBD,TBD,deep,high,-0.35,68.29052258635961,68.61411243444857,0.3235898480889574,high,-0.2,"DataGolf venue-fit tool; comp courses: TPC River Highlands, Colonial CC, Sedgefield CC; cf_adj_total scaled ×20, capped ±7 VTS pts",6,-2.242,-3.632,medium,61.81084276487842,Balanced,"{""neutral"": 0.4, ""venuefit"": 0.3, ""venuehistory"": 0.3}",clear,False,,0.0,poor_birdie_conv;rough_approach_liab,-2.706377961812745,0.0,0.0,-1.602513227513228,-1.1038647342995167,poor_birdie_conv;rough_approach_liab,Deere Run standard venue (non-major birdie-fest). AP_TO_VTS=2.0. Soft/wet week: bomb_and_spray softened (miss_fw_pen_frac=0.0264 modest). No weather amplification on other patterns.,OTT_Accuracy,False,0.0,,-0.10999999999999996,51.2,0.24000000000000002,True,l5_form_applied,0.6000000000000001,False,ok,,0.0,low,25.0,standard,Standard venue variance class. Soft/wet delay risk: no compression multiplier.,standard,"{""win_exponent"": 4.5, ""win_cap"": 0.14, ""top3_center"": 80, ""top5_center"": 76, ""top10_center"": 68, ""top20_center"": 59, ""make_cut_center"": 48, ""make_cut_steepness"": 0.07}","144-player cut event. Win exp=4.5, cap=0.14. make_cut_pct via logistic(vts, center=48, steep=0.07).",56.998086841252935,56.998086841252935,3,"Tier3 — Top-10 Range: NeutralSG=-0.35, moderate fit VFD=0.3; 6CH-rds",ok,0.004808701592443791,0.08199640580071688,0.11707814044347015,0.24379026243441002,0.41404238671057697,0.587213185830331,0.412786814169669,APP_100-150,APP_100-150+APP_150-200; weak OTT_Accuracy,NeutralSG=-0.35; VFD=0.3; VHD=-3.6(6rds); AP=-2.7SG(poor_birdie_conv;rough_approach_liab); FormΔ=0.6; →Tier3 VTS=57.0
86,111,"Streelman, Kevin",STREELMAN_KEVIN,confirmed,TBD,TBD,medium,medium,-0.7075,61.95748449955714,64.48640652865838,2.5289220291012384,medium,1.4,"DataGolf venue-fit tool; comp courses: TPC River Highlands, Colonial CC, Sedgefield CC; cf_adj_total scaled ×20, capped ±7 VTS pts",40,0.292,-0.009599999999999997,medium,59.12603575842037,Balanced,"{""neutral"": 0.4, ""venuefit"": 0.3, ""venuehistory"": 0.3}",clear,False,,0.0,rough_approach_liab,-1.1996779388083736,0.0,0.0,0.0,-1.1996779388083736,rough_approach_liab,Deere Run standard venue (non-major birdie-fest). AP_TO_VTS=2.0. Soft/wet week: bomb_and_spray softened (miss_fw_pen_frac=0.0264 modest). No weather amplification on other patterns.,ARG_Rough,False,0.0,,-0.7115,49.98,-0.003999999999999976,True,l5_form_applied,-0.00999999999999994,False,ok,,0.0,medium,50.0,standard,Standard venue variance class. Soft/wet delay risk: no compression multiplier.,standard,"{""win_exponent"": 4.5, ""win_cap"": 0.14, ""top3_center"": 80, ""top5_center"": 76, ""top10_center"": 68, ""top20_center"": 59, ""make_cut_center"": 48, ""make_cut_steepness"": 0.07}","144-player cut event. Win exp=4.5, cap=0.14. make_cut_pct via logistic(vts, center=48, steep=0.07).",56.716679880803625,56.716679880803625,3,"Tier3 — Top-10 Range: NeutralSG=-0.71, moderate fit VFD=2.5; 40CH-rds",ok,0.00507900836821199,0.08880354009309967,0.12693531613621364,0.26590510446511123,0.4544601535476313,0.6479790310552016,0.3520209689447984,PUTT_Lag,PUTT_Lag+PUTT_BirdieConv; weak ARG_Rough,NeutralSG=-0.71; VFD=2.5; VHD=-0.0(40rds); AP=-1.2SG(rough_approach_liab); FormΔ=-0.0; →Tier3 VTS=56.7
87,63,"Hughes, Mackenzie",HUGHES_MACKENZIE,confirmed,TBD,TBD,medium,medium,-0.0625,73.38352524357839,62.46349329264599,-10.920031950932398,medium,-2.2,"DataGolf venue-fit tool; comp courses: TPC River Highlands, Colonial CC, Sedgefield CC; cf_adj_total scaled ×20, capped ±7 VTS pts",6,0.391,1.1272,medium,63.430618085225156,Balanced,"{""neutral"": 0.4, ""venuefit"": 0.3, ""venuehistory"": 0.3}",clear,False,,0.0,bomb_and_spray;wedge_liability,-3.249692613260191,-1.0,-2.249692613260191,0.0,0.0,bomb_and_spray;wedge_liability,Deere Run standard venue (non-major birdie-fest). AP_TO_VTS=2.0. Soft/wet week: bomb_and_spray softened (miss_fw_pen_frac=0.0264 modest). No weather amplification on other patterns.,OTT_Accuracy,False,0.0,,-0.17049999999999998,49.46,-0.10799999999999998,True,l5_form_applied,-0.26999999999999996,False,ok,,0.0,medium,50.0,standard,Standard venue variance class. Soft/wet delay risk: no compression multiplier.,standard,"{""win_exponent"": 4.5, ""win_cap"": 0.14, ""top3_center"": 80, ""top5_center"": 76, ""top10_center"": 68, ""top20_center"": 59, ""make_cut_center"": 48, ""make_cut_steepness"": 0.07}","144-player cut event. Win exp=4.5, cap=0.14. make_cut_pct via logistic(vts, center=48, steep=0.07).",56.66123285870477,56.66123285870477,3,"Tier3 — Top-10 Range: NeutralSG=-0.06, moderate fit VFD=-10.9; 6CH-rds",ok,0.005056702669242289,0.0883558985633197,0.1263221070496601,0.2649321518877899,0.453360636242324,0.6470931922205218,0.35290680777947825,PUTT_BirdieConv,PUTT_BirdieConv+ARG_Bunker; weak OTT_Accuracy,NeutralSG=-0.06; VFD=-10.9; VHD=1.1(6rds); AP=-3.2SG(bomb_and_spray;wedge_liability); FormΔ=-0.3; →Tier3 VTS=56.7
88,85,"Stanger, Jimmy",STANGER_JIMMY,confirmed,TBD,TBD,medium,medium,-0.3625,68.06908768821968,60.52397633858725,-7.545111349632435,medium,-1.0,"DataGolf venue-fit tool; comp courses: TPC River Highlands, Colonial CC, Sedgefield CC; cf_adj_total scaled ×20, capped ±7 VTS pts",1,-7.511,-0.049600000000000005,low,65.05104314836672,Neutral+Venue,"{""neutral"": 0.6, ""venuefit"": 0.4, ""venuehistory"": 0.0}",clear,False,,0.0,bomb_and_spray;wedge_liability,-4.053981818541745,-1.346046511627907,-2.7079353069138374,0.0,0.0,bomb_and_spray;wedge_liability,Deere Run standard venue (non-major birdie-fest). AP_TO_VTS=2.0. Soft/wet week: bomb_and_spray softened (miss_fw_pen_frac=0.0264 modest). No weather amplification on other patterns.,OTT_Accuracy,False,0.0,,-0.5405,49.11,-0.178,True,l5_form_applied,-0.44499999999999995,False,ok,,0.0,medium,50.0,standard,Standard venue variance class. Soft/wet delay risk: no compression multiplier.,standard,"{""win_exponent"": 4.5, ""win_cap"": 0.14, ""top3_center"": 80, ""top5_center"": 76, ""top10_center"": 68, ""top20_center"": 59, ""make_cut_center"": 48, ""make_cut_steepness"": 0.07}","144-player cut event. Win exp=4.5, cap=0.14. make_cut_pct via logistic(vts, center=48, steep=0.07).",56.49807951128323,56.49807951128323,3,"Tier3 — Top-10 Range: NeutralSG=-0.36, moderate fit VFD=-7.5; 1CH-rds",ok,0.0049915096323763595,0.08705050858406285,0.12453241872306614,0.26208247022835074,0.45012797475594735,0.6444807520242176,0.3555192479757824,PUTT_Lag,PUTT_Lag+PUTT_BirdieConv; weak OTT_Accuracy,NeutralSG=-0.36; VFD=-7.5; VHD=-0.0(1rds); AP=-4.1SG(bomb_and_spray;wedge_liability); FormΔ=-0.4; →Tier3 VTS=56.5
89,90,"Lebioda, Hank",LEBIODA_HANK,confirmed,TBD,TBD,deep,high,-0.47,66.16474756421613,65.00301646713694,-1.1617310970791834,high,0.2,"DataGolf venue-fit tool; comp courses: TPC River Highlands, Colonial CC, Sedgefield CC; cf_adj_total scaled ×20, capped ±7 VTS pts",12,0.087,0.5399999999999999,medium,61.12880396582754,Balanced,"{""neutral"": 0.4, ""venuefit"": 0.3, ""venuehistory"": 0.3}",clear,False,,0.0,poor_birdie_conv,-1.7017195767195772,0.0,0.0,-1.7017195767195772,0.0,poor_birdie_conv,Deere Run standard venue (non-major birdie-fest). AP_TO_VTS=2.0. Soft/wet week: bomb_and_spray softened (miss_fw_pen_frac=0.0264 modest). No weather amplification on other patterns.,OTT_Accuracy,False,0.0,,-0.962,47.54,-0.49200000000000005,True,l5_form_applied,-1.2300000000000002,False,ok,,0.0,low,25.0,standard,Standard venue variance class. Soft/wet delay risk: no compression multiplier.,standard,"{""win_exponent"": 4.5, ""win_cap"": 0.14, ""top3_center"": 80, ""top5_center"": 76, ""top10_center"": 68, ""top20_center"": 59, ""make_cut_center"": 48, ""make_cut_steepness"": 0.07}","144-player cut event. Win exp=4.5, cap=0.14. make_cut_pct via logistic(vts, center=48, steep=0.07).",56.49536481238839,56.49536481238839,3,"Tier3 — Top-10 Range: NeutralSG=-0.47, moderate fit VFD=-1.2; 12CH-rds",ok,0.004620768932780481,0.0783260428973805,0.11205254248249594,0.23583169987817998,0.405066799372046,0.5799934893533814,0.42000651064661865,APP_100-150,APP_100-150+APP_150-200; weak OTT_Accuracy,NeutralSG=-0.47; VFD=-1.2; VHD=0.5(12rds); AP=-1.7SG(poor_birdie_conv); FormΔ=-1.2; →Tier3 VTS=56.5
90,101,"Goodwin, Noah",GOODWIN_NOAH,confirmed,TBD,TBD,deep,high,-0.69,62.26749335695306,64.25589796453639,1.9884046075833268,high,1.2,"DataGolf venue-fit tool; comp courses: TPC River Highlands, Colonial CC, Sedgefield CC; cf_adj_total scaled ×20, capped ±7 VTS pts",2,-3.841,-0.044800000000000006,low,63.062855199986394,Neutral+Venue,"{""neutral"": 0.6, ""venuefit"": 0.4, ""venuehistory"": 0.0}",clear,False,,0.0,wedge_liability,-2.2408966234748893,0.0,-2.2408966234748893,0.0,0.0,wedge_liability,Deere Run standard venue (non-major birdie-fest). AP_TO_VTS=2.0. Soft/wet week: bomb_and_spray softened (miss_fw_pen_frac=0.0264 modest). No weather amplification on other patterns.,OTT_Accuracy,False,0.0,,-1.8379999999999999,44.26,-1.148,True,l5_form_applied,-2.8699999999999997,False,ok,,0.0,low,25.0,standard,Standard venue variance class. Soft/wet delay risk: no compression multiplier.,standard,"{""win_exponent"": 4.5, ""win_cap"": 0.14, ""top3_center"": 80, ""top5_center"": 76, ""top10_center"": 68, ""top20_center"": 59, ""make_cut_center"": 48, ""make_cut_steepness"": 0.07}","144-player cut event. Win exp=4.5, cap=0.14. make_cut_pct via logistic(vts, center=48, steep=0.07).",55.71106195303662,55.71106195303662,3,"Tier3 — Top-10 Range: NeutralSG=-0.69, moderate fit VFD=2.0; 2CH-rds",ok,0.004339033865359974,0.07289619228930487,0.10458223155898852,0.22375488381120512,0.3911383045899395,0.5685839290284925,0.43141607097150747,PUTT_Lag,PUTT_Lag+PUTT_BirdieConv; weak OTT_Accuracy,NeutralSG=-0.69; VFD=2.0; VHD=-0.0(2rds); AP=-2.2SG(wedge_liability); FormΔ=-2.9; →Tier3 VTS=55.7
91,78,"Springer, Hayden",SPRINGER_HAYDEN,confirmed,TBD,TBD,deep,high,-0.33,68.64481842338354,62.37119774371765,-6.273620679665889,high,-1.4,"DataGolf venue-fit tool; comp courses: TPC River Highlands, Colonial CC, Sedgefield CC; cf_adj_total scaled ×20, capped ±7 VTS pts",8,1.344,4.3968,medium,62.48832669246872,Balanced,"{""neutral"": 0.4, ""venuefit"": 0.3, ""venuehistory"": 0.3}",clear,False,,0.0,bomb_and_spray;wedge_liability,-3.527349875395644,-1.193953488372093,-2.333396387023551,0.0,0.0,bomb_and_spray;wedge_liability,Deere Run standard venue (non-major birdie-fest). AP_TO_VTS=2.0. Soft/wet week: bomb_and_spray softened (miss_fw_pen_frac=0.0264 modest). No weather amplification on other patterns.,OTT_Accuracy,False,0.0,,-0.748,47.91,-0.41800000000000004,True,l5_form_applied,-1.0450000000000002,False,ok,,0.0,low,25.0,standard,Standard venue variance class. Soft/wet delay risk: no compression multiplier.,standard,"{""win_exponent"": 4.5, ""win_cap"": 0.14, ""top3_center"": 80, ""top5_center"": 76, ""top10_center"": 68, ""top20_center"": 59, ""make_cut_center"": 48, ""make_cut_steepness"": 0.07}","144-player cut event. Win exp=4.5, cap=0.14. make_cut_pct via logistic(vts, center=48, steep=0.07).",54.38862694167743,54.38862694167743,3,"Tier3 — Top-10 Range: NeutralSG=-0.33, moderate fit VFD=-6.3; 8CH-rds",ok,0.003894421920633225,0.06451364252754274,0.09296555467485303,0.20434824280277902,0.36792402099331933,0.5489768047320652,0.4510231952679348,PUTT_Lag,PUTT_Lag+PUTT_BirdieConv; weak OTT_Accuracy,NeutralSG=-0.33; VFD=-6.3; VHD=4.4(8rds); AP=-3.5SG(bomb_and_spray;wedge_liability); FormΔ=-1.0; →Tier3 VTS=54.4
92,76,"Pavon, Matthieu",PAVON_MATTHIEU,confirmed,TBD,TBD,deep,high,-0.24,70.23914968999114,65.21149616095471,-5.027653529036428,high,0.4,"DataGolf venue-fit tool; comp courses: TPC River Highlands, Colonial CC, Sedgefield CC; cf_adj_total scaled ×20, capped ±7 VTS pts",0,,0.0,none,68.22808827837656,Neutral+Venue,"{""neutral"": 0.6, ""venuefit"": 0.4, ""venuehistory"": 0.0}",clear,True,A,-4.0,wedge_liability,-2.1963491913364233,0.0,-2.1963491913364233,0.0,0.0,wedge_liability,Deere Run standard venue (non-major birdie-fest). AP_TO_VTS=2.0. Soft/wet week: bomb_and_spray softened (miss_fw_pen_frac=0.0264 modest). No weather amplification on other patterns.,OTT_Accuracy,False,0.0,,-0.204,50.18,0.036,True,l5_form_applied,0.09,False,ok,,0.0,high,75.0,standard,Standard venue variance class. Soft/wet delay risk: no compression multiplier.,standard,"{""win_exponent"": 4.5, ""win_cap"": 0.14, ""top3_center"": 80, ""top5_center"": 76, ""top10_center"": 68, ""top20_center"": 59, ""make_cut_center"": 48, ""make_cut_steepness"": 0.07}","144-player cut event. Win exp=4.5, cap=0.14. make_cut_pct via logistic(vts, center=48, steep=0.07).",53.92538989570372,53.92538989570372,3,"Tier3 — Top-10 Range: NeutralSG=-0.24, moderate fit VFD=-5.0; 0CH-rds (debut); debut-A",ok,0.004309473714256316,0.07552576160694631,0.10899073444840814,0.2418021364430933,0.4398670298383395,0.6624561118065804,0.33754388819341963,PUTT_Lag,PUTT_Lag+PUTT_BirdieConv; weak OTT_Accuracy,NeutralSG=-0.24; VFD=-5.0; VHD=0.0(0rds); debut-A pen=-4.0SG; AP=-2.2SG(wedge_liability); FormΔ=0.1; →Tier3 VTS=53.9
93,77,"Shipley, Neal",SHIPLEY_NEAL,confirmed,TBD,TBD,deep,high,-0.26,69.88485385296724,61.057833996400255,-8.827019856566984,high,1.4,"DataGolf venue-fit tool; comp courses: TPC River Highlands, Colonial CC, Sedgefield CC; cf_adj_total scaled ×20, capped ±7 VTS pts",2,-3.62,-0.04000000000000001,low,66.35404591034045,Neutral+Venue,"{""neutral"": 0.6, ""venuefit"": 0.4, ""venuehistory"": 0.0}",clear,False,,0.0,wedge_liability;poor_birdie_conv;rough_approach_liab,-5.6478909165166,0.0,-2.3126832497871934,-1.8327922077922087,-1.5024154589371979,wedge_liability;poor_birdie_conv;rough_approach_liab,Deere Run standard venue (non-major birdie-fest). AP_TO_VTS=2.0. Soft/wet week: bomb_and_spray softened (miss_fw_pen_frac=0.0264 modest). No weather amplification on other patterns.,ARG_Rough,False,0.0,,-0.726,47.67,-0.46599999999999997,True,l5_form_applied,-1.165,False,ok,,0.0,low,25.0,standard,Standard venue variance class. Soft/wet delay risk: no compression multiplier.,standard,"{""win_exponent"": 4.5, ""win_cap"": 0.14, ""top3_center"": 80, ""top5_center"": 76, ""top10_center"": 68, ""top20_center"": 59, ""make_cut_center"": 48, ""make_cut_steepness"": 0.07}","144-player cut event. Win exp=4.5, cap=0.14. make_cut_pct via logistic(vts, center=48, steep=0.07).",53.893264077307244,53.893264077307244,3,"Tier3 — Top-10 Range: NeutralSG=-0.26, moderate fit VFD=-8.8; 2CH-rds",ok,0.0037373327620098327,0.061609173480289034,0.08891647505958646,0.19739219935423447,0.35933627114450994,0.541524606271878,0.45847539372812196,OTT_Distance,OTT_Distance+PAR5_Scoring; weak ARG_Rough,NeutralSG=-0.26; VFD=-8.8; VHD=-0.0(2rds); AP=-5.6SG(wedge_liability;poor_birdie_conv;rough_approach_liab); FormΔ=-1.2; →Tier3 VTS=53.9
94,86,"Phillips, Chandler",PHILLIPS_CHANDLER,confirmed,TBD,TBD,deep,high,-0.44,66.69619131975199,60.19957584642476,-6.496615473327232,high,-0.2,"DataGolf venue-fit tool; comp courses: TPC River Highlands, Colonial CC, Sedgefield CC; cf_adj_total scaled ×20, capped ±7 VTS pts",6,-0.069,0.059199999999999996,medium,59.756109281828216,Balanced,"{""neutral"": 0.4, ""venuefit"": 0.3, ""venuehistory"": 0.3}",clear,False,,0.0,wedge_liability,-2.5175446893029414,0.0,-2.5175446893029414,0.0,0.0,wedge_liability,Deere Run standard venue (non-major birdie-fest). AP_TO_VTS=2.0. Soft/wet week: bomb_and_spray softened (miss_fw_pen_frac=0.0264 modest). No weather amplification on other patterns.,OTT_Accuracy,False,0.0,,-0.774,48.33,-0.334,True,l5_form_applied,-0.8350000000000001,False,ok,,0.0,low,25.0,standard,Standard venue variance class. Soft/wet delay risk: no compression multiplier.,standard,"{""win_exponent"": 4.5, ""win_cap"": 0.14, ""top3_center"": 80, ""top5_center"": 76, ""top10_center"": 68, ""top20_center"": 59, ""make_cut_center"": 48, ""make_cut_steepness"": 0.07}","144-player cut event. Win exp=4.5, cap=0.14. make_cut_pct via logistic(vts, center=48, steep=0.07).",53.88601990322233,53.88601990322233,3,"Tier3 — Top-10 Range: NeutralSG=-0.44, moderate fit VFD=-6.5; 6CH-rds",ok,0.0037350726679556048,0.06156761089989858,0.08885844300286828,0.1972917487969852,0.35921117633730776,0.5414152246542902,0.45858477534570985,PUTT_BirdieConv,PUTT_BirdieConv+ARG_Rough; weak OTT_Accuracy,NeutralSG=-0.44; VFD=-6.5; VHD=0.1(6rds); AP=-2.5SG(wedge_liability); FormΔ=-0.8; →Tier3 VTS=53.9
95,71,"Jaeger, Stephan",JAEGER_STEPHAN,confirmed,TBD,TBD,deep,high,-0.16,71.6563330380868,60.81858370532807,-10.837749332758733,high,-3.2,"DataGolf venue-fit tool; comp courses: TPC River Highlands, Colonial CC, Sedgefield CC; cf_adj_total scaled ×20, capped ±7 VTS pts",11,0.038,-0.1648,medium,61.85866832683314,Balanced,"{""neutral"": 0.4, ""venuefit"": 0.3, ""venuehistory"": 0.3}",clear,False,,0.0,bomb_and_spray;wedge_liability,-3.1739336044642017,-1.0,-2.1739336044642017,0.0,0.0,bomb_and_spray;wedge_liability,Deere Run standard venue (non-major birdie-fest). AP_TO_VTS=2.0. Soft/wet week: bomb_and_spray softened (miss_fw_pen_frac=0.0264 modest). No weather amplification on other patterns.,OTT_Accuracy,False,0.0,,-0.866,46.47,-0.706,True,l5_form_applied,-1.765,False,ok,,0.0,low,25.0,standard,Standard venue variance class. Soft/wet delay risk: no compression multiplier.,standard,"{""win_exponent"": 4.5, ""win_cap"": 0.14, ""top3_center"": 80, ""top5_center"": 76, ""top10_center"": 68, ""top20_center"": 59, ""make_cut_center"": 48, ""make_cut_steepness"": 0.07}","144-player cut event. Win exp=4.5, cap=0.14. make_cut_pct via logistic(vts, center=48, steep=0.07).",53.74580111790473,53.74580111790473,3,"Tier3 — Top-10 Range: NeutralSG=-0.16, moderate fit VFD=-10.8; 11CH-rds",ok,0.0036915351379903432,0.06076822468083223,0.08774179770487231,0.1953546656864628,0.3567927352333663,0.539295820680487,0.460704179319513,ARG_Bunker,ARG_Bunker+ARG_Rough; weak OTT_Accuracy,NeutralSG=-0.16; VFD=-10.8; VHD=-0.2(11rds); AP=-3.2SG(bomb_and_spray;wedge_liability); FormΔ=-1.8; →Tier3 VTS=53.7
96,103,"Champ, Cameron",CHAMP_CAMERON,confirmed,TBD,TBD,medium,medium,-0.6175,63.55181576616475,68.63268410210354,5.0808683359387885,medium,-0.6,"DataGolf venue-fit tool; comp courses: TPC River Highlands, Colonial CC, Sedgefield CC; cf_adj_total scaled ×20, capped ±7 VTS pts",18,-0.173,0.4392,medium,61.142291537096966,Balanced,"{""neutral"": 0.4, ""venuefit"": 0.3, ""venuehistory"": 0.3}",clear,False,,0.0,wedge_liability,-2.188120684763076,0.0,-2.188120684763076,0.0,0.0,wedge_liability,Deere Run standard venue (non-major birdie-fest). AP_TO_VTS=2.0. Soft/wet week: bomb_and_spray softened (miss_fw_pen_frac=0.0264 modest). No weather amplification on other patterns.,ARG_Bunker,False,0.0,,-1.9095,43.54,-1.292,True,l5_form_applied,-3.23,False,ok,,0.0,medium,50.0,standard,Standard venue variance class. Soft/wet delay risk: no compression multiplier.,standard,"{""win_exponent"": 4.5, ""win_cap"": 0.14, ""top3_center"": 80, ""top5_center"": 76, ""top10_center"": 68, ""top20_center"": 59, ""make_cut_center"": 48, ""make_cut_steepness"": 0.07}","144-player cut event. Win exp=4.5, cap=0.14. make_cut_pct via logistic(vts, center=48, steep=0.07).",53.536050167570814,53.536050167570814,3,"Tier3 — Top-10 Range: NeutralSG=-0.62, moderate fit VFD=5.1; 18CH-rds",ok,0.003917317718950881,0.06621155070348175,0.09566088018087075,0.21386971996996043,0.3924283860657808,0.59568639328236,0.40431360671764005,OTT_Distance,OTT_Distance+PAR5_Scoring; weak ARG_Bunker,NeutralSG=-0.62; VFD=5.1; VHD=0.4(18rds); AP=-2.2SG(wedge_liability); FormΔ=-3.2; →Tier3 VTS=53.5
97,79,"Dahmen, Joel",DAHMEN_JOEL,confirmed,TBD,TBD,deep,high,-0.34,68.46767050487158,69.32540486372004,0.8577343588484609,high,3.4,"DataGolf venue-fit tool; comp courses: TPC River Highlands, Colonial CC, Sedgefield CC; cf_adj_total scaled ×20, capped ±7 VTS pts",18,-0.638,-1.4407999999999999,medium,62.752449661064645,Balanced,"{""neutral"": 0.4, ""venuefit"": 0.3, ""venuehistory"": 0.3}",clear,False,,0.0,poor_birdie_conv;rough_approach_liab,-3.048222912353347,0.0,0.0,-1.7744708994708995,-1.2737520128824475,poor_birdie_conv;rough_approach_liab,Deere Run standard venue (non-major birdie-fest). AP_TO_VTS=2.0. Soft/wet week: bomb_and_spray softened (miss_fw_pen_frac=0.0264 modest). No weather amplification on other patterns.,ARG_Rough,False,0.0,,-1.61,43.65,-1.27,True,l5_form_applied,-3.175,False,ok,,0.0,low,25.0,standard,Standard venue variance class. Soft/wet delay risk: no compression multiplier.,standard,"{""win_exponent"": 4.5, ""win_cap"": 0.14, ""top3_center"": 80, ""top5_center"": 76, ""top10_center"": 68, ""top20_center"": 59, ""make_cut_center"": 48, ""make_cut_steepness"": 0.07}","144-player cut event. Win exp=4.5, cap=0.14. make_cut_pct via logistic(vts, center=48, steep=0.07).",53.48100383635796,53.48100383635796,3,"Tier3 — Top-10 Range: NeutralSG=-0.34, moderate fit VFD=0.9; 18CH-rds",ok,0.003610393594228112,0.05928482173179534,0.08566716042223778,0.19173416293379966,0.3522410248008785,0.5352822190764627,0.4647177809235373,APP_Wedge,APP_Wedge+APP_150-200; weak ARG_Rough,NeutralSG=-0.34; VFD=0.9; VHD=-1.4(18rds); AP=-3.0SG(poor_birdie_conv;rough_approach_liab); FormΔ=-3.2; →Tier3 VTS=53.5
98,94,"Hoge, Tom",HOGE_TOM,confirmed,TBD,TBD,deep,high,-0.59,64.03897254207264,64.19928491395105,0.16031237187840475,high,0.4,"DataGolf venue-fit tool; comp courses: TPC River Highlands, Colonial CC, Sedgefield CC; cf_adj_total scaled ×20, capped ±7 VTS pts",8,-3.313,-6.919999999999999,medium,57.79937449101437,Balanced,"{""neutral"": 0.4, ""venuefit"": 0.3, ""venuehistory"": 0.3}",clear,False,,0.0,poor_birdie_conv;rough_approach_liab,-3.0057798481711524,0.0,0.0,-1.7215608465608467,-1.2842190016103059,poor_birdie_conv;rough_approach_liab,Deere Run standard venue (non-major birdie-fest). AP_TO_VTS=2.0. Soft/wet week: bomb_and_spray softened (miss_fw_pen_frac=0.0264 modest). No weather amplification on other patterns.,OTT_Accuracy,False,0.0,,-0.16999999999999993,52.1,0.42000000000000004,True,l5_form_applied,1.05,False,ok,,0.0,low,25.0,standard,Standard venue variance class. Soft/wet delay risk: no compression multiplier.,standard,"{""win_exponent"": 4.5, ""win_cap"": 0.14, ""top3_center"": 80, ""top5_center"": 76, ""top10_center"": 68, ""top20_center"": 59, ""make_cut_center"": 48, ""make_cut_steepness"": 0.07}","144-player cut event. Win exp=4.5, cap=0.14. make_cut_pct via logistic(vts, center=48, steep=0.07).",52.83781479467206,52.83781479467206,3,"Tier3 — Top-10 Range: NeutralSG=-0.59, moderate fit VFD=0.2; 8CH-rds",ok,0.003419073134681614,0.05582078502620404,0.08080976509784105,0.18314481493059814,0.341273724969898,0.5254756508912928,0.4745243491087072,APP_100-150,APP_100-150+APP_150-200; weak OTT_Accuracy,NeutralSG=-0.59; VFD=0.2; VHD=-6.9(8rds); AP=-3.0SG(poor_birdie_conv;rough_approach_liab); FormΔ=1.1; →Tier3 VTS=52.8
99,83,"Crowe, Trace",CROWE_TRACE,confirmed,TBD,TBD,medium,medium,-0.34,68.46767050487158,56.55291903554296,-11.914751469328614,medium,-1.6,"DataGolf venue-fit tool; comp courses: TPC River Highlands, Colonial CC, Sedgefield CC; cf_adj_total scaled ×20, capped ±7 VTS pts",6,-0.402,0.39120000000000005,medium,59.47030391261152,Balanced,"{""neutral"": 0.4, ""venuefit"": 0.3, ""venuehistory"": 0.3}",clear,False,,0.0,bomb_and_spray;wedge_liability,-3.5291018148465048,-1.0893023255813954,-2.4397994892651096,0.0,0.0,bomb_and_spray;wedge_liability,Deere Run standard venue (non-major birdie-fest). AP_TO_VTS=2.0. Soft/wet week: bomb_and_spray softened (miss_fw_pen_frac=0.0264 modest). No weather amplification on other patterns.,OTT_Accuracy,False,0.0,,-0.35000000000000003,49.95,-0.009999999999999995,True,l5_form_applied,-0.024999999999999988,False,ok,,0.0,medium,50.0,standard,Standard venue variance class. Soft/wet delay risk: no compression multiplier.,standard,"{""win_exponent"": 4.5, ""win_cap"": 0.14, ""top3_center"": 80, ""top5_center"": 76, ""top10_center"": 68, ""top20_center"": 59, ""make_cut_center"": 48, ""make_cut_steepness"": 0.07}","144-player cut event. Win exp=4.5, cap=0.14. make_cut_pct via logistic(vts, center=48, steep=0.07).",52.38710028291851,52.38710028291851,3,"Tier3 — Top-10 Range: NeutralSG=-0.34, moderate fit VFD=-11.9; 6CH-rds",ok,0.003552956984664352,0.05945219281077172,0.08617255904693333,0.19699841978290858,0.3707426922285099,0.5761765189049052,0.4238234810950948,PUTT_BirdieConv,PUTT_BirdieConv+PUTT_Lag; weak OTT_Accuracy,NeutralSG=-0.34; VFD=-11.9; VHD=0.4(6rds); AP=-3.5SG(bomb_and_spray;wedge_liability); FormΔ=-0.0; →Tier3 VTS=52.4
100,114,"Campbell, Brian",CAMPBELL_BRIAN,confirmed,TBD,TBD,deep,high,-0.92,58.19309123117804,62.434435544721026,4.241344313542989,high,2.0,"DataGolf venue-fit tool; comp courses: TPC River Highlands, Colonial CC, Sedgefield CC; cf_adj_total scaled ×20, capped ±7 VTS pts",10,0.952,3.8552,medium,58.16412715588753,Balanced,"{""neutral"": 0.4, ""venuefit"": 0.3, ""venuehistory"": 0.3}",clear,False,,0.0,wedge_liability,-2.3129669913931714,0.0,-2.3129669913931714,0.0,0.0,wedge_liability,Deere Run standard venue (non-major birdie-fest). AP_TO_VTS=2.0. Soft/wet week: bomb_and_spray softened (miss_fw_pen_frac=0.0264 modest). No weather amplification on other patterns.,OTT_Distance,False,0.0,,-1.506,47.07,-0.586,True,l5_form_applied,-1.4649999999999999,False,ok,,0.0,low,25.0,standard,Standard venue variance class. Soft/wet delay risk: no compression multiplier.,standard,"{""win_exponent"": 4.5, ""win_cap"": 0.14, ""top3_center"": 80, ""top5_center"": 76, ""top10_center"": 68, ""top20_center"": 59, ""make_cut_center"": 48, ""make_cut_steepness"": 0.07}","144-player cut event. Win exp=4.5, cap=0.14. make_cut_pct via logistic(vts, center=48, steep=0.07).",52.07319317310119,52.07319317310119,3,"Tier3 — Top-10 Range: NeutralSG=-0.92, moderate fit VFD=4.2; 10CH-rds",ok,0.0032019940271779297,0.05194888372916615,0.07535928288623578,0.1733107645863515,0.3284130404221574,0.5137216861353352,0.4862783138646648,PUTT_BirdieConv,PUTT_BirdieConv+PUTT_Lag; weak OTT_Distance,NeutralSG=-0.92; VFD=4.2; VHD=3.9(10rds); AP=-2.3SG(wedge_liability); FormΔ=-1.5; →Tier3 VTS=52.1
101,110,"Higgs, Harry",HIGGS_HARRY,confirmed,TBD,TBD,deep,high,-0.86,59.25597874224978,63.73127044596864,4.4752917037188595,high,0.0,"DataGolf venue-fit tool; comp courses: TPC River Highlands, Colonial CC, Sedgefield CC; cf_adj_total scaled ×20, capped ±7 VTS pts",12,-1.63,-2.3776,medium,57.108492630690506,Balanced,"{""neutral"": 0.4, ""venuefit"": 0.3, ""venuehistory"": 0.3}",clear,False,,0.0,bomb_and_spray;rough_approach_liab,-2.1731078904991943,-1.0,0.0,0.0,-1.1731078904991945,bomb_and_spray;rough_approach_liab,Deere Run standard venue (non-major birdie-fest). AP_TO_VTS=2.0. Soft/wet week: bomb_and_spray softened (miss_fw_pen_frac=0.0264 modest). No weather amplification on other patterns.,OTT_Accuracy,False,0.0,,-1.176,48.42,-0.316,True,l5_form_applied,-0.79,False,ok,,0.0,low,25.0,standard,Standard venue variance class. Soft/wet delay risk: no compression multiplier.,standard,"{""win_exponent"": 4.5, ""win_cap"": 0.14, ""top3_center"": 80, ""top5_center"": 76, ""top10_center"": 68, ""top20_center"": 59, ""make_cut_center"": 48, ""make_cut_steepness"": 0.07}","144-player cut event. Win exp=4.5, cap=0.14. make_cut_pct via logistic(vts, center=48, steep=0.07).",51.972276849692115,51.972276849692115,3,"Tier3 — Top-10 Range: NeutralSG=-0.86, moderate fit VFD=4.5; 12CH-rds",ok,0.0031741644097848247,0.05145709405017372,0.0746653839832917,0.1720433411289636,0.3267310023172459,0.512163351804199,0.48783664819580097,APP_Wedge,APP_Wedge+APP_100-150; weak OTT_Accuracy,NeutralSG=-0.86; VFD=4.5; VHD=-2.4(12rds); AP=-2.2SG(bomb_and_spray;rough_approach_liab); FormΔ=-0.8; →Tier3 VTS=52.0
102,91,"Wu, Dylan",WU_DYLAN,confirmed,TBD,TBD,deep,high,-0.49,65.81045172719222,63.21651001797842,-2.5939417092137944,high,0.6,"DataGolf venue-fit tool; comp courses: TPC River Highlands, Colonial CC, Sedgefield CC; cf_adj_total scaled ×20, capped ±7 VTS pts",12,-0.213,0.8448,medium,60.54257369627041,Balanced,"{""neutral"": 0.4, ""venuefit"": 0.3, ""venuehistory"": 0.3}",clear,False,,0.0,poor_birdie_conv;rough_approach_liab,-2.9290027605245,0.0,0.0,-1.8339947089947093,-1.0950080515297906,poor_birdie_conv;rough_approach_liab,Deere Run standard venue (non-major birdie-fest). AP_TO_VTS=2.0. Soft/wet week: bomb_and_spray softened (miss_fw_pen_frac=0.0264 modest). No weather amplification on other patterns.,OTT_Accuracy,False,0.0,,-1.678,44.06,-1.188,True,l5_form_applied,-2.9699999999999998,False,ok,,0.0,low,25.0,standard,Standard venue variance class. Soft/wet delay risk: no compression multiplier.,standard,"{""win_exponent"": 4.5, ""win_cap"": 0.14, ""top3_center"": 80, ""top5_center"": 76, ""top10_center"": 68, ""top20_center"": 59, ""make_cut_center"": 48, ""make_cut_steepness"": 0.07}","144-player cut event. Win exp=4.5, cap=0.14. make_cut_pct via logistic(vts, center=48, steep=0.07).",51.71456817522141,51.71456817522141,3,"Tier3 — Top-10 Range: NeutralSG=-0.49, moderate fit VFD=-2.6; 12CH-rds",ok,0.0031039494159721096,0.0502209937067894,0.07291968459216655,0.16883889292594118,0.322452563225048,0.5081770370318656,0.49182296296813444,APP_100-150,APP_100-150+APP_150-200; weak OTT_Accuracy,NeutralSG=-0.49; VFD=-2.6; VHD=0.8(12rds); AP=-2.9SG(poor_birdie_conv;rough_approach_liab); FormΔ=-3.0; →Tier3 VTS=51.7
103,99,"Malnati, Peter",MALNATI_PETER,confirmed,TBD,TBD,medium,medium,-0.5275000000000001,65.14614703277238,56.185285395432416,-8.96086163733996,medium,-2.6,"DataGolf venue-fit tool; comp courses: TPC River Highlands, Colonial CC, Sedgefield CC; cf_adj_total scaled ×20, capped ±7 VTS pts",30,-0.696,-0.21359999999999998,medium,57.84996443173867,Balanced,"{""neutral"": 0.4, ""venuefit"": 0.3, ""venuehistory"": 0.3}",clear,False,,0.0,wedge_liability,-2.4568239856237586,0.0,-2.4568239856237586,0.0,0.0,wedge_liability,Deere Run standard venue (non-major birdie-fest). AP_TO_VTS=2.0. Soft/wet week: bomb_and_spray softened (miss_fw_pen_frac=0.0264 modest). No weather amplification on other patterns.,OTT_Accuracy,False,0.0,,-1.0475,47.4,-0.52,True,l5_form_applied,-1.3,False,ok,,0.0,medium,50.0,standard,Standard venue variance class. Soft/wet delay risk: no compression multiplier.,standard,"{""win_exponent"": 4.5, ""win_cap"": 0.14, ""top3_center"": 80, ""top5_center"": 76, ""top10_center"": 68, ""top20_center"": 59, ""make_cut_center"": 48, ""make_cut_steepness"": 0.07}","144-player cut event. Win exp=4.5, cap=0.14. make_cut_pct via logistic(vts, center=48, steep=0.07).",51.63631646049116,51.63631646049116,3,"Tier3 — Top-10 Range: NeutralSG=-0.53, moderate fit VFD=-9.0; 30CH-rds",ok,0.003329499628910722,0.055390246850325786,0.08044113735464094,0.18652779158730928,0.3568426029766132,0.5632941617937572,0.43670583820624276,PUTT_BirdieConv,PUTT_BirdieConv+PUTT_Lag; weak OTT_Accuracy,NeutralSG=-0.53; VFD=-9.0; VHD=-0.2(30rds); AP=-2.5SG(wedge_liability); FormΔ=-1.3; →Tier3 VTS=51.6
104,104,"Clanton, Luke",CLANTON_LUKE,confirmed,TBD,TBD,deep,high,-0.79,60.49601417183349,63.79963668587696,3.303622514043475,high,0.0,"DataGolf venue-fit tool; comp courses: TPC River Highlands, Colonial CC, Sedgefield CC; cf_adj_total scaled ×20, capped ±7 VTS pts",6,2.098,4.1208,medium,59.574536674496485,Balanced,"{""neutral"": 0.4, ""venuefit"": 0.3, ""venuehistory"": 0.3}",clear,False,,0.0,bomb_and_spray;poor_birdie_conv;rough_approach_liab,-4.100160507769204,-1.0,0.0,-1.773268398268399,-1.326892109500805,bomb_and_spray;poor_birdie_conv;rough_approach_liab,Deere Run standard venue (non-major birdie-fest). AP_TO_VTS=2.0. Soft/wet week: bomb_and_spray softened (miss_fw_pen_frac=0.0264 modest). No weather amplification on other patterns.,ARG_Rough,False,0.0,,-0.714,50.38,0.07600000000000004,True,l5_form_applied,0.1900000000000001,False,ok,,0.0,low,25.0,standard,Standard venue variance class. Soft/wet delay risk: no compression multiplier.,standard,"{""win_exponent"": 4.5, ""win_cap"": 0.14, ""top3_center"": 80, ""top5_center"": 76, ""top10_center"": 68, ""top20_center"": 59, ""make_cut_center"": 48, ""make_cut_steepness"": 0.07}","144-player cut event. Win exp=4.5, cap=0.14. make_cut_pct via logistic(vts, center=48, steep=0.07).",51.56421565895808,51.56421565895808,3,"Tier3 — Top-10 Range: NeutralSG=-0.79, moderate fit VFD=3.3; 6CH-rds",ok,0.00306354628246165,0.04951278622732638,0.07191847432215508,0.16699065599573074,0.3199679043904989,0.5058470006417932,0.4941529993582068,APP_100-150,APP_100-150+APP_Wedge; weak ARG_Rough,NeutralSG=-0.79; VFD=3.3; VHD=4.1(6rds); AP=-4.1SG(bomb_and_spray;poor_birdie_conv;rough_approach_liab); FormΔ=0.2; →Tier3 VTS=51.6
105,95,"Silverman, Ben",SILVERMAN_BEN,confirmed,TBD,TBD,deep,high,-0.59,64.03897254207264,63.7102096124101,-0.3287629296625454,high,0.8,"DataGolf venue-fit tool; comp courses: TPC River Highlands, Colonial CC, Sedgefield CC; cf_adj_total scaled ×20, capped ±7 VTS pts",12,-1.006,-1.6728,medium,59.226811900552086,Balanced,"{""neutral"": 0.4, ""venuefit"": 0.3, ""venuehistory"": 0.3}",clear,False,,0.0,wedge_liability;rough_approach_liab,-3.4296922416394082,0.0,-2.3274378132980234,0.0,-1.1022544283413847,wedge_liability;rough_approach_liab,Deere Run standard venue (non-major birdie-fest). AP_TO_VTS=2.0. Soft/wet week: bomb_and_spray softened (miss_fw_pen_frac=0.0264 modest). No weather amplification on other patterns.,OTT_Accuracy,False,0.0,,-1.044,47.730000000000004,-0.45399999999999996,True,l5_form_applied,-1.1349999999999998,False,ok,,0.0,low,25.0,standard,Standard venue variance class. Soft/wet delay risk: no compression multiplier.,standard,"{""win_exponent"": 4.5, ""win_cap"": 0.14, ""top3_center"": 80, ""top5_center"": 76, ""top10_center"": 68, ""top20_center"": 59, ""make_cut_center"": 48, ""make_cut_steepness"": 0.07}","144-player cut event. Win exp=4.5, cap=0.14. make_cut_pct via logistic(vts, center=48, steep=0.07).",51.23242741727327,51.23242741727327,3,"Tier3 — Top-10 Range: NeutralSG=-0.59, moderate fit VFD=-0.3; 12CH-rds",ok,0.0029758344962923745,0.04798311083211426,0.06975335764604643,0.1629674548966779,0.31451561119524224,0.5006946272075203,0.49930537279247966,PUTT_BirdieConv,PUTT_BirdieConv+PUTT_Lag; weak OTT_Accuracy,NeutralSG=-0.59; VFD=-0.3; VHD=-1.7(12rds); AP=-3.4SG(wedge_liability;rough_approach_liab); FormΔ=-1.1; →Tier3 VTS=51.2
106,112,"Gutschewski, Luke",GUTSCHEWSKI_LUKE,confirmed,TBD,TBD,medium,medium,-0.7225,61.691762621789195,66.02798699415803,4.336224372368832,medium,-0.6,"DataGolf venue-fit tool; comp courses: TPC River Highlands, Colonial CC, Sedgefield CC; cf_adj_total scaled ×20, capped ±7 VTS pts",0,,0.0,none,63.42625237073673,Neutral+Venue,"{""neutral"": 0.6, ""venuefit"": 0.4, ""venuehistory"": 0.0}",clear,True,A,-4.0,,0.0,0.0,0.0,0.0,0.0,,Deere Run standard venue (non-major birdie-fest). AP_TO_VTS=2.0. Soft/wet week: bomb_and_spray softened (miss_fw_pen_frac=0.0264 modest). No weather amplification on other patterns.,OTT_Accuracy,False,0.0,,-1.7285,44.97,-1.006,True,l5_form_applied,-2.515,False,ok,,0.0,high,75.0,standard,Standard venue variance class. Soft/wet delay risk: no compression multiplier.,standard,"{""win_exponent"": 4.5, ""win_cap"": 0.14, ""top3_center"": 80, ""top5_center"": 76, ""top10_center"": 68, ""top20_center"": 59, ""make_cut_center"": 48, ""make_cut_steepness"": 0.07}","144-player cut event. Win exp=4.5, cap=0.14. make_cut_pct via logistic(vts, center=48, steep=0.07).",50.911252370736726,50.911252370736726,3,"Tier3 — Top-10 Range: NeutralSG=-0.72, moderate fit VFD=4.3; 0CH-rds (debut); debut-A",ok,0.003326721351620389,0.056888250648472284,0.08276219964415236,0.19451086004302132,0.3780077242878907,0.605848462297211,0.394151537702789,APP_Wedge,APP_Wedge+APP_100-150; weak OTT_Accuracy,NeutralSG=-0.72; VFD=4.3; VHD=0.0(0rds); debut-A pen=-4.0SG; FormΔ=-2.5; →Tier3 VTS=50.9
107,138,"Nunez, Augusto",NUNEZ_AUGUSTO,confirmed,TBD,TBD,medium,medium,-1.4275000000000002,49.202834366696194,66.6200764521465,17.41724208545031,medium,-0.2,"DataGolf venue-fit tool; comp courses: TPC River Highlands, Colonial CC, Sedgefield CC; cf_adj_total scaled ×20, capped ±7 VTS pts",2,-1.928,-0.032,low,56.16973120087631,Neutral+Venue,"{""neutral"": 0.6, ""venuefit"": 0.4, ""venuehistory"": 0.0}",clear,False,,0.0,bomb_and_spray,-1.0300000000000002,-1.0300000000000002,0.0,0.0,0.0,bomb_and_spray,Deere Run standard venue (non-major birdie-fest). AP_TO_VTS=2.0. Soft/wet week: bomb_and_spray softened (miss_fw_pen_frac=0.0264 modest). No weather amplification on other patterns.,OTT_Accuracy,False,0.0,,-2.7475000000000005,43.4,-1.32,True,l5_form_applied,-3.3000000000000003,False,ok,,0.0,medium,50.0,standard,Standard venue variance class. Soft/wet delay risk: no compression multiplier.,standard,"{""win_exponent"": 4.5, ""win_cap"": 0.14, ""top3_center"": 80, ""top5_center"": 76, ""top10_center"": 68, ""top20_center"": 59, ""make_cut_center"": 48, ""make_cut_steepness"": 0.07}","144-player cut event. Win exp=4.5, cap=0.14. make_cut_pct via logistic(vts, center=48, steep=0.07).",50.809731200876314,50.809731200876314,3,"Tier3 — Top-10 Range: NeutralSG=-1.43, moderate fit VFD=17.4; 2CH-rds",ok,0.0030962881238092523,0.05122097135965215,0.07453504278578749,0.1755020123734802,0.341813849884952,0.5490124002361766,0.4509875997638234,APP_Wedge,APP_Wedge+APP_100-150; weak OTT_Accuracy,NeutralSG=-1.43; VFD=17.4; VHD=-0.0(2rds); AP=-1.0SG(bomb_and_spray); FormΔ=-3.3; →Tier3 VTS=50.8
108,119,"Laird, Martin",LAIRD_MARTIN,confirmed,TBD,TBD,deep,high,-1.05,55.89016829052259,63.569512586068115,7.679344295545526,high,1.2,"DataGolf venue-fit tool; comp courses: TPC River Highlands, Colonial CC, Sedgefield CC; cf_adj_total scaled ×20, capped ±7 VTS pts",22,0.071,0.6136,medium,56.61100109202947,Balanced,"{""neutral"": 0.4, ""venuefit"": 0.3, ""venuehistory"": 0.3}",clear,False,,0.0,poor_birdie_conv,-1.708333333333334,0.0,0.0,-1.708333333333334,0.0,poor_birdie_conv,Deere Run standard venue (non-major birdie-fest). AP_TO_VTS=2.0. Soft/wet week: bomb_and_spray softened (miss_fw_pen_frac=0.0264 modest). No weather amplification on other patterns.,OTT_Accuracy,False,0.0,,-2.04,45.05,-0.99,True,l5_form_applied,-2.475,False,ok,,0.0,low,25.0,standard,Standard venue variance class. Soft/wet delay risk: no compression multiplier.,standard,"{""win_exponent"": 4.5, ""win_cap"": 0.14, ""top3_center"": 80, ""top5_center"": 76, ""top10_center"": 68, ""top20_center"": 59, ""make_cut_center"": 48, ""make_cut_steepness"": 0.07}","144-player cut event. Win exp=4.5, cap=0.14. make_cut_pct via logistic(vts, center=48, steep=0.07).",50.719334425362796,50.719334425362796,3,"Tier3 — Top-10 Range: NeutralSG=-1.05, moderate fit VFD=7.7; 22CH-rds",ok,0.002844051978780807,0.045705100166090674,0.0665224946687331,0.15689508552398546,0.3061698654381845,0.49270065886164743,0.5072993411383526,APP_100-150,APP_100-150+APP_150-200; weak OTT_Accuracy,NeutralSG=-1.05; VFD=7.7; VHD=0.6(22rds); AP=-1.7SG(poor_birdie_conv); FormΔ=-2.5; →Tier3 VTS=50.7
109,117,"Villegas, Camilo",VILLEGAS_CAMILO,confirmed,TBD,TBD,deep,high,-1.03,56.2444641275465,58.94283933673893,2.6983752091924273,high,-0.6,"DataGolf venue-fit tool; comp courses: TPC River Highlands, Colonial CC, Sedgefield CC; cf_adj_total scaled ×20, capped ±7 VTS pts",42,-0.381,0.1664,medium,55.23055745204028,Balanced,"{""neutral"": 0.4, ""venuefit"": 0.3, ""venuehistory"": 0.3}",clear,False,,0.0,poor_birdie_conv,-1.6091269841269848,0.0,0.0,-1.6091269841269848,0.0,poor_birdie_conv,Deere Run standard venue (non-major birdie-fest). AP_TO_VTS=2.0. Soft/wet week: bomb_and_spray softened (miss_fw_pen_frac=0.0264 modest). No weather amplification on other patterns.,OTT_Accuracy,False,0.0,,-1.748,46.41,-0.718,True,l5_form_applied,-1.795,False,ok,,0.0,low,25.0,standard,Standard venue variance class. Soft/wet delay risk: no compression multiplier.,standard,"{""win_exponent"": 4.5, ""win_cap"": 0.14, ""top3_center"": 80, ""top5_center"": 76, ""top10_center"": 68, ""top20_center"": 59, ""make_cut_center"": 48, ""make_cut_steepness"": 0.07}","144-player cut event. Win exp=4.5, cap=0.14. make_cut_pct via logistic(vts, center=48, steep=0.07).",50.21730348378631,50.21730348378631,3,"Tier3 — Top-10 Range: NeutralSG=-1.03, moderate fit VFD=2.7; 42CH-rds",ok,0.002719548588930935,0.04357556000100145,0.06349509934858812,0.15112777717930578,0.29810928968951095,0.4848525898322904,0.5151474101677096,APP_100-150,APP_100-150+APP_150-200; weak OTT_Accuracy,NeutralSG=-1.03; VFD=2.7; VHD=0.2(42rds); AP=-1.6SG(poor_birdie_conv); FormΔ=-1.8; →Tier3 VTS=50.2
110,97,"Hadwin, Adam",HADWIN_ADAM,confirmed,TBD,TBD,deep,high,-0.64,63.15323294951285,58.268546227235255,-4.884686722277593,high,0.2,"DataGolf venue-fit tool; comp courses: TPC River Highlands, Colonial CC, Sedgefield CC; cf_adj_total scaled ×20, capped ±7 VTS pts",14,-0.141,-0.8351999999999999,medium,57.49129704797571,Balanced,"{""neutral"": 0.4, ""venuefit"": 0.3, ""venuehistory"": 0.3}",clear,False,,0.0,wedge_liability;rough_approach_liab,-3.786352394281121,0.0,-2.4361108483874014,0.0,-1.3502415458937196,wedge_liability;rough_approach_liab,Deere Run standard venue (non-major birdie-fest). AP_TO_VTS=2.0. Soft/wet week: bomb_and_spray softened (miss_fw_pen_frac=0.0264 modest). No weather amplification on other patterns.,ARG_Rough,False,0.0,,-0.6779999999999999,49.81,-0.03799999999999998,True,l5_form_applied,-0.09499999999999995,False,ok,,0.0,low,25.0,standard,Standard venue variance class. Soft/wet delay risk: no compression multiplier.,standard,"{""win_exponent"": 4.5, ""win_cap"": 0.14, ""top3_center"": 80, ""top5_center"": 76, ""top10_center"": 68, ""top20_center"": 59, ""make_cut_center"": 48, ""make_cut_steepness"": 0.07}","144-player cut event. Win exp=4.5, cap=0.14. make_cut_pct via logistic(vts, center=48, steep=0.07).",49.82359225941347,49.82359225941347,4,"Tier4 — Cut-Line Player: Below-avg or mismatch VFD=-4.9, AP=-3.8SG; 14CH-rds",ok,0.0026249089208027574,0.04197172908725185,0.06121051503649194,0.14672421207102979,0.2918636019364555,0.478682640275572,0.521317359724428,PUTT_BirdieConv,PUTT_BirdieConv+PUTT_Lag; weak ARG_Rough,NeutralSG=-0.64; VFD=-4.9; VHD=-0.8(14rds); AP=-3.8SG(wedge_liability;rough_approach_liab); FormΔ=-0.1; →Tier4 VTS=49.8
111,102,"Byrd, Jonathan",BYRD_JONATHAN,confirmed,TBD,TBD,medium,medium,-0.6175,63.55181576616475,59.88079984705727,-3.6710159191074823,medium,0.4,"DataGolf venue-fit tool; comp courses: TPC River Highlands, Colonial CC, Sedgefield CC; cf_adj_total scaled ×20, capped ±7 VTS pts",52,0.051,0.6536,medium,58.58104626058308,Balanced,"{""neutral"": 0.4, ""venuefit"": 0.3, ""venuehistory"": 0.3}",clear,False,,0.0,wedge_liability,-2.672751347772629,0.0,-2.672751347772629,0.0,0.0,wedge_liability,Deere Run standard venue (non-major birdie-fest). AP_TO_VTS=2.0. Soft/wet week: bomb_and_spray softened (miss_fw_pen_frac=0.0264 modest). No weather amplification on other patterns.,OTT_Distance,False,0.0,,-2.0595000000000003,42.79,-1.4420000000000002,True,l5_form_applied,-3.6050000000000004,False,ok,,0.0,medium,50.0,standard,Standard venue variance class. Soft/wet delay risk: no compression multiplier.,standard,"{""win_exponent"": 4.5, ""win_cap"": 0.14, ""top3_center"": 80, ""top5_center"": 76, ""top10_center"": 68, ""top20_center"": 59, ""make_cut_center"": 48, ""make_cut_steepness"": 0.07}","144-player cut event. Win exp=4.5, cap=0.14. make_cut_pct via logistic(vts, center=48, steep=0.07).",49.630543565037826,49.630543565037826,4,"Tier4 — Cut-Line Player: Below-avg or mismatch VFD=-3.7, AP=-2.7SG; 52CH-rds",ok,0.002785806655179799,0.04578442518540799,0.06679818076457289,0.16067004090434683,0.32091794170795424,0.5285035749247101,0.4714964250752899,ARG_Rough,ARG_Rough+ARG_Bunker; weak OTT_Distance,NeutralSG=-0.62; VFD=-3.7; VHD=0.7(52rds); AP=-2.7SG(wedge_liability); FormΔ=-3.6; →Tier4 VTS=49.6
112,116,"Hardy, Nick",HARDY_NICK,confirmed,TBD,TBD,deep,high,-1.01,56.59875996457042,61.056822768246604,4.458062803676185,high,-0.4,"DataGolf venue-fit tool; comp courses: TPC River Highlands, Colonial CC, Sedgefield CC; cf_adj_total scaled ×20, capped ±7 VTS pts",20,-0.085,0.6135999999999999,medium,56.14063081630215,Balanced,"{""neutral"": 0.4, ""venuefit"": 0.3, ""venuehistory"": 0.3}",clear,False,,0.0,bomb_and_spray;poor_birdie_conv,-2.7750036913990406,-1.0865116279069769,0.0,-1.6884920634920637,0.0,bomb_and_spray;poor_birdie_conv,Deere Run standard venue (non-major birdie-fest). AP_TO_VTS=2.0. Soft/wet week: bomb_and_spray softened (miss_fw_pen_frac=0.0264 modest). No weather amplification on other patterns.,OTT_Accuracy,False,0.0,,-1.702,46.54,-0.6920000000000001,True,l5_form_applied,-1.7300000000000002,False,ok,,0.0,low,25.0,standard,Standard venue variance class. Soft/wet delay risk: no compression multiplier.,standard,"{""win_exponent"": 4.5, ""win_cap"": 0.14, ""top3_center"": 80, ""top5_center"": 76, ""top10_center"": 68, ""top20_center"": 59, ""make_cut_center"": 48, ""make_cut_steepness"": 0.07}","144-player cut event. Win exp=4.5, cap=0.14. make_cut_pct via logistic(vts, center=48, steep=0.07).",48.860623433504074,48.860623433504074,4,"Tier4 — Cut-Line Player: Below-avg or mismatch VFD=4.5, AP=-2.8SG; 20CH-rds",ok,0.002404208296265259,0.038282388622048615,0.055940327249104006,0.13638940608740543,0.27688091861767855,0.4635507210272035,0.5364492789727965,APP_Wedge,APP_Wedge+APP_100-150; weak OTT_Accuracy,NeutralSG=-1.01; VFD=4.5; VHD=0.6(20rds); AP=-2.8SG(bomb_and_spray;poor_birdie_conv); FormΔ=-1.7; →Tier4 VTS=48.9
113,118,"Duncan, Tyler",DUNCAN_TYLER,confirmed,TBD,TBD,deep,high,-1.04,56.067316209034544,62.83578334805009,6.768467139015549,high,2.8,"DataGolf venue-fit tool; comp courses: TPC River Highlands, Colonial CC, Sedgefield CC; cf_adj_total scaled ×20, capped ±7 VTS pts",17,-0.132,0.1704,medium,56.328781488028845,Balanced,"{""neutral"": 0.4, ""venuefit"": 0.3, ""venuehistory"": 0.3}",clear,False,,0.0,poor_birdie_conv;rough_approach_liab,-3.430268000920175,0.0,0.0,-2.283730158730159,-1.1465378421900159,poor_birdie_conv;rough_approach_liab,Deere Run standard venue (non-major birdie-fest). AP_TO_VTS=2.0. Soft/wet week: bomb_and_spray softened (miss_fw_pen_frac=0.0264 modest). No weather amplification on other patterns.,PUTT_BirdieConv,False,0.0,,-1.624,47.08,-0.584,True,l5_form_applied,-1.46,False,ok,,0.0,low,25.0,standard,Standard venue variance class. Soft/wet delay risk: no compression multiplier.,standard,"{""win_exponent"": 4.5, ""win_cap"": 0.14, ""top3_center"": 80, ""top5_center"": 76, ""top10_center"": 68, ""top20_center"": 59, ""make_cut_center"": 48, ""make_cut_steepness"": 0.07}","144-player cut event. Win exp=4.5, cap=0.14. make_cut_pct via logistic(vts, center=48, steep=0.07).",48.00824548618849,48.00824548618849,4,"Tier4 — Cut-Line Player: Below-avg or mismatch VFD=6.8, AP=-3.4SG; 17CH-rds",ok,0.0022211496931613703,0.03527708743178611,0.05163187429695394,0.12774728114579056,0.26398304184461324,0.4501298664038635,0.5498701335961365,APP_Wedge,APP_Wedge+APP_150-200; weak PUTT_BirdieConv,NeutralSG=-1.04; VFD=6.8; VHD=0.2(17rds); AP=-3.4SG(poor_birdie_conv;rough_approach_liab); FormΔ=-1.5; →Tier4 VTS=48.0
114,131,"Voois, Ryan",VOOIS_RYAN,confirmed,TBD,TBD,medium,medium,-1.0899999999999999,55.18157661647476,68.25871511405019,13.077138497575433,medium,0.4,"DataGolf venue-fit tool; comp courses: TPC River Highlands, Colonial CC, Sedgefield CC; cf_adj_total scaled ×20, capped ±7 VTS pts",0,,0.0,none,60.412432015504926,Neutral+Venue,"{""neutral"": 0.6, ""venuefit"": 0.4, ""venuehistory"": 0.0}",clear,True,A,-4.0,,0.0,0.0,0.0,0.0,0.0,,Deere Run standard venue (non-major birdie-fest). AP_TO_VTS=2.0. Soft/wet week: bomb_and_spray softened (miss_fw_pen_frac=0.0264 modest). No weather amplification on other patterns.,OTT_Accuracy,False,0.0,,-2.056,45.17,-0.966,True,l5_form_applied,-2.415,False,ok,,0.0,high,75.0,standard,Standard venue variance class. Soft/wet delay risk: no compression multiplier.,standard,"{""win_exponent"": 4.5, ""win_cap"": 0.14, ""top3_center"": 80, ""top5_center"": 76, ""top10_center"": 68, ""top20_center"": 59, ""make_cut_center"": 48, ""make_cut_steepness"": 0.07}","144-player cut event. Win exp=4.5, cap=0.14. make_cut_pct via logistic(vts, center=48, steep=0.07).",47.99743201550493,47.99743201550493,4,"Tier4 — Cut-Line Player: Below-avg or mismatch VFD=13.1, AP=0.0SG; 0CH-rds (debut); debut-A",ok,0.0025517341352505316,0.04307166617642775,0.06304133062940581,0.15600522664533514,0.32244872963266835,0.549950566298603,0.45004943370139705,APP_Wedge,APP_Wedge+APP_100-150; weak OTT_Accuracy,NeutralSG=-1.09; VFD=13.1; VHD=0.0(0rds); debut-A pen=-4.0SG; FormΔ=-2.4; →Tier4 VTS=48.0
115,107,"Lower, Justin",LOWER_JUSTIN,confirmed,TBD,TBD,medium,medium,-0.655,62.8875110717449,62.61181425942119,-0.2756968123237158,medium,1.6,"DataGolf venue-fit tool; comp courses: TPC River Highlands, Colonial CC, Sedgefield CC; cf_adj_total scaled ×20, capped ±7 VTS pts",12,-0.432,-0.2152,medium,58.873988706524315,Balanced,"{""neutral"": 0.4, ""venuefit"": 0.3, ""venuehistory"": 0.3}",clear,False,,0.0,wedge_liability;poor_birdie_conv,-3.9511955054729104,0.0,-2.223020902298307,-1.7281746031746033,0.0,wedge_liability;poor_birdie_conv,Deere Run standard venue (non-major birdie-fest). AP_TO_VTS=2.0. Soft/wet week: bomb_and_spray softened (miss_fw_pen_frac=0.0264 modest). No weather amplification on other patterns.,OTT_Accuracy,False,0.0,,-1.881,43.87,-1.226,True,l5_form_applied,-3.065,False,ok,,0.0,medium,50.0,standard,Standard venue variance class. Soft/wet delay risk: no compression multiplier.,standard,"{""win_exponent"": 4.5, ""win_cap"": 0.14, ""top3_center"": 80, ""top5_center"": 76, ""top10_center"": 68, ""top20_center"": 59, ""make_cut_center"": 48, ""make_cut_steepness"": 0.07}","144-player cut event. Win exp=4.5, cap=0.14. make_cut_pct via logistic(vts, center=48, steep=0.07).",47.9065976955785,47.9065976955785,4,"Tier4 — Cut-Line Player: Below-avg or mismatch VFD=-0.3, AP=-4.0SG; 12CH-rds",ok,0.0023760704178333344,0.038815742367317295,0.056821529398190664,0.14083086033089048,0.29163175516497086,0.4983654654953155,0.5016345345046844,APP_Wedge,APP_Wedge+APP_100-150; weak OTT_Accuracy,NeutralSG=-0.66; VFD=-0.3; VHD=-0.2(12rds); AP=-4.0SG(wedge_liability;poor_birdie_conv); FormΔ=-3.1; →Tier4 VTS=47.9
116,125,"Merritt, Troy",MERRITT_TROY,confirmed,TBD,TBD,deep,high,-1.22,52.87865367581932,56.789859600148766,3.911205924329444,high,0.6,"DataGolf venue-fit tool; comp courses: TPC River Highlands, Colonial CC, Sedgefield CC; cf_adj_total scaled ×20, capped ±7 VTS pts",34,-0.409,-0.10639999999999997,medium,53.15649935037236,Balanced,"{""neutral"": 0.4, ""venuefit"": 0.3, ""venuehistory"": 0.3}",clear,False,,0.0,wedge_liability,-2.4863331126454176,0.0,-2.4863331126454176,0.0,0.0,wedge_liability,Deere Run standard venue (non-major birdie-fest). AP_TO_VTS=2.0. Soft/wet week: bomb_and_spray softened (miss_fw_pen_frac=0.0264 modest). No weather amplification on other patterns.,OTT_Accuracy,False,0.0,,-1.742,47.39,-0.522,True,l5_form_applied,-1.3050000000000002,False,ok,,0.0,low,25.0,standard,Standard venue variance class. Soft/wet delay risk: no compression multiplier.,standard,"{""win_exponent"": 4.5, ""win_cap"": 0.14, ""top3_center"": 80, ""top5_center"": 76, ""top10_center"": 68, ""top20_center"": 59, ""make_cut_center"": 48, ""make_cut_steepness"": 0.07}","144-player cut event. Win exp=4.5, cap=0.14. make_cut_pct via logistic(vts, center=48, steep=0.07).",46.87883312508152,46.87883312508152,4,"Tier4 — Cut-Line Player: Below-avg or mismatch VFD=3.9, AP=-2.5SG; 34CH-rds",ok,0.0019955018824928047,0.03164206205155621,0.046402048750513826,0.11700547055280361,0.24744746545225182,0.432350679854264,0.567649320145736,PUTT_Lag,PUTT_Lag+PUTT_BirdieConv; weak OTT_Accuracy,NeutralSG=-1.22; VFD=3.9; VHD=-0.1(34rds); AP=-2.5SG(wedge_liability); FormΔ=-1.3; →Tier4 VTS=46.9
117,129,"List, Luke",LIST_LUKE,confirmed,TBD,TBD,deep,high,-1.29,51.63861824623561,62.627342898248,10.988724652012394,high,0.0,"DataGolf venue-fit tool; comp courses: TPC River Highlands, Colonial CC, Sedgefield CC; cf_adj_total scaled ×20, capped ±7 VTS pts",20,-0.521,-0.7368000000000001,medium,54.22261016796864,Balanced,"{""neutral"": 0.4, ""venuefit"": 0.3, ""venuehistory"": 0.3}",clear,False,,0.0,bomb_and_spray;poor_birdie_conv,-2.7774880029531195,-1.1088372093023258,0.0,-1.668650793650794,0.0,bomb_and_spray;poor_birdie_conv,Deere Run standard venue (non-major birdie-fest). AP_TO_VTS=2.0. Soft/wet week: bomb_and_spray softened (miss_fw_pen_frac=0.0264 modest). No weather amplification on other patterns.,OTT_Accuracy,False,0.0,,-2.184,45.53,-0.894,True,l5_form_applied,-2.235,False,ok,,0.0,low,25.0,standard,Standard venue variance class. Soft/wet delay risk: no compression multiplier.,standard,"{""win_exponent"": 4.5, ""win_cap"": 0.14, ""top3_center"": 80, ""top5_center"": 76, ""top10_center"": 68, ""top20_center"": 59, ""make_cut_center"": 48, ""make_cut_steepness"": 0.07}","144-player cut event. Win exp=4.5, cap=0.14. make_cut_pct via logistic(vts, center=48, steep=0.07).",46.4326341620624,46.4326341620624,4,"Tier4 — Cut-Line Player: Below-avg or mismatch VFD=11.0, AP=-2.8SG; 20CH-rds",ok,0.0019114437560641983,0.030307731673748763,0.044477177251439584,0.1129780165361103,0.24109483276977842,0.4253387214661714,0.5746612785338285,APP_Wedge,APP_Wedge+APP_100-150; weak OTT_Accuracy,NeutralSG=-1.29; VFD=11.0; VHD=-0.7(20rds); AP=-2.8SG(bomb_and_spray;poor_birdie_conv); FormΔ=-2.2; →Tier4 VTS=46.4
118,109,"Kang, Jeffrey",KANG_JEFFREY,confirmed,TBD,TBD,deep,high,-0.83,59.787422497785656,58.841762703034334,-0.9456597947513217,high,-0.8,"DataGolf venue-fit tool; comp courses: TPC River Highlands, Colonial CC, Sedgefield CC; cf_adj_total scaled ×20, capped ±7 VTS pts",0,,0.0,none,59.40915857988513,Neutral+Venue,"{""neutral"": 0.6, ""venuefit"": 0.4, ""venuehistory"": 0.0}",clear,True,A,-4.0,poor_birdie_conv,-1.6951058201058204,0.0,0.0,-1.6951058201058204,0.0,poor_birdie_conv,Deere Run standard venue (non-major birdie-fest). AP_TO_VTS=2.0. Soft/wet week: bomb_and_spray softened (miss_fw_pen_frac=0.0264 modest). No weather amplification on other patterns.,OTT_Accuracy,False,0.0,,-0.948,49.41,-0.118,True,l5_form_applied,-0.295,False,ok,,0.0,high,75.0,standard,Standard venue variance class. Soft/wet delay risk: no compression multiplier.,standard,"{""win_exponent"": 4.5, ""win_cap"": 0.14, ""top3_center"": 80, ""top5_center"": 76, ""top10_center"": 68, ""top20_center"": 59, ""make_cut_center"": 48, ""make_cut_steepness"": 0.07}","144-player cut event. Win exp=4.5, cap=0.14. make_cut_pct via logistic(vts, center=48, steep=0.07).",45.72394693967349,45.72394693967349,4,"Tier4 — Cut-Line Player: Below-avg or mismatch VFD=-0.9, AP=-1.7SG; 0CH-rds (debut); debut-A",ok,0.00205116745992291,0.03458815914962552,0.05081364576815463,0.1305647083140052,0.28260248974868984,0.5062784253561029,0.4937215746438971,APP_100-150,APP_100-150+APP_150-200; weak OTT_Accuracy,NeutralSG=-0.83; VFD=-0.9; VHD=0.0(0rds); debut-A pen=-4.0SG; AP=-1.7SG(poor_birdie_conv); FormΔ=-0.3; →Tier4 VTS=45.7
119,136,"Wise, Aaron",WISE_AARON,confirmed,TBD,TBD,thin,low,-0.945,57.75022143489815,52.30035395645032,-5.449867478447828,low,-1.2,"DataGolf venue-fit tool; comp courses: TPC River Highlands, Colonial CC, Sedgefield CC; cf_adj_total scaled ×20, capped ±7 VTS pts",12,-0.712,-2.2728,medium,53.10835476089436,Balanced,"{""neutral"": 0.4, ""venuefit"": 0.3, ""venuehistory"": 0.3}",clear,False,,0.0,wedge_liability;poor_birdie_conv,-4.23792928428557,0.0,-2.4766858980421826,-1.7612433862433867,0.0,wedge_liability;poor_birdie_conv,Deere Run standard venue (non-major birdie-fest). AP_TO_VTS=2.0. Soft/wet week: bomb_and_spray softened (miss_fw_pen_frac=0.0264 modest). No weather amplification on other patterns.,OTT_Accuracy,False,0.0,,-0.945,50.0,0.0,False,,0.0,False,ok,,0.0,high,75.0,standard,Standard venue variance class. Soft/wet delay risk: no compression multiplier.,standard,"{""win_exponent"": 4.5, ""win_cap"": 0.14, ""top3_center"": 80, ""top5_center"": 76, ""top10_center"": 68, ""top20_center"": 59, ""make_cut_center"": 48, ""make_cut_steepness"": 0.07}","144-player cut event. Win exp=4.5, cap=0.14. make_cut_pct via logistic(vts, center=48, steep=0.07).",44.63249619232322,44.63249619232322,4,"Tier4 — Cut-Line Player: Below-avg or mismatch VFD=-5.4, AP=-4.2SG; 12CH-rds",ok,0.0018398597069645738,0.031112911723645532,0.04577818979318958,0.11967810063946456,0.2646585005994291,0.4854740648572983,0.5145259351427016,ARG_Rough,ARG_Rough+ARG_Bunker; weak OTT_Accuracy,NeutralSG=-0.94; VFD=-5.4; VHD=-2.3(12rds); AP=-4.2SG(wedge_liability;poor_birdie_conv); →Tier4 VTS=44.6
120,128,"Riley, Davis",RILEY_DAVIS,confirmed,TBD,TBD,deep,high,-1.27,51.99291408325952,52.72785175622179,0.7349376729622676,high,-2.6,"DataGolf venue-fit tool; comp courses: TPC River Highlands, Colonial CC, Sedgefield CC; cf_adj_total scaled ×20, capped ±7 VTS pts",2,-5.12,-0.05280000000000001,low,52.28688915244443,Neutral+Venue,"{""neutral"": 0.6, ""venuefit"": 0.4, ""venuehistory"": 0.0}",clear,False,,0.0,wedge_liability,-2.4554052775938713,0.0,-2.4554052775938713,0.0,0.0,wedge_liability,Deere Run standard venue (non-major birdie-fest). AP_TO_VTS=2.0. Soft/wet week: bomb_and_spray softened (miss_fw_pen_frac=0.0264 modest). No weather amplification on other patterns.,OTT_Accuracy,False,0.0,,-2.368,44.51,-1.0979999999999999,True,l5_form_applied,-2.7449999999999997,False,ok,,0.0,low,25.0,standard,Standard venue variance class. Soft/wet delay risk: no compression multiplier.,standard,"{""win_exponent"": 4.5, ""win_cap"": 0.14, ""top3_center"": 80, ""top5_center"": 76, ""top10_center"": 68, ""top20_center"": 59, ""make_cut_center"": 48, ""make_cut_steepness"": 0.07}","144-player cut event. Win exp=4.5, cap=0.14. make_cut_pct via logistic(vts, center=48, steep=0.07).",44.63107859725669,44.63107859725669,4,"Tier4 — Cut-Line Player: Below-avg or mismatch VFD=0.7, AP=-2.5SG; 2CH-rds",ok,0.0015996493533955898,0.0254525123530522,0.03744979426960187,0.09790731294316148,0.21652012503790627,0.397184033380458,0.6028159666195421,PUTT_BirdieConv,PUTT_BirdieConv+PUTT_Lag; weak OTT_Accuracy,NeutralSG=-1.27; VFD=0.7; VHD=-0.1(2rds); AP=-2.5SG(wedge_liability); FormΔ=-2.7; →Tier4 VTS=44.6
121,115,"Hirata, Kensei",HIRATA_KENSEI,confirmed,TBD,TBD,deep,high,-0.95,57.66164747564216,64.61917811310802,6.957530637465858,high,2.2,"DataGolf venue-fit tool; comp courses: TPC River Highlands, Colonial CC, Sedgefield CC; cf_adj_total scaled ×20, capped ±7 VTS pts",0,,0.0,none,60.4446597306285,Neutral+Venue,"{""neutral"": 0.6, ""venuefit"": 0.4, ""venuehistory"": 0.0}",clear,True,A,-4.0,wedge_liability,-2.380497493615814,0.0,-2.380497493615814,0.0,0.0,wedge_liability,Deere Run standard venue (non-major birdie-fest). AP_TO_VTS=2.0. Soft/wet week: bomb_and_spray softened (miss_fw_pen_frac=0.0264 modest). No weather amplification on other patterns.,OTT_Distance,False,0.0,,-1.54,47.05,-0.59,True,l5_form_applied,-1.4749999999999999,False,ok,,0.0,high,75.0,standard,Standard venue variance class. Soft/wet delay risk: no compression multiplier.,standard,"{""win_exponent"": 4.5, ""win_cap"": 0.14, ""top3_center"": 80, ""top5_center"": 76, ""top10_center"": 68, ""top20_center"": 59, ""make_cut_center"": 48, ""make_cut_steepness"": 0.07}","144-player cut event. Win exp=4.5, cap=0.14. make_cut_pct via logistic(vts, center=48, steep=0.07).",44.208664743396874,44.208664743396874,4,"Tier4 — Cut-Line Player: Below-avg or mismatch VFD=7.0, AP=-2.4SG; 0CH-rds (debut); debut-A",ok,0.001762534814705668,0.029856846620299426,0.0439544163140202,0.11566997146129789,0.25790395632949287,0.47744217351856366,0.5225578264814363,PUTT_Lag,PUTT_Lag+PUTT_BirdieConv; weak OTT_Distance,NeutralSG=-0.95; VFD=7.0; VHD=0.0(0rds); debut-A pen=-4.0SG; AP=-2.4SG(wedge_liability); FormΔ=-1.5; →Tier4 VTS=44.2
122,113,"Frittelli, Dylan",FRITTELLI_DYLAN,confirmed,TBD,TBD,deep,high,-0.91,58.37023914968999,52.54880506456381,-5.821434085126185,high,-2.0,"DataGolf venue-fit tool; comp courses: TPC River Highlands, Colonial CC, Sedgefield CC; cf_adj_total scaled ×20, capped ±7 VTS pts",18,0.333,2.0312,medium,54.72209717924514,Balanced,"{""neutral"": 0.4, ""venuefit"": 0.3, ""venuehistory"": 0.3}",clear,False,,0.0,bomb_and_spray;wedge_liability;poor_birdie_conv,-5.187970596735848,-1.0,-2.432138465903717,-1.7558321308321316,0.0,bomb_and_spray;wedge_liability;poor_birdie_conv,Deere Run standard venue (non-major birdie-fest). AP_TO_VTS=2.0. Soft/wet week: bomb_and_spray softened (miss_fw_pen_frac=0.0264 modest). No weather amplification on other patterns.,OTT_Accuracy,False,0.0,,-1.032,49.39,-0.12199999999999997,True,l5_form_applied,-0.30499999999999994,False,ok,,0.0,low,25.0,standard,Standard venue variance class. Soft/wet delay risk: no compression multiplier.,standard,"{""win_exponent"": 4.5, ""win_cap"": 0.14, ""top3_center"": 80, ""top5_center"": 76, ""top10_center"": 68, ""top20_center"": 59, ""make_cut_center"": 48, ""make_cut_steepness"": 0.07}","144-player cut event. Win exp=4.5, cap=0.14. make_cut_pct via logistic(vts, center=48, steep=0.07).",44.04115598577344,44.04115598577344,4,"Tier4 — Cut-Line Player: Below-avg or mismatch VFD=-5.8, AP=-5.2SG; 18CH-rds",ok,0.001506679111273528,0.02403337734263054,0.03538880471866047,0.0933699179173342,0.20885530315611248,0.3880441915085956,0.6119558084914044,ARG_Rough,ARG_Rough+ARG_Bunker; weak OTT_Accuracy,NeutralSG=-0.91; VFD=-5.8; VHD=2.0(18rds); AP=-5.2SG(bomb_and_spray;wedge_liability;poor_birdie_conv); FormΔ=-0.3; →Tier4 VTS=44.0
123,120,"Kizzire, Patton",KIZZIRE_PATTON,confirmed,TBD,TBD,medium,medium,-0.8425,59.56598759964571,58.0775349273007,-1.4884526723450122,medium,-0.6,"DataGolf venue-fit tool; comp courses: TPC River Highlands, Colonial CC, Sedgefield CC; cf_adj_total scaled ×20, capped ±7 VTS pts",24,0.331,2.1216000000000004,medium,56.88613551804849,Balanced,"{""neutral"": 0.4, ""venuefit"": 0.3, ""venuehistory"": 0.3}",clear,False,,0.0,wedge_liability;poor_birdie_conv,-3.9096200812719313,0.0,-2.1537879504397996,-1.7558321308321316,0.0,wedge_liability;poor_birdie_conv,Deere Run standard venue (non-major birdie-fest). AP_TO_VTS=2.0. Soft/wet week: bomb_and_spray softened (miss_fw_pen_frac=0.0264 modest). No weather amplification on other patterns.,OTT_Accuracy,False,0.0,,-2.9785000000000004,39.32,-2.136,True,l5_form_applied,-5.34,False,ok,,0.0,medium,50.0,standard,Standard venue variance class. Soft/wet delay risk: no compression multiplier.,standard,"{""win_exponent"": 4.5, ""win_cap"": 0.14, ""top3_center"": 80, ""top5_center"": 76, ""top10_center"": 68, ""top20_center"": 59, ""make_cut_center"": 48, ""make_cut_steepness"": 0.07}","144-player cut event. Win exp=4.5, cap=0.14. make_cut_pct via logistic(vts, center=48, steep=0.07).",43.726895355504624,43.726895355504624,4,"Tier4 — Cut-Line Player: Below-avg or mismatch VFD=-1.5, AP=-3.9SG; 24CH-rds",ok,0.0015756117946476996,0.02589900433910646,0.03815081797356652,0.10114383468703206,0.22761133509694145,0.4257732745659049,0.5742267254340951,ARG_Bunker,ARG_Bunker+ARG_Rough; weak OTT_Accuracy,NeutralSG=-0.84; VFD=-1.5; VHD=2.1(24rds); AP=-3.9SG(wedge_liability;poor_birdie_conv); FormΔ=-5.3; →Tier4 VTS=43.7
124,124,"Martin, Ben",MARTIN_BEN,confirmed,TBD,TBD,deep,high,-1.16,53.941541186891065,60.807952694584436,6.866411507693371,high,1.2,"DataGolf venue-fit tool; comp courses: TPC River Highlands, Colonial CC, Sedgefield CC; cf_adj_total scaled ×20, capped ±7 VTS pts",22,0.279,1.3736000000000002,medium,55.231082283131755,Balanced,"{""neutral"": 0.4, ""venuefit"": 0.3, ""venuehistory"": 0.3}",clear,False,,0.0,wedge_liability;poor_birdie_conv,-3.987117217810966,0.0,-2.3316939373876853,-1.655423280423281,0.0,wedge_liability;poor_birdie_conv,Deere Run standard venue (non-major birdie-fest). AP_TO_VTS=2.0. Soft/wet week: bomb_and_spray softened (miss_fw_pen_frac=0.0264 modest). No weather amplification on other patterns.,OTT_Accuracy,False,0.0,,-2.806,41.769999999999996,-1.646,True,l5_form_applied,-4.115,False,ok,,0.0,low,25.0,standard,Standard venue variance class. Soft/wet delay risk: no compression multiplier.,standard,"{""win_exponent"": 4.5, ""win_cap"": 0.14, ""top3_center"": 80, ""top5_center"": 76, ""top10_center"": 68, ""top20_center"": 59, ""make_cut_center"": 48, ""make_cut_steepness"": 0.07}","144-player cut event. Win exp=4.5, cap=0.14. make_cut_pct via logistic(vts, center=48, steep=0.07).",43.14184784750982,43.14184784750982,4,"Tier4 — Cut-Line Player: Below-avg or mismatch VFD=6.9, AP=-4.0SG; 22CH-rds",ok,0.0013730960444916242,0.02201693843830839,0.03245492660444663,0.08681072698951309,0.19753925875571968,0.3742130837458808,0.6257869162541192,ARG_Rough,ARG_Rough+PUTT_Lag; weak OTT_Accuracy,NeutralSG=-1.16; VFD=6.9; VHD=1.4(22rds); AP=-4.0SG(wedge_liability;poor_birdie_conv); FormΔ=-4.1; →Tier4 VTS=43.1
125,126,"Sargent, Gordon",SARGENT_GORDON,confirmed,TBD,TBD,medium,medium,-0.9625,57.44021257750222,50.44953032401288,-6.990682253489339,medium,-2.2,"DataGolf venue-fit tool; comp courses: TPC River Highlands, Colonial CC, Sedgefield CC; cf_adj_total scaled ×20, capped ±7 VTS pts",8,-0.898,0.2928,medium,53.19878412820476,Balanced,"{""neutral"": 0.4, ""venuefit"": 0.3, ""venuehistory"": 0.3}",clear,False,,0.0,bomb_and_spray;wedge_liability,-4.11139383114955,-1.2386046511627908,-2.872789179986759,0.0,0.0,bomb_and_spray;wedge_liability,Deere Run standard venue (non-major birdie-fest). AP_TO_VTS=2.0. Soft/wet week: bomb_and_spray softened (miss_fw_pen_frac=0.0264 modest). No weather amplification on other patterns.,OTT_Accuracy,False,0.0,,-1.8645,45.49,-0.9019999999999999,True,l5_form_applied,-2.255,False,ok,,0.0,medium,50.0,standard,Standard venue variance class. Soft/wet delay risk: no compression multiplier.,standard,"{""win_exponent"": 4.5, ""win_cap"": 0.14, ""top3_center"": 80, ""top5_center"": 76, ""top10_center"": 68, ""top20_center"": 59, ""make_cut_center"": 48, ""make_cut_steepness"": 0.07}","144-player cut event. Win exp=4.5, cap=0.14. make_cut_pct via logistic(vts, center=48, steep=0.07).",42.72099646590566,42.72099646590566,4,"Tier4 — Cut-Line Player: Below-avg or mismatch VFD=-7.0, AP=-4.1SG; 8CH-rds",ok,0.0014189481039750954,0.023478759201214013,0.03462634739739863,0.09320539878406088,0.21377477616371715,0.4086545352346798,0.5913454647653202,PUTT_Lag,PUTT_Lag+PUTT_BirdieConv; weak OTT_Accuracy,NeutralSG=-0.96; VFD=-7.0; VHD=0.3(8rds); AP=-4.1SG(bomb_and_spray;wedge_liability); FormΔ=-2.3; →Tier4 VTS=42.7
126,141,"Streb, Robert",STREB_ROBERT,confirmed,TBD,TBD,medium,medium,-1.9,40.83259521700621,55.18363551093741,14.351040293931199,medium,0.2,"DataGolf venue-fit tool; comp courses: TPC River Highlands, Colonial CC, Sedgefield CC; cf_adj_total scaled ×20, capped ±7 VTS pts",29,-0.477,-1.2136,medium,47.52404874008371,Balanced,"{""neutral"": 0.4, ""venuefit"": 0.3, ""venuehistory"": 0.3}",clear,False,,0.0,wedge_liability,-2.4034805636999907,0.0,-2.4034805636999907,0.0,0.0,wedge_liability,Deere Run standard venue (non-major birdie-fest). AP_TO_VTS=2.0. Soft/wet week: bomb_and_spray softened (miss_fw_pen_frac=0.0264 modest). No weather amplification on other patterns.,OTT_Accuracy,False,0.0,,-1.9,50.0,0.0,False,,0.0,False,ok,,0.0,medium,50.0,standard,Standard venue variance class. Soft/wet delay risk: no compression multiplier.,standard,"{""win_exponent"": 4.5, ""win_cap"": 0.14, ""top3_center"": 80, ""top5_center"": 76, ""top10_center"": 68, ""top20_center"": 59, ""make_cut_center"": 48, ""make_cut_steepness"": 0.07}","144-player cut event. Win exp=4.5, cap=0.14. make_cut_pct via logistic(vts, center=48, steep=0.07).",42.71708761268373,42.71708761268373,4,"Tier4 — Cut-Line Player: Below-avg or mismatch VFD=14.4, AP=-2.4SG; 29CH-rds",ok,0.0014183639632638619,0.023469798844343207,0.03461328350824997,0.09317566982413383,0.21372222238963576,0.4085884150376414,0.5914115849623587,PUTT_Lag,PUTT_Lag+PUTT_BirdieConv; weak OTT_Accuracy,NeutralSG=-1.90; VFD=14.4; VHD=-1.2(29rds); AP=-2.4SG(wedge_liability); →Tier4 VTS=42.7
127,123,"Schenk, Adam",SCHENK_ADAM,confirmed,TBD,TBD,deep,high,-1.15,54.118689105403014,58.41854482750988,4.299855722106869,high,0.0,"DataGolf venue-fit tool; comp courses: TPC River Highlands, Colonial CC, Sedgefield CC; cf_adj_total scaled ×20, capped ±7 VTS pts",19,0.677,1.8496,medium,54.727919090414176,Balanced,"{""neutral"": 0.4, ""venuefit"": 0.3, ""venuehistory"": 0.3}",clear,False,,0.0,wedge_liability;poor_birdie_conv;rough_approach_liab,-5.067420329606312,0.0,-2.2105362716352976,-1.7546296296296302,-1.1022544283413847,wedge_liability;poor_birdie_conv;rough_approach_liab,Deere Run standard venue (non-major birdie-fest). AP_TO_VTS=2.0. Soft/wet week: bomb_and_spray softened (miss_fw_pen_frac=0.0264 modest). No weather amplification on other patterns.,OTT_Accuracy,False,0.0,,-1.98,45.85,-0.8300000000000001,True,l5_form_applied,-2.075,False,ok,,0.0,low,25.0,standard,Standard venue variance class. Soft/wet delay risk: no compression multiplier.,standard,"{""win_exponent"": 4.5, ""win_cap"": 0.14, ""top3_center"": 80, ""top5_center"": 76, ""top10_center"": 68, ""top20_center"": 59, ""make_cut_center"": 48, ""make_cut_steepness"": 0.07}","144-player cut event. Win exp=4.5, cap=0.14. make_cut_pct via logistic(vts, center=48, steep=0.07).",42.518078431201545,42.518078431201545,4,"Tier4 — Cut-Line Player: Below-avg or mismatch VFD=4.3, AP=-5.1SG; 19CH-rds",ok,0.00128599092125878,0.02071619094695398,0.030558972789360754,0.0825059703328724,0.18995311485178218,0.3647038458673406,0.6352961541326594,APP_Wedge,APP_Wedge+APP_100-150; weak OTT_Accuracy,NeutralSG=-1.15; VFD=4.3; VHD=1.8(19rds); AP=-5.1SG(wedge_liability;poor_birdie_conv;rough_approach_liab); FormΔ=-2.1; →Tier4 VTS=42.5
128,121,"Paul, Jeremy",PAUL_JEREMY,confirmed,TBD,TBD,deep,high,-1.12,54.65013286093888,51.61744671339113,-3.03268614754775,high,-1.0,"DataGolf venue-fit tool; comp courses: TPC River Highlands, Colonial CC, Sedgefield CC; cf_adj_total scaled ×20, capped ±7 VTS pts",4,0.62,0.0,low,52.89117278015634,Blended,"{""neutral"": 0.5, ""venuefit"": 0.35, ""venuehistory"": 0.15}",clear,False,,0.0,wedge_liability;poor_birdie_conv,-4.220110361472796,0.0,-2.604369620732054,-1.6157407407407416,0.0,wedge_liability;poor_birdie_conv,Deere Run standard venue (non-major birdie-fest). AP_TO_VTS=2.0. Soft/wet week: bomb_and_spray softened (miss_fw_pen_frac=0.0264 modest). No weather amplification on other patterns.,OTT_Accuracy,False,0.0,,-1.9120000000000001,46.04,-0.792,True,l5_form_applied,-1.98,False,ok,,0.0,low,25.0,standard,Standard venue variance class. Soft/wet delay risk: no compression multiplier.,standard,"{""win_exponent"": 4.5, ""win_cap"": 0.14, ""top3_center"": 80, ""top5_center"": 76, ""top10_center"": 68, ""top20_center"": 59, ""make_cut_center"": 48, ""make_cut_steepness"": 0.07}","144-player cut event. Win exp=4.5, cap=0.14. make_cut_pct via logistic(vts, center=48, steep=0.07).",42.47095205721075,42.47095205721075,4,"Tier4 — Cut-Line Player: Below-avg or mismatch VFD=-3.0, AP=-4.2SG; 4CH-rds",ok,0.001279589176048768,0.020621024344399327,0.03042015446466638,0.08218866172618623,0.18938873487322036,0.3639884970383969,0.6360115029616031,PUTT_BirdieConv,PUTT_BirdieConv+PUTT_Lag; weak OTT_Accuracy,NeutralSG=-1.12; VFD=-3.0; VHD=0.0(4rds); AP=-4.2SG(wedge_liability;poor_birdie_conv); FormΔ=-2.0; →Tier4 VTS=42.5
129,96,"Chatfield, Davis",CHATFIELD_DAVIS,confirmed,TBD,TBD,deep,high,-0.61,63.68467670504872,61.56179066720106,-2.122886037847664,high,2.8,"DataGolf venue-fit tool; comp courses: TPC River Highlands, Colonial CC, Sedgefield CC; cf_adj_total scaled ×20, capped ±7 VTS pts",0,,0.0,none,62.83552228990966,Neutral+Venue,"{""neutral"": 0.6, ""venuefit"": 0.4, ""venuehistory"": 0.0}",clear,True,A,-4.0,wedge_liability;poor_birdie_conv,-4.13565332130309,0.0,-2.34134115199092,-1.7943121693121697,0.0,wedge_liability;poor_birdie_conv,Deere Run standard venue (non-major birdie-fest). AP_TO_VTS=2.0. Soft/wet week: bomb_and_spray softened (miss_fw_pen_frac=0.0264 modest). No weather amplification on other patterns.,OTT_Distance,False,0.0,,-1.4860000000000002,45.62,-0.8760000000000001,True,l5_form_applied,-2.1900000000000004,False,ok,,0.0,high,75.0,standard,Standard venue variance class. Soft/wet delay risk: no compression multiplier.,standard,"{""win_exponent"": 4.5, ""win_cap"": 0.14, ""top3_center"": 80, ""top5_center"": 76, ""top10_center"": 68, ""top20_center"": 59, ""make_cut_center"": 48, ""make_cut_steepness"": 0.07}","144-player cut event. Win exp=4.5, cap=0.14. make_cut_pct via logistic(vts, center=48, steep=0.07).",42.37421564730349,42.37421564730349,4,"Tier4 — Cut-Line Player: Below-avg or mismatch VFD=-2.1, AP=-4.1SG; 0CH-rds (debut); debut-A",ok,0.0014565048652314695,0.024966347289956645,0.03683424069686049,0.09966092775511202,0.2300638847230566,0.4430818522877867,0.5569181477122134,APP_150-200,APP_150-200+APP_100-150; weak OTT_Distance,NeutralSG=-0.61; VFD=-2.1; VHD=0.0(0rds); debut-A pen=-4.0SG; AP=-4.1SG(wedge_liability;poor_birdie_conv); FormΔ=-2.2; →Tier4 VTS=42.4
130,100,"Nyholm, Pontus",NYHOLM_PONTUS,confirmed,TBD,TBD,deep,high,-0.66,62.79893711248893,54.88367729463524,-7.915259817853688,high,-2.8,"DataGolf venue-fit tool; comp courses: TPC River Highlands, Colonial CC, Sedgefield CC; cf_adj_total scaled ×20, capped ±7 VTS pts",0,,0.0,none,59.63283318534745,Neutral+Venue,"{""neutral"": 0.6, ""venuefit"": 0.4, ""venuehistory"": 0.0}",clear,True,A,-4.0,bomb_and_spray;wedge_liability,-3.4502182170909226,-1.0725581395348838,-2.377660077556039,0.0,0.0,bomb_and_spray;wedge_liability,Deere Run standard venue (non-major birdie-fest). AP_TO_VTS=2.0. Soft/wet week: bomb_and_spray softened (miss_fw_pen_frac=0.0264 modest). No weather amplification on other patterns.,OTT_Accuracy,False,0.0,,-0.902,48.79,-0.242,True,l5_form_applied,-0.605,False,ok,,0.0,high,75.0,standard,Standard venue variance class. Soft/wet delay risk: no compression multiplier.,standard,"{""win_exponent"": 4.5, ""win_cap"": 0.14, ""top3_center"": 80, ""top5_center"": 76, ""top10_center"": 68, ""top20_center"": 59, ""make_cut_center"": 48, ""make_cut_steepness"": 0.07}","144-player cut event. Win exp=4.5, cap=0.14. make_cut_pct via logistic(vts, center=48, steep=0.07).",42.12739675116561,42.12739675116561,4,"Tier4 — Cut-Line Player: Below-avg or mismatch VFD=-7.9, AP=-3.5SG; 0CH-rds (debut); debut-A",ok,0.0014187151832246504,0.024371158715058266,0.03596559127671034,0.09766589077289682,0.22649189280026624,0.43851791690274655,0.5614820830972534,PUTT_Lag,PUTT_Lag+PUTT_BirdieConv; weak OTT_Accuracy,NeutralSG=-0.66; VFD=-7.9; VHD=0.0(0rds); debut-A pen=-4.0SG; AP=-3.5SG(bomb_and_spray;wedge_liability); FormΔ=-0.6; →Tier4 VTS=42.1
131,140,"Todd, Brendon",TODD_BRENDON,confirmed,TBD,TBD,thin,low,-1.205,53.14437555358725,42.72277085918609,-10.42160469440116,low,0.4,"DataGolf venue-fit tool; comp courses: TPC River Highlands, Colonial CC, Sedgefield CC; cf_adj_total scaled ×20, capped ±7 VTS pts",28,-0.999,-0.568,medium,48.90418147919073,Balanced,"{""neutral"": 0.4, ""venuefit"": 0.3, ""venuehistory"": 0.3}",clear,False,,0.0,wedge_liability,-3.4899271729877994,0.0,-3.4899271729877994,0.0,0.0,wedge_liability,Deere Run standard venue (non-major birdie-fest). AP_TO_VTS=2.0. Soft/wet week: bomb_and_spray softened (miss_fw_pen_frac=0.0264 modest). No weather amplification on other patterns.,OTT_Distance,False,0.0,,-1.205,50.0,0.0,False,,0.0,False,ok,,0.0,high,75.0,standard,Standard venue variance class. Soft/wet delay risk: no compression multiplier.,standard,"{""win_exponent"": 4.5, ""win_cap"": 0.14, ""top3_center"": 80, ""top5_center"": 76, ""top10_center"": 68, ""top20_center"": 59, ""make_cut_center"": 48, ""make_cut_steepness"": 0.07}","144-player cut event. Win exp=4.5, cap=0.14. make_cut_pct via logistic(vts, center=48, steep=0.07).",41.92432713321514,41.92432713321514,4,"Tier4 — Cut-Line Player: Below-avg or mismatch VFD=-10.4, AP=-3.5SG; 28CH-rds",ok,0.0013881994521206535,0.02389188654467898,0.03526578385630286,0.09605158241728545,0.22358397369705524,0.4347748876566735,0.5652251123433265,ARG_Rough,ARG_Rough+PUTT_BirdieConv; weak OTT_Distance,NeutralSG=-1.21; VFD=-10.4; VHD=-0.6(28rds); AP=-3.5SG(wedge_liability); →Tier4 VTS=41.9
132,67,"Stout, Preston",STOUT_PRESTON,confirmed,TBD,TBD,medium,medium,-0.1375,72.05491585473871,50.24983281073422,-21.80508304400449,medium,0.6,"DataGolf venue-fit tool; comp courses: TPC River Highlands, Colonial CC, Sedgefield CC; cf_adj_total scaled ×20, capped ±7 VTS pts",0,,0.0,none,63.33288263713692,Neutral+Venue,"{""neutral"": 0.6, ""venuefit"": 0.4, ""venuehistory"": 0.0}",clear,True,A,-4.0,wedge_liability;poor_birdie_conv;rough_approach_liab,-6.383686528001519,0.0,-2.582237775465809,-2.051046176046177,-1.750402576489533,wedge_liability;poor_birdie_conv;rough_approach_liab,Deere Run standard venue (non-major birdie-fest). AP_TO_VTS=2.0. Soft/wet week: bomb_and_spray softened (miss_fw_pen_frac=0.0264 modest). No weather amplification on other patterns.,ARG_Rough,False,0.0,,0.1205,51.29,0.258,True,l5_form_applied,0.645,False,ok,,0.0,high,75.0,standard,Standard venue variance class. Soft/wet delay risk: no compression multiplier.,standard,"{""win_exponent"": 4.5, ""win_cap"": 0.14, ""top3_center"": 80, ""top5_center"": 76, ""top10_center"": 68, ""top20_center"": 59, ""make_cut_center"": 48, ""make_cut_steepness"": 0.07}","144-player cut event. Win exp=4.5, cap=0.14. make_cut_pct via logistic(vts, center=48, steep=0.07).",41.210509581133884,41.210509581133884,4,"Tier4 — Cut-Line Player: Below-avg or mismatch VFD=-21.8, AP=-6.4SG; 0CH-rds (debut); debut-A",ok,0.0012849621791441654,0.02227922554135064,0.03290888235968305,0.0905670016684497,0.21358347246543483,0.42170810738650877,0.5782918926134912,OTT_Distance,OTT_Distance+APP_Wedge; weak ARG_Rough,NeutralSG=-0.14; VFD=-21.8; VHD=0.0(0rds); debut-A pen=-4.0SG; AP=-6.4SG(wedge_liability;poor_birdie_conv;rough_approach_liab); FormΔ=0.6; →Tier4 VTS=41.2
133,92,"Vanderlaan, John",VANDERLAAN_JOHN,confirmed,TBD,TBD,deep,high,-0.55,64.74756421612047,58.013556782459204,-6.734007433661262,high,-0.2,"DataGolf venue-fit tool; comp courses: TPC River Highlands, Colonial CC, Sedgefield CC; cf_adj_total scaled ×20, capped ±7 VTS pts",0,,0.0,none,62.05396124265596,Neutral+Venue,"{""neutral"": 0.6, ""venuefit"": 0.4, ""venuehistory"": 0.0}",clear,True,A,-4.0,wedge_liability;poor_birdie_conv,-4.0163838883809575,0.0,-2.4006431476402157,-1.6157407407407416,0.0,wedge_liability;poor_birdie_conv,Deere Run standard venue (non-major birdie-fest). AP_TO_VTS=2.0. Soft/wet week: bomb_and_spray softened (miss_fw_pen_frac=0.0264 modest). No weather amplification on other patterns.,OTT_Accuracy,False,0.0,,-1.9400000000000002,43.05,-1.3900000000000001,True,l5_form_applied,-3.4750000000000005,False,ok,,0.0,high,75.0,standard,Standard venue variance class. Soft/wet delay risk: no compression multiplier.,standard,"{""win_exponent"": 4.5, ""win_cap"": 0.14, ""top3_center"": 80, ""top5_center"": 76, ""top10_center"": 68, ""top20_center"": 59, ""make_cut_center"": 48, ""make_cut_steepness"": 0.07}","144-player cut event. Win exp=4.5, cap=0.14. make_cut_pct via logistic(vts, center=48, steep=0.07).",40.54619346589404,40.54619346589404,4,"Tier4 — Cut-Line Player: Below-avg or mismatch VFD=-6.7, AP=-4.0SG; 0CH-rds (debut); debut-A",ok,0.0011943450418027116,0.020874444670163847,0.030853053063086937,0.08572043641924493,0.2045848731304523,0.4096831967019934,0.5903168032980066,PUTT_Lag,PUTT_Lag+PUTT_BirdieConv; weak OTT_Accuracy,NeutralSG=-0.55; VFD=-6.7; VHD=0.0(0rds); debut-A pen=-4.0SG; AP=-4.0SG(wedge_liability;poor_birdie_conv); FormΔ=-3.5; →Tier4 VTS=40.5
134,133,"Highsmith, Joe",HIGHSMITH_JOE,confirmed,TBD,TBD,deep,high,-1.5,47.918511957484505,57.31978392051375,9.401271963029245,high,-0.2,"DataGolf venue-fit tool; comp courses: TPC River Highlands, Colonial CC, Sedgefield CC; cf_adj_total scaled ×20, capped ±7 VTS pts",4,-1.23,-0.06,low,51.512180350922065,Blended,"{""neutral"": 0.5, ""venuefit"": 0.35, ""venuehistory"": 0.15}",clear,False,,0.0,wedge_liability;poor_birdie_conv,-4.053961510726385,0.0,-2.1935117752766486,-1.8604497354497362,0.0,wedge_liability;poor_birdie_conv,Deere Run standard venue (non-major birdie-fest). AP_TO_VTS=2.0. Soft/wet week: bomb_and_spray softened (miss_fw_pen_frac=0.0264 modest). No weather amplification on other patterns.,OTT_Accuracy,False,0.0,,-2.754,43.730000000000004,-1.254,True,l5_form_applied,-3.135,False,ok,,0.0,low,25.0,standard,Standard venue variance class. Soft/wet delay risk: no compression multiplier.,standard,"{""win_exponent"": 4.5, ""win_cap"": 0.14, ""top3_center"": 80, ""top5_center"": 76, ""top10_center"": 68, ""top20_center"": 59, ""make_cut_center"": 48, ""make_cut_steepness"": 0.07}","144-player cut event. Win exp=4.5, cap=0.14. make_cut_pct via logistic(vts, center=48, steep=0.07).",40.2692573294693,40.2692573294693,4,"Tier4 — Cut-Line Player: Below-avg or mismatch VFD=9.4, AP=-4.1SG; 4CH-rds",ok,0.001007019462212584,0.016621213779757386,0.02457274236251005,0.06853992622231508,0.16438986829968483,0.3311276773118286,0.6688723226881714,APP_Wedge,APP_Wedge+APP_100-150; weak OTT_Accuracy,NeutralSG=-1.50; VFD=9.4; VHD=-0.1(4rds); AP=-4.1SG(wedge_liability;poor_birdie_conv); FormΔ=-3.1; →Tier4 VTS=40.3
135,130,"Gordon, Will",GORDON_WILL,confirmed,TBD,TBD,deep,high,-1.31,51.28432240921169,59.656372259318445,8.372049850106755,high,0.0,"DataGolf venue-fit tool; comp courses: TPC River Highlands, Colonial CC, Sedgefield CC; cf_adj_total scaled ×20, capped ±7 VTS pts",10,-1.61,-2.5711999999999997,medium,52.63928064148021,Balanced,"{""neutral"": 0.4, ""venuefit"": 0.3, ""venuehistory"": 0.3}",clear,False,,0.0,bomb_and_spray;wedge_liability;poor_birdie_conv,-5.068360632212579,-1.115813953488372,-2.2255745767521047,-1.726972101972103,0.0,bomb_and_spray;wedge_liability;poor_birdie_conv,Deere Run standard venue (non-major birdie-fest). AP_TO_VTS=2.0. Soft/wet week: bomb_and_spray softened (miss_fw_pen_frac=0.0264 modest). No weather amplification on other patterns.,OTT_Accuracy,False,0.0,,-2.2960000000000003,45.07,-0.986,True,l5_form_applied,-2.465,False,ok,,0.0,low,25.0,standard,Standard venue variance class. Soft/wet delay risk: no compression multiplier.,standard,"{""win_exponent"": 4.5, ""win_cap"": 0.14, ""top3_center"": 80, ""top5_center"": 76, ""top10_center"": 68, ""top20_center"": 59, ""make_cut_center"": 48, ""make_cut_steepness"": 0.07}","144-player cut event. Win exp=4.5, cap=0.14. make_cut_pct via logistic(vts, center=48, steep=0.07).",40.03755937705505,40.03755937705505,4,"Tier4 — Cut-Line Player: Below-avg or mismatch VFD=8.4, AP=-5.1SG; 10CH-rds",ok,0.0009812072629361644,0.016247403205912135,0.024024965732793262,0.06723113599081441,0.16191396933522878,0.32774041237294865,0.6722595876270514,APP_Wedge,APP_Wedge+APP_100-150; weak OTT_Accuracy,NeutralSG=-1.31; VFD=8.4; VHD=-2.6(10rds); AP=-5.1SG(bomb_and_spray;wedge_liability;poor_birdie_conv); FormΔ=-2.5; →Tier4 VTS=40.0
136,137,"Campos, Rafael",CAMPOS_RAFAEL,confirmed,TBD,TBD,medium,medium,-1.405,49.6014171833481,54.27561016306849,4.674192979720395,medium,0.0,"DataGolf venue-fit tool; comp courses: TPC River Highlands, Colonial CC, Sedgefield CC; cf_adj_total scaled ×20, capped ±7 VTS pts",6,-2.061,-2.7880000000000003,medium,50.28684992225979,Balanced,"{""neutral"": 0.4, ""venuefit"": 0.3, ""venuehistory"": 0.3}",clear,False,,0.0,poor_birdie_conv;rough_approach_liab,-3.338313256791518,0.0,0.0,-1.7666546416546425,-1.5716586151368759,poor_birdie_conv;rough_approach_liab,Deere Run standard venue (non-major birdie-fest). AP_TO_VTS=2.0. Soft/wet week: bomb_and_spray softened (miss_fw_pen_frac=0.0264 modest). No weather amplification on other patterns.,ARG_Rough,False,0.0,,-2.937,42.34,-1.5319999999999998,True,l5_form_applied,-3.8299999999999996,False,ok,,0.0,medium,50.0,standard,Standard venue variance class. Soft/wet delay risk: no compression multiplier.,standard,"{""win_exponent"": 4.5, ""win_cap"": 0.14, ""top3_center"": 80, ""top5_center"": 76, ""top10_center"": 68, ""top20_center"": 59, ""make_cut_center"": 48, ""make_cut_steepness"": 0.07}","144-player cut event. Win exp=4.5, cap=0.14. make_cut_pct via logistic(vts, center=48, steep=0.07).",39.780223408676754,39.780223408676754,4,"Tier4 — Cut-Line Player: Below-avg or mismatch VFD=4.7, AP=-3.3SG; 6CH-rds",ok,0.0010293967886105767,0.017602109468003103,0.026033882353917934,0.07311608868521217,0.17688703725541027,0.35999534213410267,0.6400046578658973,APP_Wedge,APP_Wedge+APP_100-150; weak ARG_Rough,NeutralSG=-1.41; VFD=4.7; VHD=-2.8(6rds); AP=-3.3SG(poor_birdie_conv;rough_approach_liab); FormΔ=-3.8; →Tier4 VTS=39.8
137,134,"Tosti, Alejandro",TOSTI_ALEJANDRO,confirmed,TBD,TBD,medium,medium,-1.225,52.79007971656333,50.70397033376528,-2.086109382798057,medium,-0.6,"DataGolf venue-fit tool; comp courses: TPC River Highlands, Colonial CC, Sedgefield CC; cf_adj_total scaled ×20, capped ±7 VTS pts",4,-1.48,-0.068,low,51.631229475099516,Blended,"{""neutral"": 0.5, ""venuefit"": 0.35, ""venuehistory"": 0.15}",clear,False,,0.0,bomb_and_spray;wedge_liability;poor_birdie_conv,-5.997968346966047,-1.2888372093023257,-2.676723730256313,-2.032407407407408,0.0,bomb_and_spray;wedge_liability;poor_birdie_conv,Deere Run standard venue (non-major birdie-fest). AP_TO_VTS=2.0. Soft/wet week: bomb_and_spray softened (miss_fw_pen_frac=0.0264 modest). No weather amplification on other patterns.,OTT_Accuracy,False,0.0,,-1.667,47.79,-0.442,True,l5_form_applied,-1.105,False,ok,,0.0,medium,50.0,standard,Standard venue variance class. Soft/wet delay risk: no compression multiplier.,standard,"{""win_exponent"": 4.5, ""win_cap"": 0.14, ""top3_center"": 80, ""top5_center"": 76, ""top10_center"": 68, ""top20_center"": 59, ""make_cut_center"": 48, ""make_cut_steepness"": 0.07}","144-player cut event. Win exp=4.5, cap=0.14. make_cut_pct via logistic(vts, center=48, steep=0.07).",38.530292781167425,38.530292781167425,4,"Tier4 — Cut-Line Player: Below-avg or mismatch VFD=-2.1, AP=-6.0SG; 4CH-rds",ok,0.0008916424157428473,0.015566108588787684,0.02304547377796929,0.06584901252754212,0.16279508787750607,0.3400930675675066,0.6599069324324933,OTT_Distance,OTT_Distance+PAR5_Scoring; weak OTT_Accuracy,NeutralSG=-1.23; VFD=-2.1; VHD=-0.1(4rds); AP=-6.0SG(bomb_and_spray;wedge_liability;poor_birdie_conv); FormΔ=-1.1; →Tier4 VTS=38.5
138,127,"Rozo, Marcelo",ROZO_MARCELO,confirmed,TBD,TBD,deep,high,-1.23,52.70150575730735,63.30309409679104,10.60158833948369,high,3.0,"DataGolf venue-fit tool; comp courses: TPC River Highlands, Colonial CC, Sedgefield CC; cf_adj_total scaled ×20, capped ±7 VTS pts",0,,0.0,none,56.94214109310083,Neutral+Venue,"{""neutral"": 0.6, ""venuefit"": 0.4, ""venuehistory"": 0.0}",clear,True,A,-4.0,poor_birdie_conv;rough_approach_liab,-3.579968944099379,0.0,0.0,-2.343253968253969,-1.2367149758454106,poor_birdie_conv;rough_approach_liab,Deere Run standard venue (non-major birdie-fest). AP_TO_VTS=2.0. Soft/wet week: bomb_and_spray softened (miss_fw_pen_frac=0.0264 modest). No weather amplification on other patterns.,ARG_Rough,False,0.0,,-1.778,47.26,-0.548,True,l5_form_applied,-1.37,False,ok,,0.0,high,75.0,standard,Standard venue variance class. Soft/wet delay risk: no compression multiplier.,standard,"{""win_exponent"": 4.5, ""win_cap"": 0.14, ""top3_center"": 80, ""top5_center"": 76, ""top10_center"": 68, ""top20_center"": 59, ""make_cut_center"": 48, ""make_cut_steepness"": 0.07}","144-player cut event. Win exp=4.5, cap=0.14. make_cut_pct via logistic(vts, center=48, steep=0.07).",38.41220320490208,38.41220320490208,4,"Tier4 — Cut-Line Player: Below-avg or mismatch VFD=10.6, AP=-3.6SG; 0CH-rds (debut); debut-A",ok,0.0009364096771896314,0.01692479999901387,0.025059204020827678,0.07171808405610774,0.17766276545569962,0.37206436294897566,0.6279356370510243,APP_Wedge,APP_Wedge+APP_100-150; weak ARG_Rough,NeutralSG=-1.23; VFD=10.6; VHD=0.0(0rds); debut-A pen=-4.0SG; AP=-3.6SG(poor_birdie_conv;rough_approach_liab); FormΔ=-1.4; →Tier4 VTS=38.4
139,143,"Fisher, Darin",FISHER_DARIN,confirmed,TBD,TBD,thin,low,-4.205,0.0,74.46366065275929,74.46366065275929,low,2.8,"DataGolf venue-fit tool; comp courses: TPC River Highlands, Colonial CC, Sedgefield CC; cf_adj_total scaled ×20, capped ±7 VTS pts",4,-5.642,-0.032,low,33.55748122846575,Blended,"{""neutral"": 0.5, ""venuefit"": 0.35, ""venuehistory"": 0.15}",clear,False,,0.0,,0.0,0.0,0.0,0.0,0.0,,Deere Run standard venue (non-major birdie-fest). AP_TO_VTS=2.0. Soft/wet week: bomb_and_spray softened (miss_fw_pen_frac=0.0264 modest). No weather amplification on other patterns.,OTT_Accuracy,False,0.0,,-4.205,50.0,0.0,False,,0.0,False,ok,,0.0,high,75.0,standard,Standard venue variance class. Soft/wet delay risk: no compression multiplier.,standard,"{""win_exponent"": 4.5, ""win_cap"": 0.14, ""top3_center"": 80, ""top5_center"": 76, ""top10_center"": 68, ""top20_center"": 59, ""make_cut_center"": 48, ""make_cut_steepness"": 0.07}","144-player cut event. Win exp=4.5, cap=0.14. make_cut_pct via logistic(vts, center=48, steep=0.07).",33.55748122846575,33.55748122846575,5,"Tier5 — Course Mismatch: Weak NeutralSG=-4.21, AP=0.0SG; 4CH-rds",ok,0.0005098078463915147,0.010477633124709574,0.015557907896350082,0.047425844837737846,0.12708939096726096,0.29346771081208933,0.7065322891879107,ARG_Rough,ARG_Rough+PUTT_Lag; weak OTT_Accuracy,NeutralSG=-4.21; VFD=74.5; VHD=-0.0(4rds); →Tier5 VTS=33.6
140,122,"Walker, Danny",WALKER_DANNY,confirmed,TBD,TBD,deep,high,-1.12,54.65013286093888,57.4460339589273,2.79590109798842,high,-1.4,"DataGolf venue-fit tool; comp courses: TPC River Highlands, Colonial CC, Sedgefield CC; cf_adj_total scaled ×20, capped ±7 VTS pts",0,,0.0,none,55.76849330013425,Neutral+Venue,"{""neutral"": 0.6, ""venuefit"": 0.4, ""venuehistory"": 0.0}",clear,True,A,-4.0,bomb_and_spray;wedge_liability;poor_birdie_conv,-4.882896348740953,-1.0,-2.2340868249314294,-1.6488095238095242,0.0,bomb_and_spray;wedge_liability;poor_birdie_conv,Deere Run standard venue (non-major birdie-fest). AP_TO_VTS=2.0. Soft/wet week: bomb_and_spray softened (miss_fw_pen_frac=0.0264 modest). No weather amplification on other patterns.,OTT_Accuracy,False,0.0,,-2.168,44.76,-1.0479999999999998,True,l5_form_applied,-2.6199999999999997,False,ok,,0.0,high,75.0,standard,Standard venue variance class. Soft/wet delay risk: no compression multiplier.,standard,"{""win_exponent"": 4.5, ""win_cap"": 0.14, ""top3_center"": 80, ""top5_center"": 76, ""top10_center"": 68, ""top20_center"": 59, ""make_cut_center"": 48, ""make_cut_steepness"": 0.07}","144-player cut event. Win exp=4.5, cap=0.14. make_cut_pct via logistic(vts, center=48, steep=0.07).",33.38270060265235,33.38270060265235,5,"Tier5 — Course Mismatch: Weak NeutralSG=-1.12, AP=-4.9SG; 0CH-rds (debut); debut-A",ok,0.0004979675204631844,0.01029779497032355,0.015292095750969478,0.046717096715828355,0.12552610875808815,0.2908426586506246,0.7091573413493755,APP_100-150,APP_100-150+APP_150-200; weak OTT_Accuracy,NeutralSG=-1.12; VFD=2.8; VHD=0.0(0rds); debut-A pen=-4.0SG; AP=-4.9SG(bomb_and_spray;wedge_liability;poor_birdie_conv); FormΔ=-2.6; →Tier5 VTS=33.4
141,106,"Lamprecht, Christo",LAMPRECHT_CHRISTO,confirmed,TBD,TBD,deep,high,-0.8,60.31886625332154,48.41051527300436,-11.90835098031718,high,-3.0,"DataGolf venue-fit tool; comp courses: TPC River Highlands, Colonial CC, Sedgefield CC; cf_adj_total scaled ×20, capped ±7 VTS pts",0,,0.0,none,55.55552586119467,Neutral+Venue,"{""neutral"": 0.6, ""venuefit"": 0.4, ""venuehistory"": 0.0}",clear,True,A,-4.0,bomb_and_spray;wedge_liability;poor_birdie_conv,-5.839775950442733,-1.2274418604651163,-2.9040007566442827,-1.708333333333334,0.0,bomb_and_spray;wedge_liability;poor_birdie_conv,Deere Run standard venue (non-major birdie-fest). AP_TO_VTS=2.0. Soft/wet week: bomb_and_spray softened (miss_fw_pen_frac=0.0264 modest). No weather amplification on other patterns.,OTT_Accuracy,False,0.0,,-1.816,44.92,-1.016,True,l5_form_applied,-2.54,False,ok,,0.0,high,75.0,standard,Standard venue variance class. Soft/wet delay risk: no compression multiplier.,standard,"{""win_exponent"": 4.5, ""win_cap"": 0.14, ""top3_center"": 80, ""top5_center"": 76, ""top10_center"": 68, ""top20_center"": 59, ""make_cut_center"": 48, ""make_cut_steepness"": 0.07}","144-player cut event. Win exp=4.5, cap=0.14. make_cut_pct via logistic(vts, center=48, steep=0.07).",31.335973960309204,31.335973960309204,5,"Tier5 — Course Mismatch: Weak NeutralSG=-0.80, AP=-5.8SG; 0CH-rds (debut); debut-A",ok,0.00037458363788984533,0.008406383327259853,0.012493890649247299,0.03913727750396263,0.10843612454607049,0.2612406499644447,0.7387593500355554,ARG_Rough,ARG_Rough+ARG_Bunker; weak OTT_Accuracy,NeutralSG=-0.80; VFD=-11.9; VHD=0.0(0rds); debut-A pen=-4.0SG; AP=-5.8SG(bomb_and_spray;wedge_liability;poor_birdie_conv); FormΔ=-2.5; →Tier5 VTS=31.3
142,135,"Howell, Mason",HOWELL_MASON,confirmed,TBD,TBD,medium,medium,-1.2325000000000002,52.65721877767937,52.6834738268195,0.02625504914013277,medium,0.6,"DataGolf venue-fit tool; comp courses: TPC River Highlands, Colonial CC, Sedgefield CC; cf_adj_total scaled ×20, capped ±7 VTS pts",0,,0.0,none,52.66772079733542,Neutral+Venue,"{""neutral"": 0.6, ""venuefit"": 0.4, ""venuehistory"": 0.0}",clear,True,A,-4.0,wedge_liability;poor_birdie_conv;rough_approach_liab,-6.047159769933427,0.0,-2.516409722879031,-1.8117484367484376,-1.7190016103059582,wedge_liability;poor_birdie_conv;rough_approach_liab,Deere Run standard venue (non-major birdie-fest). AP_TO_VTS=2.0. Soft/wet week: bomb_and_spray softened (miss_fw_pen_frac=0.0264 modest). No weather amplification on other patterns.,ARG_Bunker,False,0.0,,-1.2325000000000002,50.0,0.0,False,,0.0,False,ok,,0.0,high,75.0,standard,Standard venue variance class. Soft/wet delay risk: no compression multiplier.,standard,"{""win_exponent"": 4.5, ""win_cap"": 0.14, ""top3_center"": 80, ""top5_center"": 76, ""top10_center"": 68, ""top20_center"": 59, ""make_cut_center"": 48, ""make_cut_steepness"": 0.07}","144-player cut event. Win exp=4.5, cap=0.14. make_cut_pct via logistic(vts, center=48, steep=0.07).",30.573401257468568,30.573401257468568,5,"Tier5 — Course Mismatch: Weak NeutralSG=-1.23, AP=-6.0SG; 0CH-rds (debut); debut-A",ok,0.0003352751122690907,0.007793541119728126,0.011586223811082657,0.03662776658929651,0.10261731060284676,0.25075682765452495,0.7492431723454751,OTT_Distance,OTT_Distance+PUTT_Lag; weak ARG_Bunker,NeutralSG=-1.23; VFD=0.0; VHD=0.0(0rds); debut-A pen=-4.0SG; AP=-6.0SG(wedge_liability;poor_birdie_conv;rough_approach_liab); →Tier5 VTS=30.6
143,139,"Brehm, Ryan",BREHM_RYAN,confirmed,TBD,TBD,medium,medium,-1.5924999999999998,46.279893711248896,46.53840397927888,0.2585102680299869,medium,0.0,"DataGolf venue-fit tool; comp courses: TPC River Highlands, Colonial CC, Sedgefield CC; cf_adj_total scaled ×20, capped ±7 VTS pts",12,-2.651,-2.68,medium,46.66947867828322,Balanced,"{""neutral"": 0.4, ""venuefit"": 0.3, ""venuehistory"": 0.3}",clear,False,,0.0,bomb_and_spray;wedge_liability;poor_birdie_conv;rough_approach_liab,-7.247008627628805,-1.1730232558139535,-2.672467606166651,-2.2759139009139018,-1.1256038647342994,bomb_and_spray;wedge_liability;poor_birdie_conv;rough_approach_liab,Deere Run standard venue (non-major birdie-fest). AP_TO_VTS=2.0. Soft/wet week: bomb_and_spray softened (miss_fw_pen_frac=0.0264 modest). No weather amplification on other patterns.,OTT_Accuracy,False,0.0,,-3.0845,42.54,-1.492,True,l5_form_applied,-3.73,False,ok,,0.0,medium,50.0,standard,Standard venue variance class. Soft/wet delay risk: no compression multiplier.,standard,"{""win_exponent"": 4.5, ""win_cap"": 0.14, ""top3_center"": 80, ""top5_center"": 76, ""top10_center"": 68, ""top20_center"": 59, ""make_cut_center"": 48, ""make_cut_steepness"": 0.07}","144-player cut event. Win exp=4.5, cap=0.14. make_cut_pct via logistic(vts, center=48, steep=0.07).",28.44546142302561,28.44546142302561,5,"Tier5 — Course Mismatch: Weak NeutralSG=-1.59, AP=-7.2SG; 12CH-rds",ok,0.00022758244154877746,0.0057347842501371624,0.008531230371964453,0.027654883414599936,0.07985174424643733,0.20281093188218347,0.7971890681178165,OTT_Distance,OTT_Distance+APP_Wedge; weak OTT_Accuracy,NeutralSG=-1.59; VFD=0.3; VHD=-2.7(12rds); AP=-7.2SG(bomb_and_spray;wedge_liability;poor_birdie_conv;rough_approach_liab); FormΔ=-3.7; →Tier5 VTS=28.4
144,142,"Lindheim, Nicholas",LINDHEIM_NICHOLAS,confirmed,TBD,TBD,thin,low,-2.44,31.2666076173605,18.82394057242317,-12.44266704493733,low,2.2,"DataGolf venue-fit tool; comp courses: TPC River Highlands, Colonial CC, Sedgefield CC; cf_adj_total scaled ×20, capped ±7 VTS pts",13,-1.392,-0.9600000000000001,medium,32.86582521867115,Balanced,"{""neutral"": 0.4, ""venuefit"": 0.3, ""venuehistory"": 0.3}",clear,False,,0.0,wedge_liability;poor_birdie_conv;rough_approach_liab,-9.0,0.0,-4.284403669724771,-3.248136123136124,-1.5950080515297906,wedge_liability;poor_birdie_conv;rough_approach_liab,Deere Run standard venue (non-major birdie-fest). AP_TO_VTS=2.0. Soft/wet week: bomb_and_spray softened (miss_fw_pen_frac=0.0264 modest). No weather amplification on other patterns.,APP_Wedge,False,0.0,,-2.44,50.0,0.0,False,,0.0,False,ok,,0.0,high,75.0,standard,Standard venue variance class. Soft/wet delay risk: no compression multiplier.,standard,"{""win_exponent"": 4.5, ""win_cap"": 0.14, ""top3_center"": 80, ""top5_center"": 76, ""top10_center"": 68, ""top20_center"": 59, ""make_cut_center"": 48, ""make_cut_steepness"": 0.07}","144-player cut event. Win exp=4.5, cap=0.14. make_cut_pct via logistic(vts, center=48, steep=0.07).",14.865825218671148,14.865825218671148,5,"Tier5 — Course Mismatch: Weak NeutralSG=-2.44, AP=-9.0SG; 13CH-rds",ok,1.3067876288979075e-05,0.0016293247712861848,0.0024288974997596674,0.009139868927207273,0.031295322023973206,0.09848254722053658,0.9015174527794634,OTT_Accuracy,OTT_Accuracy+OTT_Distance; weak APP_Wedge,NeutralSG=-2.44; VFD=-12.4; VHD=-1.0(13rds); AP=-9.0SG(wedge_liability;poor_birdie_conv;rough_approach_liab); →Tier5 VTS=14.9
