Last Name,First Name,main-tour-L20 Rds,Last 5 Starts-Tour-Start 1,Last 5 Starts-Event-Start 1,Last 5 Starts-Finish-Start 1,Last 5 Starts-Tour-Start 2,Last 5 Starts-Event-Start 2,Last 5 Starts-Finish-Start 2,Last 5 Starts-Tour-Start 3,Last 5 Starts-Event-Start 3,Last 5 Starts-Finish-Start 3,Last 5 Starts-Tour-Start 4,Last 5 Starts-Event-Start 4,Last 5 Starts-Finish-Start 4,Last 5 Starts-Tour-Start 5,Last 5 Starts-Event-Start 5,Last 5 Starts-Finish-Start 5,True SG,True SG vs Baseline
CLARK,WYNDHAM,PGA,PGA Tour,THE CJ CUP Byron Nelson,1,PGA Tour,the Memorial Tournament presented by Workday,3,PGA Tour,RBC Canadian Open,T11,PGA Tour,U.S. Open,1,Major,Travelers Championship,T5,3.55,2.23
SCHEFFLER,SCOTTIE,PGA,PGA Tour,PGA Championship,T14,Major,THE CJ CUP Byron Nelson,3,PGA Tour,the Memorial Tournament presented by Workday,T12,PGA Tour,U.S. Open,T4,Major,Travelers Championship,2,2.94,-0.26
BURNS,SAM,PGA,PGA Tour,PGA Championship,2,Major,the Memorial Tournament presented by Workday,T26,PGA Tour,RBC Canadian Open,T4,PGA Tour,U.S. Open,T12,Major,Travelers Championship,T20,2.58,0.95
MCILROY,RORY,PGA,PGA Tour,Masters Tournament,1,Major,Truist Championship,T19,PGA Tour,PGA Championship,T7,Major,the Memorial Tournament presented by Workday,T12,PGA Tour,U.S. Open,T32,2.45,0.26
THOMAS,JUSTIN,PGA,PGA Tour,PGA Championship,T4,Major,Charles Schwab Challenge,T13,PGA Tour,the Memorial Tournament presented by Workday,T19,PGA Tour,U.S. Open,T17,Major,Travelers Championship,T14,2.22,1.09
FLEETWOOD,TOMMY,PGA,PGA Tour,PGA Championship,CUT,Major,the Memorial Tournament presented by Workday,T4,PGA Tour,RBC Canadian Open,T11,PGA Tour,U.S. Open,T11,Major,Travelers Championship,T14,2.18,0.16
FITZPATRICK,MATT,PGA,PGA Tour,PGA Championship,T14,Major,the Memorial Tournament presented by Workday,T36,PGA Tour,RBC Canadian Open,2,PGA Tour,U.S. Open,22,Major,Travelers Championship,4,2.13,0.06
RAHM,JON,LIV,LIV Golf,Virginia,2,LIV Golf,PGA Championship,T8,Major,Korea,T2,LIV Golf,Andalucia,CUT,LIV Golf,U.S. Open,T16,1.97,-0.19
SPAUN,J.J.,PGA,PGA Tour,PGA Championship,CUT,Major,Charles Schwab Challenge,T6,PGA Tour,the Memorial Tournament presented by Workday,T12,PGA Tour,U.S. Open,CUT,Major,Travelers Championship,T7,1.95,0.49
HATTON,TYRRELL,LIV,LIV Golf,Mexico City,T7,LIV Golf,Virginia,T5,LIV Golf,PGA Championship,17,Major,Andalucia,1,LIV Golf,U.S. Open,CUT,1.95,1.1
RAI,AARON,PGA,PGA Tour,PGA Championship,1,Major,the Memorial Tournament presented by Workday,T19,PGA Tour,RBC Canadian Open,CUT,PGA Tour,U.S. Open,T11,Major,Travelers Championship,T30,1.87,0.91
GRIFFIN,BEN,PGA,PGA Tour,Charles Schwab Challenge,T10,PGA Tour,the Memorial Tournament presented by Workday,T3,PGA Tour,U.S. Open,CUT,Major,Travelers Championship,T21,PGA Tour,John Deere Classic,T17,1.86,0.46
CAULEY,BUD,PGA,PGA Tour,PGA Championship,T26,Major,the Memorial Tournament presented by Workday,T22,PGA Tour,RBC Canadian Open,1,PGA Tour,U.S. Open,T56,Major,Travelers Championship,T14,1.83,1.15
GOTTERUP,CHRIS,PGA,PGA Tour,PGA Championship,T10,Major,the Memorial Tournament presented by Workday,T27,PGA Tour,U.S. Open,T43,Major,Travelers Championship,T30,PGA Tour,John Deere Classic,1,1.79,0.26
FITZPATRICK,ALEX,PGA,PGA Tour,PGA Championship,T75,Major,the Memorial Tournament presented by Workday,T6,PGA Tour,RBC Canadian Open,T20,PGA Tour,U.S. Open,T23,Major,Travelers Championship,T7,1.78,1.26
CHACARRA,EUGENIO,DPT,DP World Tour,Soudal Open,1,DP World Tour,Austrian Alpine Open presented by Kitzbühel Tirol,T22,DP World Tour,KLM Open,T12,DP World Tour,DS Automobiles 83° Open d’Italia,1,DP World Tour,BMW International Open,CUT,1.7,1.58
KOHLES,BEN,PGA,PGA Tour,BMW Charity Pro-Am Presented by TD SYNNEX,T3,Korn Ferry Tour,RBC Canadian Open,T29,PGA Tour,U.S. Open,T23,Major,Memorial Health Championship presented by LRS,1,Korn Ferry Tour,John Deere Classic,T19,1.7,1.51
NIEMANN,JOAQUIN,DPT,DP World Tour,Korea,T7,LIV Golf,Andalucia,T24,LIV Golf,U.S. Open,T7,Major,DS Automobiles 83° Open d’Italia,1,DP World Tour,BMW International Open,3,1.69,0.97
CANTLAY,PATRICK,PGA,PGA Tour,Truist Championship,T10,PGA Tour,PGA Championship,T35,Major,the Memorial Tournament presented by Workday,T17,PGA Tour,U.S. Open,CUT,Major,Travelers Championship,T14,1.6,0.02
KIM,SI WOO,PGA,PGA Tour,PGA Championship,T35,Major,THE CJ CUP Byron Nelson,2,PGA Tour,the Memorial Tournament presented by Workday,T10,PGA Tour,U.S. Open,CUT,Major,Travelers Championship,T44,1.58,0.01
REITAN,KRISTOFFER,PGA,PGA Tour,PGA Championship,T44,Major,the Memorial Tournament presented by Workday,T6,PGA Tour,RBC Canadian Open,T60,PGA Tour,U.S. Open,CUT,Major,Travelers Championship,T22,1.57,0.6
COLE,ERIC,PGA,PGA Tour,Charles Schwab Challenge,2,PGA Tour,the Memorial Tournament presented by Workday,8,PGA Tour,RBC Canadian Open,CUT,PGA Tour,Travelers Championship,T38,PGA Tour,John Deere Classic,T39,1.56,0.95
ROSE,JUSTIN,PGA,PGA Tour,PGA Championship,T11,Major,the Memorial Tournament presented by Workday,T10,PGA Tour,RBC Canadian Open,T12,PGA Tour,U.S. Open,T25,Major,Travelers Championship,CUT,1.54,-0.02
HOVLAND,VIKTOR,PGA,PGA Tour,Truist Championship,T31,PGA Tour,PGA Championship,CUT,Major,RBC Canadian Open,3,PGA Tour,U.S. Open,CUT,Major,Travelers Championship,1,1.53,0.12
KITAYAMA,KURT,PGA,PGA Tour,Truist Championship,T19,PGA Tour,PGA Championship,T10,Major,the Memorial Tournament presented by Workday,T22,PGA Tour,U.S. Open,T53,Major,Travelers Championship,T25,1.53,0.23
LOWRY,SHANE,PGA,PGA Tour,PGA Championship,T44,Major,the Memorial Tournament presented by Workday,T22,PGA Tour,RBC Canadian Open,T29,PGA Tour,U.S. Open,CUT,Major,Travelers Championship,T22,1.49,0.33
MORIKAWA,COLLIN,PGA,PGA Tour,Cadillac Championship,T17,PGA Tour,PGA Championship,T62,Major,RBC Canadian Open,T55,PGA Tour,U.S. Open,3,Major,Travelers Championship,T29,1.4,-0.05
BRADLEY,KEEGAN,PGA,PGA Tour,Charles Schwab Challenge,T14,PGA Tour,the Memorial Tournament presented by Workday,T35,PGA Tour,U.S. Open,T19,Major,Travelers Championship,T26,PGA Tour,John Deere Classic,T32,1.38,0.43
ABERG,LUDVIG,PGA,PGA Tour,PGA Championship,T4,Major,Charles Schwab Challenge,T17,PGA Tour,the Memorial Tournament presented by Workday,39,PGA Tour,U.S. Open,T17,Major,Travelers Championship,T55,1.37,-0.45
GERARD,RYAN,PGA,PGA Tour,PGA Championship,T70,Major,Charles Schwab Challenge,T10,PGA Tour,the Memorial Tournament presented by Workday,2,PGA Tour,U.S. Open,CUT,Major,Travelers Championship,T44,1.35,0.44
ENGLISH,HARRIS,PGA,PGA Tour,Truist Championship,T24,PGA Tour,PGA Championship,T18,Major,the Memorial Tournament presented by Workday,T17,PGA Tour,U.S. Open,CUT,Major,Travelers Championship,T38,1.34,-0.02
VINCENT,SCOTT,LIV,LIV Golf,Mexico City,15,LIV Golf,Virginia,4,LIV Golf,Korea,T8,LIV Golf,Andalucia,T10,LIV Golf,International Series Morocco presented by Visit Morocco,5,1.33,1.05
MCNEALY,MAVERICK,PGA,PGA Tour,Truist Championship,T32,PGA Tour,PGA Championship,T37,Major,the Memorial Tournament presented by Workday,T18,PGA Tour,U.S. Open,T55,Major,Travelers Championship,T10,1.33,-0.1
JOHNSON,DUSTIN,LIV,LIV Golf,Virginia,T5,LIV Golf,PGA Championship,T18,Major,Korea,T44,LIV Golf,Andalucia,T32,LIV Golf,U.S. Open,4,1.33,0.9
SUBER,JACKSON,PGA,PGA Tour,Charles Schwab Challenge,T30,PGA Tour,RBC Canadian Open,T67,PGA Tour,U.S. Open,T4,Major,Travelers Championship,T6,PGA Tour,John Deere Classic,CUT,1.3,1.26
MITCHELL,KEITH,PGA,PGA Tour,Charles Schwab Challenge,T22,PGA Tour,RBC Canadian Open,CUT,PGA Tour,U.S. Open,T29,Major,Travelers Championship,T51,PGA Tour,John Deere Classic,T4,1.29,0.52
GHIM,DOUG,PGA,PGA Tour,ONEflight Myrtle Beach Classic,T19,PGA Tour,THE CJ CUP Byron Nelson,T31,PGA Tour,Charles Schwab Challenge,T28,PGA Tour,RBC Canadian Open,T15,PGA Tour,John Deere Classic,T6,1.27,0.84
HENLEY,RUSSELL,PGA,PGA Tour,PGA Championship,T65,Major,Charles Schwab Challenge,CUT,PGA Tour,the Memorial Tournament presented by Workday,1,PGA Tour,U.S. Open,T12,Major,Travelers Championship,T22,1.24,-0.54
POSTON,J.T.,PGA,PGA Tour,Charles Schwab Challenge,69,PGA Tour,the Memorial Tournament presented by Workday,T35,PGA Tour,U.S. Open,1,Major,Travelers Championship,T51,PGA Tour,John Deere Classic,T4,1.23,0.57
SCHAUFFELE,XANDER,PGA,PGA Tour,Truist Championship,T60,PGA Tour,PGA Championship,T7,Major,the Memorial Tournament presented by Workday,T29,PGA Tour,U.S. Open,T11,Major,Travelers Championship,T51,1.23,-0.69
WALLACE,MATT,PGA,PGA Tour,Truist Championship,T37,PGA Tour,PGA Championship,T44,Major,RBC Canadian Open,CUT,PGA Tour,DS Automobiles 83° Open d’Italia,2,DP World Tour,John Deere Classic,T33,1.2,0.73
SHERWOOD,COLE,KFT,Korn Ferry Tour,Colonial Life Charity Classic,2,Korn Ferry Tour,Visit Knoxville Open,T15,Korn Ferry Tour,BMW Charity Pro-Am Presented by TD SYNNEX,T7,Korn Ferry Tour,OccuNet Classic presented by Amarillo National Bank,1,Korn Ferry Tour,Memorial Health Championship presented by LRS,T14,1.2,1.34
BHATIA,AKSHAY,PGA,PGA Tour,PGA Championship,T17,Major,Charles Schwab Challenge,CUT,PGA Tour,the Memorial Tournament presented by Workday,T28,PGA Tour,U.S. Open,T5,Major,Travelers Championship,CUT,1.14,-0.14
HARMAN,BRIAN,PGA,PGA Tour,PGA Championship,T60,Major,Charles Schwab Challenge,T22,PGA Tour,the Memorial Tournament presented by Workday,CUT,PGA Tour,U.S. Open,T32,Major,Travelers Championship,T25,1.09,0.43
BRIDGEMAN,JACOB,PGA,PGA Tour,the Memorial Tournament presented by Workday,T47,PGA Tour,RBC Canadian Open,T34,PGA Tour,U.S. Open,T11,Major,Travelers Championship,T26,PGA Tour,John Deere Classic,T39,1.05,0.07
FOX,RYAN,PGA,PGA Tour,PGA Championship,T35,Major,the Memorial Tournament presented by Workday,T27,PGA Tour,RBC Canadian Open,T8,PGA Tour,U.S. Open,T23,Major,Travelers Championship,T66,1.03,0.58
MACINTYRE,ROBERT,PGA,PGA Tour,Charles Schwab Challenge,T42,PGA Tour,the Memorial Tournament presented by Workday,CUT,PGA Tour,RBC Canadian Open,T15,PGA Tour,U.S. Open,T39,Major,Travelers Championship,T10,0.99,-0.42
YOUNG,CAMERON,PGA,PGA Tour,Truist Championship,T43,PGA Tour,PGA Championship,T10,Major,the Memorial Tournament presented by Workday,T26,PGA Tour,U.S. Open,T47,Major,Travelers Championship,T46,0.98,-1.16
REED,PATRICK,PGA,PGA Tour,Masters Tournament,T12,Major,PGA Championship,T10,Major,U.S. Open,CUT,Major,DS Automobiles 83° Open d’Italia,T45,DP World Tour,BMW International Open,CUT,0.98,0.26
MATSUYAMA,HIDEKI,PGA,PGA Tour,PGA Championship,T65,Major,Charles Schwab Challenge,T26,PGA Tour,the Memorial Tournament presented by Workday,T13,PGA Tour,U.S. Open,T14,Major,Travelers Championship,T43,0.97,-0.27
KIM,TOM,PGA,PGA Tour,THE CJ CUP Byron Nelson,T54,PGA Tour,Charles Schwab Challenge,T54,PGA Tour,RBC Canadian Open,T15,PGA Tour,U.S. Open,3,Major,John Deere Classic,T46,0.96,0.6
GRILLO,EMILIANO,PGA,PGA Tour,THE CJ CUP Byron Nelson,T23,PGA Tour,Charles Schwab Challenge,T38,PGA Tour,RBC Canadian Open,T42,PGA Tour,U.S. Open,T26,Major,John Deere Classic,T20,0.96,0.82
KOIVUN,JACKSON,AM,Amateur,2026 SEC Men's Golf Championship Stroke Play,CUT,Amateur,NCAA Athens Regional,T10,Amateur,NCAA DI Men's National Championship- Stroke Play,T10,Amateur,U.S. Open,1,Major,John Deere Classic,T23,0.95,-0.24
SMALLEY,ALEX,PGA,PGA Tour,PGA Championship,T2,Major,Charles Schwab Challenge,T3,PGA Tour,the Memorial Tournament presented by Workday,CUT,PGA Tour,U.S. Open,CUT,Major,Travelers Championship,T47,0.93,0.19
HOJGAARD,NICOLAI,PGA,PGA Tour,PGA Championship,T44,Major,the Memorial Tournament presented by Workday,CUT,PGA Tour,RBC Canadian Open,CUT,PGA Tour,U.S. Open,CUT,Major,Travelers Championship,T14,0.93,-0.15
LINDELL,OLIVER,DPT,DP World Tour,Soudal Open,2,DP World Tour,Austrian Alpine Open presented by Kitzbühel Tirol,T30,DP World Tour,KLM Open,T47,DP World Tour,DS Automobiles 83° Open d’Italia,T6,DP World Tour,BMW International Open,T13,0.91,0.29
PEREZ,VICTOR,LIV,LIV Golf,Virginia,T9,LIV Golf,Soudal Open,11,DP World Tour,Korea,T2,LIV Golf,Andalucia,T16,LIV Golf,BMW International Open,T23,0.91,0.69
SNEDEKER,BRANDT,PGA,PGA Tour,ONEflight Myrtle Beach Classic,1,PGA Tour,PGA Championship,CUT,Major,Charles Schwab Challenge,T28,PGA Tour,the Memorial Tournament presented by Workday,T36,PGA Tour,Travelers Championship,T38,0.89,0.84
EICHHORN,HUNTER,KFT,Korn Ferry Tour,Visit Knoxville Open,5,Korn Ferry Tour,UNC Health Championship,2,Korn Ferry Tour,BMW Charity Pro-Am Presented by TD SYNNEX,T48,Korn Ferry Tour,OccuNet Classic presented by Amarillo National Bank,T7,Korn Ferry Tour,Memorial Health Championship presented by LRS,T17,0.89,0.83
MEISSNER,MAC,PGA,PGA Tour,Charles Schwab Challenge,T3,PGA Tour,the Memorial Tournament presented by Workday,T46,PGA Tour,RBC Canadian Open,CUT,PGA Tour,Travelers Championship,T44,PGA Tour,John Deere Classic,T6,0.81,-0.03
POTGIETER,ALDRICH,PGA,PGA Tour,Cadillac Championship,T14,PGA Tour,Truist Championship,T48,PGA Tour,PGA Championship,T35,Major,RBC Canadian Open,T8,PGA Tour,John Deere Classic,CUT,0.81,0.93
DECHAMBEAU,BRYSON,LIV,LIV Golf,Virginia,T11,LIV Golf,PGA Championship,3,Major,Korea,CUT,LIV Golf,Andalucia,CUT,LIV Golf,U.S. Open,3,0.79,-0.31
BEZUIDENHOUT,CHRISTIAAN,PGA,PGA Tour,PGA Championship,T12,Major,THE CJ CUP Byron Nelson,CUT,PGA Tour,Charles Schwab Challenge,T32,PGA Tour,RBC Canadian Open,T35,PGA Tour,John Deere Classic,T54,0.79,0.03
CINK,STEWART,CHAMP,PGA Tour Champions,Mitsubishi Electric Classic,2,PGA Tour Champions,Regions Tradition,4,PGA Tour Champions,Insperity Invitational,T5,PGA Tour Champions,PGA Championship,1,Major,U.S. Senior Open Championship,CUT,0.78,0.71
THEEGALA,SAHITH,PGA,PGA Tour,Charles Schwab Challenge,T60,PGA Tour,the Memorial Tournament presented by Workday,T32,PGA Tour,RBC Canadian Open,T45,PGA Tour,U.S. Open,T11,Major,Travelers Championship,T51,0.78,0.14
SMITH,CAMERON,LIV,LIV Golf,Virginia,T5,LIV Golf,PGA Championship,T26,Major,Korea,T7,LIV Golf,Andalucia,CUT,LIV Golf,U.S. Open,T16,0.77,0.6
WOODLAND,GARY,PGA,PGA Tour,PGA Championship,T7,Major,Charles Schwab Challenge,CUT,PGA Tour,the Memorial Tournament presented by Workday,T6,PGA Tour,U.S. Open,71,Major,Travelers Championship,T36,0.76,0.09
PUIG,DAVID,LIV,LIV Golf,PGA Championship,CUT,Major,Korea,T18,LIV Golf,Andalucia,T16,LIV Golf,U.S. Open,T48,Major,DS Automobiles 83° Open d’Italia,T5,0.76,0.02
SCOTT,ADAM,PGA,PGA Tour,Truist Championship,T24,PGA Tour,PGA Championship,CUT,Major,the Memorial Tournament presented by Workday,T12,PGA Tour,U.S. Open,CUT,Major,Travelers Championship,65,0.76,-0.19
NOREN,ALEX,PGA,PGA Tour,PGA Championship,T26,Major,the Memorial Tournament presented by Workday,9,PGA Tour,RBC Canadian Open,CUT,PGA Tour,U.S. Open,CUT,Major,Travelers Championship,T55,0.73,-0.55
RYDER,SAM,PGA,PGA Tour,Zurich Classic of New Orleans,CUT,PGA Tour,ONEflight Myrtle Beach Classic,CUT,PGA Tour,THE CJ CUP Byron Nelson,T17,PGA Tour,Charles Schwab Challenge,T45,PGA Tour,RBC Canadian Open,T31,0.73,0.77
HOMA,MAX,PGA,PGA Tour,Truist Championship,2,PGA Tour,PGA Championship,CUT,Major,Charles Schwab Challenge,T22,PGA Tour,RBC Canadian Open,T52,PGA Tour,John Deere Classic,T20,0.72,0.06
KNAPP,JAKE,PGA,PGA Tour,Texas Children's Houston Open,T6,PGA Tour,Masters Tournament,11,Major,RBC Heritage,T74,PGA Tour,U.S. Open,CUT,Major,Travelers Championship,T55,0.72,-0.73
MCCARTHY,DENNY,PGA,PGA Tour,PGA Championship,CUT,Major,the Memorial Tournament presented by Workday,T34,PGA Tour,RBC Canadian Open,T60,PGA Tour,Travelers Championship,T44,PGA Tour,John Deere Classic,T14,0.71,0.24
KOEPKA,BROOKS,PGA,PGA Tour,ONEflight Myrtle Beach Classic,T11,PGA Tour,PGA Championship,T55,Major,THE CJ CUP Byron Nelson,T14,PGA Tour,RBC Canadian Open,WD,PGA Tour,U.S. Open,CUT,0.71,0.46
BROWN,BLADES,KFT,Korn Ferry Tour,THE CJ CUP Byron Nelson,T55,PGA Tour,UNC Health Championship,T13,Korn Ferry Tour,BMW Charity Pro-Am Presented by TD SYNNEX,T14,Korn Ferry Tour,Memorial Health Championship presented by LRS,T12,Korn Ferry Tour,John Deere Classic,T17,0.69,0.64
LEE,MIN WOO,PGA,PGA Tour,Truist Championship,T14,PGA Tour,PGA Championship,T18,Major,the Memorial Tournament presented by Workday,CUT,PGA Tour,U.S. Open,CUT,Major,Travelers Championship,T62,0.69,-0.37
KANEKO,KOTA,DPT,DP World Tour,PGA Championship,T11,Major,Soudal Open,CUT,DP World Tour,Austrian Alpine Open presented by Kitzbühel Tirol,T2,DP World Tour,DS Automobiles 83° Open d’Italia,1,DP World Tour,BMW International Open,CUT,0.66,0.77
TAYLOR,NICK,PGA,PGA Tour,PGA Championship,T26,Major,the Memorial Tournament presented by Workday,T43,PGA Tour,RBC Canadian Open,T65,PGA Tour,U.S. Open,CUT,Major,Travelers Championship,T25,0.62,-0.22
WIESBERGER,BERND,DPT,DP World Tour,PGA Championship,CUT,Major,Austrian Alpine Open presented by Kitzbühel Tirol,CUT,DP World Tour,KLM Open,T4,DP World Tour,DS Automobiles 83° Open d’Italia,T21,DP World Tour,BMW International Open,3,0.62,0.94
STEINLECHNER,MAXIMILIAN,DPT,DP World Tour,Soudal Open,T25,DP World Tour,Austrian Alpine Open presented by Kitzbühel Tirol,T59,DP World Tour,KLM Open,T7,DP World Tour,DS Automobiles 83° Open d’Italia,T30,DP World Tour,BMW International Open,T3,0.61,1.37
ECHAVARRIA,NICO,PGA,PGA Tour,PGA Championship,CUT,Major,Charles Schwab Challenge,T6,PGA Tour,the Memorial Tournament presented by Workday,T40,PGA Tour,U.S. Open,T56,Major,Travelers Championship,T30,0.61,0.32
NOVAK,ANDREW,PGA,PGA Tour,Charles Schwab Challenge,T54,PGA Tour,the Memorial Tournament presented by Workday,CUT,PGA Tour,U.S. Open,CUT,Major,Travelers Championship,T30,PGA Tour,John Deere Classic,CUT,0.6,0.34
BAUCHOU,ZACH,PGA,PGA Tour,ONEflight Myrtle Beach Classic,T24,PGA Tour,THE CJ CUP Byron Nelson,T6,PGA Tour,Charles Schwab Challenge,T22,PGA Tour,RBC Canadian Open,CUT,PGA Tour,John Deere Classic,T67,0.59,0.45
KUCHAR,MATT,PGA,PGA Tour,ONEflight Myrtle Beach Classic,T22,PGA Tour,THE CJ CUP Byron Nelson,T24,PGA Tour,Charles Schwab Challenge,CUT,PGA Tour,the Memorial Tournament presented by Workday,T15,PGA Tour,John Deere Classic,T22,0.58,0.25
ANCER,ABRAHAM,LIV,LIV Golf,Kolon The 68th KOREA Open,T22,ASA,Korea,T5,LIV Golf,Andalucia,T29,LIV Golf,International Series Morocco presented by Visit Morocco,T50,Asian Tour,BMW International Open,3,0.57,0.16
SNYMAN,IAN,ASA,Asian Tour,The 45th GS Caltex Maekyung Open,T5,ASA,Taiwan Glass Taifong Open,T3,ASA,Kolon The 68th KOREA Open,T10,ASA,am green IGPL Bharath Classic,1,Asian Tour,International Series Morocco presented by Visit Morocco,T15,0.57,1.27
JAMES,BEN,PGA,PGA Tour,NCAA Winston-Salem Regional,T62,Amateur,NCAA DI Men's National Championship- Stroke Play,T16,Amateur,RBC Canadian Open,T54,PGA Tour,U.S. Open,1,Major,Travelers Championship,T23,0.57,0.24
COODY,PIERCESON,PGA,PGA Tour,THE CJ CUP Byron Nelson,T19,PGA Tour,Charles Schwab Challenge,T22,PGA Tour,the Memorial Tournament presented by Workday,CUT,PGA Tour,U.S. Open,T23,Major,John Deere Classic,T39,0.56,0.13
KIM,MICHAEL,PGA,PGA Tour,Charles Schwab Challenge,T17,PGA Tour,the Memorial Tournament presented by Workday,T49,PGA Tour,U.S. Open,T43,Major,Travelers Championship,T30,PGA Tour,John Deere Classic,CUT,0.55,0.05
GREYSERMAN,MAX,PGA,PGA Tour,THE CJ CUP Byron Nelson,T9,PGA Tour,Charles Schwab Challenge,CUT,PGA Tour,RBC Canadian Open,CUT,PGA Tour,U.S. Open,T43,Major,John Deere Classic,CUT,0.54,0.36
MORRISON,TOMMY,AM,Amateur,2026 SEC Men's Golf Championship Stroke Play,T10,Amateur,NCAA Bryan Regional,T17,Amateur,NCAA DI Men's National Championship- Stroke Play,T5,Amateur,OccuNet Classic presented by Amarillo National Bank,T5,Korn Ferry Tour,Memorial Health Championship presented by LRS,T10,0.53,1.02
KEEFER,JOHNNY,PGA,PGA Tour,THE CJ CUP Byron Nelson,T9,PGA Tour,Charles Schwab Challenge,T35,PGA Tour,RBC Canadian Open,T51,PGA Tour,U.S. Open,T39,Major,John Deere Classic,CUT,0.53,0.41
VAN ROOYEN,ERIK,PGA,PGA Tour,ONEflight Myrtle Beach Classic,T38,PGA Tour,THE CJ CUP Byron Nelson,T19,PGA Tour,Charles Schwab Challenge,70,PGA Tour,RBC Canadian Open,T20,PGA Tour,John Deere Classic,T26,0.47,0.92
CARR,BEN,KFT,Korn Ferry Tour,Visit Knoxville Open,2,Korn Ferry Tour,UNC Health Championship,T39,Korn Ferry Tour,BMW Charity Pro-Am Presented by TD SYNNEX,T7,Korn Ferry Tour,OccuNet Classic presented by Amarillo National Bank,T19,Korn Ferry Tour,Memorial Health Championship presented by LRS,CUT,0.45,1.27
SIDES,WILLIAM,AM,Amateur,2026 ACC Men's Golf Championship - Stroke Play,T14,Amateur,NCAA Bryan Regional,4,Amateur,THE CJ CUP Byron Nelson,16,PGA Tour,OccuNet Classic presented by Amarillo National Bank,T10,Korn Ferry Tour,Memorial Health Championship presented by LRS,CUT,0.43,0.75
JOHNSON,ZACH,CHAMP,PGA Tour Champions,Senior PGA Championship,T9,PGA Tour Champions,Mitsubishi Electric Classic,T8,PGA Tour Champions,Insperity Invitational,T5,PGA Tour Champions,Principal Charity Classic,1,PGA Tour Champions,John Deere Classic,3,0.4,0.27
GARNETT,BRICE,PGA,PGA Tour,ONEflight Myrtle Beach Classic,T4,PGA Tour,THE CJ CUP Byron Nelson,T19,PGA Tour,Charles Schwab Challenge,CUT,PGA Tour,RBC Canadian Open,CUT,PGA Tour,John Deere Classic,T22,0.39,1.01
FINAU,TONY,PGA,PGA Tour,Charles Schwab Challenge,T55,PGA Tour,the Memorial Tournament presented by Workday,CUT,PGA Tour,RBC Canadian Open,T29,PGA Tour,Travelers Championship,T58,PGA Tour,John Deere Classic,T40,0.38,0.36
PONDER,THOMAS,PTA,PGA Tour Americas,Diners Club Peru Open,T17,PGA Tour Americas,KIA Open de Ecuador presentado por Diners Club,T10,PGA Tour Americas,Mexico Championship presented by Scotia Wealth Management,3,PGA Tour Americas,Inter Rapidisimo Golf Championship,4,PGA Tour Americas,Blue Cross and Blue Shield of Kansas Wichita Open presented by Syndeo,T9,0.37,0.97
YELLAMARAJU,SUDARSHAN,PGA,PGA Tour,Charles Schwab Challenge,CUT,PGA Tour,the Memorial Tournament presented by Workday,T40,PGA Tour,RBC Canadian Open,T8,PGA Tour,U.S. Open,CUT,Major,John Deere Classic,CUT,0.35,0.09
DEAN,JOE,DPT,DP World Tour,Soudal Open,CUT,DP World Tour,Austrian Alpine Open presented by Kitzbühel Tirol,T47,DP World Tour,KLM Open,T12,DP World Tour,DS Automobiles 83° Open d’Italia,T9,DP World Tour,BMW International Open,T3,0.35,1.16
MOORE,TAYLOR,PGA,PGA Tour,ONEflight Myrtle Beach Classic,T17,PGA Tour,THE CJ CUP Byron Nelson,T14,PGA Tour,Charles Schwab Challenge,T60,PGA Tour,RBC Canadian Open,T40,PGA Tour,John Deere Classic,CUT,0.35,0.36
BERGER,DANIEL,PGA,PGA Tour,PGA Championship,T25,Major,the Memorial Tournament presented by Workday,T35,PGA Tour,U.S. Open,CUT,Major,Travelers Championship,CUT,PGA Tour,John Deere Classic,CUT,0.34,-0.06
CONNERS,COREY,PGA,PGA Tour,PGA Championship,T55,Major,the Memorial Tournament presented by Workday,53,PGA Tour,RBC Canadian Open,CUT,PGA Tour,U.S. Open,T23,Major,Travelers Championship,T7,0.34,-0.3
KIM,CHAN,KFT,Korn Ferry Tour,UNC Health Championship,T33,Korn Ferry Tour,BMW Charity Pro-Am Presented by TD SYNNEX,T13,Korn Ferry Tour,OccuNet Classic presented by Amarillo National Bank,T3,Korn Ferry Tour,Memorial Health Championship presented by LRS,T51,Korn Ferry Tour,John Deere Classic,T35,0.34,0.83
GOUVEIA,RICARDO,DPT,DP World Tour,Soudal Open,CUT,DP World Tour,Austrian Alpine Open presented by Kitzbühel Tirol,T24,DP World Tour,KLM Open,T2,DP World Tour,DS Automobiles 83° Open d’Italia,CUT,DP World Tour,BMW International Open,T38,0.34,1.15
NAKAJIMA,KEITA,PGA,PGA Tour,ONEflight Myrtle Beach Classic,T13,PGA Tour,THE CJ CUP Byron Nelson,CUT,PGA Tour,Charles Schwab Challenge,T28,PGA Tour,RBC Canadian Open,T20,PGA Tour,John Deere Classic,T46,0.32,0.37
PUTNAM,ANDREW,PGA,PGA Tour,PGA Championship,T55,Major,Charles Schwab Challenge,T17,PGA Tour,RBC Canadian Open,CUT,PGA Tour,U.S. Open,T65,Major,John Deere Classic,T51,0.3,0.09
HOEY,RICO,PGA,PGA Tour,PGA Championship,CUT,Major,THE CJ CUP Byron Nelson,T19,PGA Tour,Charles Schwab Challenge,T17,PGA Tour,RBC Canadian Open,T60,PGA Tour,John Deere Classic,CUT,0.29,-0.11
FERGUSON,EWEN,DPT,DP World Tour,Soudal Open,T19,DP World Tour,Austrian Alpine Open presented by Kitzbühel Tirol,CUT,DP World Tour,KLM Open,T17,DP World Tour,DS Automobiles 83° Open d’Italia,1,DP World Tour,BMW International Open,CUT,0.28,0.31
ISHIKAWA,RYO,KFT,Korn Ferry Tour,Visit Knoxville Open,T3,Korn Ferry Tour,UNC Health Championship,CUT,Korn Ferry Tour,BMW Charity Pro-Am Presented by TD SYNNEX,T15,Korn Ferry Tour,OccuNet Classic presented by Amarillo National Bank,T33,Korn Ferry Tour,Memorial Health Championship presented by LRS,T12,0.27,0.75
WATSON,BUBBA,LIV,LIV Golf,Virginia,9,LIV Golf,Kolon The 68th KOREA Open,T35,ASA,Korea,CUT,LIV Golf,Andalucia,2,LIV Golf,International Series Morocco presented by Visit Morocco,T29,0.27,0.28
REDMAN,DOC,KFT,Korn Ferry Tour,Visit Knoxville Open,1,Korn Ferry Tour,UNC Health Championship,1,Korn Ferry Tour,BMW Charity Pro-Am Presented by TD SYNNEX,T48,Korn Ferry Tour,OccuNet Classic presented by Amarillo National Bank,T13,Korn Ferry Tour,Memorial Health Championship presented by LRS,CUT,0.27,0.6
HILL,CALUM,DPT,DP World Tour,Soudal Open,T19,DP World Tour,Austrian Alpine Open presented by Kitzbühel Tirol,T59,DP World Tour,KLM Open,T17,DP World Tour,DS Automobiles 83° Open d’Italia,T14,DP World Tour,BMW International Open,T30,0.26,0.37
HODGES,LEE,PGA,PGA Tour,ONEflight Myrtle Beach Classic,T3,PGA Tour,THE CJ CUP Byron Nelson,CUT,PGA Tour,Charles Schwab Challenge,T35,PGA Tour,RBC Canadian Open,T67,PGA Tour,John Deere Classic,CUT,0.26,0.22
BRENNAN,MICHAEL,PGA,PGA Tour,THE CJ CUP Byron Nelson,CUT,PGA Tour,Charles Schwab Challenge,T6,PGA Tour,RBC Canadian Open,CUT,PGA Tour,U.S. Open,T43,Major,John Deere Classic,T33,0.25,-0.16
NORRIS,SHAUN,JPN,Japan Golf Tour,Estrella Damm Catalunya Championship,T38,DP World Tour,Japan PGA Championship Senko Group Cup,2,Japan Golf Tour,Gate Way To The Open Mizuno Open,CUT,Japan Golf Tour,BMW Japan Golf Tour Championship Mori Building Cup,1,Japan Golf Tour,BMW International Open,CUT,0.25,1.19
MCGREEVY,MAX,PGA,PGA Tour,THE CJ CUP Byron Nelson,CUT,PGA Tour,Charles Schwab Challenge,T35,PGA Tour,RBC Canadian Open,T51,PGA Tour,U.S. Open,T32,Major,John Deere Classic,T51,0.24,-0.14
PEREIRA,COREY,PTA,PGA Tour Americas,Diners Club Peru Open,T2,PGA Tour Americas,KIA Open de Ecuador presentado por Diners Club,T24,PGA Tour Americas,Mexico Championship presented by Scotia Wealth Management,CUT,PGA Tour Americas,Inter Rapidisimo Golf Championship,1,PGA Tour Americas,Blue Cross and Blue Shield of Kansas Wichita Open presented by Syndeo,T5,0.23,0.14
JAKUBCIK,FILIP,AM,Amateur,Big 12 Men's Golf Championship,T28,Amateur,NCAA Marana Regional,6,Amateur,NCAA DI Men's National Championship- Stroke Play,T1,Amateur,OccuNet Classic presented by Amarillo National Bank,T33,Korn Ferry Tour,Memorial Health Championship presented by LRS,T4,0.23,0.93
EWART,A.J.,PGA,PGA Tour,ONEflight Myrtle Beach Classic,T71,PGA Tour,THE CJ CUP Byron Nelson,T19,PGA Tour,Charles Schwab Challenge,T17,PGA Tour,RBC Canadian Open,CUT,PGA Tour,John Deere Classic,T29,0.23,0.45
GRACE,BRANDEN,LIV,LIV Golf,Virginia,T14,LIV Golf,Korea,T21,LIV Golf,Andalucia,T12,LIV Golf,International Series Morocco presented by Visit Morocco,WD,Asian Tour,DS Automobiles 83° Open d’Italia,T11,0.23,-0.55
STOUT,PRESTON,AM,Amateur,NCAA Marana Regional,T15,Amateur,THE CJ CUP Byron Nelson,T18,PGA Tour,NCAA DI Men's National Championship- Stroke Play,CUT,Amateur,U.S. Open,1,Major,John Deere Classic,CUT,0.22,0.24
DOSSEY,COOPER,KFT,Korn Ferry Tour,Visit Knoxville Open,1,Korn Ferry Tour,UNC Health Championship,T3,Korn Ferry Tour,BMW Charity Pro-Am Presented by TD SYNNEX,T7,Korn Ferry Tour,U.S. Open,T19,Major,Memorial Health Championship presented by LRS,CUT,0.21,0.16
SMITH,JORDAN,PGA,PGA Tour,Cadillac Championship,T55,PGA Tour,PGA Championship,CUT,Major,THE CJ CUP Byron Nelson,T59,PGA Tour,Charles Schwab Challenge,T13,PGA Tour,RBC Canadian Open,CUT,0.2,-0.31
SCHMID,MATTI,PGA,PGA Tour,PGA Championship,T4,Major,THE CJ CUP Byron Nelson,CUT,PGA Tour,RBC Canadian Open,CUT,PGA Tour,U.S. Open,CUT,Major,BMW International Open,T23,0.19,0.11
LINDBERG,MIKAEL,DPT,DP World Tour,PGA Championship,T60,Major,Soudal Open,T55,DP World Tour,Austrian Alpine Open presented by Kitzbühel Tirol,T17,DP World Tour,KLM Open,1,DP World Tour,DS Automobiles 83° Open d’Italia,CUT,0.19,0.01
HOSSLER,BEAU,PGA,PGA Tour,ONEflight Myrtle Beach Classic,T39,PGA Tour,THE CJ CUP Byron Nelson,CUT,PGA Tour,Charles Schwab Challenge,T3,PGA Tour,RBC Canadian Open,1,PGA Tour,John Deere Classic,T45,0.18,0.01
HISATSUNE,RYO,PGA,PGA Tour,Charles Schwab Challenge,T38,PGA Tour,the Memorial Tournament presented by Workday,66,PGA Tour,U.S. Open,52,Major,Travelers Championship,T9,PGA Tour,John Deere Classic,T43,0.18,-0.03
GUILLAMOUNDEGUY,OIHAN,DPT,DP World Tour,Soudal Open,T25,DP World Tour,Austrian Alpine Open presented by Kitzbühel Tirol,CUT,DP World Tour,KLM Open,T35,DP World Tour,DS Automobiles 83° Open d’Italia,T4,DP World Tour,BMW International Open,CUT,0.17,0.56
FISHBURN,PATRICK,PGA,PGA Tour,ONEflight Myrtle Beach Classic,T67,PGA Tour,THE CJ CUP Byron Nelson,T47,PGA Tour,Charles Schwab Challenge,T54,PGA Tour,RBC Canadian Open,T19,PGA Tour,John Deere Classic,T29,0.17,0.26
BLAIR,ZAC,PGA,PGA Tour,Charles Schwab Challenge,T9,PGA Tour,BMW Charity Pro-Am Presented by TD SYNNEX,T40,Korn Ferry Tour,U.S. Open,T32,Major,Memorial Health Championship presented by LRS,CUT,Korn Ferry Tour,John Deere Classic,T27,0.17,0.04
FOWLER,RICKIE,PGA,PGA Tour,Charles Schwab Challenge,T38,PGA Tour,the Memorial Tournament presented by Workday,CUT,PGA Tour,U.S. Open,CUT,Major,Travelers Championship,T15,PGA Tour,John Deere Classic,CUT,0.17,-1.12
ARMITAGE,MARCUS,DPT,DP World Tour,Soudal Open,T66,DP World Tour,Austrian Alpine Open presented by Kitzbühel Tirol,T2,DP World Tour,KLM Open,T26,DP World Tour,DS Automobiles 83° Open d’Italia,T14,DP World Tour,BMW International Open,T50,0.16,0.2
HERBERT,LUCAS,LIV,LIV Golf,Singapore Open presented by The Business Times,T24,Asian Tour,Virginia,CUT,LIV Golf,Korea,T8,LIV Golf,Andalucia,CUT,LIV Golf,U.S. Open,1,0.16,0.08
DETRY,THOMAS,LIV,LIV Golf,PGA Championship,T5,Major,Soudal Open,CUT,DP World Tour,Korea,T53,LIV Golf,Andalucia,CUT,LIV Golf,DS Automobiles 83° Open d’Italia,T41,0.16,-0.31
YU,KEVIN,PGA,PGA Tour,ONEflight Myrtle Beach Classic,T53,PGA Tour,THE CJ CUP Byron Nelson,CUT,PGA Tour,Charles Schwab Challenge,T35,PGA Tour,RBC Canadian Open,T29,PGA Tour,John Deere Classic,T15,0.15,0
NEERGAARD-PETERSEN,RASMUS,PGA,PGA Tour,PGA Championship,T75,Major,THE CJ CUP Byron Nelson,T19,PGA Tour,Charles Schwab Challenge,T42,PGA Tour,RBC Canadian Open,39,PGA Tour,BMW International Open,56,0.15,-0.17
JOHNSON,MICHAEL,KFT,Korn Ferry Tour,Visit Knoxville Open,T35,Korn Ferry Tour,UNC Health Championship,CUT,Korn Ferry Tour,BMW Charity Pro-Am Presented by TD SYNNEX,T12,Korn Ferry Tour,OccuNet Classic presented by Amarillo National Bank,T7,Korn Ferry Tour,Memorial Health Championship presented by LRS,1,0.14,0.23
HALL,HARRY,PGA,PGA Tour,Charles Schwab Challenge,CUT,PGA Tour,the Memorial Tournament presented by Workday,T29,PGA Tour,RBC Canadian Open,T40,PGA Tour,U.S. Open,CUT,Major,Travelers Championship,T51,0.13,-0.81
AYORA,ANGEL,DPT,DP World Tour,Estrella Damm Catalunya Championship,T3,DP World Tour,PGA Championship,CUT,Major,KLM Open,CUT,DP World Tour,DS Automobiles 83° Open d’Italia,5,DP World Tour,BMW International Open,CUT,0.13,-0.52
BRYANT,DAVIS,DPT,DP World Tour,Soudal Open,T48,DP World Tour,Austrian Alpine Open presented by Kitzbühel Tirol,T30,DP World Tour,KLM Open,T2,DP World Tour,DS Automobiles 83° Open d’Italia,T50,DP World Tour,BMW International Open,T38,0.11,0.83
MCCARTY,MATT,PGA,PGA Tour,PGA Championship,CUT,Major,Charles Schwab Challenge,T60,PGA Tour,the Memorial Tournament presented by Workday,CUT,PGA Tour,U.S. Open,CUT,Major,Travelers Championship,T30,0.1,-0.6
STEVENS,SAM,PGA,PGA Tour,PGA Championship,T65,Major,Charles Schwab Challenge,T42,PGA Tour,the Memorial Tournament presented by Workday,CUT,PGA Tour,U.S. Open,T7,Major,Travelers Championship,T62,0.09,-0.39
THOMPSON,DAVIS,PGA,PGA Tour,THE CJ CUP Byron Nelson,T26,PGA Tour,Charles Schwab Challenge,T35,PGA Tour,RBC Canadian Open,T45,PGA Tour,U.S. Open,CUT,Major,John Deere Classic,CUT,0.09,-0.34
PENDRITH,TAYLOR,PGA,PGA Tour,THE CJ CUP Byron Nelson,CUT,PGA Tour,the Memorial Tournament presented by Workday,T43,PGA Tour,RBC Canadian Open,T29,PGA Tour,Travelers Championship,T47,PGA Tour,John Deere Classic,61,0.09,-0.23
ORTIZ,ALVARO,KFT,Korn Ferry Tour,Visit Knoxville Open,T10,Korn Ferry Tour,UNC Health Championship,T46,Korn Ferry Tour,BMW Charity Pro-Am Presented by TD SYNNEX,T40,Korn Ferry Tour,OccuNet Classic presented by Amarillo National Bank,CUT,Korn Ferry Tour,Memorial Health Championship presented by LRS,1,0.09,0.9
HUGHES,MACKENZIE,PGA,PGA Tour,Truist Championship,T46,PGA Tour,THE CJ CUP Byron Nelson,66,PGA Tour,Charles Schwab Challenge,T10,PGA Tour,RBC Canadian Open,T52,PGA Tour,John Deere Classic,CUT,0.09,0.09
ERENO PEREZ,PABLO,CHA,Challenge Tour,Challenge de España,T12,Challenge Tour,KLM Open,T7,DP World Tour,English Open supported by HotelPlanner,T14,Challenge Tour,Blot Play9,T41,Challenge Tour,Le Vaudreuil Golf Challenge,3,0.08,0.85
MOUW,WILLIAM,PGA,PGA Tour,THE CJ CUP Byron Nelson,T26,PGA Tour,Charles Schwab Challenge,CUT,PGA Tour,RBC Canadian Open,T20,PGA Tour,U.S. Open,CUT,Major,John Deere Classic,T65,0.07,-0.3
GRIFFIN,LANTO,PGA,PGA Tour,ONEflight Myrtle Beach Classic,T39,PGA Tour,THE CJ CUP Byron Nelson,T67,PGA Tour,Charles Schwab Challenge,T32,PGA Tour,RBC Canadian Open,T13,PGA Tour,John Deere Classic,T60,0.07,0.16
MAAS,CHRISTIAAN,AM,Amateur,2026 SEC Men's Golf Championship Stroke Play,CUT,Amateur,NCAA Bryan Regional,T3,Amateur,NCAA DI Men's National Championship- Stroke Play,T5,Amateur,OccuNet Classic presented by Amarillo National Bank,T19,Korn Ferry Tour,Memorial Health Championship presented by LRS,T19,0.07,0.1
DUNLAP,NICK,PGA,PGA Tour,ONEflight Myrtle Beach Classic,CUT,PGA Tour,THE CJ CUP Byron Nelson,T24,PGA Tour,Charles Schwab Challenge,CUT,PGA Tour,RBC Canadian Open,T33,PGA Tour,John Deere Classic,T60,0.07,0.67
TAYLOR,BEN,KFT,Korn Ferry Tour,Visit Knoxville Open,T28,Korn Ferry Tour,UNC Health Championship,1,Korn Ferry Tour,BMW Charity Pro-Am Presented by TD SYNNEX,T7,Korn Ferry Tour,OccuNet Classic presented by Amarillo National Bank,T27,Korn Ferry Tour,Memorial Health Championship presented by LRS,1,0.05,0.59
KIMSEY,NATHAN,DPT,DP World Tour,Soudal Open,CUT,DP World Tour,Austrian Alpine Open presented by Kitzbühel Tirol,T8,DP World Tour,KLM Open,T17,DP World Tour,U.S. Open,CUT,Major,BMW International Open,WD,0.04,0.45
SPIETH,JORDAN,PGA,PGA Tour,THE CJ CUP Byron Nelson,T66,PGA Tour,the Memorial Tournament presented by Workday,T19,PGA Tour,U.S. Open,CUT,Major,Travelers Championship,T58,PGA Tour,John Deere Classic,T56,0.04,-0.7
POULTER,IAN,LIV,LIV Golf,Mexico City,T27,LIV Golf,Virginia,T25,LIV Golf,Korea,T18,LIV Golf,Andalucia,4,LIV Golf,U.S. Senior Open Championship,T16,0.03,0.71
SKINNS,DAVID,PGA,PGA Tour,ONEflight Myrtle Beach Classic,T33,PGA Tour,THE CJ CUP Byron Nelson,CUT,PGA Tour,Charles Schwab Challenge,1,PGA Tour,RBC Canadian Open,T24,PGA Tour,John Deere Classic,T20,0.02,0.28
CASTILLO,RICKY,PGA,PGA Tour,Cadillac Championship,T55,PGA Tour,Truist Championship,T60,PGA Tour,PGA Championship,CUT,Major,Charles Schwab Challenge,T42,PGA Tour,RBC Canadian Open,T45,0.02,-0.33
IM,SUNGJAE,PGA,PGA Tour,Charles Schwab Challenge,CUT,PGA Tour,the Memorial Tournament presented by Workday,T32,PGA Tour,U.S. Open,T43,Major,Travelers Championship,T30,PGA Tour,John Deere Classic,T71,0.02,-0.15
ELVIRA,MANUEL,DPT,DP World Tour,Estrella Damm Catalunya Championship,T55,DP World Tour,Soudal Open,CUT,DP World Tour,Austrian Alpine Open presented by Kitzbühel Tirol,T30,DP World Tour,DS Automobiles 83° Open d’Italia,T16,DP World Tour,BMW International Open,T7,0,0.63
DAY,JASON,PGA,PGA Tour,Cadillac Championship,CUT,PGA Tour,Truist Championship,T38,PGA Tour,PGA Championship,68,Major,the Memorial Tournament presented by Workday,T55,PGA Tour,Travelers Championship,T65,0,-0.63
WARING,PAUL,DPT,DP World Tour,Turkish Airlines Open,T48,DP World Tour,Estrella Damm Catalunya Championship,CUT,DP World Tour,Soudal Open,T13,DP World Tour,KLM Open,T38,DP World Tour,BMW International Open,T30,-0.01,0.56
STEELMAN,ROSS,KFT,Korn Ferry Tour,Visit Knoxville Open,2,Korn Ferry Tour,UNC Health Championship,T10,Korn Ferry Tour,BMW Charity Pro-Am Presented by TD SYNNEX,T33,Korn Ferry Tour,OccuNet Classic presented by Amarillo National Bank,T10,Korn Ferry Tour,Memorial Health Championship presented by LRS,1,-0.01,0.77
HARRINGTON,PADRAIG,CHAMP,PGA Tour Champions,PGA Championship,2,Major,RBC Canadian Open,T18,PGA Tour,U.S. Open,CUT,Major,DICK'S Open,1,PGA Tour Champions,U.S. Senior Open Championship,CUT,-0.01,1.34
DOU,ZECHENG,PGA,PGA Tour,ONEflight Myrtle Beach Classic,T21,PGA Tour,THE CJ CUP Byron Nelson,CUT,PGA Tour,Charles Schwab Challenge,1,PGA Tour,RBC Canadian Open,T13,PGA Tour,John Deere Classic,CUT,-0.03,-0.2
ORTIZ,CARLOS,LIV,LIV Golf,Virginia,CUT,LIV Golf,Korea,T30,LIV Golf,Andalucia,T52,LIV Golf,U.S. Open,T4,Major,BMW International Open,T21,-0.03,-0.16
FISK,STEVEN,PGA,PGA Tour,PGA Championship,T67,Major,THE CJ CUP Byron Nelson,T19,PGA Tour,Charles Schwab Challenge,T10,PGA Tour,RBC Canadian Open,CUT,PGA Tour,John Deere Classic,CUT,-0.03,-0.07
MENANTE,DYLAN,KFT,Korn Ferry Tour,Visit Knoxville Open,1,Korn Ferry Tour,UNC Health Championship,T12,Korn Ferry Tour,BMW Charity Pro-Am Presented by TD SYNNEX,1,Korn Ferry Tour,OccuNet Classic presented by Amarillo National Bank,T48,Korn Ferry Tour,Memorial Health Championship presented by LRS,CUT,-0.03,0.6
MIGLIOZZI,GUIDO,DPT,DP World Tour,Estrella Damm Catalunya Championship,T35,DP World Tour,Austrian Alpine Open presented by Kitzbühel Tirol,CUT,DP World Tour,KLM Open,CUT,DP World Tour,DS Automobiles 83° Open d’Italia,CUT,DP World Tour,BMW International Open,T28,-0.04,0.63
MAZZOLI,STEFANO,DPT,DP World Tour,Soudal Open,T19,DP World Tour,Austrian Alpine Open presented by Kitzbühel Tirol,CUT,DP World Tour,KLM Open,CUT,DP World Tour,DS Automobiles 83° Open d’Italia,T23,DP World Tour,BMW International Open,T48,-0.05,0.99
SMOTHERMAN,AUSTIN,PGA,PGA Tour,Truist Championship,T19,PGA Tour,PGA Championship,CUT,Major,Charles Schwab Challenge,T42,PGA Tour,RBC Canadian Open,CUT,PGA Tour,John Deere Classic,T58,-0.05,0.04
PREMLALL,YURAV,DPT,DP World Tour,Soudal Open,T74,DP World Tour,Austrian Alpine Open presented by Kitzbühel Tirol,T30,DP World Tour,KLM Open,T40,DP World Tour,DS Automobiles 83° Open d’Italia,CUT,DP World Tour,BMW International Open,CUT,-0.05,1.57
KIM,S.H.,KOR,KPGA Korean Tour,KPGA Gyeongbuk Open,2,KPGA Korean Tour,Kolon The 68th KOREA Open,T6,ASA,The 69th KPGA Championship with A-ONE CC,T8,KPGA Korean Tour,Hana Bank Invitational,T10,KPGA Korean Tour,KPGA Gunsan CC Open,CUT,-0.05,0.12
THORBJORNSEN,MICHAEL,PGA,PGA Tour,PGA Championship,CUT,Major,THE CJ CUP Byron Nelson,CUT,PGA Tour,Charles Schwab Challenge,16,PGA Tour,RBC Canadian Open,T54,PGA Tour,John Deere Classic,CUT,-0.06,-0.68
REAVIE,CHEZ,KFT,Korn Ferry Tour,Visit Knoxville Open,T13,Korn Ferry Tour,UNC Health Championship,CUT,Korn Ferry Tour,BMW Charity Pro-Am Presented by TD SYNNEX,T33,Korn Ferry Tour,OccuNet Classic presented by Amarillo National Bank,CUT,Korn Ferry Tour,Memorial Health Championship presented by LRS,1,-0.06,0.8
NORGAARD,NIKLAS,DPT,DP World Tour,Soudal Open,T45,DP World Tour,KLM Open,CUT,DP World Tour,U.S. Open,T21,Major,DS Automobiles 83° Open d’Italia,T30,DP World Tour,BMW International Open,T43,-0.06,0.66
SHORE,DAVIS,KFT,Korn Ferry Tour,Visit Knoxville Open,CUT,Korn Ferry Tour,UNC Health Championship,T8,Korn Ferry Tour,BMW Charity Pro-Am Presented by TD SYNNEX,T34,Korn Ferry Tour,OccuNet Classic presented by Amarillo National Bank,1,Korn Ferry Tour,Memorial Health Championship presented by LRS,T21,-0.07,0.34
LEVY,ALEXANDER,DPT,DP World Tour,Estrella Damm Catalunya Championship,T48,DP World Tour,Soudal Open,T31,DP World Tour,Austrian Alpine Open presented by Kitzbühel Tirol,T24,DP World Tour,KLM Open,T50,DP World Tour,BMW International Open,T17,-0.07,0.72
HORSCHEL,BILLY,PGA,PGA Tour,THE CJ CUP Byron Nelson,CUT,PGA Tour,Charles Schwab Challenge,T42,PGA Tour,the Memorial Tournament presented by Workday,CUT,PGA Tour,RBC Canadian Open,T15,PGA Tour,U.S. Open,CUT,-0.07,0.05
GARCIA,SERGIO,LIV,LIV Golf,Virginia,CUT,LIV Golf,Korea,2,LIV Golf,Andalucia,T29,LIV Golf,International Series Morocco presented by Visit Morocco,CUT,Asian Tour,BMW International Open,4,-0.08,0
HILLIER,DANIEL,DPT,DP World Tour,Soudal Open,CUT,DP World Tour,Austrian Alpine Open presented by Kitzbühel Tirol,CUT,DP World Tour,KLM Open,T7,DP World Tour,DS Automobiles 83° Open d’Italia,T14,DP World Tour,BMW International Open,CUT,-0.08,-0.62
YOUNG,CARSON,KFT,Korn Ferry Tour,UNC Health Championship,CUT,Korn Ferry Tour,BMW Charity Pro-Am Presented by TD SYNNEX,T17,Korn Ferry Tour,OccuNet Classic presented by Amarillo National Bank,T8,Korn Ferry Tour,Memorial Health Championship presented by LRS,1,Korn Ferry Tour,John Deere Classic,T13,-0.08,0.18
WU,ASHUN,DPT,DP World Tour,Turkish Airlines Open,T66,DP World Tour,Austrian Alpine Open presented by Kitzbühel Tirol,T29,DP World Tour,KLM Open,CUT,DP World Tour,DS Automobiles 83° Open d’Italia,T7,DP World Tour,BMW International Open,T48,-0.08,0.66
LUNDIN,JACK,PTA,PGA Tour Americas,Diners Club Peru Open,4,PGA Tour Americas,KIA Open de Ecuador presentado por Diners Club,T33,PGA Tour Americas,Mexico Championship presented by Scotia Wealth Management,2,PGA Tour Americas,Inter Rapidisimo Golf Championship,T15,PGA Tour Americas,Blue Cross and Blue Shield of Kansas Wichita Open presented by Syndeo,T20,-0.08,1.03
HIGGS,HARRY,KFT,Korn Ferry Tour,UNC Health Championship,T43,Korn Ferry Tour,BMW Charity Pro-Am Presented by TD SYNNEX,CUT,Korn Ferry Tour,OccuNet Classic presented by Amarillo National Bank,T58,Korn Ferry Tour,U.S. Open,T21,Major,John Deere Classic,T14,-0.1,0.75
FIGUEIREDO,PEDRO,CHA,Challenge Tour,Danish Golf Challenge,T8,Challenge Tour,Challenge de España,T16,Challenge Tour,English Open supported by HotelPlanner,4,Challenge Tour,Blot Play9,T18,Challenge Tour,Le Vaudreuil Golf Challenge,T14,-0.11,1.1
GILBERT,JOSIAH,AM,Amateur,Ford Collegiate,3,Amateur,2026 SEC Men's Golf Championship Stroke Play,T15,Amateur,NCAA Athens Regional,T7,Amateur,NCAA DI Men's National Championship- Stroke Play,T11,Amateur,Northeast Amateur Invitational,T4,-0.13,1.01
ROZNER,ANTOINE,DPT,DP World Tour,Turkish Airlines Open,T55,DP World Tour,Estrella Damm Catalunya Championship,T29,DP World Tour,Austrian Alpine Open presented by Kitzbühel Tirol,T17,DP World Tour,KLM Open,1,DP World Tour,DS Automobiles 83° Open d’Italia,T60,-0.14,0.02
HOGE,TOM,PGA,PGA Tour,Charles Schwab Challenge,T33,PGA Tour,the Memorial Tournament presented by Workday,51,PGA Tour,RBC Canadian Open,1,PGA Tour,Travelers Championship,T71,PGA Tour,John Deere Classic,T38,-0.14,0.38
PAK,JOHN,KFT,Korn Ferry Tour,Colonial Life Charity Classic,T7,Korn Ferry Tour,Visit Knoxville Open,T69,Korn Ferry Tour,UNC Health Championship,T7,Korn Ferry Tour,BMW Charity Pro-Am Presented by TD SYNNEX,CUT,Korn Ferry Tour,Memorial Health Championship presented by LRS,1,-0.14,0.31
HITT,AUSTIN,KFT,Korn Ferry Tour,Visit Knoxville Open,1,Korn Ferry Tour,UNC Health Championship,T23,Korn Ferry Tour,BMW Charity Pro-Am Presented by TD SYNNEX,1,Korn Ferry Tour,OccuNet Classic presented by Amarillo National Bank,T19,Korn Ferry Tour,Memorial Health Championship presented by LRS,CUT,-0.14,0.59
COUSSAUD,UGO,DPT,DP World Tour,Soudal Open,CUT,DP World Tour,Austrian Alpine Open presented by Kitzbühel Tirol,CUT,DP World Tour,U.S. Open,T17,Major,DS Automobiles 83° Open d’Italia,T30,DP World Tour,BMW International Open,CUT,-0.14,-0.02
KANAYA,TAKUMI,PGA,PGA Tour,ONEflight Myrtle Beach Classic,CUT,PGA Tour,THE CJ CUP Byron Nelson,CUT,PGA Tour,Charles Schwab Challenge,T54,PGA Tour,RBC Canadian Open,T38,PGA Tour,John Deere Classic,T29,-0.15,-0.2
OLESEN,JACOB SKOV,DPT,DP World Tour,Soudal Open,T41,DP World Tour,Austrian Alpine Open presented by Kitzbühel Tirol,T2,DP World Tour,KLM Open,T26,DP World Tour,DS Automobiles 83° Open d’Italia,CUT,DP World Tour,BMW International Open,T55,-0.15,-0.1
WINTHER,JEFF,DPT,DP World Tour,Soudal Open,T6,DP World Tour,Austrian Alpine Open presented by Kitzbühel Tirol,T17,DP World Tour,KLM Open,WD,DP World Tour,DS Automobiles 83° Open d’Italia,T16,DP World Tour,BMW International Open,CUT,-0.15,0.53
KHO,TAICHI,JPN,Japan Golf Tour,Kolon The 68th KOREA Open,CUT,ASA,Gate Way To The Open Mizuno Open,T13,Japan Golf Tour,BMW Japan Golf Tour Championship Mori Building Cup,CUT,Japan Golf Tour,International Series Morocco presented by Visit Morocco,T2,Asian Tour,JAPAN PLAYERS CHAMPIONSHIP by Satosyokuhin,1,-0.16,1.03
DAFFUE,MJ,CHA,Challenge Tour,Challenge de Catalunya,T35,Challenge Tour,Soudal Open,T3,DP World Tour,Austrian Alpine Open presented by Kitzbühel Tirol,T8,DP World Tour,English Open supported by HotelPlanner,1,Challenge Tour,Blot Play9,T7,-0.17,0.87
NOH,S.Y.,KFT,Korn Ferry Tour,UNC Health Championship,CUT,Korn Ferry Tour,BMW Charity Pro-Am Presented by TD SYNNEX,T19,Korn Ferry Tour,OccuNet Classic presented by Amarillo National Bank,T33,Korn Ferry Tour,Memorial Health Championship presented by LRS,CUT,Korn Ferry Tour,John Deere Classic,T28,-0.17,0.25
LIPSKY,DAVID,PGA,PGA Tour,Truist Championship,T21,PGA Tour,PGA Championship,CUT,Major,Charles Schwab Challenge,1,PGA Tour,RBC Canadian Open,T24,PGA Tour,John Deere Classic,CUT,-0.17,-0.35
PEPPERELL,EDDIE,DPT,DP World Tour,Soudal Open,T11,DP World Tour,Austrian Alpine Open presented by Kitzbühel Tirol,T24,DP World Tour,KLM Open,CUT,DP World Tour,DS Automobiles 83° Open d’Italia,CUT,DP World Tour,BMW International Open,T60,-0.17,0.26
DUNCAN,TYLER,KFT,Korn Ferry Tour,UNC Health Championship,T13,Korn Ferry Tour,BMW Charity Pro-Am Presented by TD SYNNEX,CUT,Korn Ferry Tour,OccuNet Classic presented by Amarillo National Bank,CUT,Korn Ferry Tour,Memorial Health Championship presented by LRS,T12,Korn Ferry Tour,John Deere Classic,T28,-0.19,0.69
HARRIS,FRANKIE,AM,Amateur,Ford Collegiate,T59,Amateur,2026 SEC Men's Golf Championship Stroke Play,T3,Amateur,NCAA Columbus Regional,T7,Amateur,OccuNet Classic presented by Amarillo National Bank,T13,Korn Ferry Tour,Memorial Health Championship presented by LRS,T17,-0.19,0.77
KODAIRA,SATOSHI,JPN,Japan Golf Tour,The Crowns,T7,Japan Golf Tour,Kansai Open Golf Championship,T3,Japan Golf Tour,Japan PGA Championship Senko Group Cup,1,Japan Golf Tour,Gate Way To The Open Mizuno Open,T17,Japan Golf Tour,JAPAN PLAYERS CHAMPIONSHIP by Satosyokuhin,T4,-0.2,1.19
MCKIBBIN,TOM,LIV,LIV Golf,Virginia,T25,LIV Golf,PGA Championship,T21,Major,Korea,CUT,LIV Golf,Andalucia,T21,LIV Golf,DS Automobiles 83° Open d’Italia,T23,-0.2,-0.53
COWAN,RYDER,AM,Amateur,Ford Collegiate,1,Amateur,2026 SEC Men's Golf Championship Stroke Play,T24,Amateur,NCAA Corvallis Regional,T23,Amateur,NCAA DI Men's National Championship- Stroke Play,4,Amateur,U.S. Open,T28,-0.21,0.69
MCALLISTER,LOGAN,KFT,Korn Ferry Tour,Visit Knoxville Open,T5,Korn Ferry Tour,UNC Health Championship,CUT,Korn Ferry Tour,BMW Charity Pro-Am Presented by TD SYNNEX,2,Korn Ferry Tour,OccuNet Classic presented by Amarillo National Bank,CUT,Korn Ferry Tour,Memorial Health Championship presented by LRS,1,-0.21,0.77
PAVON,MATTHIEU,PGA,PGA Tour,ONEflight Myrtle Beach Classic,CUT,PGA Tour,THE CJ CUP Byron Nelson,T40,PGA Tour,Charles Schwab Challenge,CUT,PGA Tour,RBC Canadian Open,T20,PGA Tour,John Deere Classic,CUT,-0.21,0.04
PARRY,JOHN,PGA,PGA Tour,PGA Championship,T70,Major,THE CJ CUP Byron Nelson,T47,PGA Tour,Charles Schwab Challenge,CUT,PGA Tour,RBC Canadian Open,CUT,PGA Tour,U.S. Open,T11,-0.22,-0.65
DOCHERTY,ALISTAIR,KFT,Korn Ferry Tour,Colonial Life Charity Classic,T17,Korn Ferry Tour,Visit Knoxville Open,T16,Korn Ferry Tour,UNC Health Championship,T56,Korn Ferry Tour,BMW Charity Pro-Am Presented by TD SYNNEX,T40,Korn Ferry Tour,Memorial Health Championship presented by LRS,CUT,-0.23,0.34
HUBBARD,MARK,PGA,PGA Tour,THE CJ CUP Byron Nelson,70,PGA Tour,Charles Schwab Challenge,T31,PGA Tour,the Memorial Tournament presented by Workday,T60,PGA Tour,Travelers Championship,T46,PGA Tour,John Deere Classic,CUT,-0.24,0.05
DUMONT DE CHASSART,ADRIEN,PGA,PGA Tour,THE CJ CUP Byron Nelson,T51,PGA Tour,Charles Schwab Challenge,CUT,PGA Tour,RBC Canadian Open,1,PGA Tour,U.S. Open,CUT,Major,John Deere Classic,T53,-0.24,-0.44
PETERSON,PAUL,PGA,PGA Tour,Colonial Life Charity Classic,T67,Korn Ferry Tour,THE CJ CUP Byron Nelson,T7,PGA Tour,Charles Schwab Challenge,CUT,PGA Tour,RBC Canadian Open,CUT,PGA Tour,John Deere Classic,CUT,-0.24,0.17
SUMMY,JASE,AM,Amateur,2026 SEC Men's Golf Championship Stroke Play,T3,Amateur,NCAA Corvallis Regional,2,Amateur,NCAA DI Men's National Championship- Stroke Play,T2,Amateur,OccuNet Classic presented by Amarillo National Bank,CUT,Korn Ferry Tour,Memorial Health Championship presented by LRS,T70,-0.24,0.55
HOLLICK,MICHAEL,DPT,DP World Tour,Soudal Open,CUT,DP World Tour,Austrian Alpine Open presented by Kitzbühel Tirol,CUT,DP World Tour,KLM Open,CUT,DP World Tour,DS Automobiles 83° Open d’Italia,1,DP World Tour,BMW International Open,T28,-0.24,0.76
SHIPLEY,NEAL,PGA,PGA Tour,THE CJ CUP Byron Nelson,T65,PGA Tour,Charles Schwab Challenge,T40,PGA Tour,RBC Canadian Open,CUT,PGA Tour,U.S. Open,CUT,Major,John Deere Classic,T51,-0.24,0.09
STANGER,JIMMY,PGA,PGA Tour,THE CJ CUP Byron Nelson,CUT,PGA Tour,Charles Schwab Challenge,CUT,PGA Tour,RBC Canadian Open,CUT,PGA Tour,U.S. Open,CUT,Major,John Deere Classic,T4,-0.25,0.17
ELVIRA MIJARES,IGNACIO,DPT,DP World Tour,Soudal Open,T25,DP World Tour,Austrian Alpine Open presented by Kitzbühel Tirol,CUT,DP World Tour,KLM Open,CUT,DP World Tour,DS Automobiles 83° Open d’Italia,T16,DP World Tour,BMW International Open,T11,-0.25,0.3
JANG,YUBIN,KOR,KPGA Korean Tour,KPGA Gyeongbuk Open,T14,KPGA Korean Tour,Kolon The 68th KOREA Open,T18,ASA,The 69th KPGA Championship with A-ONE CC,1,KPGA Korean Tour,Hana Bank Invitational,T23,KPGA Korean Tour,KPGA Gunsan CC Open,1,-0.25,0.71
VAILLANT,TOM,DPT,DP World Tour,Soudal Open,T55,DP World Tour,Austrian Alpine Open presented by Kitzbühel Tirol,T13,DP World Tour,KLM Open,T26,DP World Tour,DS Automobiles 83° Open d’Italia,CUT,DP World Tour,BMW International Open,CUT,-0.25,0.02
JARVIS,CASEY,DPT,DP World Tour,Soudal Open,CUT,DP World Tour,Austrian Alpine Open presented by Kitzbühel Tirol,T22,DP World Tour,KLM Open,CUT,DP World Tour,DS Automobiles 83° Open d’Italia,1,DP World Tour,BMW International Open,T38,-0.26,-0.29
CANTER,LAURIE,LIV,LIV Golf,Mexico City,T37,LIV Golf,Virginia,T25,LIV Golf,Korea,T46,LIV Golf,Andalucia,T43,LIV Golf,U.S. Open,T12,-0.26,0.13
BUCKLEY,HAYDEN,KFT,Korn Ferry Tour,Visit Knoxville Open,T8,Korn Ferry Tour,UNC Health Championship,T29,Korn Ferry Tour,BMW Charity Pro-Am Presented by TD SYNNEX,1,Korn Ferry Tour,OccuNet Classic presented by Amarillo National Bank,T33,Korn Ferry Tour,Memorial Health Championship presented by LRS,CUT,-0.26,0.35
CROWE,TRACE,PGA,PGA Tour,ONEflight Myrtle Beach Classic,CUT,PGA Tour,THE CJ CUP Byron Nelson,T67,PGA Tour,Charles Schwab Challenge,CUT,PGA Tour,RBC Canadian Open,T39,PGA Tour,John Deere Classic,CUT,-0.27,-0.02
KOBORI,KAZUMA,DPT,DP World Tour,Soudal Open,T19,DP World Tour,Austrian Alpine Open presented by Kitzbühel Tirol,CUT,DP World Tour,KLM Open,CUT,DP World Tour,DS Automobiles 83° Open d’Italia,CUT,DP World Tour,BMW International Open,T28,-0.27,0.2
KIRK,CHRIS,PGA,PGA Tour,PGA Championship,T44,Major,THE CJ CUP Byron Nelson,T31,PGA Tour,Charles Schwab Challenge,CUT,PGA Tour,RBC Canadian Open,CUT,PGA Tour,U.S. Open,CUT,-0.27,-0.43
CLANTON,LUKE,PGA,PGA Tour,ONEflight Myrtle Beach Classic,T54,PGA Tour,THE CJ CUP Byron Nelson,T60,PGA Tour,Charles Schwab Challenge,T31,PGA Tour,RBC Canadian Open,CUT,PGA Tour,John Deere Classic,T54,-0.27,0.53
RITCHIE,JC,DPT,DP World Tour,Soudal Open,T48,DP World Tour,Austrian Alpine Open presented by Kitzbühel Tirol,CUT,DP World Tour,KLM Open,T17,DP World Tour,DS Automobiles 83° Open d’Italia,T45,DP World Tour,BMW International Open,T45,-0.28,-0.16
APHIBARNRAT,KIRADECH,DPT,DP World Tour,Soudal Open,CUT,DP World Tour,Austrian Alpine Open presented by Kitzbühel Tirol,CUT,DP World Tour,KLM Open,CUT,DP World Tour,DS Automobiles 83° Open d’Italia,T9,DP World Tour,BMW International Open,T38,-0.29,0.56
SUH,JUSTIN,KFT,Korn Ferry Tour,Visit Knoxville Open,1,Korn Ferry Tour,UNC Health Championship,T23,Korn Ferry Tour,BMW Charity Pro-Am Presented by TD SYNNEX,1,Korn Ferry Tour,OccuNet Classic presented by Amarillo National Bank,T33,Korn Ferry Tour,Memorial Health Championship presented by LRS,CUT,-0.3,0.64
BERTAGNOLE,CARSON,AM,Amateur,Tar Heel Intercollegiate,T3,Amateur,2026 ACC Men's Golf Championship - Stroke Play,7,Amateur,NCAA Bryan Regional,1,Amateur,NCAA DI Men's National Championship- Stroke Play,T5,Amateur,Northeast Amateur Invitational,T19,-0.3,0.86
SVENSSON,JESPER,PGA,PGA Tour,Zurich Classic of New Orleans,CUT,PGA Tour,Turkish Airlines Open,T65,DP World Tour,ONEflight Myrtle Beach Classic,CUT,PGA Tour,THE CJ CUP Byron Nelson,T9,PGA Tour,RBC Canadian Open,T4,-0.31,-0.15
WANG,JEUNGHUN,KOR,KPGA Korean Tour,Kolon The 68th KOREA Open,1,ASA,The 69th KPGA Championship with A-ONE CC,T3,KPGA Korean Tour,International Series Morocco presented by Visit Morocco,T5,Asian Tour,Hana Bank Invitational,T37,KPGA Korean Tour,KPGA Gunsan CC Open,T15,-0.32,0.63
AKINA,KIHEI,AM,Amateur,Big 12 Men's Golf Championship,T5,Amateur,NCAA Athens Regional,2,Amateur,NCAA DI Men's National Championship- Stroke Play,T14,Amateur,The Amateur Championship,T19,Amateur,Northeast Amateur Invitational,T8,-0.32,0.59
POTTER,LUKE,AM,Amateur,2026 SEC Men's Golf Championship Stroke Play,CUT,Amateur,NCAA Bryan Regional,T41,Amateur,NCAA DI Men's National Championship- Stroke Play,1,Amateur,OccuNet Classic presented by Amarillo National Bank,CUT,Korn Ferry Tour,Memorial Health Championship presented by LRS,T23,-0.33,0.8
GILLIGAN,IAN,KFT,Korn Ferry Tour,Visit Knoxville Open,1,Korn Ferry Tour,UNC Health Championship,CUT,Korn Ferry Tour,BMW Charity Pro-Am Presented by TD SYNNEX,1,Korn Ferry Tour,OccuNet Classic presented by Amarillo National Bank,CUT,Korn Ferry Tour,Memorial Health Championship presented by LRS,CUT,-0.34,0.17
COUVRA,MARTIN,DPT,DP World Tour,Soudal Open,T55,DP World Tour,Austrian Alpine Open presented by Kitzbühel Tirol,T24,DP World Tour,KLM Open,T35,DP World Tour,DS Automobiles 83° Open d’Italia,CUT,DP World Tour,BMW International Open,CUT,-0.35,0.14
VAN DER MERWE,GRAHAM,AFR,Sunshine Tour,FBC ZIM Open,6,Sunshine Tour,Kit Kat Cash & Carry Pro-Am,T16,Sunshine Tour,SunBet Challenge hosted by Sun Boardwalk,2,Sunshine Tour,The Mopani Zambia Open,T18,Sunshine Tour,KCM Golf Challenge,T7,-0.35,1.24
BUTLER,JOHN MARSHALL,KFT,Korn Ferry Tour,Visit Knoxville Open,T13,Korn Ferry Tour,UNC Health Championship,T3,Korn Ferry Tour,BMW Charity Pro-Am Presented by TD SYNNEX,1,Korn Ferry Tour,OccuNet Classic presented by Amarillo National Bank,CUT,Korn Ferry Tour,Memorial Health Championship presented by LRS,CUT,-0.36,0.91
VILIPS,KARL,PGA,PGA Tour,ONEflight Myrtle Beach Classic,CUT,PGA Tour,THE CJ CUP Byron Nelson,T24,PGA Tour,Charles Schwab Challenge,CUT,PGA Tour,RBC Canadian Open,T39,PGA Tour,John Deere Classic,CUT,-0.36,-0.06
FIORONI,CADEN,PTA,PGA Tour Americas,Colonial Life Charity Classic,T17,Korn Ferry Tour,KIA Open de Ecuador presentado por Diners Club,T51,PGA Tour Americas,Mexico Championship presented by Scotia Wealth Management,T5,PGA Tour Americas,Inter Rapidisimo Golf Championship,T18,PGA Tour Americas,Blue Cross and Blue Shield of Kansas Wichita Open presented by Syndeo,T15,-0.36,0.8
SVENSSON,ADAM,PGA,PGA Tour,ONEflight Myrtle Beach Classic,T60,PGA Tour,THE CJ CUP Byron Nelson,T45,PGA Tour,Charles Schwab Challenge,T54,PGA Tour,RBC Canadian Open,CUT,PGA Tour,John Deere Classic,CUT,-0.37,0.06
NYHOLM,PONTUS,PGA,PGA Tour,ONEflight Myrtle Beach Classic,CUT,PGA Tour,THE CJ CUP Byron Nelson,T31,PGA Tour,Charles Schwab Challenge,CUT,PGA Tour,RBC Canadian Open,T26,PGA Tour,John Deere Classic,CUT,-0.37,0.2
LANGASQUE,ROMAIN,DPT,DP World Tour,Estrella Damm Catalunya Championship,T11,DP World Tour,Soudal Open,T70,DP World Tour,Austrian Alpine Open presented by Kitzbühel Tirol,T53,DP World Tour,DS Automobiles 83° Open d’Italia,T16,DP World Tour,BMW International Open,T54,-0.37,0.21
VANARRAGON,CALEB,KFT,Korn Ferry Tour,Visit Knoxville Open,T47,Korn Ferry Tour,UNC Health Championship,T23,Korn Ferry Tour,BMW Charity Pro-Am Presented by TD SYNNEX,CUT,Korn Ferry Tour,OccuNet Classic presented by Amarillo National Bank,T27,Korn Ferry Tour,Memorial Health Championship presented by LRS,T26,-0.37,-0.2
OLESEN,THORBJORN,PGA,PGA Tour,Valero Texas Open,T49,PGA Tour,THE CJ CUP Byron Nelson,T62,PGA Tour,Charles Schwab Challenge,T67,PGA Tour,RBC Canadian Open,CUT,PGA Tour,John Deere Classic,CUT,-0.38,-0.68
SIMPSON,WEBB,PGA,PGA Tour,Valspar Championship,CUT,PGA Tour,Valero Texas Open,T18,PGA Tour,Truist Championship,WD,PGA Tour,Charles Schwab Challenge,CUT,PGA Tour,John Deere Classic,T48,-0.38,-0.18
DEL REY,ALEJANDRO,DPT,DP World Tour,Estrella Damm Catalunya Championship,CUT,DP World Tour,Austrian Alpine Open presented by Kitzbühel Tirol,T3,DP World Tour,KLM Open,CUT,DP World Tour,DS Automobiles 83° Open d’Italia,T16,DP World Tour,BMW International Open,CUT,-0.39,0
HIGGO,GARRICK,PGA,PGA Tour,PGA Championship,CUT,Major,THE CJ CUP Byron Nelson,CUT,PGA Tour,Charles Schwab Challenge,T19,PGA Tour,RBC Canadian Open,CUT,PGA Tour,John Deere Classic,T32,-0.39,-0.44
PENGE,MARCO,PGA,PGA Tour,Masters Tournament,T49,Major,RBC Heritage,T77,PGA Tour,Zurich Classic of New Orleans,T30,PGA Tour,PGA Championship,CUT,Major,BMW International Open,T9,-0.39,-0.92
BARRON,HAYDN,CHA,Challenge Tour,Challenge de España,1,Challenge Tour,Swiss Challenge,T21,Challenge Tour,Interwetten Open,1,Challenge Tour,English Open supported by HotelPlanner,WD,Challenge Tour,Blot Play9,T23,-0.41,0.44
GUERRIER,JULIEN,DPT,DP World Tour,Estrella Damm Catalunya Championship,1,DP World Tour,Soudal Open,CUT,DP World Tour,Austrian Alpine Open presented by Kitzbühel Tirol,T47,DP World Tour,KLM Open,T7,DP World Tour,BMW International Open,CUT,-0.41,-0.27
SMYLIE,ELVIS,LIV,LIV Golf,PGA Championship,T5,Major,Korea,T75,LIV Golf,Andalucia,T45,LIV Golf,International Series Morocco presented by Visit Morocco,T41,Asian Tour,DS Automobiles 83° Open d’Italia,41,-0.42,-0.34
MEISSNER,MITCHELL,KFT,Korn Ferry Tour,Visit Knoxville Open,1,Korn Ferry Tour,UNC Health Championship,T10,Korn Ferry Tour,BMW Charity Pro-Am Presented by TD SYNNEX,1,Korn Ferry Tour,OccuNet Classic presented by Amarillo National Bank,CUT,Korn Ferry Tour,Memorial Health Championship presented by LRS,CUT,-0.43,0.31
WILLIAMS,MASON,PTA,PGA Tour Americas,Diners Club Peru Open,1,PGA Tour Americas,KIA Open de Ecuador presentado por Diners Club,T39,PGA Tour Americas,Mexico Championship presented by Scotia Wealth Management,1,PGA Tour Americas,Inter Rapidisimo Golf Championship,3,PGA Tour Americas,Blue Cross and Blue Shield of Kansas Wichita Open presented by Syndeo,T15,-0.43,0.49
ECKROAT,AUSTIN,PGA,PGA Tour,ONEflight Myrtle Beach Classic,T19,PGA Tour,THE CJ CUP Byron Nelson,T40,PGA Tour,Charles Schwab Challenge,T67,PGA Tour,RBC Canadian Open,73,PGA Tour,John Deere Classic,T58,-0.43,-0.51
VEGAS,JHONATTAN,PGA,PGA Tour,PGA Championship,CUT,Major,THE CJ CUP Byron Nelson,T44,PGA Tour,the Memorial Tournament presented by Workday,CUT,PGA Tour,RBC Canadian Open,T51,PGA Tour,Travelers Championship,CUT,-0.44,0
JOHANNESSEN,KRISTIAN K.,CHA,Challenge Tour,Danish Golf Challenge,T3,Challenge Tour,Swiss Challenge,T28,Challenge Tour,Interwetten Open,1,Challenge Tour,English Open supported by HotelPlanner,CUT,Challenge Tour,Le Vaudreuil Golf Challenge,2,-0.44,0.23
BROWN,HAMISH,CHA,Challenge Tour,Challenge de Catalunya,2,Challenge Tour,Danish Golf Challenge,2,Challenge Tour,Swiss Challenge,1,Challenge Tour,Interwetten Open,T2,Challenge Tour,Le Vaudreuil Golf Challenge,T13,-0.45,0.6
RAMSAY,RICHIE,DPT,DP World Tour,Soudal Open,T6,DP World Tour,Austrian Alpine Open presented by Kitzbühel Tirol,CUT,DP World Tour,KLM Open,CUT,DP World Tour,DS Automobiles 83° Open d’Italia,CUT,DP World Tour,BMW International Open,CUT,-0.45,0.34
KANG,JEFFREY,PGA,PGA Tour,Zurich Classic of New Orleans,T42,PGA Tour,ONEflight Myrtle Beach Classic,T6,PGA Tour,THE CJ CUP Byron Nelson,CUT,PGA Tour,Charles Schwab Challenge,CUT,PGA Tour,John Deere Classic,T54,-0.46,0.34
MOLINARI,FRANCESCO,DPT,DP World Tour,Hero Indian Open,T32,DP World Tour,Turkish Airlines Open,T6,DP World Tour,Estrella Damm Catalunya Championship,CUT,DP World Tour,KLM Open,CUT,DP World Tour,DS Automobiles 83° Open d’Italia,CUT,-0.46,-0.11
SCHAPER,JAYDEN,DPT,DP World Tour,PGA Championship,CUT,Major,Soudal Open,CUT,DP World Tour,KLM Open,T24,DP World Tour,U.S. Open,T11,Major,BMW International Open,T59,-0.47,-1.02
CAMPILLO,JORGE,DPT,DP World Tour,Estrella Damm Catalunya Championship,T19,DP World Tour,Soudal Open,T25,DP World Tour,KLM Open,T2,DP World Tour,DS Automobiles 83° Open d’Italia,CUT,DP World Tour,BMW International Open,CUT,-0.48,-0.39
EGE,MATS,PTA,PGA Tour Americas,Diners Club Peru Open,T7,PGA Tour Americas,KIA Open de Ecuador presentado por Diners Club,T39,PGA Tour Americas,Mexico Championship presented by Scotia Wealth Management,T8,PGA Tour Americas,Inter Rapidisimo Golf Championship,1,PGA Tour Americas,Blue Cross and Blue Shield of Kansas Wichita Open presented by Syndeo,T9,-0.48,0.99
RODGERS,PATRICK,PGA,PGA Tour,PGA Championship,71,Major,THE CJ CUP Byron Nelson,T47,PGA Tour,Charles Schwab Challenge,T60,PGA Tour,the Memorial Tournament presented by Workday,CUT,PGA Tour,U.S. Open,T49,-0.48,-0.63
JORDAN,MATTHEW,DPT,DP World Tour,Soudal Open,CUT,DP World Tour,Austrian Alpine Open presented by Kitzbühel Tirol,CUT,DP World Tour,KLM Open,T40,DP World Tour,U.S. Open,T38,Major,BMW International Open,CUT,-0.48,-0.04
JUNG,CHANMIN,KOR,KPGA Korean Tour,KPGA Founders Cup,CUT,KPGA Korean Tour,KPGA Gyeongbuk Open,2,KPGA Korean Tour,Kolon The 68th KOREA Open,1,ASA,The 69th KPGA Championship with A-ONE CC,T17,KPGA Korean Tour,KPGA Gunsan CC Open,T16,-0.49,0.98
PRINSLOO,JACO,AFR,Sunshine Tour,FBC ZIM Open,T9,Sunshine Tour,Kit Kat Cash & Carry Pro-Am,T5,Sunshine Tour,SunBet Challenge hosted by Sun Boardwalk,4,Sunshine Tour,The Mopani Zambia Open,T11,Sunshine Tour,KCM Golf Challenge,T17,-0.5,0.41
RAVETTO,DAVID,DPT,DP World Tour,Soudal Open,T60,DP World Tour,Austrian Alpine Open presented by Kitzbühel Tirol,T30,DP World Tour,KLM Open,T35,DP World Tour,DS Automobiles 83° Open d’Italia,CUT,DP World Tour,BMW International Open,T14,-0.5,0.33
LAGERGREN,JOAKIM,DPT,DP World Tour,Soudal Open,4,DP World Tour,Austrian Alpine Open presented by Kitzbühel Tirol,CUT,DP World Tour,KLM Open,CUT,DP World Tour,DS Automobiles 83° Open d’Italia,CUT,DP World Tour,BMW International Open,CUT,-0.5,-0.04
SHEILS DONEGAN,NIALL,AM,Amateur,Tar Heel Intercollegiate,1,Amateur,2026 ACC Men's Golf Championship - Stroke Play,1,Amateur,NCAA DI Men's National Championship- Stroke Play,1,Amateur,The Amateur Championship,T42,Amateur,European Amateur Championship,T33,-0.51,0.76
BOLTON,BEN,AM,Amateur,Spanish Amateur Copa S M El Rey,T13,Amateur,European Nations Cup - Copa Sotogrande,T9,Amateur,Lytham Trophy,3,Amateur,The Amateur Championship,T3,Amateur,European Amateur Championship,T33,-0.51,0.41
KATSUMATA,RYO,JPN,Japan Golf Tour,Kansai Open Golf Championship,CUT,Japan Golf Tour,Japan PGA Championship Senko Group Cup,CUT,Japan Golf Tour,Gate Way To The Open Mizuno Open,1,Japan Golf Tour,BMW Japan Golf Tour Championship Mori Building Cup,T11,Japan Golf Tour,JAPAN PLAYERS CHAMPIONSHIP by Satosyokuhin,T6,-0.51,0.53
YONEZAWA,REN,JPN,Japan Golf Tour,Kansai Open Golf Championship,T25,Japan Golf Tour,Japan PGA Championship Senko Group Cup,CUT,Japan Golf Tour,Gate Way To The Open Mizuno Open,1,Japan Golf Tour,BMW Japan Golf Tour Championship Mori Building Cup,T2,Japan Golf Tour,JAPAN PLAYERS CHAMPIONSHIP by Satosyokuhin,T8,-0.51,0.17
AN,BYEONG HUN,LIV,LIV Golf,Virginia,T22,LIV Golf,Korea,T35,LIV Golf,Andalucia,T37,LIV Golf,International Series Morocco presented by Visit Morocco,CUT,Asian Tour,BMW International Open,T11,-0.52,-0.19
CHANG,PAUL,AM,Amateur,Lewis Chitengwa Memorial,T17,Amateur,2026 ACC Men's Golf Championship - Stroke Play,T1,Amateur,NCAA Winston-Salem Regional,1,Amateur,NCAA DI Men's National Championship- Stroke Play,T5,Amateur,Blue Cross and Blue Shield of Kansas Wichita Open presented by Syndeo,T61,-0.52,0.61
FRITTELLI,DYLAN,DPT,DP World Tour,Estrella Damm Catalunya Championship,T11,DP World Tour,Austrian Alpine Open presented by Kitzbühel Tirol,CUT,DP World Tour,KLM Open,CUT,DP World Tour,DS Automobiles 83° Open d’Italia,CUT,DP World Tour,John Deere Classic,T48,-0.53,0.39
BAUTISTA,AUSTIN,AFR,Sunshine Tour,The Courier Guy Playoffs : DNi Tour Championship presented by RMB,1,Sunshine Tour,Mediclinic Invitational,T7,Sunshine Tour,FBC ZIM Open,T2,Sunshine Tour,Austrian Alpine Open presented by Kitzbühel Tirol,2,DP World Tour,Le Vaudreuil Golf Challenge,CUT,-0.53,0.62
HOJGAARD,RASMUS,PGA,PGA Tour,Masters Tournament,53,Major,ONEflight Myrtle Beach Classic,T24,PGA Tour,PGA Championship,T65,Major,THE CJ CUP Byron Nelson,T62,PGA Tour,Charles Schwab Challenge,CUT,-0.53,-1.17
YUAN,CARL,KFT,Korn Ferry Tour,Visit Knoxville Open,1,Korn Ferry Tour,UNC Health Championship,T15,Korn Ferry Tour,BMW Charity Pro-Am Presented by TD SYNNEX,T12,Korn Ferry Tour,U.S. Open,T48,Major,Memorial Health Championship presented by LRS,1,-0.53,0.43
KINHULT,MARCUS,DPT,DP World Tour,Estrella Damm Catalunya Championship,T71,DP World Tour,Soudal Open,T54,DP World Tour,Austrian Alpine Open presented by Kitzbühel Tirol,T2,DP World Tour,KLM Open,T48,DP World Tour,DS Automobiles 83° Open d’Italia,CUT,-0.53,0.48
BROWN,DAN,PGA,PGA Tour,PGA Championship,CUT,Major,THE CJ CUP Byron Nelson,T75,PGA Tour,Charles Schwab Challenge,T47,PGA Tour,RBC Canadian Open,CUT,PGA Tour,BMW International Open,CUT,-0.54,-0.72
POWER,SEAMUS,PGA,PGA Tour,ONEflight Myrtle Beach Classic,CUT,PGA Tour,THE CJ CUP Byron Nelson,T60,PGA Tour,Charles Schwab Challenge,T19,PGA Tour,RBC Canadian Open,WD,PGA Tour,John Deere Classic,T54,-0.54,-0.57
DE LEO,GREGORIO,DPT,DP World Tour,Soudal Open,CUT,DP World Tour,Austrian Alpine Open presented by Kitzbühel Tirol,T8,DP World Tour,KLM Open,T4,DP World Tour,DS Automobiles 83° Open d’Italia,T61,DP World Tour,BMW International Open,CUT,-0.55,0.01
CANTERO GUTIERREZ,IVAN,DPT,DP World Tour,Soudal Open,CUT,DP World Tour,Austrian Alpine Open presented by Kitzbühel Tirol,T53,DP World Tour,KLM Open,T26,DP World Tour,DS Automobiles 83° Open d’Italia,CUT,DP World Tour,BMW International Open,CUT,-0.55,0.94
LENG,JAY,AM,Amateur,79th Western Intercollegiate,2,Amateur,2026 ACC Men's Golf Championship - Stroke Play,T7,Amateur,NCAA Columbus Regional,1,Amateur,NCAA DI Men's National Championship- Stroke Play,T11,Amateur,Northeast Amateur Invitational,T49,-0.55,1
JUNG,HANMIL,KOR,KPGA Korean Tour,KPGA Gyeongbuk Open,1,KPGA Korean Tour,Kolon The 68th KOREA Open,T23,ASA,The 69th KPGA Championship with A-ONE CC,1,KPGA Korean Tour,Hana Bank Invitational,T49,KPGA Korean Tour,KPGA Gunsan CC Open,T31,-0.55,1.33
BERGSTROM,ALBIN,DPT,DP World Tour,Soudal Open,T11,DP World Tour,Austrian Alpine Open presented by Kitzbühel Tirol,T13,DP World Tour,KLM Open,56,DP World Tour,DS Automobiles 83° Open d’Italia,CUT,DP World Tour,BMW International Open,CUT,-0.55,0.89
GLOVER,LUCAS,PGA,PGA Tour,Charles Schwab Challenge,T3,PGA Tour,the Memorial Tournament presented by Workday,T46,PGA Tour,RBC Canadian Open,1,PGA Tour,Travelers Championship,T71,PGA Tour,John Deere Classic,T66,-0.55,-0.49
WHALEY,VINCE,PGA,PGA Tour,ONEflight Myrtle Beach Classic,CUT,PGA Tour,THE CJ CUP Byron Nelson,CUT,PGA Tour,Charles Schwab Challenge,1,PGA Tour,RBC Canadian Open,CUT,PGA Tour,John Deere Classic,T65,-0.56,-0.65
LEE,SANG-HEE,KOR,KPGA Korean Tour,Gate Way To The Open Mizuno Open,2,Japan Golf Tour,The 69th KPGA Championship with A-ONE CC,T58,KPGA Korean Tour,Hana Bank Invitational,1,KPGA Korean Tour,KPGA Gunsan CC Open,T3,KPGA Korean Tour,JAPAN PLAYERS CHAMPIONSHIP by Satosyokuhin,T5,-0.56,0.94
DU PLESSIS,HENNIE,DPT,DP World Tour,Soudal Open,CUT,DP World Tour,Austrian Alpine Open presented by Kitzbühel Tirol,T63,DP World Tour,KLM Open,T40,DP World Tour,U.S. Open,1,Major,BMW International Open,2,-0.56,-0.93
MERRITT,TROY,KFT,Korn Ferry Tour,THE CJ CUP Byron Nelson,T5,PGA Tour,UNC Health Championship,T54,Korn Ferry Tour,BMW Charity Pro-Am Presented by TD SYNNEX,T48,Korn Ferry Tour,Memorial Health Championship presented by LRS,T21,Korn Ferry Tour,John Deere Classic,CUT,-0.56,0.46
ATKINS,MATT,KFT,Korn Ferry Tour,Visit Knoxville Open,1,Korn Ferry Tour,UNC Health Championship,T15,Korn Ferry Tour,BMW Charity Pro-Am Presented by TD SYNNEX,T7,Korn Ferry Tour,OccuNet Classic presented by Amarillo National Bank,T27,Korn Ferry Tour,Memorial Health Championship presented by LRS,CUT,-0.56,0.27
PENG,BO,CHN,China Tour,Volvo China Open,T18,DP World Tour,Straits Cup Xiamen Open,T13,China Tour,HONGYUNLANG·Nanjing Open,1,China Tour,Shanghai Open,T2,China Tour,Bangkok Classic,1,-0.57,1.55
SADDIER,ADRIEN,PGA,PGA Tour,PGA Championship,CUT,Major,THE CJ CUP Byron Nelson,CUT,PGA Tour,Charles Schwab Challenge,T40,PGA Tour,U.S. Open,CUT,Major,DS Automobiles 83° Open d’Italia,T42,-0.57,-0.3
CLEMENTS,TODD,DPT,DP World Tour,Soudal Open,T11,DP World Tour,Austrian Alpine Open presented by Kitzbühel Tirol,CUT,DP World Tour,KLM Open,CUT,DP World Tour,DS Automobiles 83° Open d’Italia,T38,DP World Tour,BMW International Open,CUT,-0.59,-0.2
THOMAS,RAYHAN,KFT,Korn Ferry Tour,Visit Knoxville Open,1,Korn Ferry Tour,UNC Health Championship,T39,Korn Ferry Tour,BMW Charity Pro-Am Presented by TD SYNNEX,T3,Korn Ferry Tour,OccuNet Classic presented by Amarillo National Bank,CUT,Korn Ferry Tour,Memorial Health Championship presented by LRS,1,-0.59,0.59
STREELMAN,KEVIN,PGA,PGA Tour,Zurich Classic of New Orleans,T42,PGA Tour,ONEflight Myrtle Beach Classic,CUT,PGA Tour,THE CJ CUP Byron Nelson,CUT,PGA Tour,Charles Schwab Challenge,CUT,PGA Tour,John Deere Classic,CUT,-0.6,0.26
HALVORSEN,ANDREAS,DPT,DP World Tour,Estrella Damm Catalunya Championship,T32,DP World Tour,Soudal Open,T31,DP World Tour,Austrian Alpine Open presented by Kitzbühel Tirol,T41,DP World Tour,KLM Open,WD,DP World Tour,DS Automobiles 83° Open d’Italia,T59,-0.6,0.12
FUJIMOTO,YOSHINORI,JPN,Japan Golf Tour,Kansai Open Golf Championship,T13,Japan Golf Tour,Japan PGA Championship Senko Group Cup,1,Japan Golf Tour,Gate Way To The Open Mizuno Open,1,Japan Golf Tour,BMW Japan Golf Tour Championship Mori Building Cup,T34,Japan Golf Tour,JAPAN PLAYERS CHAMPIONSHIP by Satosyokuhin,T42,-0.6,0.51
ROBINSON THOMPSON,BRANDON,DPT,DP World Tour,Soudal Open,CUT,DP World Tour,Austrian Alpine Open presented by Kitzbühel Tirol,CUT,DP World Tour,KLM Open,T40,DP World Tour,DS Automobiles 83° Open d’Italia,CUT,DP World Tour,BMW International Open,T21,-0.6,-0.04
JAEGER,STEPHAN,PGA,PGA Tour,PGA Championship,T15,Major,THE CJ CUP Byron Nelson,T9,PGA Tour,Charles Schwab Challenge,1,PGA Tour,RBC Canadian Open,T18,PGA Tour,John Deere Classic,CUT,-0.6,-0.61
MUNOZ,SEBASTIAN,LIV,LIV Golf,Mexico City,T27,LIV Golf,Virginia,T25,LIV Golf,Korea,T30,LIV Golf,Andalucia,T61,LIV Golf,BMW International Open,T23,-0.61,-0.75
SAVOIE,JOEY,PTA,PGA Tour Americas,94 Abierto del Centro Zurich presentado por Personal,CUT,PGA Tour Americas,Diners Club Peru Open,T27,PGA Tour Americas,KIA Open de Ecuador presentado por Diners Club,1,PGA Tour Americas,RBC Canadian Open,1,PGA Tour,Blue Cross and Blue Shield of Kansas Wichita Open presented by Syndeo,T67,-0.61,1.24
GOOSEN,RETIEF,CHAMP,PGA Tour Champions,Regions Tradition,T5,PGA Tour Champions,Insperity Invitational,19,PGA Tour Champions,Principal Charity Classic,1,PGA Tour Champions,DICK'S Open,T2,PGA Tour Champions,U.S. Senior Open Championship,T18,-0.61,0.61
LAHIRI,ANIRBAN,LIV,LIV Golf,Mexico City,10,LIV Golf,Virginia,T46,LIV Golf,Korea,T44,LIV Golf,Andalucia,CUT,LIV Golf,International Series Morocco presented by Visit Morocco,T41,-0.61,0.15
SATO,TAIHEI,JPN,Japan Golf Tour,Japan PGA Championship Senko Group Cup,T7,Japan Golf Tour,Gate Way To The Open Mizuno Open,T38,Japan Golf Tour,BMW Japan Golf Tour Championship Mori Building Cup,CUT,Japan Golf Tour,U.S. Open,5,Major,JAPAN PLAYERS CHAMPIONSHIP by Satosyokuhin,1,-0.61,0.34
SOLOMON,JACOB,KFT,Korn Ferry Tour,Visit Knoxville Open,T25,Korn Ferry Tour,UNC Health Championship,T58,Korn Ferry Tour,BMW Charity Pro-Am Presented by TD SYNNEX,1,Korn Ferry Tour,OccuNet Classic presented by Amarillo National Bank,CUT,Korn Ferry Tour,Memorial Health Championship presented by LRS,CUT,-0.62,0.82
CELLI,FILIPPO,DPT,DP World Tour,Austrian Alpine Open presented by Kitzbühel Tirol,CUT,DP World Tour,KLM Open,T17,DP World Tour,U.S. Open,WD,Major,DS Automobiles 83° Open d’Italia,T30,DP World Tour,BMW International Open,CUT,-0.62,0.63
GOMEZ,FABIAN,KFT,Korn Ferry Tour,THE CJ CUP Byron Nelson,T21,PGA Tour,UNC Health Championship,T47,Korn Ferry Tour,BMW Charity Pro-Am Presented by TD SYNNEX,CUT,Korn Ferry Tour,OccuNet Classic presented by Amarillo National Bank,T74,Korn Ferry Tour,John Deere Classic,T3,-0.62,0.19
VRZICH,JOEY,PTA,PGA Tour Americas,94 Abierto del Centro Zurich presentado por Personal,T7,PGA Tour Americas,Diners Club Peru Open,T27,PGA Tour Americas,Mexico Championship presented by Scotia Wealth Management,1,PGA Tour Americas,Inter Rapidisimo Golf Championship,T29,PGA Tour Americas,Blue Cross and Blue Shield of Kansas Wichita Open presented by Syndeo,T7,-0.62,0.7
ZHOU,YANHAN,DPT,DP World Tour,Soudal Open,CUT,DP World Tour,Austrian Alpine Open presented by Kitzbühel Tirol,T41,DP World Tour,KLM Open,T12,DP World Tour,DS Automobiles 83° Open d’Italia,CUT,DP World Tour,BMW International Open,9,-0.62,-0.04
PARATORE,RENATO,DPT,DP World Tour,Soudal Open,CUT,DP World Tour,Austrian Alpine Open presented by Kitzbühel Tirol,T30,DP World Tour,KLM Open,T47,DP World Tour,DS Automobiles 83° Open d’Italia,T13,DP World Tour,BMW International Open,T60,-0.65,0.68
HADWIN,ADAM,KFT,Korn Ferry Tour,THE CJ CUP Byron Nelson,CUT,PGA Tour,BMW Charity Pro-Am Presented by TD SYNNEX,CUT,Korn Ferry Tour,RBC Canadian Open,T7,PGA Tour,Memorial Health Championship presented by LRS,CUT,Korn Ferry Tour,John Deere Classic,T40,-0.65,-0.01
HIDALGO PORTILLO,ANGEL,DPT,DP World Tour,Austrian Alpine Open presented by Kitzbühel Tirol,T19,DP World Tour,KLM Open,CUT,DP World Tour,U.S. Open,T21,Major,DS Automobiles 83° Open d’Italia,CUT,DP World Tour,BMW International Open,T53,-0.65,0.62
WIEDEMEYER,TIM,AM,Amateur,Mountaineer Invitational at Pete Dye,1,Amateur,Big 12 Men's Golf Championship,T15,Amateur,NCAA Corvallis Regional,1,Amateur,The Amateur Championship,T5,Amateur,European Amateur Championship,T65,-0.65,0.34
PHILLIPS,CHANDLER,PGA,PGA Tour,THE CJ CUP Byron Nelson,CUT,PGA Tour,Charles Schwab Challenge,CUT,PGA Tour,RBC Canadian Open,CUT,PGA Tour,U.S. Open,T15,Major,John Deere Classic,T15,-0.65,-0.21
DA COSTA RODRIGUES,DANIEL,DPT,DP World Tour,Soudal Open,T6,DP World Tour,Austrian Alpine Open presented by Kitzbühel Tirol,CUT,DP World Tour,KLM Open,CUT,DP World Tour,DS Automobiles 83° Open d’Italia,CUT,DP World Tour,BMW International Open,CUT,-0.65,0.02
VAN TONDER,DANIEL,DPT,DP World Tour,Turkish Airlines Open,T25,DP World Tour,Estrella Damm Catalunya Championship,CUT,DP World Tour,SunBet Challenge hosted by Sun Boardwalk,CUT,Sunshine Tour,DS Automobiles 83° Open d’Italia,T38,DP World Tour,BMW International Open,T2,-0.66,0.3
WESTMORELAND,KYLE,KFT,Korn Ferry Tour,Visit Knoxville Open,1,Korn Ferry Tour,UNC Health Championship,T39,Korn Ferry Tour,BMW Charity Pro-Am Presented by TD SYNNEX,T54,Korn Ferry Tour,OccuNet Classic presented by Amarillo National Bank,CUT,Korn Ferry Tour,Memorial Health Championship presented by LRS,1,-0.67,0.63
SCRIVENER,JASON,DPT,DP World Tour,Soudal Open,CUT,DP World Tour,Austrian Alpine Open presented by Kitzbühel Tirol,T30,DP World Tour,KLM Open,CUT,DP World Tour,DS Automobiles 83° Open d’Italia,CUT,DP World Tour,BMW International Open,T58,-0.67,0.06
RUSSELL,MILES,AM,Amateur,Terra Cotta Invitational,T39,Amateur,Team TaylorMade Invitational,T12,Amateur,UNC Health Championship,T4,Korn Ferry Tour,U.S. Open,T5,Major,Northeast Amateur Invitational,CUT,-0.67,-0.36
CANNON,WILL,KFT,Korn Ferry Tour,Visit Knoxville Open,T3,Korn Ferry Tour,UNC Health Championship,T29,Korn Ferry Tour,BMW Charity Pro-Am Presented by TD SYNNEX,T33,Korn Ferry Tour,OccuNet Classic presented by Amarillo National Bank,1,Korn Ferry Tour,Memorial Health Championship presented by LRS,1,-0.67,0.21
MALNATI,PETER,PGA,PGA Tour,Zurich Classic of New Orleans,CUT,PGA Tour,ONEflight Myrtle Beach Classic,CUT,PGA Tour,THE CJ CUP Byron Nelson,T53,PGA Tour,RBC Canadian Open,T58,PGA Tour,John Deere Classic,T19,-0.67,0.01
BLANCHET,CHANDLER,PGA,PGA Tour,PGA Championship,T67,Major,THE CJ CUP Byron Nelson,T44,PGA Tour,Charles Schwab Challenge,CUT,PGA Tour,RBC Canadian Open,CUT,PGA Tour,John Deere Classic,T42,-0.68,-0.72
BAE,YONGJUN,KOR,KPGA Korean Tour,KPGA Gyeongbuk Open,1,KPGA Korean Tour,THE CJ CUP Byron Nelson,T18,PGA Tour,The 69th KPGA Championship with A-ONE CC,T62,KPGA Korean Tour,Hana Bank Invitational,T16,KPGA Korean Tour,KPGA Gunsan CC Open,T3,-0.68,0.35
DOUGHERTY,KEVIN,KFT,Korn Ferry Tour,Colonial Life Charity Classic,T15,Korn Ferry Tour,Visit Knoxville Open,CUT,Korn Ferry Tour,BMW Charity Pro-Am Presented by TD SYNNEX,1,Korn Ferry Tour,OccuNet Classic presented by Amarillo National Bank,T10,Korn Ferry Tour,Memorial Health Championship presented by LRS,CUT,-0.68,0.04
FRANCOEUR,CHRIS,KFT,Korn Ferry Tour,Visit Knoxville Open,1,Korn Ferry Tour,UNC Health Championship,T29,Korn Ferry Tour,BMW Charity Pro-Am Presented by TD SYNNEX,T48,Korn Ferry Tour,OccuNet Classic presented by Amarillo National Bank,T33,Korn Ferry Tour,Memorial Health Championship presented by LRS,1,-0.68,0.26
CABRERA BELLO,RAFA,DPT,DP World Tour,Soudal Open,CUT,DP World Tour,Austrian Alpine Open presented by Kitzbühel Tirol,CUT,DP World Tour,KLM Open,T4,DP World Tour,DS Automobiles 83° Open d’Italia,CUT,DP World Tour,BMW International Open,T66,-0.69,-0.24
TRACE,TRAVIS,KFT,Korn Ferry Tour,Visit Knoxville Open,1,Korn Ferry Tour,UNC Health Championship,T15,Korn Ferry Tour,BMW Charity Pro-Am Presented by TD SYNNEX,1,Korn Ferry Tour,OccuNet Classic presented by Amarillo National Bank,CUT,Korn Ferry Tour,Memorial Health Championship presented by LRS,CUT,-0.7,0.15
NAGANO,RYUTARO,JPN,Japan Golf Tour,Kansai Open Golf Championship,1,Japan Golf Tour,Japan PGA Championship Senko Group Cup,T14,Japan Golf Tour,Gate Way To The Open Mizuno Open,1,Japan Golf Tour,BMW Japan Golf Tour Championship Mori Building Cup,T2,Japan Golf Tour,JAPAN PLAYERS CHAMPIONSHIP by Satosyokuhin,T42,-0.7,0.22
FLAVIN,PATRICK,PTA,PGA Tour Americas,Diners Club Peru Open,CUT,PGA Tour Americas,KIA Open de Ecuador presentado por Diners Club,2,PGA Tour Americas,Mexico Championship presented by Scotia Wealth Management,T8,PGA Tour Americas,Inter Rapidisimo Golf Championship,1,PGA Tour Americas,Blue Cross and Blue Shield of Kansas Wichita Open presented by Syndeo,T48,-0.7,0.71
EASTERBROOK,SAM,AM,Amateur,Big Ten Men's Golf Championships,T20,Amateur,NCAA Corvallis Regional,T9,Amateur,NCAA DI Men's National Championship- Stroke Play,1,Amateur,The Amateur Championship,T16,Amateur,European Amateur Championship,T5,-0.71,1.34
GALLETTI,NICOLO,KFT,Korn Ferry Tour,Visit Knoxville Open,T6,Korn Ferry Tour,UNC Health Championship,CUT,Korn Ferry Tour,BMW Charity Pro-Am Presented by TD SYNNEX,1,Korn Ferry Tour,OccuNet Classic presented by Amarillo National Bank,T45,Korn Ferry Tour,Memorial Health Championship presented by LRS,CUT,-0.71,-0.27
SIMONSEN,MARTIN,CHA,Challenge Tour,Sand Valley Spring Series Championship,1,undefined,Big Green Egg Blekinge Open,T6,undefined,Danish Golf Challenge,T6,Challenge Tour,Interwetten Open,1,Challenge Tour,Le Vaudreuil Golf Challenge,CUT,-0.71,0.88
HUMPHREY,THEO,KFT,Korn Ferry Tour,Visit Knoxville Open,1,Korn Ferry Tour,UNC Health Championship,T6,Korn Ferry Tour,BMW Charity Pro-Am Presented by TD SYNNEX,T54,Korn Ferry Tour,OccuNet Classic presented by Amarillo National Bank,T45,Korn Ferry Tour,Memorial Health Championship presented by LRS,1,-0.71,0.63
WOLCOTT,HUNTER,KFT,Korn Ferry Tour,Diners Club Peru Open,T30,PGA Tour Americas,Visit Knoxville Open,T20,Korn Ferry Tour,UNC Health Championship,T8,Korn Ferry Tour,Inter Rapidisimo Golf Championship,66,PGA Tour Americas,Memorial Health Championship presented by LRS,CUT,-0.71,1.16
ANDERSEN,MASON,KFT,Korn Ferry Tour,Colonial Life Charity Classic,1,Korn Ferry Tour,Visit Knoxville Open,T47,Korn Ferry Tour,UNC Health Championship,1,Korn Ferry Tour,BMW Charity Pro-Am Presented by TD SYNNEX,T13,Korn Ferry Tour,Memorial Health Championship presented by LRS,CUT,-0.71,-0.13
MOLDOVAN,MAXWELL,KFT,Korn Ferry Tour,Visit Knoxville Open,1,Korn Ferry Tour,UNC Health Championship,T52,Korn Ferry Tour,BMW Charity Pro-Am Presented by TD SYNNEX,T17,Korn Ferry Tour,OccuNet Classic presented by Amarillo National Bank,T55,Korn Ferry Tour,Memorial Health Championship presented by LRS,1,-0.72,0.52
LAMB,RICK,KFT,Korn Ferry Tour,Colonial Life Charity Classic,1,Korn Ferry Tour,Visit Knoxville Open,T51,Korn Ferry Tour,UNC Health Championship,T19,Korn Ferry Tour,OccuNet Classic presented by Amarillo National Bank,T53,Korn Ferry Tour,Memorial Health Championship presented by LRS,1,-0.72,0.14
GOODMAN,DREW,PTA,PGA Tour Americas,Diners Club Peru Open,T17,PGA Tour Americas,KIA Open de Ecuador presentado por Diners Club,CUT,PGA Tour Americas,Mexico Championship presented by Scotia Wealth Management,1,PGA Tour Americas,Inter Rapidisimo Golf Championship,T32,PGA Tour Americas,Blue Cross and Blue Shield of Kansas Wichita Open presented by Syndeo,T20,-0.73,0.56
FISHER,ROSS,DPT,DP World Tour,Soudal Open,69,DP World Tour,Austrian Alpine Open presented by Kitzbühel Tirol,73,DP World Tour,KLM Open,T57,DP World Tour,DS Automobiles 83° Open d’Italia,T23,DP World Tour,BMW International Open,T21,-0.74,0.45
BRADBURY,DAN,DPT,DP World Tour,Turkish Airlines Open,T41,DP World Tour,Estrella Damm Catalunya Championship,CUT,DP World Tour,KLM Open,T6,DP World Tour,DS Automobiles 83° Open d’Italia,1,DP World Tour,BMW International Open,CUT,-0.74,-0.49
GREYSERMAN,DEAN,AM,Amateur,79th Western Intercollegiate,1,Amateur,2026 ACC Men's Golf Championship - Stroke Play,T1,Amateur,NCAA Columbus Regional,1,Amateur,NCAA DI Men's National Championship- Stroke Play,T36,Amateur,Northeast Amateur Invitational,T6,-0.75,1.28
GIBOUDOT,MAXENCE,CHA,Challenge Tour,Challenge de España,T16,Challenge Tour,Interwetten Open,T50,Challenge Tour,English Open supported by HotelPlanner,1,Challenge Tour,Blot Play9,CUT,Challenge Tour,Le Vaudreuil Golf Challenge,T4,-0.75,0.9
CATLIN,JOHN,CHA,Challenge Tour,Austrian Alpine Open presented by Kitzbühel Tirol,T14,DP World Tour,Swiss Challenge,CUT,Challenge Tour,International Series Morocco presented by Visit Morocco,1,Asian Tour,English Open supported by HotelPlanner,T31,Challenge Tour,Blot Play9,1,-0.75,0.57
TANKERSLEY,CAMERON,AM,Amateur,Mossy Oak Collegiate,1,Amateur,2026 SEC Men's Golf Championship Stroke Play,T7,Amateur,NCAA Winston-Salem Regional,1,Amateur,NCAA DI Men's National Championship- Stroke Play,2,Amateur,Blue Cross and Blue Shield of Kansas Wichita Open presented by Syndeo,T42,-0.75,0.55
SIMPSON,SAMUEL,AFR,Sunshine Tour,FBC ZIM Open,1,Sunshine Tour,Kit Kat Cash & Carry Pro-Am,T5,Sunshine Tour,SunBet Challenge hosted by Sun Boardwalk,1,Sunshine Tour,The Mopani Zambia Open,T36,Sunshine Tour,KCM Golf Challenge,T5,-0.75,0.84
ELS,ERNIE,CHAMP,PGA Tour Champions,Regions Tradition,T11,PGA Tour Champions,Insperity Invitational,T8,PGA Tour Champions,Trophy Hassan II,2,PGA Tour Champions,Principal Charity Classic,T4,PGA Tour Champions,U.S. Senior Open Championship,T12,-0.75,0.28
SPRINGER,HAYDEN,PGA,PGA Tour,ONEflight Myrtle Beach Classic,CUT,PGA Tour,THE CJ CUP Byron Nelson,T24,PGA Tour,Charles Schwab Challenge,CUT,PGA Tour,RBC Canadian Open,T58,PGA Tour,John Deere Classic,CUT,-0.76,-0.41
HOSHINO,RIKUYA,DPT,DP World Tour,Soudal Open,CUT,DP World Tour,Austrian Alpine Open presented by Kitzbühel Tirol,T53,DP World Tour,KLM Open,T26,DP World Tour,DS Automobiles 83° Open d’Italia,CUT,DP World Tour,BMW International Open,T58,-0.76,0.26
CHOI,SAM,KFT,Korn Ferry Tour,Visit Knoxville Open,T19,Korn Ferry Tour,UNC Health Championship,CUT,Korn Ferry Tour,BMW Charity Pro-Am Presented by TD SYNNEX,T60,Korn Ferry Tour,OccuNet Classic presented by Amarillo National Bank,CUT,Korn Ferry Tour,Memorial Health Championship presented by LRS,1,-0.76,0.76
BALLESTER,JOSE LUIS,LIV,LIV Golf,Soudal Open,CUT,DP World Tour,Korea,CUT,LIV Golf,Andalucia,T34,LIV Golf,DS Automobiles 83° Open d’Italia,CUT,DP World Tour,BMW International Open,55,-0.76,-0.95
TRINGALE,CAMERON,LIV,LIV Golf,Mexico City,T45,LIV Golf,Virginia,T10,LIV Golf,Korea,T46,LIV Golf,Andalucia,30,LIV Golf,International Series Morocco presented by Visit Morocco,T34,-0.77,-0.21
KAYMER,MARTIN,LIV,LIV Golf,Virginia,T24,LIV Golf,PGA Championship,T39,Major,Korea,T35,LIV Golf,Andalucia,CUT,LIV Golf,BMW International Open,T45,-0.77,0.11
HIGA,KAZUKI,JPN,Japan Golf Tour,PGA Championship,T7,Major,Japan PGA Championship Senko Group Cup,T70,Japan Golf Tour,Gate Way To The Open Mizuno Open,CUT,Japan Golf Tour,BMW Japan Golf Tour Championship Mori Building Cup,T4,Japan Golf Tour,JAPAN PLAYERS CHAMPIONSHIP by Satosyokuhin,1,-0.77,-0.02
SONG,YOUNGHAN,LIV,LIV Golf,Japan PGA Championship Senko Group Cup,T10,Japan Golf Tour,Korea,T2,LIV Golf,Andalucia,T12,LIV Golf,International Series Morocco presented by Visit Morocco,CUT,Asian Tour,JAPAN PLAYERS CHAMPIONSHIP by Satosyokuhin,T42,-0.78,-0.05
WARREN,MARC,CHA,Challenge Tour,Austrian Alpine Open presented by Kitzbühel Tirol,1,DP World Tour,Swiss Challenge,T54,Challenge Tour,English Open supported by HotelPlanner,T2,Challenge Tour,Blot Play9,T23,Challenge Tour,Le Vaudreuil Golf Challenge,WD,-0.78,0.53
LEDESMA,NELSON,PTA,PGA Tour Americas,Diners Club Peru Open,T17,PGA Tour Americas,Visit Knoxville Open,T48,Korn Ferry Tour,BMW Charity Pro-Am Presented by TD SYNNEX,WD,Korn Ferry Tour,OccuNet Classic presented by Amarillo National Bank,CUT,Korn Ferry Tour,Blue Cross and Blue Shield of Kansas Wichita Open presented by Syndeo,T47,-0.78,0.55
SCHOTT,FREDDY,DPT,DP World Tour,Estrella Damm Catalunya Championship,CUT,DP World Tour,Soudal Open,CUT,DP World Tour,Austrian Alpine Open presented by Kitzbühel Tirol,CUT,DP World Tour,DS Automobiles 83° Open d’Italia,T16,DP World Tour,BMW International Open,CUT,-0.78,0.11
DOYLE,DREW,PTA,PGA Tour Americas,Diners Club Peru Open,T27,PGA Tour Americas,KIA Open de Ecuador presentado por Diners Club,T48,PGA Tour Americas,Mexico Championship presented by Scotia Wealth Management,T29,PGA Tour Americas,Inter Rapidisimo Golf Championship,1,PGA Tour Americas,Blue Cross and Blue Shield of Kansas Wichita Open presented by Syndeo,T49,-0.78,1.14
ROSENMUELLER,THOMAS,KFT,Korn Ferry Tour,UNC Health Championship,T19,Korn Ferry Tour,BMW Charity Pro-Am Presented by TD SYNNEX,CUT,Korn Ferry Tour,OccuNet Classic presented by Amarillo National Bank,66,Korn Ferry Tour,Memorial Health Championship presented by LRS,6,Korn Ferry Tour,BMW International Open,CUT,-0.78,-0.3
NICHOLAS,JAMES,KFT,Korn Ferry Tour,UNC Health Championship,T65,Korn Ferry Tour,BMW Charity Pro-Am Presented by TD SYNNEX,CUT,Korn Ferry Tour,OccuNet Classic presented by Amarillo National Bank,CUT,Korn Ferry Tour,U.S. Open,CUT,Major,Memorial Health Championship presented by LRS,T28,-0.78,0.01
HACK,JHARED,CHA,Challenge Tour,Swiss Challenge,1,Challenge Tour,Interwetten Open,T21,Challenge Tour,English Open supported by HotelPlanner,1,Challenge Tour,Blot Play9,T5,Challenge Tour,Le Vaudreuil Golf Challenge,T14,-0.79,0.07
PHILLIPS,TRENT,KFT,Korn Ferry Tour,Visit Knoxville Open,1,Korn Ferry Tour,UNC Health Championship,T56,Korn Ferry Tour,BMW Charity Pro-Am Presented by TD SYNNEX,T26,Korn Ferry Tour,OccuNet Classic presented by Amarillo National Bank,CUT,Korn Ferry Tour,Memorial Health Championship presented by LRS,1,-0.79,-0.47
HIRATA,KENSEI,PGA,PGA Tour,ONEflight Myrtle Beach Classic,T71,PGA Tour,THE CJ CUP Byron Nelson,T65,PGA Tour,Charles Schwab Challenge,T19,PGA Tour,RBC Canadian Open,CUT,PGA Tour,John Deere Classic,CUT,-0.79,0.21
VENTURA,KRIS,PGA,PGA Tour,ONEflight Myrtle Beach Classic,CUT,PGA Tour,THE CJ CUP Byron Nelson,CUT,PGA Tour,Charles Schwab Challenge,CUT,PGA Tour,RBC Canadian Open,CUT,PGA Tour,John Deere Classic,CUT,-0.79,-0.77
BRAMLETT,JOSEPH,KFT,Korn Ferry Tour,Visit Knoxville Open,1,Korn Ferry Tour,UNC Health Championship,T39,Korn Ferry Tour,BMW Charity Pro-Am Presented by TD SYNNEX,1,Korn Ferry Tour,OccuNet Classic presented by Amarillo National Bank,CUT,Korn Ferry Tour,Memorial Health Championship presented by LRS,CUT,-0.8,-0.16
LEE,HYUNGJOON,KOR,KPGA Korean Tour,KPGA Gyeongbuk Open,1,KPGA Korean Tour,Kolon The 68th KOREA Open,T23,ASA,The 69th KPGA Championship with A-ONE CC,1,KPGA Korean Tour,Hana Bank Invitational,T23,KPGA Korean Tour,KPGA Gunsan CC Open,T3,-0.8,1.12
RICHIE,DAIN,AM,Amateur,Mossy Oak Collegiate,T4,Amateur,2026 SEC Men's Golf Championship Stroke Play,T1,Amateur,NCAA Winston-Salem Regional,T8,Amateur,NCAA DI Men's National Championship- Stroke Play,1,Amateur,Tennessee State Amateur,T85,-0.81,2.04
LACROIX,FREDERIC,DPT,DP World Tour,Turkish Airlines Open,T11,DP World Tour,Soudal Open,T53,DP World Tour,KLM Open,CUT,DP World Tour,DS Automobiles 83° Open d’Italia,T23,DP World Tour,BMW International Open,70,-0.82,-0.3
DANTORP,JENS,DPT,DP World Tour,Estrella Damm Catalunya Championship,T38,DP World Tour,Soudal Open,CUT,DP World Tour,Austrian Alpine Open presented by Kitzbühel Tirol,T30,DP World Tour,KLM Open,T55,DP World Tour,DS Automobiles 83° Open d’Italia,CUT,-0.82,0.31
GOFF,ALEX,CHA,Challenge Tour,Danish Golf Challenge,1,Challenge Tour,Challenge de España,T28,Challenge Tour,Swiss Challenge,T9,Challenge Tour,Interwetten Open,1,Challenge Tour,English Open supported by HotelPlanner,T13,-0.82,0.41
NEWCOMB,PATRICK,PTA,PGA Tour Americas,Diners Club Peru Open,1,PGA Tour Americas,KIA Open de Ecuador presentado por Diners Club,T33,PGA Tour Americas,Mexico Championship presented by Scotia Wealth Management,CUT,PGA Tour Americas,Inter Rapidisimo Golf Championship,T49,PGA Tour Americas,Blue Cross and Blue Shield of Kansas Wichita Open presented by Syndeo,T2,-0.82,0.03
KOZUMA,JINICHIRO,JPN,Japan Golf Tour,Japan PGA Championship Senko Group Cup,T19,Japan Golf Tour,Gate Way To The Open Mizuno Open,T15,Japan Golf Tour,BMW Japan Golf Tour Championship Mori Building Cup,WD,Japan Golf Tour,International Series Morocco presented by Visit Morocco,1,Asian Tour,JAPAN PLAYERS CHAMPIONSHIP by Satosyokuhin,T14,-0.83,0.49
SUGIURA,YUTA,KFT,Korn Ferry Tour,Visit Knoxville Open,1,Korn Ferry Tour,UNC Health Championship,T39,Korn Ferry Tour,BMW Charity Pro-Am Presented by TD SYNNEX,T62,Korn Ferry Tour,OccuNet Classic presented by Amarillo National Bank,T60,Korn Ferry Tour,Memorial Health Championship presented by LRS,1,-0.83,0.07
GOMEZ,GERARDO,AM,Amateur,Mountaineer Invitational at Pete Dye,T11,Amateur,2026 SEC Men's Golf Championship Stroke Play,4,Amateur,NCAA Corvallis Regional,1,Amateur,NCAA DI Men's National Championship- Stroke Play,T18,Amateur,Northeast Amateur Invitational,84,-0.84,1.16
TOWNSEND,HUGO,DPT,DP World Tour,Soudal Open,CUT,DP World Tour,Austrian Alpine Open presented by Kitzbühel Tirol,CUT,DP World Tour,KLM Open,T47,DP World Tour,DS Automobiles 83° Open d’Italia,T13,DP World Tour,BMW International Open,CUT,-0.85,0.08
STONE,BRANDON,DPT,DP World Tour,Soudal Open,CUT,DP World Tour,Austrian Alpine Open presented by Kitzbühel Tirol,CUT,DP World Tour,KLM Open,T47,DP World Tour,DS Automobiles 83° Open d’Italia,CUT,DP World Tour,BMW International Open,T48,-0.85,-0.16
ADAM,CAMERON,DPT,DP World Tour,Soudal Open,T60,DP World Tour,Austrian Alpine Open presented by Kitzbühel Tirol,T41,DP World Tour,KLM Open,T47,DP World Tour,DS Automobiles 83° Open d’Italia,CUT,DP World Tour,BMW International Open,T38,-0.85,0.37
SLOAN,ROGER,KFT,Korn Ferry Tour,Visit Knoxville Open,T25,Korn Ferry Tour,UNC Health Championship,T58,Korn Ferry Tour,BMW Charity Pro-Am Presented by TD SYNNEX,1,Korn Ferry Tour,RBC Canadian Open,CUT,PGA Tour,Memorial Health Championship presented by LRS,CUT,-0.85,-0.11
SILVERMAN,BEN,PGA,PGA Tour,ONEflight Myrtle Beach Classic,CUT,PGA Tour,THE CJ CUP Byron Nelson,CUT,PGA Tour,RBC Canadian Open,17,PGA Tour,U.S. Open,CUT,Major,John Deere Classic,T54,-0.86,-0.23
WALLIN,ADAM,CHA,Challenge Tour,Danish Golf Challenge,T8,Challenge Tour,Swiss Challenge,T3,Challenge Tour,Interwetten Open,6,Challenge Tour,Blot Play9,1,Challenge Tour,Le Vaudreuil Golf Challenge,CUT,-0.86,0.24
LEBIODA,HANK,PGA,PGA Tour,ONEflight Myrtle Beach Classic,CUT,PGA Tour,THE CJ CUP Byron Nelson,74,PGA Tour,Charles Schwab Challenge,T62,PGA Tour,RBC Canadian Open,CUT,PGA Tour,John Deere Classic,CUT,-0.87,-0.34
ROZO,MARCELO,PGA,PGA Tour,THE CJ CUP Byron Nelson,CUT,PGA Tour,Charles Schwab Challenge,CUT,PGA Tour,RBC Canadian Open,CUT,PGA Tour,U.S. Open,CUT,Major,John Deere Classic,CUT,-0.87,0.34
COTTAM,KYLE,PTA,PGA Tour Americas,Diners Club Peru Open,1,PGA Tour Americas,KIA Open de Ecuador presentado por Diners Club,CUT,PGA Tour Americas,BMW Charity Pro-Am Presented by TD SYNNEX,CUT,Korn Ferry Tour,OccuNet Classic presented by Amarillo National Bank,1,Korn Ferry Tour,Blue Cross and Blue Shield of Kansas Wichita Open presented by Syndeo,T17,-0.87,-0.05
LI,HAOTONG,PGA,PGA Tour,PGA Championship,T35,Major,THE CJ CUP Byron Nelson,CUT,PGA Tour,Charles Schwab Challenge,CUT,PGA Tour,RBC Canadian Open,T60,PGA Tour,John Deere Classic,CUT,-0.87,-0.99
RAMEY,CHAD,PGA,PGA Tour,ONEflight Myrtle Beach Classic,CUT,PGA Tour,THE CJ CUP Byron Nelson,CUT,PGA Tour,Charles Schwab Challenge,T59,PGA Tour,RBC Canadian Open,CUT,PGA Tour,John Deere Classic,CUT,-0.88,-0.81
SHEEHAN,PATRICK,PTA,PGA Tour Americas,Diners Club Peru Open,T5,PGA Tour Americas,KIA Open de Ecuador presentado por Diners Club,CUT,PGA Tour Americas,Mexico Championship presented by Scotia Wealth Management,1,PGA Tour Americas,Inter Rapidisimo Golf Championship,T59,PGA Tour Americas,Blue Cross and Blue Shield of Kansas Wichita Open presented by Syndeo,T20,-0.88,0.71
SODERBERG,SEBASTIAN,DPT,DP World Tour,Turkish Airlines Open,T3,DP World Tour,Estrella Damm Catalunya Championship,60,DP World Tour,Austrian Alpine Open presented by Kitzbühel Tirol,CUT,DP World Tour,KLM Open,CUT,DP World Tour,DS Automobiles 83° Open d’Italia,CUT,-0.88,0.16
LEWIS,RILEY,PTA,PGA Tour Americas,Diners Club Peru Open,CUT,PGA Tour Americas,KIA Open de Ecuador presentado por Diners Club,T24,PGA Tour Americas,Mexico Championship presented by Scotia Wealth Management,DQ,PGA Tour Americas,Inter Rapidisimo Golf Championship,2,PGA Tour Americas,Blue Cross and Blue Shield of Kansas Wichita Open presented by Syndeo,1,-0.88,0.04
FISCHER,ZACK,KFT,Korn Ferry Tour,Colonial Life Charity Classic,1,Korn Ferry Tour,Visit Knoxville Open,T73,Korn Ferry Tour,UNC Health Championship,T7,Korn Ferry Tour,OccuNet Classic presented by Amarillo National Bank,CUT,Korn Ferry Tour,Memorial Health Championship presented by LRS,1,-0.89,0.39
CARD III,JAY,KFT,Korn Ferry Tour,Visit Knoxville Open,1,Korn Ferry Tour,UNC Health Championship,CUT,Korn Ferry Tour,BMW Charity Pro-Am Presented by TD SYNNEX,T17,Korn Ferry Tour,OccuNet Classic presented by Amarillo National Bank,T48,Korn Ferry Tour,Memorial Health Championship presented by LRS,1,-0.89,0.06
PETTIT,TURK,KFT,Korn Ferry Tour,Visit Knoxville Open,T5,Korn Ferry Tour,UNC Health Championship,CUT,Korn Ferry Tour,BMW Charity Pro-Am Presented by TD SYNNEX,1,Korn Ferry Tour,OccuNet Classic presented by Amarillo National Bank,CUT,Korn Ferry Tour,Memorial Health Championship presented by LRS,CUT,-0.89,0.35
LAMB,DAVIS,KFT,Korn Ferry Tour,Visit Knoxville Open,T25,Korn Ferry Tour,UNC Health Championship,CUT,Korn Ferry Tour,BMW Charity Pro-Am Presented by TD SYNNEX,1,Korn Ferry Tour,OccuNet Classic presented by Amarillo National Bank,CUT,Korn Ferry Tour,Memorial Health Championship presented by LRS,CUT,-0.89,-0.32
ROMANO,ANDREA,ALP,Alps Tour Golf,Gösser Open,1,Alps Tour Golf,Lacanau Alps Open,T2,Alps Tour Golf,Open de Roissy PGA France,T48,Alps Tour Golf,Interwetten Open,1,Challenge Tour,DS Automobiles 83° Open d’Italia,T7,-0.9,1.07
CELIA,RICARDO,KFT,Korn Ferry Tour,Visit Knoxville Open,1,Korn Ferry Tour,UNC Health Championship,CUT,Korn Ferry Tour,BMW Charity Pro-Am Presented by TD SYNNEX,T26,Korn Ferry Tour,OccuNet Classic presented by Amarillo National Bank,CUT,Korn Ferry Tour,Memorial Health Championship presented by LRS,1,-0.9,0.65
SURRATT,CALEB,LIV,LIV Golf,Virginia,49,LIV Golf,Soudal Open,T12,DP World Tour,Korea,T70,LIV Golf,Andalucia,T63,LIV Golf,U.S. Open,T45,-0.9,-0.67
VON DELLINGSHAUSEN,NICOLAI,DPT,DP World Tour,Soudal Open,10,DP World Tour,Austrian Alpine Open presented by Kitzbühel Tirol,T70,DP World Tour,KLM Open,CUT,DP World Tour,DS Automobiles 83° Open d’Italia,T23,DP World Tour,BMW International Open,T66,-0.9,0.28
MUN,DOYEOB,KOR,KPGA Korean Tour,Korea,1,LIV Golf,Andalucia,T23,LIV Golf,International Series Morocco presented by Visit Morocco,T42,Asian Tour,Hana Bank Invitational,T31,KPGA Korean Tour,KPGA Gunsan CC Open,T15,-0.9,-0.08
STRAKA,SEPP,PGA,PGA Tour,PGA Championship,CUT,Major,Austrian Alpine Open presented by Kitzbühel Tirol,T12,DP World Tour,the Memorial Tournament presented by Workday,T40,PGA Tour,U.S. Open,CUT,Major,Travelers Championship,72,-0.91,-1.48
KATSURAGAWA,YUTO,DPT,DP World Tour,Soudal Open,CUT,DP World Tour,Austrian Alpine Open presented by Kitzbühel Tirol,T59,DP World Tour,KLM Open,T26,DP World Tour,DS Automobiles 83° Open d’Italia,CUT,DP World Tour,BMW International Open,T32,-0.91,0.16
LEE,SOOMIN,KOR,KPGA Korean Tour,KPGA Gyeongbuk Open,CUT,KPGA Korean Tour,Kolon The 68th KOREA Open,T23,ASA,The 69th KPGA Championship with A-ONE CC,CUT,KPGA Korean Tour,Hana Bank Invitational,T16,KPGA Korean Tour,KPGA Gunsan CC Open,1,-0.92,0.77
DAHMEN,JOEL,PGA,PGA Tour,ONEflight Myrtle Beach Classic,CUT,PGA Tour,THE CJ CUP Byron Nelson,CUT,PGA Tour,Charles Schwab Challenge,CUT,PGA Tour,RBC Canadian Open,T46,PGA Tour,John Deere Classic,T42,-0.93,-0.72
GRINBERG,LEV,AM,Amateur,European Nations Cup - Copa Sotogrande,T6,Amateur,Soudal Open,T10,DP World Tour,St Andrews Links Trophy,T74,Amateur,The Amateur Championship,1,Amateur,European Amateur Championship,T182,-0.94,0.75
HARTMAN,WILL,AM,Amateur,Mossy Oak Collegiate,1,Amateur,2026 SEC Men's Golf Championship Stroke Play,T18,Amateur,NCAA Athens Regional,T1,Amateur,NCAA DI Men's National Championship- Stroke Play,1,Amateur,Northeast Amateur Invitational,T4,-0.94,1.66
JACOBSON,FREDDIE,CHAMP,PGA Tour Champions,Regions Tradition,T14,PGA Tour Champions,Insperity Invitational,T8,PGA Tour Champions,Trophy Hassan II,T9,PGA Tour Champions,DICK'S Open,1,PGA Tour Champions,U.S. Senior Open Championship,T5,-0.94,0.77
KOZAN,ANDREW,KFT,Korn Ferry Tour,Visit Knoxville Open,T6,Korn Ferry Tour,UNC Health Championship,CUT,Korn Ferry Tour,BMW Charity Pro-Am Presented by TD SYNNEX,1,Korn Ferry Tour,OccuNet Classic presented by Amarillo National Bank,T48,Korn Ferry Tour,Memorial Health Championship presented by LRS,CUT,-0.95,0.43
LAPORTA,FRANCESCO,DPT,DP World Tour,Turkish Airlines Open,T40,DP World Tour,Estrella Damm Catalunya Championship,CUT,DP World Tour,Soudal Open,CUT,DP World Tour,Austrian Alpine Open presented by Kitzbühel Tirol,CUT,DP World Tour,DS Automobiles 83° Open d’Italia,T17,-0.95,-0.7
BAKER,ELIOT,AM,Amateur,Lytham Trophy,T9,Amateur,English Men's Open Amateur Stroke Play Championship (Brabazon Trophy),T46,Amateur,St Andrews Links Trophy,2,Amateur,The Amateur Championship,T27,Amateur,European Amateur Championship,T33,-0.95,0.24
GABRELCIK,NICK,KFT,Korn Ferry Tour,Visit Knoxville Open,1,Korn Ferry Tour,UNC Health Championship,CUT,Korn Ferry Tour,BMW Charity Pro-Am Presented by TD SYNNEX,1,Korn Ferry Tour,OccuNet Classic presented by Amarillo National Bank,T13,Korn Ferry Tour,Memorial Health Championship presented by LRS,CUT,-0.95,-0.04
VILLEGAS,CAMILO,PGA,PGA Tour,ONEflight Myrtle Beach Classic,CUT,PGA Tour,THE CJ CUP Byron Nelson,T45,PGA Tour,Charles Schwab Challenge,T40,PGA Tour,RBC Canadian Open,T65,PGA Tour,John Deere Classic,CUT,-0.95,0.06
GARCIA,JORGE,KFT,Korn Ferry Tour,Visit Knoxville Open,T25,Korn Ferry Tour,UNC Health Championship,CUT,Korn Ferry Tour,BMW Charity Pro-Am Presented by TD SYNNEX,1,Korn Ferry Tour,OccuNet Classic presented by Amarillo National Bank,CUT,Korn Ferry Tour,Memorial Health Championship presented by LRS,CUT,-0.95,0.72
MCNEILL,GEORGE,CHAMP,PGA Tour Champions,Regions Tradition,3,PGA Tour Champions,Trophy Hassan II,T20,PGA Tour Champions,Principal Charity Classic,T6,PGA Tour Champions,DICK'S Open,1,PGA Tour Champions,U.S. Senior Open Championship,T20,-0.96,0.57
TURNER,JACK,AM,Amateur,Calusa Cup,1,Amateur,2026 SEC Men's Golf Championship Stroke Play,T4,Amateur,NCAA Columbus Regional,10,Amateur,NCAA DI Men's National Championship- Stroke Play,1,Amateur,The Amateur Championship,T14,-0.96,0.11
ENEFER,WILL,CHA,Challenge Tour,Challenge de España,T14,Challenge Tour,Swiss Challenge,T31,Challenge Tour,Interwetten Open,1,Challenge Tour,English Open supported by HotelPlanner,CUT,Challenge Tour,Le Vaudreuil Golf Challenge,T18,-0.96,0.32
FORREST,GRANT,DPT,DP World Tour,Estrella Damm Catalunya Championship,CUT,DP World Tour,Soudal Open,CUT,DP World Tour,Austrian Alpine Open presented by Kitzbühel Tirol,CUT,DP World Tour,KLM Open,CUT,DP World Tour,DS Automobiles 83° Open d’Italia,T12,-0.97,-0.78
HALE JR,BLAINE,KFT,Korn Ferry Tour,Visit Knoxville Open,1,Korn Ferry Tour,UNC Health Championship,T39,Korn Ferry Tour,BMW Charity Pro-Am Presented by TD SYNNEX,1,Korn Ferry Tour,OccuNet Classic presented by Amarillo National Bank,CUT,Korn Ferry Tour,Memorial Health Championship presented by LRS,CUT,-0.98,0.6
LEWTON,STEVE,ASA,Asian Tour,The 45th GS Caltex Maekyung Open,T19,ASA,Taiwan Glass Taifong Open,T19,ASA,Kolon The 68th KOREA Open,1,ASA,am green IGPL Bharath Classic,T55,Asian Tour,International Series Morocco presented by Visit Morocco,T11,-0.98,0.75
IDERIHA,TAICHIRO,JPN,Japan Golf Tour,Kansai Open Golf Championship,CUT,Japan Golf Tour,Japan PGA Championship Senko Group Cup,T36,Japan Golf Tour,Gate Way To The Open Mizuno Open,1,Japan Golf Tour,BMW Japan Golf Tour Championship Mori Building Cup,T11,Japan Golf Tour,JAPAN PLAYERS CHAMPIONSHIP by Satosyokuhin,T6,-0.98,0.65
SMYTH,TRAV,LIV,LIV Golf,Singapore Open presented by The Business Times,T45,Asian Tour,PGA Championship,CUT,Major,Korea,CUT,LIV Golf,Andalucia,T19,LIV Golf,International Series Morocco presented by Visit Morocco,T8,-0.99,-0.28
IWATA,HIROSHI,JPN,Japan Golf Tour,Kansai Open Golf Championship,WD,Japan Golf Tour,Japan PGA Championship Senko Group Cup,T17,Japan Golf Tour,Gate Way To The Open Mizuno Open,CUT,Japan Golf Tour,BMW Japan Golf Tour Championship Mori Building Cup,1,Japan Golf Tour,JAPAN PLAYERS CHAMPIONSHIP by Satosyokuhin,1,-0.99,0.49
STERNE,RICHARD,DPT,DP World Tour,Turkish Airlines Open,T47,DP World Tour,Estrella Damm Catalunya Championship,CUT,DP World Tour,Soudal Open,CUT,DP World Tour,Austrian Alpine Open presented by Kitzbühel Tirol,T11,DP World Tour,KLM Open,1,-1,-0.5
DING,WENYI,DPT,DP World Tour,Soudal Open,T35,DP World Tour,Austrian Alpine Open presented by Kitzbühel Tirol,T17,DP World Tour,KLM Open,T57,DP World Tour,DS Automobiles 83° Open d’Italia,CUT,DP World Tour,BMW International Open,CUT,-1,-0.78
NESBITT,DREW,KFT,Korn Ferry Tour,Colonial Life Charity Classic,1,Korn Ferry Tour,Visit Knoxville Open,CUT,Korn Ferry Tour,UNC Health Championship,1,Korn Ferry Tour,RBC Canadian Open,1,PGA Tour,Memorial Health Championship presented by LRS,CUT,-1,0.31
CHOI,SEUNGBIN,KOR,KPGA Korean Tour,KPGA Founders Cup,T22,KPGA Korean Tour,KPGA Gyeongbuk Open,T46,KPGA Korean Tour,The 69th KPGA Championship with A-ONE CC,T3,KPGA Korean Tour,Hana Bank Invitational,T19,KPGA Korean Tour,KPGA Gunsan CC Open,T16,-1,0.02
OTAEGUI,ADRIAN,DPT,DP World Tour,Soudal Open,CUT,DP World Tour,Austrian Alpine Open presented by Kitzbühel Tirol,CUT,DP World Tour,KLM Open,CUT,DP World Tour,DS Automobiles 83° Open d’Italia,CUT,DP World Tour,BMW International Open,CUT,-1,-0.18
WILKES,TYLER,KFT,Korn Ferry Tour,Diners Club Peru Open,T23,PGA Tour Americas,Visit Knoxville Open,59,Korn Ferry Tour,UNC Health Championship,T3,Korn Ferry Tour,BMW Charity Pro-Am Presented by TD SYNNEX,63,Korn Ferry Tour,Memorial Health Championship presented by LRS,1,-1,0.63
PEACOCK,JAKE,KFT,Korn Ferry Tour,Visit Knoxville Open,1,Korn Ferry Tour,BMW Charity Pro-Am Presented by TD SYNNEX,T29,Korn Ferry Tour,OccuNet Classic presented by Amarillo National Bank,T31,Korn Ferry Tour,U.S. Open,1,Major,Blue Cross and Blue Shield of Kansas Wichita Open presented by Syndeo,CUT,-1.02,0.71
MANASSERO,MATTEO,DPT,DP World Tour,Soudal Open,CUT,DP World Tour,Austrian Alpine Open presented by Kitzbühel Tirol,T53,DP World Tour,KLM Open,CUT,DP World Tour,DS Automobiles 83° Open d’Italia,66,DP World Tour,BMW International Open,T32,-1.02,-0.21
RILEY,DAVIS,PGA,PGA Tour,PGA Championship,CUT,Major,THE CJ CUP Byron Nelson,CUT,PGA Tour,Charles Schwab Challenge,CUT,PGA Tour,RBC Canadian Open,T65,PGA Tour,John Deere Classic,T71,-1.03,0.23
VAN DRIEL,DARIUS,DPT,DP World Tour,Soudal Open,T66,DP World Tour,Austrian Alpine Open presented by Kitzbühel Tirol,T13,DP World Tour,KLM Open,T40,DP World Tour,DS Automobiles 83° Open d’Italia,65,DP World Tour,BMW International Open,CUT,-1.03,-0.29
CROCKER,SEAN,DPT,DP World Tour,Soudal Open,T35,DP World Tour,Austrian Alpine Open presented by Kitzbühel Tirol,T41,DP World Tour,KLM Open,T63,DP World Tour,DS Automobiles 83° Open d’Italia,CUT,DP World Tour,BMW International Open,CUT,-1.03,0.09
CREEL,JOSHUA,KFT,Korn Ferry Tour,Visit Knoxville Open,T10,Korn Ferry Tour,UNC Health Championship,CUT,Korn Ferry Tour,BMW Charity Pro-Am Presented by TD SYNNEX,1,Korn Ferry Tour,OccuNet Classic presented by Amarillo National Bank,CUT,Korn Ferry Tour,Memorial Health Championship presented by LRS,CUT,-1.04,0.71
SUMMERHAYS,PRESTON,KFT,Korn Ferry Tour,Colonial Life Charity Classic,1,Korn Ferry Tour,UNC Health Championship,CUT,Korn Ferry Tour,BMW Charity Pro-Am Presented by TD SYNNEX,T7,Korn Ferry Tour,OccuNet Classic presented by Amarillo National Bank,CUT,Korn Ferry Tour,Memorial Health Championship presented by LRS,1,-1.04,0.93
JAMIESON,SCOTT,DPT,DP World Tour,Soudal Open,T70,DP World Tour,Austrian Alpine Open presented by Kitzbühel Tirol,T63,DP World Tour,KLM Open,CUT,DP World Tour,DS Automobiles 83° Open d’Italia,T38,DP World Tour,BMW International Open,T21,-1.06,0.24
KOCHER,DAVID,KFT,Korn Ferry Tour,Visit Knoxville Open,T19,Korn Ferry Tour,UNC Health Championship,CUT,Korn Ferry Tour,BMW Charity Pro-Am Presented by TD SYNNEX,1,Korn Ferry Tour,OccuNet Classic presented by Amarillo National Bank,CUT,Korn Ferry Tour,Memorial Health Championship presented by LRS,CUT,-1.06,0.43
LAIRD,MARTIN,KFT,Korn Ferry Tour,Colonial Life Charity Classic,CUT,Korn Ferry Tour,THE CJ CUP Byron Nelson,T47,PGA Tour,UNC Health Championship,CUT,Korn Ferry Tour,Memorial Health Championship presented by LRS,CUT,Korn Ferry Tour,John Deere Classic,T48,-1.06,0.01
WALKER,EUAN,DPT,DP World Tour,Soudal Open,T45,DP World Tour,Austrian Alpine Open presented by Kitzbühel Tirol,T30,DP World Tour,KLM Open,CUT,DP World Tour,DS Automobiles 83° Open d’Italia,CUT,DP World Tour,BMW International Open,CUT,-1.06,0.29
LUITEN,JOOST,DPT,DP World Tour,Soudal Open,CUT,DP World Tour,Austrian Alpine Open presented by Kitzbühel Tirol,T74,DP World Tour,KLM Open,T7,DP World Tour,DS Automobiles 83° Open d’Italia,CUT,DP World Tour,BMW International Open,T60,-1.06,-0.64
GARCIA-HEREDIA,ALFREDO,DPT,DP World Tour,Estrella Damm Catalunya Championship,WD,DP World Tour,Challenge de Catalunya,T25,Challenge Tour,Austrian Alpine Open presented by Kitzbühel Tirol,CUT,DP World Tour,English Open supported by HotelPlanner,T50,Challenge Tour,BMW International Open,T26,-1.06,0.29
CHATFIELD,DAVIS,PGA,PGA Tour,ONEflight Myrtle Beach Classic,CUT,PGA Tour,THE CJ CUP Byron Nelson,CUT,PGA Tour,Charles Schwab Challenge,CUT,PGA Tour,RBC Canadian Open,T33,PGA Tour,John Deere Classic,CUT,-1.07,-0.47
BLAUM,RYAN,KFT,Korn Ferry Tour,Visit Knoxville Open,1,Korn Ferry Tour,UNC Health Championship,CUT,Korn Ferry Tour,BMW Charity Pro-Am Presented by TD SYNNEX,T40,Korn Ferry Tour,OccuNet Classic presented by Amarillo National Bank,CUT,Korn Ferry Tour,Memorial Health Championship presented by LRS,1,-1.07,0.31
ROY,KEVIN,PGA,PGA Tour,THE CJ CUP Byron Nelson,CUT,PGA Tour,Charles Schwab Challenge,CUT,PGA Tour,RBC Canadian Open,T74,PGA Tour,U.S. Open,CUT,Major,John Deere Classic,T71,-1.09,-0.97
KRUYSWIJK,JACQUES,DPT,DP World Tour,Volvo China Open,T70,DP World Tour,Turkish Airlines Open,T33,DP World Tour,Estrella Damm Catalunya Championship,CUT,DP World Tour,DS Automobiles 83° Open d’Italia,CUT,DP World Tour,BMW International Open,T59,-1.1,-0.32
GUTSCHEWSKI,LUKE,KFT,Korn Ferry Tour,UNC Health Championship,1,Korn Ferry Tour,BMW Charity Pro-Am Presented by TD SYNNEX,T30,Korn Ferry Tour,OccuNet Classic presented by Amarillo National Bank,1,Korn Ferry Tour,Memorial Health Championship presented by LRS,T51,Korn Ferry Tour,John Deere Classic,CUT,-1.1,-0.26
SCHMIDT,BEN,DPT,DP World Tour,Soudal Open,CUT,DP World Tour,Austrian Alpine Open presented by Kitzbühel Tirol,T8,DP World Tour,KLM Open,CUT,DP World Tour,DS Automobiles 83° Open d’Italia,T61,DP World Tour,BMW International Open,CUT,-1.11,-0.4
KNOWLES,PHILIP,KFT,Korn Ferry Tour,Visit Knoxville Open,T47,Korn Ferry Tour,UNC Health Championship,CUT,Korn Ferry Tour,BMW Charity Pro-Am Presented by TD SYNNEX,T25,Korn Ferry Tour,OccuNet Classic presented by Amarillo National Bank,CUT,Korn Ferry Tour,Memorial Health Championship presented by LRS,CUT,-1.12,0.71
DICKSON,TAYLOR,KFT,Korn Ferry Tour,Visit Knoxville Open,1,Korn Ferry Tour,UNC Health Championship,T46,Korn Ferry Tour,BMW Charity Pro-Am Presented by TD SYNNEX,T3,Korn Ferry Tour,OccuNet Classic presented by Amarillo National Bank,T27,Korn Ferry Tour,Memorial Health Championship presented by LRS,1,-1.13,0.19
CAMPBELL,BRIAN,PGA,PGA Tour,Charles Schwab Challenge,T47,PGA Tour,the Memorial Tournament presented by Workday,CUT,PGA Tour,RBC Canadian Open,CUT,PGA Tour,Travelers Championship,CUT,PGA Tour,John Deere Classic,CUT,-1.13,-0.21
KORTE,CHRIS,KFT,Korn Ferry Tour,Club Car Championship at The Landings Golf & Athletic Club,1,Korn Ferry Tour,UNC Health Championship,WD,Korn Ferry Tour,BMW Charity Pro-Am Presented by TD SYNNEX,1,Korn Ferry Tour,OccuNet Classic presented by Amarillo National Bank,CUT,Korn Ferry Tour,Memorial Health Championship presented by LRS,CUT,-1.13,-0.06
WU,BRANDON,KFT,Korn Ferry Tour,Visit Knoxville Open,T19,Korn Ferry Tour,UNC Health Championship,CUT,Korn Ferry Tour,BMW Charity Pro-Am Presented by TD SYNNEX,T48,Korn Ferry Tour,U.S. Open,CUT,Major,Memorial Health Championship presented by LRS,1,-1.15,0.51
LEE,JUNGHWAN,DPT,DP World Tour,Kolon The 68th KOREA Open,CUT,ASA,Austrian Alpine Open presented by Kitzbühel Tirol,T10,DP World Tour,Hana Bank Invitational,CUT,KPGA Korean Tour,DS Automobiles 83° Open d’Italia,CUT,DP World Tour,BMW International Open,T47,-1.15,0.1
HRUBY,PETR,KFT,Korn Ferry Tour,Visit Knoxville Open,CUT,Korn Ferry Tour,UNC Health Championship,CUT,Korn Ferry Tour,BMW Charity Pro-Am Presented by TD SYNNEX,T48,Korn Ferry Tour,OccuNet Classic presented by Amarillo National Bank,1,Korn Ferry Tour,Blue Cross and Blue Shield of Kansas Wichita Open presented by Syndeo,1,-1.17,-0.29
MERONK,ADRIAN,LIV,LIV Golf,Virginia,52,LIV Golf,Soudal Open,T21,DP World Tour,Korea,CUT,LIV Golf,Andalucia,T57,LIV Golf,BMW International Open,T29,-1.17,-0.31
SULLIVAN,ANDY,DPT,DP World Tour,PGA Championship,T25,Major,Soudal Open,CUT,DP World Tour,KLM Open,T47,DP World Tour,DS Automobiles 83° Open d’Italia,T45,DP World Tour,BMW International Open,CUT,-1.17,-0.93
UIHLEIN,PETER,LIV,LIV Golf,Singapore Open presented by The Business Times,T31,Asian Tour,Virginia,T17,LIV Golf,Korea,54,LIV Golf,Andalucia,T56,LIV Golf,U.S. Open,T52,-1.18,-0.69
WILLETT,DANNY,PGA,PGA Tour,THE CJ CUP Byron Nelson,CUT,PGA Tour,KLM Open,70,DP World Tour,RBC Canadian Open,T7,PGA Tour,DS Automobiles 83° Open d’Italia,WD,DP World Tour,BMW International Open,CUT,-1.18,0.14
SHELTON,ROBBY,KFT,Korn Ferry Tour,Visit Knoxville Open,T13,Korn Ferry Tour,UNC Health Championship,T29,Korn Ferry Tour,BMW Charity Pro-Am Presented by TD SYNNEX,1,Korn Ferry Tour,OccuNet Classic presented by Amarillo National Bank,T7,Korn Ferry Tour,Memorial Health Championship presented by LRS,CUT,-1.19,-0.17
HARDY,NICK,PGA,PGA Tour,Colonial Life Charity Classic,CUT,Korn Ferry Tour,THE CJ CUP Byron Nelson,T36,PGA Tour,Charles Schwab Challenge,CUT,PGA Tour,U.S. Open,CUT,Major,John Deere Classic,CUT,-1.19,-0.16
HAMMER,COLE,KFT,Korn Ferry Tour,Visit Knoxville Open,1,Korn Ferry Tour,UNC Health Championship,T66,Korn Ferry Tour,BMW Charity Pro-Am Presented by TD SYNNEX,T26,Korn Ferry Tour,U.S. Open,CUT,Major,Memorial Health Championship presented by LRS,1,-1.19,-0.6
PAUL,JEREMY,KFT,Korn Ferry Tour,UNC Health Championship,T55,Korn Ferry Tour,BMW Charity Pro-Am Presented by TD SYNNEX,T3,Korn Ferry Tour,RBC Canadian Open,T48,PGA Tour,Memorial Health Championship presented by LRS,CUT,Korn Ferry Tour,John Deere Classic,74,-1.19,-0.08
LAW,DAVID,DPT,DP World Tour,Soudal Open,T48,DP World Tour,Austrian Alpine Open presented by Kitzbühel Tirol,CUT,DP World Tour,KLM Open,CUT,DP World Tour,DS Automobiles 83° Open d’Italia,CUT,DP World Tour,BMW International Open,T45,-1.2,-0.36
ZANOTTI,FABRIZIO,DPT,DP World Tour,Challenge de Catalunya,CUT,Challenge Tour,Soudal Open,T51,DP World Tour,Austrian Alpine Open presented by Kitzbühel Tirol,T17,DP World Tour,KLM Open,CUT,DP World Tour,BMW International Open,CUT,-1.2,0.58
XIONG,NORMAN,KFT,Korn Ferry Tour,Club Car Championship at The Landings Golf & Athletic Club,1,Korn Ferry Tour,LECOM Suncoast Classic,T61,Korn Ferry Tour,Visit Knoxville Open,1,Korn Ferry Tour,UNC Health Championship,CUT,Korn Ferry Tour,OccuNet Classic presented by Amarillo National Bank,CUT,-1.21,0.45
KNOX,RUSSELL,KFT,Korn Ferry Tour,Colonial Life Charity Classic,CUT,Korn Ferry Tour,Visit Knoxville Open,T69,Korn Ferry Tour,UNC Health Championship,T39,Korn Ferry Tour,OccuNet Classic presented by Amarillo National Bank,CUT,Korn Ferry Tour,Memorial Health Championship presented by LRS,T38,-1.22,-0.15
HITCHNER,DEREK,KFT,Korn Ferry Tour,Visit Knoxville Open,1,Korn Ferry Tour,UNC Health Championship,CUT,Korn Ferry Tour,BMW Charity Pro-Am Presented by TD SYNNEX,1,Korn Ferry Tour,OccuNet Classic presented by Amarillo National Bank,T55,Korn Ferry Tour,Memorial Health Championship presented by LRS,CUT,-1.22,-0.22
MORRISON,JAMES,DPT,DP World Tour,Soudal Open,T70,DP World Tour,Austrian Alpine Open presented by Kitzbühel Tirol,CUT,DP World Tour,KLM Open,T35,DP World Tour,DS Automobiles 83° Open d’Italia,T45,DP World Tour,BMW International Open,T14,-1.23,0.1
BLOMME,ADAM,DPT,DP World Tour,Soudal Open,CUT,DP World Tour,Austrian Alpine Open presented by Kitzbühel Tirol,T63,DP World Tour,Interwetten Open,CUT,Challenge Tour,English Open supported by HotelPlanner,T55,Challenge Tour,Le Vaudreuil Golf Challenge,CUT,-1.24,0.67
BJERREGAARD,LUCAS,DPT,DP World Tour,Estrella Damm Catalunya Championship,T58,DP World Tour,Soudal Open,T17,DP World Tour,Austrian Alpine Open presented by Kitzbühel Tirol,CUT,DP World Tour,International Series Morocco presented by Visit Morocco,CUT,Asian Tour,BMW International Open,T59,-1.24,0.01
BAIRSTOW,SAM,DPT,DP World Tour,Soudal Open,CUT,DP World Tour,Austrian Alpine Open presented by Kitzbühel Tirol,CUT,DP World Tour,KLM Open,CUT,DP World Tour,DS Automobiles 83° Open d’Italia,T45,DP World Tour,BMW International Open,CUT,-1.25,-0.19
SCHNEIDER,MARCEL,DPT,DP World Tour,Soudal Open,CUT,DP World Tour,Austrian Alpine Open presented by Kitzbühel Tirol,T30,DP World Tour,KLM Open,T17,DP World Tour,DS Automobiles 83° Open d’Italia,CUT,DP World Tour,BMW International Open,73,-1.26,-0.42
MORY,FELIX,DPT,DP World Tour,Soudal Open,T35,DP World Tour,Austrian Alpine Open presented by Kitzbühel Tirol,CUT,DP World Tour,KLM Open,T26,DP World Tour,DS Automobiles 83° Open d’Italia,CUT,DP World Tour,BMW International Open,CUT,-1.27,0.19
QUAYLE,ANTHONY,DPT,DP World Tour,Soudal Open,CUT,DP World Tour,Austrian Alpine Open presented by Kitzbühel Tirol,CUT,DP World Tour,KLM Open,T59,DP World Tour,DS Automobiles 83° Open d’Italia,CUT,DP World Tour,BMW International Open,CUT,-1.28,-0.16
TOSTI,ALEJANDRO,PGA,PGA Tour,THE CJ CUP Byron Nelson,CUT,PGA Tour,Charles Schwab Challenge,CUT,PGA Tour,RBC Canadian Open,CUT,PGA Tour,U.S. Open,CUT,Major,John Deere Classic,T40,-1.28,0.31
LEMKE,NIKLAS,DPT,DP World Tour,Magical Kenya Open presented by absa,CUT,DP World Tour,Hainan Classic presented by MAEXTRO,T34,DP World Tour,Austrian Alpine Open presented by Kitzbühel Tirol,WD,DP World Tour,KLM Open,T60,DP World Tour,DS Automobiles 83° Open d’Italia,CUT,-1.29,-0.26
GORDON,WILL,KFT,Korn Ferry Tour,UNC Health Championship,T64,Korn Ferry Tour,BMW Charity Pro-Am Presented by TD SYNNEX,CUT,Korn Ferry Tour,OccuNet Classic presented by Amarillo National Bank,CUT,Korn Ferry Tour,Memorial Health Championship presented by LRS,64,Korn Ferry Tour,John Deere Classic,CUT,-1.3,0
WU,DYLAN,PGA,PGA Tour,THE CJ CUP Byron Nelson,72,PGA Tour,Charles Schwab Challenge,CUT,PGA Tour,RBC Canadian Open,CUT,PGA Tour,U.S. Open,CUT,Major,John Deere Classic,T45,-1.31,-0.82
GANDON,JEREMY,KFT,Korn Ferry Tour,Visit Knoxville Open,1,Korn Ferry Tour,UNC Health Championship,T12,Korn Ferry Tour,BMW Charity Pro-Am Presented by TD SYNNEX,1,Korn Ferry Tour,OccuNet Classic presented by Amarillo National Bank,CUT,Korn Ferry Tour,Memorial Health Championship presented by LRS,CUT,-1.31,-0.61
LEACH,TYLER,KFT,Korn Ferry Tour,Visit Knoxville Open,1,Korn Ferry Tour,UNC Health Championship,65,Korn Ferry Tour,BMW Charity Pro-Am Presented by TD SYNNEX,T48,Korn Ferry Tour,OccuNet Classic presented by Amarillo National Bank,CUT,Korn Ferry Tour,Memorial Health Championship presented by LRS,1,-1.31,0.29
LEE,RICHARD,LIV,LIV Golf,Virginia,T27,LIV Golf,Kolon The 68th KOREA Open,T30,ASA,Korea,CUT,LIV Golf,Andalucia,T70,LIV Golf,International Series Morocco presented by Visit Morocco,T41,-1.32,-0.94
PAUL,YANNIK,DPT,DP World Tour,Soudal Open,T8,DP World Tour,Austrian Alpine Open presented by Kitzbühel Tirol,CUT,DP World Tour,KLM Open,CUT,DP World Tour,Blot Play9,CUT,Challenge Tour,BMW International Open,CUT,-1.32,0.62
BALDWIN,MATTHEW,DPT,DP World Tour,Soudal Open,CUT,DP World Tour,Austrian Alpine Open presented by Kitzbühel Tirol,T47,DP World Tour,KLM Open,CUT,DP World Tour,DS Automobiles 83° Open d’Italia,CUT,DP World Tour,BMW International Open,T66,-1.34,0.3
HARKINS,BRANDON,KFT,Korn Ferry Tour,Colonial Life Charity Classic,1,Korn Ferry Tour,Visit Knoxville Open,CUT,Korn Ferry Tour,UNC Health Championship,T30,Korn Ferry Tour,BMW Charity Pro-Am Presented by TD SYNNEX,CUT,Korn Ferry Tour,OccuNet Classic presented by Amarillo National Bank,1,-1.34,0.6
SHARMA,SHUBHANKAR,DPT,DP World Tour,Volvo China Open,CUT,DP World Tour,Turkish Airlines Open,CUT,DP World Tour,Estrella Damm Catalunya Championship,T65,DP World Tour,Soudal Open,CUT,DP World Tour,BMW International Open,CUT,-1.35,0.27
CHIRRAVURI,MAHANTH,AM,Amateur,NCAA Winston-Salem Regional,CUT,Amateur,NCAA DI Men's National Championship- Stroke Play,4,Amateur,BMW Charity Pro-Am Presented by TD SYNNEX,T23,Korn Ferry Tour,OccuNet Classic presented by Amarillo National Bank,T48,Korn Ferry Tour,Memorial Health Championship presented by LRS,CUT,-1.36,-0.63
LA SASSO,MICHAEL,LIV,LIV Golf,Mexico City,T31,LIV Golf,Virginia,55,LIV Golf,Korea,T46,LIV Golf,Andalucia,CUT,LIV Golf,International Series Morocco presented by Visit Morocco,T50,-1.36,0.59
BOTHA,BAREND,KFT,Korn Ferry Tour,Visit Knoxville Open,1,Korn Ferry Tour,UNC Health Championship,CUT,Korn Ferry Tour,BMW Charity Pro-Am Presented by TD SYNNEX,T33,Korn Ferry Tour,OccuNet Classic presented by Amarillo National Bank,CUT,Korn Ferry Tour,Memorial Health Championship presented by LRS,1,-1.37,-0.82
GOODWIN,NOAH,KFT,Korn Ferry Tour,UNC Health Championship,1,Korn Ferry Tour,BMW Charity Pro-Am Presented by TD SYNNEX,T38,Korn Ferry Tour,OccuNet Classic presented by Amarillo National Bank,1,Korn Ferry Tour,Memorial Health Championship presented by LRS,CUT,Korn Ferry Tour,John Deere Classic,CUT,-1.37,-0.7
LAWRENCE,THRISTON,DPT,DP World Tour,ONEflight Myrtle Beach Classic,T74,PGA Tour,Soudal Open,CUT,DP World Tour,Austrian Alpine Open presented by Kitzbühel Tirol,CUT,DP World Tour,DS Automobiles 83° Open d’Italia,CUT,DP World Tour,BMW International Open,CUT,-1.37,-0.9
TEATER,JOSH,KFT,Korn Ferry Tour,Colonial Life Charity Classic,1,Korn Ferry Tour,Visit Knoxville Open,T4,Korn Ferry Tour,BMW Charity Pro-Am Presented by TD SYNNEX,1,Korn Ferry Tour,OccuNet Classic presented by Amarillo National Bank,CUT,Korn Ferry Tour,Memorial Health Championship presented by LRS,CUT,-1.37,0.59
CONE,TREVOR,KFT,Korn Ferry Tour,Visit Knoxville Open,1,Korn Ferry Tour,UNC Health Championship,CUT,Korn Ferry Tour,BMW Charity Pro-Am Presented by TD SYNNEX,1,Korn Ferry Tour,OccuNet Classic presented by Amarillo National Bank,CUT,Korn Ferry Tour,Memorial Health Championship presented by LRS,CUT,-1.4,-0.94
DEL SOLAR,CRISTOBAL,KFT,Korn Ferry Tour,Visit Knoxville Open,1,Korn Ferry Tour,UNC Health Championship,CUT,Korn Ferry Tour,BMW Charity Pro-Am Presented by TD SYNNEX,T7,Korn Ferry Tour,OccuNet Classic presented by Amarillo National Bank,T40,Korn Ferry Tour,Memorial Health Championship presented by LRS,1,-1.41,0
HIGHSMITH,JOE,PGA,PGA Tour,PGA Championship,70,Major,THE CJ CUP Byron Nelson,CUT,PGA Tour,Charles Schwab Challenge,CUT,PGA Tour,RBC Canadian Open,CUT,PGA Tour,John Deere Classic,CUT,-1.48,0.1
WILLIAMS,ROBIN,DPT,DP World Tour,KLM Open,CUT,DP World Tour,Interwetten Open,T45,Challenge Tour,English Open supported by HotelPlanner,T28,Challenge Tour,Blot Play9,CUT,Challenge Tour,BMW International Open,CUT,-1.48,0.24
MASAVEU,LUIS,LIV,LIV Golf,Challenge de Catalunya,CUT,Challenge Tour,Korea,T21,LIV Golf,Andalucia,T37,LIV Golf,International Series Morocco presented by Visit Morocco,CUT,Asian Tour,Le Vaudreuil Golf Challenge,T16,-1.49,-0.25
KO,JEONG WEON,DPT,DP World Tour,Soudal Open,T25,DP World Tour,Austrian Alpine Open presented by Kitzbühel Tirol,CUT,DP World Tour,KLM Open,CUT,DP World Tour,DS Automobiles 83° Open d’Italia,T30,DP World Tour,BMW International Open,CUT,-1.49,0.66
CHANDLER,WILL,KFT,Korn Ferry Tour,Visit Knoxville Open,1,Korn Ferry Tour,UNC Health Championship,CUT,Korn Ferry Tour,BMW Charity Pro-Am Presented by TD SYNNEX,T48,Korn Ferry Tour,OccuNet Classic presented by Amarillo National Bank,CUT,Korn Ferry Tour,Memorial Health Championship presented by LRS,1,-1.49,-0.07
JONSSON,TOBIAS,DPT,DP World Tour,Soudal Open,CUT,DP World Tour,Austrian Alpine Open presented by Kitzbühel Tirol,CUT,DP World Tour,KLM Open,T47,DP World Tour,DS Automobiles 83° Open d’Italia,CUT,DP World Tour,BMW International Open,CUT,-1.5,-0.25
ARNAUS,ADRI,DPT,DP World Tour,Soudal Open,CUT,DP World Tour,Austrian Alpine Open presented by Kitzbühel Tirol,CUT,DP World Tour,KLM Open,CUT,DP World Tour,DS Automobiles 83° Open d’Italia,CUT,DP World Tour,BMW International Open,T55,-1.5,-0.07
SURI,JULIAN,KFT,Korn Ferry Tour,Visit Knoxville Open,T10,Korn Ferry Tour,UNC Health Championship,CUT,Korn Ferry Tour,BMW Charity Pro-Am Presented by TD SYNNEX,T40,Korn Ferry Tour,OccuNet Classic presented by Amarillo National Bank,CUT,Korn Ferry Tour,Memorial Health Championship presented by LRS,1,-1.52,-0.61
KAEWKANJANA,SADOM,DPT,DP World Tour,Austrian Alpine Open presented by Kitzbühel Tirol,CUT,DP World Tour,KLM Open,CUT,DP World Tour,International Series Morocco presented by Visit Morocco,T48,Asian Tour,DS Automobiles 83° Open d’Italia,CUT,DP World Tour,BMW International Open,T28,-1.52,-0.71
SCHENK,ADAM,PGA,PGA Tour,PGA Championship,CUT,Major,THE CJ CUP Byron Nelson,CUT,PGA Tour,Charles Schwab Challenge,CUT,PGA Tour,RBC Canadian Open,CUT,PGA Tour,John Deere Classic,T74,-1.52,-0.34
VAN PARIS,JACKSON,KFT,Korn Ferry Tour,Visit Knoxville Open,1,Korn Ferry Tour,UNC Health Championship,CUT,Korn Ferry Tour,BMW Charity Pro-Am Presented by TD SYNNEX,1,Korn Ferry Tour,U.S. Open,T27,Major,Memorial Health Championship presented by LRS,CUT,-1.52,-0.56
BURNETT,RYAN,KFT,Korn Ferry Tour,Visit Knoxville Open,1,Korn Ferry Tour,UNC Health Championship,T50,Korn Ferry Tour,BMW Charity Pro-Am Presented by TD SYNNEX,1,Korn Ferry Tour,OccuNet Classic presented by Amarillo National Bank,T68,Korn Ferry Tour,Memorial Health Championship presented by LRS,CUT,-1.53,0.06
DUNCAN,AUSTIN,KFT,Korn Ferry Tour,Diners Club Peru Open,1,PGA Tour Americas,Visit Knoxville Open,CUT,Korn Ferry Tour,UNC Health Championship,1,Korn Ferry Tour,BMW Charity Pro-Am Presented by TD SYNNEX,CUT,Korn Ferry Tour,OccuNet Classic presented by Amarillo National Bank,CUT,-1.55,0.22
WHITNEY,TOM,KFT,Korn Ferry Tour,Colonial Life Charity Classic,1,Korn Ferry Tour,Visit Knoxville Open,T73,Korn Ferry Tour,BMW Charity Pro-Am Presented by TD SYNNEX,T26,Korn Ferry Tour,OccuNet Classic presented by Amarillo National Bank,CUT,Korn Ferry Tour,Memorial Health Championship presented by LRS,1,-1.55,-0.27
LIST,LUKE,KFT,Korn Ferry Tour,Zurich Classic of New Orleans,T38,PGA Tour,Estrella Damm Catalunya Championship,CUT,DP World Tour,THE CJ CUP Byron Nelson,CUT,PGA Tour,UNC Health Championship,CUT,Korn Ferry Tour,John Deere Classic,T40,-1.58,-0.16
MCCORMICK,RYAN,KFT,Korn Ferry Tour,Astara Chile Classic presented by Scotiabank,1,Korn Ferry Tour,Visit Knoxville Open,WD,Korn Ferry Tour,BMW Charity Pro-Am Presented by TD SYNNEX,T12,Korn Ferry Tour,OccuNet Classic presented by Amarillo National Bank,T53,Korn Ferry Tour,Memorial Health Championship presented by LRS,1,-1.58,0.29
DEBOVE,QUENTIN,DPT,DP World Tour,Soudal Open,CUT,DP World Tour,Austrian Alpine Open presented by Kitzbühel Tirol,T68,DP World Tour,KLM Open,CUT,DP World Tour,DS Automobiles 83° Open d’Italia,T16,DP World Tour,BMW International Open,CUT,-1.59,0.15
GIRRBACH,JOEL,DPT,DP World Tour,Soudal Open,CUT,DP World Tour,Austrian Alpine Open presented by Kitzbühel Tirol,CUT,DP World Tour,KLM Open,11,DP World Tour,DS Automobiles 83° Open d’Italia,T23,DP World Tour,BMW International Open,WD,-1.59,-0.77
TABUENA,MIGUEL,LIV,LIV Golf,Mexico City,T42,LIV Golf,Virginia,T49,LIV Golf,Korea,25,LIV Golf,Andalucia,CUT,LIV Golf,International Series Morocco presented by Visit Morocco,T50,-1.61,-0.31
MARZILIO,VICENTE,KFT,Korn Ferry Tour,Visit Knoxville Open,1,Korn Ferry Tour,UNC Health Championship,CUT,Korn Ferry Tour,BMW Charity Pro-Am Presented by TD SYNNEX,T26,Korn Ferry Tour,OccuNet Classic presented by Amarillo National Bank,CUT,Korn Ferry Tour,Memorial Health Championship presented by LRS,1,-1.61,0.34
GARCIA RODRIGUEZ,SEBASTIAN,DPT,DP World Tour,Soudal Open,T25,DP World Tour,Austrian Alpine Open presented by Kitzbühel Tirol,CUT,DP World Tour,KLM Open,66,DP World Tour,DS Automobiles 83° Open d’Italia,T61,DP World Tour,BMW International Open,T60,-1.63,-0.29
NAIDOO,DYLAN,DPT,DP World Tour,Soudal Open,CUT,DP World Tour,Austrian Alpine Open presented by Kitzbühel Tirol,CUT,DP World Tour,KLM Open,CUT,DP World Tour,DS Automobiles 83° Open d’Italia,T59,DP World Tour,BMW International Open,CUT,-1.63,0.47
NESMITH,MATT,KFT,Korn Ferry Tour,Visit Knoxville Open,1,Korn Ferry Tour,UNC Health Championship,T52,Korn Ferry Tour,BMW Charity Pro-Am Presented by TD SYNNEX,T12,Korn Ferry Tour,OccuNet Classic presented by Amarillo National Bank,CUT,Korn Ferry Tour,Memorial Health Championship presented by LRS,1,-1.65,-0.07
RIEDEL,MATTHEW,KFT,Korn Ferry Tour,Visit Knoxville Open,T3,Korn Ferry Tour,UNC Health Championship,T60,Korn Ferry Tour,BMW Charity Pro-Am Presented by TD SYNNEX,1,Korn Ferry Tour,OccuNet Classic presented by Amarillo National Bank,1,Korn Ferry Tour,Memorial Health Championship presented by LRS,CUT,-1.65,0.03
LOWER,JUSTIN,PGA,PGA Tour,Zurich Classic of New Orleans,CUT,PGA Tour,ONEflight Myrtle Beach Classic,T32,PGA Tour,THE CJ CUP Byron Nelson,T45,PGA Tour,RBC Canadian Open,CUT,PGA Tour,John Deere Classic,T47,-1.66,-0.77
GIBSON,RHEIN,KFT,Korn Ferry Tour,Visit Knoxville Open,1,Korn Ferry Tour,UNC Health Championship,CUT,Korn Ferry Tour,BMW Charity Pro-Am Presented by TD SYNNEX,1,Korn Ferry Tour,OccuNet Classic presented by Amarillo National Bank,CUT,Korn Ferry Tour,Memorial Health Championship presented by LRS,CUT,-1.67,-0.21
YOUNG,DANIEL,DPT,DP World Tour,Soudal Open,T60,DP World Tour,Austrian Alpine Open presented by Kitzbühel Tirol,CUT,DP World Tour,KLM Open,CUT,DP World Tour,DS Automobiles 83° Open d’Italia,T57,DP World Tour,BMW International Open,CUT,-1.69,-0.65
HOLT,IAN,KFT,Korn Ferry Tour,Visit Knoxville Open,1,Korn Ferry Tour,UNC Health Championship,T46,Korn Ferry Tour,BMW Charity Pro-Am Presented by TD SYNNEX,1,Korn Ferry Tour,OccuNet Classic presented by Amarillo National Bank,CUT,Korn Ferry Tour,Memorial Health Championship presented by LRS,CUT,-1.69,-1.29
GUTHRIE,LUKE,KFT,Korn Ferry Tour,Valspar Championship,1,PGA Tour,Visit Knoxville Open,CUT,Korn Ferry Tour,BMW Charity Pro-Am Presented by TD SYNNEX,T17,Korn Ferry Tour,OccuNet Classic presented by Amarillo National Bank,T60,Korn Ferry Tour,Memorial Health Championship presented by LRS,1,-1.71,-0.16
BUCHANAN,JACK,DPT,DP World Tour,Soudal Open,T35,DP World Tour,Austrian Alpine Open presented by Kitzbühel Tirol,T24,DP World Tour,KLM Open,CUT,DP World Tour,DS Automobiles 83° Open d’Italia,CUT,DP World Tour,BMW International Open,CUT,-1.71,0.07
WILLIAMS,WELLS,AM,Amateur,ONEflight Myrtle Beach Classic,CUT,PGA Tour,NCAA Athens Regional,CUT,Amateur,NCAA DI Men's National Championship- Stroke Play,T14,Amateur,OccuNet Classic presented by Amarillo National Bank,CUT,Korn Ferry Tour,Memorial Health Championship presented by LRS,T23,-1.71,-0.19
LAMPRECHT,CHRISTO,PGA,PGA Tour,ONEflight Myrtle Beach Classic,CUT,PGA Tour,THE CJ CUP Byron Nelson,T60,PGA Tour,Charles Schwab Challenge,CUT,PGA Tour,RBC Canadian Open,CUT,PGA Tour,John Deere Classic,CUT,-1.72,-0.88
MAICHON,PHICHAKSN,KFT,Korn Ferry Tour,Visit Knoxville Open,1,Korn Ferry Tour,UNC Health Championship,CUT,Korn Ferry Tour,BMW Charity Pro-Am Presented by TD SYNNEX,1,Korn Ferry Tour,OccuNet Classic presented by Amarillo National Bank,CUT,Korn Ferry Tour,Memorial Health Championship presented by LRS,CUT,-1.74,-0.26
MARTIN,BEN,PGA,PGA Tour,THE CJ CUP Byron Nelson,CUT,PGA Tour,Charles Schwab Challenge,CUT,PGA Tour,BMW Charity Pro-Am Presented by TD SYNNEX,CUT,Korn Ferry Tour,RBC Canadian Open,CUT,PGA Tour,John Deere Classic,CUT,-1.76,-0.64
FERNANDEZ VALDES,JORGE,KFT,Korn Ferry Tour,Colonial Life Charity Classic,T23,Korn Ferry Tour,Visit Knoxville Open,T69,Korn Ferry Tour,UNC Health Championship,65,Korn Ferry Tour,BMW Charity Pro-Am Presented by TD SYNNEX,T65,Korn Ferry Tour,OccuNet Classic presented by Amarillo National Bank,1,-1.77,-1.19
REPETTO TAYLOR,ROCCO PAOLO,DPT,DP World Tour,Austrian Alpine Open presented by Kitzbühel Tirol,T41,DP World Tour,KLM Open,CUT,DP World Tour,U.S. Open,CUT,Major,DS Automobiles 83° Open d’Italia,CUT,DP World Tour,BMW International Open,CUT,-1.78,-0.47
LEWIS,BRYCE,KFT,Korn Ferry Tour,Visit Knoxville Open,1,Korn Ferry Tour,UNC Health Championship,T3,Korn Ferry Tour,BMW Charity Pro-Am Presented by TD SYNNEX,1,Korn Ferry Tour,OccuNet Classic presented by Amarillo National Bank,CUT,Korn Ferry Tour,Memorial Health Championship presented by LRS,CUT,-1.78,-0.19
SENIOR,JACK,DPT,DP World Tour,Soudal Open,CUT,DP World Tour,Austrian Alpine Open presented by Kitzbühel Tirol,CUT,DP World Tour,KLM Open,CUT,DP World Tour,DS Automobiles 83° Open d’Italia,T23,DP World Tour,BMW International Open,WD,-1.79,-0.59
INFANTI,NICK,KFT,Korn Ferry Tour,Colonial Life Charity Classic,1,Korn Ferry Tour,Visit Knoxville Open,CUT,Korn Ferry Tour,UNC Health Championship,1,Korn Ferry Tour,BMW Charity Pro-Am Presented by TD SYNNEX,CUT,Korn Ferry Tour,OccuNet Classic presented by Amarillo National Bank,CUT,-1.79,0.31
STEGMAIER,BRETT,KFT,Korn Ferry Tour,Tulum Championship at PGA Riviera Maya,1,Korn Ferry Tour,Colonial Life Charity Classic,CUT,Korn Ferry Tour,Visit Knoxville Open,1,Korn Ferry Tour,UNC Health Championship,CUT,Korn Ferry Tour,BMW Charity Pro-Am Presented by TD SYNNEX,CUT,-1.8,-0.16
TODD,BRENDON,PGA,PGA Tour,Cognizant Classic in The Palm Beaches,T67,PGA Tour,Club Car Championship at The Landings Golf & Athletic Club,CUT,Korn Ferry Tour,Valero Texas Open,T65,PGA Tour,ONEflight Myrtle Beach Classic,CUT,PGA Tour,John Deere Classic,CUT,-1.8,0.32
VAN HORNE,ASHTON,KFT,Korn Ferry Tour,LECOM Suncoast Classic,T40,Korn Ferry Tour,Visit Knoxville Open,CUT,Korn Ferry Tour,UNC Health Championship,CUT,Korn Ferry Tour,BMW Charity Pro-Am Presented by TD SYNNEX,CUT,Korn Ferry Tour,Inter Rapidisimo Golf Championship,T19,-1.81,-0.52
MCDOWELL,GRAEME,LIV,LIV Golf,Mexico City,51,LIV Golf,Virginia,T52,LIV Golf,Korea,T18,LIV Golf,Andalucia,CUT,LIV Golf,U.S. Open,T45,-1.82,-0.72
ANDERSON,MATTHEW,KFT,Korn Ferry Tour,Visit Knoxville Open,1,Korn Ferry Tour,UNC Health Championship,CUT,Korn Ferry Tour,BMW Charity Pro-Am Presented by TD SYNNEX,1,Korn Ferry Tour,RBC Canadian Open,CUT,PGA Tour,Memorial Health Championship presented by LRS,CUT,-1.82,-0.25
SARGENT,BILLY TOM,KFT,Korn Ferry Tour,Visit Knoxville Open,1,Korn Ferry Tour,UNC Health Championship,CUT,Korn Ferry Tour,BMW Charity Pro-Am Presented by TD SYNNEX,1,Korn Ferry Tour,OccuNet Classic presented by Amarillo National Bank,T40,Korn Ferry Tour,Memorial Health Championship presented by LRS,CUT,-1.82,-0.44
CAPPELEN,SEBASTIAN,KFT,Korn Ferry Tour,Colonial Life Charity Classic,1,Korn Ferry Tour,Visit Knoxville Open,CUT,Korn Ferry Tour,UNC Health Championship,1,Korn Ferry Tour,BMW Charity Pro-Am Presented by TD SYNNEX,T40,Korn Ferry Tour,Memorial Health Championship presented by LRS,CUT,-1.83,-0.12
OPPENHEIM,ROB,KFT,Korn Ferry Tour,Visit Knoxville Open,1,Korn Ferry Tour,UNC Health Championship,CUT,Korn Ferry Tour,BMW Charity Pro-Am Presented by TD SYNNEX,1,Korn Ferry Tour,OccuNet Classic presented by Amarillo National Bank,CUT,Korn Ferry Tour,Memorial Health Championship presented by LRS,CUT,-1.85,0.02
BYRD,JONATHAN,PGA,PGA Tour,LECOM Suncoast Classic,T59,Korn Ferry Tour,Zurich Classic of New Orleans,CUT,PGA Tour,Colonial Life Charity Classic,CUT,Korn Ferry Tour,THE CJ CUP Byron Nelson,T71,PGA Tour,John Deere Classic,CUT,-1.87,-1.08
BIONDI,FRED,DPT,DP World Tour,Soudal Open,CUT,DP World Tour,Austrian Alpine Open presented by Kitzbühel Tirol,CUT,DP World Tour,KLM Open,CUT,DP World Tour,DS Automobiles 83° Open d’Italia,55,DP World Tour,BMW International Open,CUT,-1.9,-0.44
CHAMP,CAMERON,KFT,Korn Ferry Tour,Zurich Classic of New Orleans,CUT,PGA Tour,Colonial Life Charity Classic,CUT,Korn Ferry Tour,THE CJ CUP Byron Nelson,T69,PGA Tour,Memorial Health Championship presented by LRS,CUT,Korn Ferry Tour,John Deere Classic,WD,-1.9,-0.93
LOMBARD,ZANDER,DPT,DP World Tour,Soudal Open,CUT,DP World Tour,Austrian Alpine Open presented by Kitzbühel Tirol,T8,DP World Tour,KLM Open,CUT,DP World Tour,DS Automobiles 83° Open d’Italia,CUT,DP World Tour,BMW International Open,CUT,-1.91,-0.74
CAMPBELL,BEN,LIV,LIV Golf,Mexico City,T31,LIV Golf,Virginia,56,LIV Golf,Korea,53,LIV Golf,Andalucia,CUT,LIV Golf,International Series Morocco presented by Visit Morocco,T12,-1.91,-0.43
VANDERLAAN,JOHN,PGA,PGA Tour,ONEflight Myrtle Beach Classic,CUT,PGA Tour,THE CJ CUP Byron Nelson,T60,PGA Tour,Charles Schwab Challenge,T67,PGA Tour,RBC Canadian Open,CUT,PGA Tour,John Deere Classic,CUT,-1.91,-1.44
WHITE,BRETT,KFT,Korn Ferry Tour,Visit Knoxville Open,1,Korn Ferry Tour,UNC Health Championship,CUT,Korn Ferry Tour,BMW Charity Pro-Am Presented by TD SYNNEX,1,Korn Ferry Tour,OccuNet Classic presented by Amarillo National Bank,T19,Korn Ferry Tour,Memorial Health Championship presented by LRS,CUT,-1.92,-0.49
THORNBERRY,BRADEN,KFT,Korn Ferry Tour,Colonial Life Charity Classic,1,Korn Ferry Tour,Visit Knoxville Open,T51,Korn Ferry Tour,UNC Health Championship,T66,Korn Ferry Tour,BMW Charity Pro-Am Presented by TD SYNNEX,CUT,Korn Ferry Tour,Memorial Health Championship presented by LRS,1,-1.92,-0.21
HELLGREN,BJORN,LIV,LIV Golf,Singapore Open presented by The Business Times,54,Asian Tour,Virginia,T9,LIV Golf,Korea,T35,LIV Golf,Andalucia,T37,LIV Golf,International Series Morocco presented by Visit Morocco,56,-1.93,-0.41
VEERMAN,JOHANNES,DPT,DP World Tour,Estrella Damm Catalunya Championship,CUT,DP World Tour,Austrian Alpine Open presented by Kitzbühel Tirol,CUT,DP World Tour,KLM Open,CUT,DP World Tour,DS Automobiles 83° Open d’Italia,CUT,DP World Tour,BMW International Open,CUT,-1.94,-0.75
VIDAL,QUIM,DPT,DP World Tour,Soudal Open,CUT,DP World Tour,Austrian Alpine Open presented by Kitzbühel Tirol,CUT,DP World Tour,KLM Open,CUT,DP World Tour,DS Automobiles 83° Open d’Italia,T45,DP World Tour,BMW International Open,CUT,-1.95,-0.04
ONISHI,KAITO,JPN,Japan Golf Tour,Kansai Open Golf Championship,CUT,Japan Golf Tour,Gate Way To The Open Mizuno Open,CUT,Japan Golf Tour,BMW Japan Golf Tour Championship Mori Building Cup,CUT,Japan Golf Tour,U.S. Open,CUT,Major,Memorial Health Championship presented by LRS,T10,-1.96,0.17
NIMMER,BRYSON,KFT,Korn Ferry Tour,Visit Knoxville Open,1,Korn Ferry Tour,UNC Health Championship,CUT,Korn Ferry Tour,BMW Charity Pro-Am Presented by TD SYNNEX,1,Korn Ferry Tour,OccuNet Classic presented by Amarillo National Bank,T40,Korn Ferry Tour,Memorial Health Championship presented by LRS,CUT,-1.96,-0.2
BUCHANAN,JACKSON,KFT,Korn Ferry Tour,THE CJ CUP Byron Nelson,1,PGA Tour,UNC Health Championship,CUT,Korn Ferry Tour,BMW Charity Pro-Am Presented by TD SYNNEX,1,Korn Ferry Tour,OccuNet Classic presented by Amarillo National Bank,T19,Korn Ferry Tour,Memorial Health Championship presented by LRS,CUT,-1.97,-0.71
HOFFMAN,CHARLEY,PGA,PGA Tour,Zurich Classic of New Orleans,CUT,PGA Tour,THE CJ CUP Byron Nelson,CUT,PGA Tour,Charles Schwab Challenge,T54,PGA Tour,RBC Canadian Open,CUT,PGA Tour,DS Automobiles 83° Open d’Italia,CUT,-1.98,0.17
MONTGOMERY,TAYLOR,KFT,Korn Ferry Tour,Colonial Life Charity Classic,1,Korn Ferry Tour,THE CJ CUP Byron Nelson,T51,PGA Tour,UNC Health Championship,1,Korn Ferry Tour,OccuNet Classic presented by Amarillo National Bank,CUT,Korn Ferry Tour,U.S. Open,CUT,-2.01,-1.63
GUMBERG,JORDAN,DPT,DP World Tour,Soudal Open,CUT,DP World Tour,Austrian Alpine Open presented by Kitzbühel Tirol,CUT,DP World Tour,KLM Open,CUT,DP World Tour,DS Automobiles 83° Open d’Italia,CUT,DP World Tour,BMW International Open,T21,-2.01,-0.43
SANDHU,YUVRAJ SINGH,DPT,DP World Tour,Estrella Damm Catalunya Championship,CUT,DP World Tour,Soudal Open,T31,DP World Tour,Austrian Alpine Open presented by Kitzbühel Tirol,T63,DP World Tour,KLM Open,CUT,DP World Tour,DS Automobiles 83° Open d’Italia,CUT,-2.02,-0.31
CAMPOS,RAFAEL,PGA,PGA Tour,Zurich Classic of New Orleans,CUT,PGA Tour,ONEflight Myrtle Beach Classic,CUT,PGA Tour,THE CJ CUP Byron Nelson,CUT,PGA Tour,RBC Canadian Open,T67,PGA Tour,John Deere Classic,CUT,-2.03,-0.28
SARGENT,GORDON,PGA,PGA Tour,Valero Texas Open,CUT,PGA Tour,Zurich Classic of New Orleans,T54,PGA Tour,ONEflight Myrtle Beach Classic,T17,PGA Tour,THE CJ CUP Byron Nelson,78,PGA Tour,John Deere Classic,CUT,-2.04,-0.7
SIEM,MARCEL,DPT,DP World Tour,Soudal Open,CUT,DP World Tour,Austrian Alpine Open presented by Kitzbühel Tirol,T53,DP World Tour,KLM Open,CUT,DP World Tour,DS Automobiles 83° Open d’Italia,CUT,DP World Tour,BMW International Open,T32,-2.04,-0.55
FEAGLES,MICHAEL,KFT,Korn Ferry Tour,UNC Health Championship,1,Korn Ferry Tour,BMW Charity Pro-Am Presented by TD SYNNEX,CUT,Korn Ferry Tour,OccuNet Classic presented by Amarillo National Bank,T40,Korn Ferry Tour,Memorial Health Championship presented by LRS,T74,Korn Ferry Tour,John Deere Classic,1,-2.05,-0.64
NUNEZ,AUGUSTO,KFT,Korn Ferry Tour,UNC Health Championship,1,Korn Ferry Tour,BMW Charity Pro-Am Presented by TD SYNNEX,CUT,Korn Ferry Tour,OccuNet Classic presented by Amarillo National Bank,1,Korn Ferry Tour,Memorial Health Championship presented by LRS,CUT,Korn Ferry Tour,John Deere Classic,CUT,-2.08,-0.28
HOWELL,MASON,PGA,PGA Tour,Charles Schwab Challenge,T38,PGA Tour,KLM Open,CUT,DP World Tour,U.S. Open,CUT,Major,Northeast Amateur Invitational,CUT,Amateur,John Deere Classic,CUT,-2.09,-0.3
MICHELUZZI,DAVID,DPT,DP World Tour,Soudal Open,T60,DP World Tour,Austrian Alpine Open presented by Kitzbühel Tirol,CUT,DP World Tour,KLM Open,CUT,DP World Tour,DS Automobiles 83° Open d’Italia,CUT,DP World Tour,BMW International Open,WD,-2.12,-0.39
MACDONALD,STUART,KFT,Korn Ferry Tour,Visit Knoxville Open,1,Korn Ferry Tour,UNC Health Championship,CUT,Korn Ferry Tour,BMW Charity Pro-Am Presented by TD SYNNEX,1,Korn Ferry Tour,OccuNet Classic presented by Amarillo National Bank,CUT,Korn Ferry Tour,Memorial Health Championship presented by LRS,CUT,-2.14,-1.19
LARRAZABAL,PABLO,DPT,DP World Tour,Soudal Open,T55,DP World Tour,Austrian Alpine Open presented by Kitzbühel Tirol,CUT,DP World Tour,KLM Open,CUT,DP World Tour,DS Automobiles 83° Open d’Italia,CUT,DP World Tour,BMW International Open,CUT,-2.14,-0.33
TARREN,CALLUM,DPT,DP World Tour,Austrian Alpine Open presented by Kitzbühel Tirol,CUT,DP World Tour,KLM Open,CUT,DP World Tour,English Open supported by HotelPlanner,T28,Challenge Tour,Blot Play9,CUT,Challenge Tour,BMW International Open,CUT,-2.14,-0.44
BARJON,PAUL,KFT,Korn Ferry Tour,Colonial Life Charity Classic,1,Korn Ferry Tour,Visit Knoxville Open,CUT,Korn Ferry Tour,BMW Charity Pro-Am Presented by TD SYNNEX,T17,Korn Ferry Tour,OccuNet Classic presented by Amarillo National Bank,T55,Korn Ferry Tour,Memorial Health Championship presented by LRS,1,-2.17,0.55
SEWELL,CHAD,KFT,Korn Ferry Tour,Visit Knoxville Open,1,Korn Ferry Tour,UNC Health Championship,T60,Korn Ferry Tour,BMW Charity Pro-Am Presented by TD SYNNEX,1,Korn Ferry Tour,OccuNet Classic presented by Amarillo National Bank,CUT,Korn Ferry Tour,Memorial Health Championship presented by LRS,CUT,-2.18,-0.61
OK,TAEHOON,KOR,KPGA Korean Tour,KPGA Gyeongbuk Open,T15,KPGA Korean Tour,Kolon The 68th KOREA Open,T18,ASA,The 69th KPGA Championship with A-ONE CC,CUT,KPGA Korean Tour,Hana Bank Invitational,CUT,KPGA Korean Tour,KPGA Gunsan CC Open,CUT,-2.22,-1.04
WALKER,DANNY,PGA,PGA Tour,ONEflight Myrtle Beach Classic,CUT,PGA Tour,THE CJ CUP Byron Nelson,T38,PGA Tour,Charles Schwab Challenge,CUT,PGA Tour,RBC Canadian Open,CUT,PGA Tour,John Deere Classic,CUT,-2.22,-0.99
MEISEL,MARSHALL,KFT,Korn Ferry Tour,Visit Knoxville Open,1,Korn Ferry Tour,UNC Health Championship,CUT,Korn Ferry Tour,BMW Charity Pro-Am Presented by TD SYNNEX,1,Korn Ferry Tour,OccuNet Classic presented by Amarillo National Bank,CUT,Korn Ferry Tour,Memorial Health Championship presented by LRS,CUT,-2.23,-0.64
GREY,J.J.,KFT,Korn Ferry Tour,LECOM Suncoast Classic,1,Korn Ferry Tour,Diners Club Peru Open,CUT,PGA Tour Americas,Visit Knoxville Open,T57,Korn Ferry Tour,BMW Charity Pro-Am Presented by TD SYNNEX,CUT,Korn Ferry Tour,OccuNet Classic presented by Amarillo National Bank,CUT,-2.24,-0.1
BROOMHEAD,JONOTHAN,DPT,DP World Tour,Soudal Open,CUT,DP World Tour,Austrian Alpine Open presented by Kitzbühel Tirol,T41,DP World Tour,KLM Open,CUT,DP World Tour,DS Automobiles 83° Open d’Italia,CUT,DP World Tour,BMW International Open,CUT,-2.25,-0.15
ASAJI,YOSUKE,LIV,LIV Golf,Virginia,56,LIV Golf,Japan PGA Championship Senko Group Cup,T35,Japan Golf Tour,Korea,T17,LIV Golf,Andalucia,CUT,LIV Golf,International Series Morocco presented by Visit Morocco,T41,-2.32,-0.7
KIM,MINKYU,LIV,LIV Golf,Kolon The 68th KOREA Open,T47,ASA,Korea,DQ,LIV Golf,Andalucia,54,LIV Golf,Hana Bank Invitational,T14,KPGA Korean Tour,KPGA Gunsan CC Open,50,-2.33,-0.19
CHARMASSON,CLEMENT,DPT,DP World Tour,Soudal Open,CUT,DP World Tour,Austrian Alpine Open presented by Kitzbühel Tirol,T47,DP World Tour,KLM Open,CUT,DP World Tour,DS Automobiles 83° Open d’Italia,CUT,DP World Tour,BMW International Open,CUT,-2.33,-0.6
MAGUIRE,JACK,KFT,Korn Ferry Tour,Colonial Life Charity Classic,1,Korn Ferry Tour,Visit Knoxville Open,CUT,Korn Ferry Tour,UNC Health Championship,1,Korn Ferry Tour,OccuNet Classic presented by Amarillo National Bank,CUT,Korn Ferry Tour,Memorial Health Championship presented by LRS,CUT,-2.36,-0.39
MOLINARI,EDOARDO,DPT,DP World Tour,Turkish Airlines Open,T63,DP World Tour,Estrella Damm Catalunya Championship,T53,DP World Tour,Soudal Open,CUT,DP World Tour,Austrian Alpine Open presented by Kitzbühel Tirol,T48,DP World Tour,DS Automobiles 83° Open d’Italia,CUT,-2.36,-0.23
SUMMERHAYS,DANIEL,KFT,Korn Ferry Tour,Colonial Life Charity Classic,1,Korn Ferry Tour,UNC Health Championship,T60,Korn Ferry Tour,BMW Charity Pro-Am Presented by TD SYNNEX,T64,Korn Ferry Tour,OccuNet Classic presented by Amarillo National Bank,CUT,Korn Ferry Tour,Memorial Health Championship presented by LRS,1,-2.37,-0.85
WEILER,JOE,KFT,Korn Ferry Tour,Visit Knoxville Open,1,Korn Ferry Tour,UNC Health Championship,T6,Korn Ferry Tour,BMW Charity Pro-Am Presented by TD SYNNEX,1,Korn Ferry Tour,OccuNet Classic presented by Amarillo National Bank,CUT,Korn Ferry Tour,Memorial Health Championship presented by LRS,CUT,-2.4,-0.88
BREHM,RYAN,PGA,PGA Tour,THE CJ CUP Byron Nelson,CUT,PGA Tour,UNC Health Championship,CUT,Korn Ferry Tour,BMW Charity Pro-Am Presented by TD SYNNEX,CUT,Korn Ferry Tour,Memorial Health Championship presented by LRS,79,Korn Ferry Tour,John Deere Classic,CUT,-2.44,-0.32
LOGAN,HUNTER,DPT,DP World Tour,KLM Open,CUT,DP World Tour,Interwetten Open,T38,Challenge Tour,English Open supported by HotelPlanner,CUT,Challenge Tour,DS Automobiles 83° Open d’Italia,CUT,DP World Tour,BMW International Open,T7,-2.45,0.06
OVERTON,JEFF,KFT,Korn Ferry Tour,Colonial Life Charity Classic,1,Korn Ferry Tour,Visit Knoxville Open,CUT,Korn Ferry Tour,UNC Health Championship,1,Korn Ferry Tour,BMW Charity Pro-Am Presented by TD SYNNEX,CUT,Korn Ferry Tour,DS Automobiles 83° Open d’Italia,WD,-2.46,-0.38
DAVIS,CAM,PGA,PGA Tour,Zurich Classic of New Orleans,CUT,PGA Tour,ONEflight Myrtle Beach Classic,CUT,PGA Tour,THE CJ CUP Byron Nelson,T67,PGA Tour,Charles Schwab Challenge,CUT,PGA Tour,RBC Canadian Open,CUT,-2.47,-0.81
FOLLET-SMITH,BENJAMIN,DPT,DP World Tour,KLM Open,CUT,DP World Tour,Interwetten Open,CUT,Challenge Tour,English Open supported by HotelPlanner,CUT,Challenge Tour,DS Automobiles 83° Open d’Italia,CUT,DP World Tour,BMW International Open,57,-2.49,-0.57
PEAKE,RYAN,DPT,DP World Tour,Austrian Alpine Open presented by Kitzbühel Tirol,CUT,DP World Tour,KLM Open,CUT,DP World Tour,International Series Morocco presented by Visit Morocco,T32,Asian Tour,DS Automobiles 83° Open d’Italia,CUT,DP World Tour,BMW International Open,CUT,-2.51,-0.39
ALEXANDER,TYSON,KFT,Korn Ferry Tour,Visit Knoxville Open,1,Korn Ferry Tour,UNC Health Championship,CUT,Korn Ferry Tour,BMW Charity Pro-Am Presented by TD SYNNEX,1,Korn Ferry Tour,OccuNet Classic presented by Amarillo National Bank,CUT,Korn Ferry Tour,Memorial Health Championship presented by LRS,CUT,-2.52,-0.4
SULLIVAN,RYAN,KFT,Korn Ferry Tour,Colonial Life Charity Classic,1,Korn Ferry Tour,Visit Knoxville Open,T36,Korn Ferry Tour,UNC Health Championship,1,Korn Ferry Tour,BMW Charity Pro-Am Presented by TD SYNNEX,T47,Korn Ferry Tour,OccuNet Classic presented by Amarillo National Bank,CUT,-2.56,-0.07
HASTINGS,JUSTIN,KFT,Korn Ferry Tour,Visit Knoxville Open,1,Korn Ferry Tour,UNC Health Championship,CUT,Korn Ferry Tour,BMW Charity Pro-Am Presented by TD SYNNEX,1,Korn Ferry Tour,OccuNet Classic presented by Amarillo National Bank,CUT,Korn Ferry Tour,Memorial Health Championship presented by LRS,CUT,-2.58,-1.01
BACHA,CARSON,KFT,Korn Ferry Tour,Visit Knoxville Open,1,Korn Ferry Tour,UNC Health Championship,T60,Korn Ferry Tour,BMW Charity Pro-Am Presented by TD SYNNEX,1,Korn Ferry Tour,OccuNet Classic presented by Amarillo National Bank,CUT,Korn Ferry Tour,Memorial Health Championship presented by LRS,CUT,-2.61,-1.36
FURR,WILSON,KFT,Korn Ferry Tour,Visit Knoxville Open,1,Korn Ferry Tour,UNC Health Championship,T15,Korn Ferry Tour,BMW Charity Pro-Am Presented by TD SYNNEX,1,Korn Ferry Tour,OccuNet Classic presented by Amarillo National Bank,T68,Korn Ferry Tour,Memorial Health Championship presented by LRS,CUT,-2.72,-1.56
STRYDOM,OCKIE,AFR,Sunshine Tour,Estrella Damm Catalunya Championship,CUT,DP World Tour,Kit Kat Cash & Carry Pro-Am,CUT,Sunshine Tour,SunBet Challenge hosted by Sun Boardwalk,T7,Sunshine Tour,DS Automobiles 83° Open d’Italia,T70,DP World Tour,BMW International Open,CUT,-2.76,-0.09
JOHNSTON,RYGGS,DPT,DP World Tour,Soudal Open,T25,DP World Tour,Austrian Alpine Open presented by Kitzbühel Tirol,CUT,DP World Tour,KLM Open,T59,DP World Tour,DS Automobiles 83° Open d’Italia,CUT,DP World Tour,BMW International Open,CUT,-2.77,-0.67
VOGELSONG,ALEX,KFT,Korn Ferry Tour,Colonial Life Charity Classic,1,Korn Ferry Tour,Visit Knoxville Open,CUT,Korn Ferry Tour,UNC Health Championship,1,Korn Ferry Tour,BMW Charity Pro-Am Presented by TD SYNNEX,CUT,Korn Ferry Tour,OccuNet Classic presented by Amarillo National Bank,CUT,-2.81,-0.17
SYME,CONNOR,DPT,DP World Tour,Soudal Open,CUT,DP World Tour,Austrian Alpine Open presented by Kitzbühel Tirol,T74,DP World Tour,KLM Open,CUT,DP World Tour,DS Automobiles 83° Open d’Italia,CUT,DP World Tour,BMW International Open,T71,-2.82,-1.18
REBULA,JOVAN,DPT,DP World Tour,Hero Indian Open,CUT,DP World Tour,Turkish Airlines Open,CUT,DP World Tour,Estrella Damm Catalunya Championship,CUT,DP World Tour,Challenge de Catalunya,T50,Challenge Tour,Le Vaudreuil Golf Challenge,T59,-2.84,-0.72
BERRY,BRANDON,KFT,Korn Ferry Tour,Visit Knoxville Open,1,Korn Ferry Tour,UNC Health Championship,T29,Korn Ferry Tour,BMW Charity Pro-Am Presented by TD SYNNEX,1,Korn Ferry Tour,OccuNet Classic presented by Amarillo National Bank,CUT,Korn Ferry Tour,Memorial Health Championship presented by LRS,CUT,-2.89,-0.99
KIZZIRE,PATTON,PGA,PGA Tour,ONEflight Myrtle Beach Classic,CUT,PGA Tour,THE CJ CUP Byron Nelson,CUT,PGA Tour,Charles Schwab Challenge,CUT,PGA Tour,RBC Canadian Open,CUT,PGA Tour,John Deere Classic,CUT,-3.05,-2.06
YULE,JACK,DPT,DP World Tour,Soudal Open,T50,DP World Tour,Austrian Alpine Open presented by Kitzbühel Tirol,CUT,DP World Tour,KLM Open,CUT,DP World Tour,English Open supported by HotelPlanner,CUT,Challenge Tour,BMW International Open,CUT,-3.16,-0.4
LEVIN,SPENCER,KFT,Korn Ferry Tour,Colonial Life Charity Classic,CUT,Korn Ferry Tour,Visit Knoxville Open,CUT,Korn Ferry Tour,BMW Charity Pro-Am Presented by TD SYNNEX,CUT,Korn Ferry Tour,OccuNet Classic presented by Amarillo National Bank,WD,Korn Ferry Tour,Memorial Health Championship presented by LRS,CUT,-3.24,-1.03
WINSTEAD,TREY,KFT,Korn Ferry Tour,Visit Knoxville Open,1,Korn Ferry Tour,UNC Health Championship,CUT,Korn Ferry Tour,BMW Charity Pro-Am Presented by TD SYNNEX,T62,Korn Ferry Tour,OccuNet Classic presented by Amarillo National Bank,CUT,Korn Ferry Tour,Memorial Health Championship presented by LRS,1,-3.3,-1.32
SONG,JAMES,KFT,Korn Ferry Tour,Colonial Life Charity Classic,1,Korn Ferry Tour,Visit Knoxville Open,T84,Korn Ferry Tour,UNC Health Championship,1,Korn Ferry Tour,BMW Charity Pro-Am Presented by TD SYNNEX,T62,Korn Ferry Tour,OccuNet Classic presented by Amarillo National Bank,CUT,-3.31,0.38
HIGGINS,ROBBIE,KFT,Korn Ferry Tour,Visit Knoxville Open,1,Korn Ferry Tour,UNC Health Championship,T29,Korn Ferry Tour,BMW Charity Pro-Am Presented by TD SYNNEX,1,Korn Ferry Tour,OccuNet Classic presented by Amarillo National Bank,CUT,Korn Ferry Tour,U.S. Open,CUT,-3.46,-0.82
PALMER,RYAN,PGA,PGA Tour,THE CJ CUP Byron Nelson,CUT,PGA Tour,Charles Schwab Challenge,CUT,PGA Tour,OccuNet Classic presented by Amarillo National Bank,CUT,Korn Ferry Tour,DS Automobiles 83° Open d’Italia,CUT,DP World Tour,BMW International Open,CUT,-3.72,-0.94
KIM,BAEKJUN,KOR,KPGA Korean Tour,KPGA Gyeongbuk Open,T59,KPGA Korean Tour,Kolon The 68th KOREA Open,T58,ASA,The 69th KPGA Championship with A-ONE CC,60,KPGA Korean Tour,Hana Bank Invitational,CUT,KPGA Korean Tour,KPGA Gunsan CC Open,CUT,-3.77,-1.8
TOOROP,MIKE,DPT,DP World Tour,Austrian Alpine Open presented by Kitzbühel Tirol,CUT,DP World Tour,KLM Open,CUT,DP World Tour,English Open supported by HotelPlanner,CUT,Challenge Tour,DS Automobiles 83° Open d’Italia,CUT,DP World Tour,BMW International Open,T52,-3.83,-1.2
STEWART,DILLON,KFT,Korn Ferry Tour,Colonial Life Charity Classic,CUT,Korn Ferry Tour,Visit Knoxville Open,CUT,Korn Ferry Tour,BMW Charity Pro-Am Presented by TD SYNNEX,1,Korn Ferry Tour,OccuNet Classic presented by Amarillo National Bank,1,Korn Ferry Tour,Blue Cross and Blue Shield of Kansas Wichita Open presented by Syndeo,CUT,-4.17,-2.09
MCKINNEY,CONNOR,DPT,DP World Tour,Soudal Open,CUT,DP World Tour,Austrian Alpine Open presented by Kitzbühel Tirol,CUT,DP World Tour,KLM Open,CUT,DP World Tour,DS Automobiles 83° Open d’Italia,CUT,DP World Tour,BMW International Open,CUT,-4.27,-1.79
BERRY,JOSHUA,DPT,DP World Tour,Estrella Damm Catalunya Championship,CUT,DP World Tour,Soudal Open,CUT,DP World Tour,Austrian Alpine Open presented by Kitzbühel Tirol,CUT,DP World Tour,DS Automobiles 83° Open d’Italia,CUT,DP World Tour,BMW International Open,CUT,-4.31,-1.77
MATTHEWS,BRANDON,KFT,Korn Ferry Tour,Astara Chile Classic presented by Scotiabank,1,Korn Ferry Tour,Club Car Championship at The Landings Golf & Athletic Club,77,Korn Ferry Tour,LECOM Suncoast Classic,1,Korn Ferry Tour,Tulum Championship at PGA Riviera Maya,CUT,Korn Ferry Tour,BMW Charity Pro-Am Presented by TD SYNNEX,CUT,-4.52,-0.03
