playerid,playername,firstname,lastname,worldrank,main_tour,datadepthclass,baselineconfidenceband,neutralskillsg,neutralskillindex,venuefitscore,venuefitdelta,venuefitconfidenceband,venue_history_rounds,venue_history_sg_total,venuehistorydelta,venuehistoryconfidenceband,prepenaltyvts,blendclass,blendweightsused,debutflag,debutclass,debutpenaltyapplied,antipatternflags,antipatternpenaltytotal,antipattern_penalty_bomb_and_spray,antipattern_penalty_short_and_wild,antipattern_penalty_long_iron_liability,antipattern_penalty_weak_tight_runoff,antipattern_penalty_poor_lag_putting,formscore_adjusted,recentformindex,form_vs_neutralskill,recentformgateapplied,recentformgate_reason,form_delta_vts,injuryflag,healthgatestatus,healthgatereason,health_delta_vts,playervarianceband,volatilityindex,venuevarianceclass,vtsfinal_raw,vtsfinal,tier,tierreason,tier_gate_flag,tier_gate_reason,winpct,top3pct,top5pct,top10pct,top20pct,makecutpct,misscutpct,primary_trait_driver,primary_risk_trait,trait_summary_label,tracenotes
1,"SCHEFFLER, SCOTTIE",Scottie,Scheffler,1.0,PGA Tour,deep,high,3.2,100.0,97.21721316447916,-2.782786835520838,high,0,0.0,0.0,low,99.0260246075677,Neutral+Venue,"{""neutral"": 0.65, ""venuefit"": 0.35, ""venuehistory"": 0.0}",False,,0.0,,0.0,0.0,0.0,0.0,0.0,0.0,3.10445,100.0,-0.21,False,,0.0,False,ok,,0.0,low,25.0,high,99.0260246075677,99.0260246075677,1,Elite NeutralSG=3.20 + positive VenueFitDelta=-2.8,False,,0.06587111601234939,0.780110252229686,0.8020402803040504,0.8273344897383271,0.852258189171246,0.8764121244928126,0.12358787550718742,OTT_Distance,APP_200+,OTT_Distance + OTT_Accuracy; weak APP_200+,NeutralSG=3.20; VFD=-2.8; ->Tier1 vtsfinal=99.0
2,"MCILROY, RORY",Rory,McIlroy,2.0,PGA Tour,deep,high,2.3,88.86138613861387,79.82530879661202,-9.036077342001846,high,0,0.0,0.0,low,85.69875906891322,Neutral+Venue,"{""neutral"": 0.65, ""venuefit"": 0.35, ""venuehistory"": 0.0}",False,,0.0,bomb_and_spray;long_iron_liability,-8.72797729638296,-4.465533857468932,0.0,-4.262443438914028,0.0,0.0,2.35915,91.6551115593092,0.13,False,,0.0,False,ok,,0.0,low,25.0,high,59.51482717976434,59.51482717976434,3,"Mid-tier NeutralSG=2.30, moderate fit VFD=-9.0",False,,0.005165045863089879,0.06997169430698026,0.12244237118056023,0.22079879472670988,0.3876701458239415,0.5569035970138075,0.44309640298619246,OTT_Distance,APP_200+,OTT_Distance + OTT_Accuracy; weak APP_200+,NeutralSG=2.30; VFD=-9.0; AP=-8.7VTS (bomb_and_spray;long_iron_liability); ->Tier3 vtsfinal=59.5
3,"RAHM, JON",Jon,Rahm,8.0,LIV Golf,deep,high,2.28,88.61386138613861,84.05004296072774,-4.563818425410872,high,0,0.0,0.0,low,87.01652493724481,Neutral+Venue,"{""neutral"": 0.65, ""venuefit"": 0.35, ""venuehistory"": 0.0}",False,,0.0,,0.0,0.0,0.0,0.0,0.0,0.0,2.371,92.02067313752679,0.2,False,,0.0,False,ok,,0.0,low,25.0,high,87.01652493724481,87.01652493724481,1,Elite NeutralSG=2.28 + positive VenueFitDelta=-4.6,False,,0.034510954839715516,0.5711014965453481,0.6401600749614578,0.7149354012797695,0.7850572026999382,0.8623627148669115,0.13763728513308848,OTT_Distance,APP_200+,OTT_Distance + OTT_Accuracy; weak APP_200+,NeutralSG=2.28; VFD=-4.6; ->Tier1 vtsfinal=87.0
4,"YOUNG, CAMERON",Cameron,Young,3.0,PGA Tour,deep,high,2.15,87.0049504950495,82.83418764027562,-4.1707628547738835,high,0,0.0,0.0,low,85.54518349587863,Neutral+Venue,"{""neutral"": 0.65, ""venuefit"": 0.35, ""venuehistory"": 0.0}",False,,0.0,,0.0,0.0,0.0,0.0,0.0,0.0,2.02715,86.23471574435901,-0.28,False,,0.0,False,ok,,0.0,low,25.0,high,85.54518349587863,85.54518349587863,1,Elite NeutralSG=2.15 + positive VenueFitDelta=-4.2,False,,0.031690282386766015,0.5366479696315005,0.6121461841551002,0.6947093084593493,0.7727295404630441,0.8588796532499058,0.14112034675009422,OTT_Distance,APP_200+,OTT_Distance + OTT_Accuracy; weak APP_200+,NeutralSG=2.15; VFD=-4.2; ->Tier1 vtsfinal=85.5
5,"FITZPATRICK, MATT",Matt,Fitzpatrick,4.0,PGA Tour,deep,high,2.01,85.27227722772277,87.9133697177323,2.6410924900095267,high,0,0.0,0.0,low,86.1966595992261,Neutral+Venue,"{""neutral"": 0.65, ""venuefit"": 0.35, ""venuehistory"": 0.0}",False,,0.0,,0.0,0.0,0.0,0.0,0.0,0.0,1.8371,83.49930669355855,-0.38,False,,-0.38,False,ok,,0.0,low,25.0,high,85.8166595992261,85.8166595992261,1,Elite NeutralSG=2.01 + positive VenueFitDelta=2.6,False,,0.032196326765536146,0.543098863144454,0.6174351497950472,0.6985552876089891,0.7750843086168901,0.8595671807708558,0.1404328192291442,OTT_Accuracy,APP_150-200,OTT_Accuracy + OTT_Distance; weak APP_150-200,NeutralSG=2.01; VFD=2.6; ->Tier1 vtsfinal=85.8
6,"FLEETWOOD, TOMMY",Tommy,Fleetwood,6.0,PGA Tour,deep,high,2.06,85.89108910891089,85.81488684279427,-0.07620226611662417,high,0,0.0,0.0,low,85.86441831577007,Neutral+Venue,"{""neutral"": 0.65, ""venuefit"": 0.35, ""venuehistory"": 0.0}",False,,0.0,,0.0,0.0,0.0,0.0,0.0,0.0,2.1419,89.07096936846087,0.18,False,,0.0,False,ok,,0.0,low,25.0,high,85.86441831577007,85.86441831577007,1,Elite NeutralSG=2.06 + positive VenueFitDelta=-0.1,False,,0.032286016091391555,0.5442296811191624,0.618360131409501,0.6992265516832278,0.7754947646100206,0.8596859438677578,0.14031405613224224,OTT_Accuracy,APP_150-200,OTT_Accuracy + OTT_Distance; weak APP_150-200,NeutralSG=2.06; VFD=-0.1; ->Tier1 vtsfinal=85.9
7,"SCHAUFFELE, XANDER",Xander,Schauffele,12.0,PGA Tour,deep,high,1.89,83.78712871287128,79.21396170818727,-4.573167004684009,high,0,0.0,0.0,low,82.18652026123188,Neutral+Venue,"{""neutral"": 0.65, ""venuefit"": 0.35, ""venuehistory"": 0.0}",False,,0.0,,0.0,0.0,0.0,0.0,0.0,0.0,1.8308499999999999,84.19261313500567,-0.13,False,,0.0,False,ok,,0.0,low,25.0,high,82.18652026123188,82.18652026123188,1,Elite NeutralSG=1.89 + positive VenueFitDelta=-4.6,False,,0.025938882576378643,0.45461621453109835,0.5428445819429754,0.64294825204193,0.7404527387196999,0.8483711641961833,0.1516288358038167,OTT_Distance,MajorGrind,OTT_Distance + OTT_Accuracy; weak MajorGrind,NeutralSG=1.89; VFD=-4.6; ->Tier1 vtsfinal=82.2
8,"ABERG, LUDVIG",Ludvig,Aberg,13.0,PGA Tour,deep,high,1.82,82.92079207920791,78.97175805236897,-3.9490340268389446,high,0,0.0,0.0,low,81.53863016981428,Neutral+Venue,"{""neutral"": 0.65, ""venuefit"": 0.35, ""venuehistory"": 0.0}",False,,0.0,,0.0,0.0,0.0,0.0,0.0,0.0,1.911,86.22211017269633,0.2,False,,0.0,False,ok,,0.0,low,25.0,high,81.53863016981428,81.53863016981428,1,Elite NeutralSG=1.82 + positive VenueFitDelta=-3.9,False,,0.024932472789039307,0.4385835469792038,0.5287986323678904,0.6321080684638979,0.7335350241265449,0.8458487820431243,0.1541512179568757,OTT_Distance,MajorGrind,OTT_Distance + OTT_Accuracy; weak MajorGrind,NeutralSG=1.82; VFD=-3.9; ->Tier1 vtsfinal=81.5
9,"HENLEY, RUSSELL",Russell,Henley,5.0,PGA Tour,deep,high,2.06,85.89108910891089,88.78472094367515,2.893631834764264,high,0,0.0,0.0,low,86.90386025107838,Neutral+Venue,"{""neutral"": 0.65, ""venuefit"": 0.35, ""venuehistory"": 0.0}",False,,0.0,,0.0,0.0,0.0,0.0,0.0,0.0,1.9689999999999999,85.71788730618934,-0.2,False,,0.0,False,ok,,0.0,low,25.0,high,86.90386025107838,86.90386025107838,1,Elite NeutralSG=2.06 + positive VenueFitDelta=2.9,False,,0.03428811725124887,0.5685107051770243,0.6380728453557998,0.7134402935401323,0.7841504786837096,0.8621162787090437,0.13788372129095627,OTT_Accuracy,MajorGrind,OTT_Accuracy + WindTolerance; weak MajorGrind,NeutralSG=2.06; VFD=2.9; ->Tier1 vtsfinal=86.9
10,"KIM, SI WOO",Si Woo,Kim,18.0,PGA Tour,deep,high,1.5,78.96039603960396,83.16881696009058,4.208420920486617,high,0,0.0,0.0,low,80.43334336177428,Neutral+Venue,"{""neutral"": 0.65, ""venuefit"": 0.35, ""venuehistory"": 0.0}",False,,0.0,poor_lag_putting,-1.5099999999999996,0.0,0.0,0.0,0.0,-1.5099999999999996,1.7138499999999999,84.57078028488591,0.47,False,,0.0,False,ok,,0.0,low,25.0,high,75.90334336177428,75.90334336177428,2,"Strong NeutralSG=1.50, solid Shinnecock fit VFD=4.2",False,,0.017428211748127816,0.30451975950193694,0.4029972850188075,0.5282397079306034,0.6636197301940903,0.8145576861971257,0.18544231380287435,OTT_Accuracy,MajorGrind,OTT_Accuracy + WindTolerance; weak MajorGrind,NeutralSG=1.50; VFD=4.2; AP=-1.5VTS (poor_lag_putting); ->Tier2 vtsfinal=75.9
11,"CANTLAY, PATRICK",Patrick,Cantlay,36.0,PGA Tour,deep,high,1.59,80.07425742574257,79.46038817427878,-0.6138692514637967,high,0,0.0,0.0,low,79.85940318773025,Neutral+Venue,"{""neutral"": 0.65, ""venuefit"": 0.35, ""venuehistory"": 0.0}",False,,0.0,,0.0,0.0,0.0,0.0,0.0,0.0,1.84935,86.58767175091391,0.57,False,,0.0,False,ok,,0.0,low,25.0,high,79.85940318773025,79.85940318773025,2,"Strong NeutralSG=1.59, solid Shinnecock fit VFD=-0.6",False,,0.022468733823649768,0.39726366380350886,0.4917164495687041,0.6028330691599253,0.7145330060693154,0.8384091159819973,0.1615908840180027,OTT_Distance,MajorGrind,OTT_Distance + OTT_Accuracy; weak MajorGrind,NeutralSG=1.59; VFD=-0.6; ->Tier2 vtsfinal=79.9
12,"BURNS, SAM",Sam,Burns,30.0,PGA Tour,deep,high,1.6,80.19801980198021,74.56996047010487,-5.628059331875335,high,0,0.0,0.0,low,78.22819903582383,Neutral+Venue,"{""neutral"": 0.65, ""venuefit"": 0.35, ""venuehistory"": 0.0}",False,,0.0,bomb_and_spray;weak_tight_runoff,-6.1106549889320885,-3.9067714937864575,0.0,0.0,-2.203883495145631,0.0,1.6454999999999997,82.5664943905206,0.11,False,,0.0,False,ok,,0.0,low,25.0,high,59.89623406902757,59.89623406902757,3,"Mid-tier NeutralSG=1.60, moderate fit VFD=-5.6",False,,0.005332684432796876,0.07272752090480075,0.12653335549082767,0.22656850371871542,0.3944174916852871,0.566219712346499,0.43378028765350096,PUTT_LagCtrl,MajorGrind,PUTT_LagCtrl + OTT_Distance; weak MajorGrind,NeutralSG=1.60; VFD=-5.6; AP=-6.1VTS (bomb_and_spray;weak_tight_runoff); ->Tier3 vtsfinal=59.9
13,"SPAUN, J.J.",J.J.,Spaun,9.0,PGA Tour,deep,high,1.64,80.69306930693068,84.5343183434428,3.8412490365121243,high,0,0.0,0.0,low,82.03750646970992,Neutral+Venue,"{""neutral"": 0.65, ""venuefit"": 0.35, ""venuehistory"": 0.0}",False,,0.0,poor_lag_putting,-1.3233333333333335,0.0,0.0,0.0,0.0,-1.3233333333333335,1.81745,85.6296483045506,0.39,False,,0.0,False,ok,,0.0,low,25.0,high,78.06750646970993,78.06750646970993,2,"Strong NeutralSG=1.64, solid Shinnecock fit VFD=3.8",False,,0.020058563962115618,0.35416060480697736,0.4515188898003375,0.5699021559590168,0.6925357008259002,0.8288266078547096,0.17117339214529037,OTT_Accuracy,PUTT_LagCtrl,OTT_Accuracy + OTT_Distance; weak PUTT_LagCtrl,NeutralSG=1.64; VFD=3.8; AP=-1.3VTS (poor_lag_putting); ->Tier2 vtsfinal=78.1
14,"MCNEALY, MAVERICK",Maverick,McNealy,37.0,PGA Tour,deep,high,1.53,79.33168316831683,73.67114071141253,-5.660542456904295,high,0,0.0,0.0,low,77.35049330840033,Neutral+Venue,"{""neutral"": 0.65, ""venuefit"": 0.35, ""venuehistory"": 0.0}",False,,0.0,bomb_and_spray,-3.910423535379153,-3.910423535379153,0.0,0.0,0.0,0.0,1.55275,81.24290936593975,0.05,False,,0.0,False,ok,,0.0,low,25.0,high,65.61922270226287,65.61922270226287,2,"Strong NeutralSG=1.53, solid Shinnecock fit VFD=-5.7",False,,0.008415960842256478,0.1274595289661019,0.20229368572577963,0.32422692558517147,0.496974262903101,0.6883746745277116,0.3116253254722884,ARG_TightRunoff,MajorGrind,ARG_TightRunoff + OTT_Distance; weak MajorGrind,NeutralSG=1.53; VFD=-5.7; AP=-3.9VTS (bomb_and_spray); ->Tier2 vtsfinal=65.6
15,"MORIKAWA, COLLIN",Collin,Morikawa,10.0,PGA Tour,deep,high,1.33,76.85643564356435,82.72560520893262,5.869169565368267,high,0,0.0,0.0,low,78.91064499144325,Neutral+Venue,"{""neutral"": 0.65, ""venuefit"": 0.35, ""venuehistory"": 0.0}",False,,0.0,poor_lag_putting,-1.3100000000000003,0.0,0.0,0.0,0.0,-1.3100000000000003,1.41645,79.9571410563469,0.19,False,,0.0,False,ok,,0.0,low,25.0,high,74.98064499144324,74.98064499144324,2,"Strong NeutralSG=1.33, solid Shinnecock fit VFD=5.9",False,,0.016394348312529717,0.28441685686054946,0.3825759620049837,0.5099986878418625,0.6505305141879315,0.8074415083800156,0.1925584916199844,OTT_Accuracy,MajorGrind,OTT_Accuracy + WindTolerance; weak MajorGrind,NeutralSG=1.33; VFD=5.9; AP=-1.3VTS (poor_lag_putting); ->Tier2 vtsfinal=75.0
16,"GOTTERUP, CHRIS",Chris,Gotterup,11.0,PGA Tour,deep,high,1.54,79.45544554455446,73.87968526453147,-5.57576028002299,high,0,0.0,0.0,low,77.50392944654642,Neutral+Venue,"{""neutral"": 0.65, ""venuefit"": 0.35, ""venuehistory"": 0.0}",False,,0.0,bomb_and_spray;long_iron_liability,-8.522595400750285,-4.162414405275172,0.0,-4.360180995475114,0.0,0.0,1.5581999999999998,81.28072608092776,0.04,False,,0.0,False,ok,,0.0,low,25.0,high,51.936143244295565,51.936143244295565,3,"Mid-tier NeutralSG=1.54, moderate fit VFD=-5.6",False,,0.0026139470016789245,0.03179790087921857,0.06185572032006929,0.1270376209594993,0.26290825507777604,0.36036553590071374,0.6396344640992863,OTT_Distance,APP_200+,OTT_Distance + OTT_Accuracy; weak APP_200+,NeutralSG=1.54; VFD=-5.6; AP=-8.5VTS (bomb_and_spray;long_iron_liability); ->Tier3 vtsfinal=51.9
17,"ENGLISH, HARRIS",Harris,English,22.0,PGA Tour,deep,high,1.43,78.09405940594058,74.22163466406491,-3.872424741875676,high,0,0.0,0.0,low,76.7387107462841,Neutral+Venue,"{""neutral"": 0.65, ""venuefit"": 0.35, ""venuehistory"": 0.0}",False,,0.0,,0.0,0.0,0.0,0.0,0.0,0.0,1.49825,80.86474221605951,0.15,False,,0.0,False,ok,,0.0,low,25.0,high,76.7387107462841,76.7387107462841,2,"Strong NeutralSG=1.43, solid Shinnecock fit VFD=-3.9",False,,0.018408601258073587,0.3232999374327507,0.4216585543375521,0.5445303844156794,0.6750817614556837,0.8204482051201543,0.17955179487984574,PUTT_LagCtrl,MajorGrind,PUTT_LagCtrl + ARG_TightRunoff; weak MajorGrind,NeutralSG=1.43; VFD=-3.9; ->Tier2 vtsfinal=76.7
18,"CLARK, WYNDHAM",Wyndham,Clark,34.0,PGA Tour,deep,high,1.09,73.88613861386139,76.27012972181012,2.383991107948731,high,0,0.0,0.0,low,74.72053550164344,Neutral+Venue,"{""neutral"": 0.65, ""venuefit"": 0.35, ""venuehistory"": 0.0}",False,,0.0,bomb_and_spray,-3.9579000760842,-3.9579000760842,0.0,0.0,0.0,0.0,1.6542,86.19689902937098,1.24,False,,1.8599999999999999,False,ok,,0.0,high,75.0,high,64.70683527339084,64.70683527339084,3,"Mid-tier NeutralSG=1.09, moderate fit VFD=2.4",False,,0.00941630120195291,0.14283966739083243,0.23019969623883066,0.37570739506244266,0.5874921405874565,0.7832988884274446,0.21670111157255545,ARG_TightRunoff,MajorGrind,ARG_TightRunoff + ARG_Bunker; weak MajorGrind,NeutralSG=1.09; VFD=2.4; AP=-4.0VTS (bomb_and_spray); ->Tier3 vtsfinal=64.7
19,"DECHAMBEAU, BRYSON",Bryson,DeChambeau,32.0,LIV Golf,medium,medium,1.15,74.62871287128712,68.26523414764468,-6.363478723642444,medium,0,0.0,0.0,low,72.40149531801227,Neutral+Venue,"{""neutral"": 0.65, ""venuefit"": 0.35, ""venuehistory"": 0.0}",False,,0.0,bomb_and_spray;long_iron_liability;weak_tight_runoff,-9.0,-4.0656353030687296,0.0,-4.41447963800905,-2.432732316227462,0.0,1.0369,73.81822765662423,-0.3,False,,0.0,False,ok,,0.0,medium,50.0,high,45.401495318012266,45.401495318012266,4,"Below-avg skill or venue mismatch VFD=-6.4, AP=-9.0",False,,0.0014678841027913146,0.017535522364913313,0.036974533369282754,0.08364168654570345,0.1965685922134969,0.23504971507073466,0.7649502849292653,OTT_Distance,APP_200+,OTT_Distance + OTT_Accuracy; weak APP_200+,NeutralSG=1.15; VFD=-6.4; AP=-9.0VTS (bomb_and_spray;long_iron_liability;weak_tight_runoff); ->Tier4 vtsfinal=45.4
20,"SCOTT, ADAM",Adam,Scott,49.0,PGA Tour,deep,high,1.18,75.0,76.22875297295398,1.2287529729539841,high,0,0.0,0.0,low,75.4300635405339,Neutral+Venue,"{""neutral"": 0.65, ""venuefit"": 0.35, ""venuehistory"": 0.0}",False,,0.0,bomb_and_spray,-4.140502155718996,-4.140502155718996,0.0,0.0,0.0,0.0,1.3028499999999998,78.77221732005546,0.27,False,,0.0,False,ok,,0.0,low,25.0,high,63.008557073376906,63.008557073376906,3,"Mid-tier NeutralSG=1.18, moderate fit VFD=1.2",False,,0.0068698296639465185,0.09914833135081777,0.164297865783429,0.27724916827446605,0.45015402731476917,0.637151052977643,0.36284894702235704,OTT_Distance,MajorGrind,OTT_Distance + OTT_Accuracy; weak MajorGrind,NeutralSG=1.18; VFD=1.2; AP=-4.1VTS (bomb_and_spray); ->Tier3 vtsfinal=63.0
21,"THOMAS, JUSTIN",Justin,Thomas,16.0,PGA Tour,medium,medium,1.04,73.26732673267327,72.24700902765122,-1.0203177050220518,medium,0,0.0,0.0,low,72.91021553591555,Neutral+Venue,"{""neutral"": 0.65, ""venuefit"": 0.35, ""venuehistory"": 0.0}",False,,0.0,bomb_and_spray;poor_lag_putting,-5.141525910896949,-3.8848592442302814,0.0,0.0,0.0,-1.2566666666666673,1.4495,82.5664943905206,1.06,False,,1.59,False,ok,,0.0,high,75.0,high,59.07563780322471,59.07563780322471,3,"Mid-tier NeutralSG=1.04, moderate fit VFD=-1.0",False,,0.0059727129069512335,0.08178747396594833,0.14406363696132077,0.26189642336663527,0.46436624575501767,0.6370421117376315,0.3629578882623685,ARG_TightRunoff,MajorGrind,ARG_TightRunoff + ARG_Bunker; weak MajorGrind,NeutralSG=1.04; VFD=-1.0; AP=-5.1VTS (bomb_and_spray;poor_lag_putting); ->Tier3 vtsfinal=59.1
22,"KNAPP, JAKE",Jake,Knapp,43.0,PGA Tour,medium,medium,1.76,82.17821782178217,71.39374048525309,-10.78447733652908,medium,0,0.0,0.0,low,78.403650753997,Neutral+Venue,"{""neutral"": 0.65, ""venuefit"": 0.35, ""venuehistory"": 0.0}",False,,0.0,long_iron_liability,-4.349321266968325,0.0,0.0,-4.349321266968325,0.0,0.0,1.7248999999999999,83.02029497037691,-0.09,False,,0.0,False,ok,,0.0,medium,50.0,high,65.35568695309202,65.35568695309202,2,"Strong NeutralSG=1.76, solid Shinnecock fit VFD=-10.8",False,,0.009073146068617751,0.13813413601373659,0.22021201106925842,0.35480410256747213,0.5469747944076283,0.7595281024080371,0.24047189759196286,PUTT_LagCtrl,MajorGrind,PUTT_LagCtrl + OTT_Distance; weak MajorGrind,NeutralSG=1.76; VFD=-10.8; AP=-4.3VTS (long_iron_liability); ->Tier2 vtsfinal=65.4
23,"HOVLAND, VIKTOR",Viktor,Hovland,28.0,PGA Tour,deep,high,1.48,78.7128712871287,82.30235250147729,3.589481214348581,high,0,0.0,0.0,low,79.96918971215071,Neutral+Venue,"{""neutral"": 0.65, ""venuefit"": 0.35, ""venuehistory"": 0.0}",False,,0.0,,0.0,0.0,0.0,0.0,0.0,0.0,1.39355,78.49489474347662,-0.18,False,,0.0,False,ok,,0.0,low,25.0,high,79.96918971215071,79.96918971215071,2,"Strong NeutralSG=1.48, solid Shinnecock fit VFD=3.6",False,,0.022623603243075552,0.3999454273338923,0.4941641476099942,0.6047964970851913,0.715822926613463,0.8389382856405754,0.16106171435942462,WindTolerance,MajorGrind,WindTolerance + OTT_Accuracy; weak MajorGrind,NeutralSG=1.48; VFD=3.6; ->Tier2 vtsfinal=80.0
24,"GRIFFIN, BEN",Ben,Griffin,15.0,PGA Tour,deep,high,1.45,78.34158415841584,76.15746532680596,-2.1841188316098794,high,0,0.0,0.0,low,77.57714256735238,Neutral+Venue,"{""neutral"": 0.65, ""venuefit"": 0.35, ""venuehistory"": 0.0}",False,,0.0,,0.0,0.0,0.0,0.0,0.0,0.0,1.4090500000000001,78.9991176099836,-0.08,False,,0.0,False,ok,,0.0,low,25.0,high,77.57714256735238,77.57714256735238,2,"Strong NeutralSG=1.45, solid Shinnecock fit VFD=-2.2",False,,0.019436461082308048,0.3426435435951288,0.4404871252081877,0.5606242154721952,0.6862070539689791,0.8258697057655414,0.17413029423445858,ARG_TightRunoff,MajorGrind,ARG_TightRunoff + ARG_Bunker; weak MajorGrind,NeutralSG=1.45; VFD=-2.2; ->Tier2 vtsfinal=77.6
25,"KITAYAMA, KURT",Kurt,Kitayama,31.0,PGA Tour,deep,high,1.29,76.36138613861387,76.71996361069569,0.35857747208181934,high,0,0.0,0.0,low,76.4868882538425,Neutral+Venue,"{""neutral"": 0.65, ""venuefit"": 0.35, ""venuehistory"": 0.0}",False,,0.0,weak_tight_runoff,-2.31622746185853,0.0,0.0,0.0,-2.31622746185853,0.0,1.5812,83.42367326358251,0.64,False,,0.0,False,ok,,0.0,low,25.0,high,69.5382058682669,69.5382058682669,2,"Strong NeutralSG=1.29, solid Shinnecock fit VFD=0.4",False,,0.011247751301364666,0.18224194712732514,0.2702114337968935,0.40035160404324294,0.5650759736095511,0.7498494330393705,0.25015056696062954,OTT_Distance,MajorGrind,OTT_Distance + OTT_Accuracy; weak MajorGrind,NeutralSG=1.29; VFD=0.4; AP=-2.3VTS (weak_tight_runoff); ->Tier2 vtsfinal=69.5
26,"LOWRY, SHANE",Shane,Lowry,44.0,PGA Tour,deep,high,1.04,73.26732673267327,75.51561339717888,2.2482866645056134,high,0,0.0,0.0,low,74.05422706525023,Neutral+Venue,"{""neutral"": 0.65, ""venuefit"": 0.35, ""venuehistory"": 0.0}",False,,0.0,weak_tight_runoff,-2.361997226074896,0.0,0.0,0.0,-2.361997226074896,0.0,1.13555,76.47800327744864,0.21,False,,0.0,False,ok,,0.0,low,25.0,high,66.96823538702554,66.96823538702554,2,"Strong NeutralSG=1.04, solid Shinnecock fit VFD=2.2",False,,0.009317353549342827,0.1445735429862953,0.22423067503731062,0.34981314526310187,0.5208343427274266,0.7116158371020567,0.28838416289794333,OTT_Distance,MajorGrind,OTT_Distance + OTT_Accuracy; weak MajorGrind,NeutralSG=1.04; VFD=2.2; AP=-2.4VTS (weak_tight_runoff); ->Tier2 vtsfinal=67.0
27,"GERARD, RYAN",Ryan,Gerard,23.0,PGA Tour,deep,high,0.88,71.28712871287128,73.4902749278444,2.203146214973117,high,0,0.0,0.0,low,72.05822988811187,Neutral+Venue,"{""neutral"": 0.65, ""venuefit"": 0.35, ""venuehistory"": 0.0}",False,,0.0,weak_tight_runoff,-2.3869625520110955,0.0,0.0,0.0,-2.3869625520110955,0.0,1.11205,77.10828186058238,0.51,False,,0.0,False,ok,,0.0,low,25.0,high,64.89734223207859,64.89734223207859,3,"Mid-tier NeutralSG=0.88, moderate fit VFD=2.2",False,,0.007963112561596162,0.11901645139986683,0.191198136101838,0.310876685744595,0.48408674043297,0.675026958857113,0.32497304114288705,OTT_Accuracy,MajorGrind,OTT_Accuracy + OTT_Distance; weak MajorGrind,NeutralSG=0.88; VFD=2.2; AP=-2.4VTS (weak_tight_runoff); ->Tier3 vtsfinal=64.9
28,"NOREN, ALEX",Alex,Noren,20.0,PGA Tour,deep,high,1.32,76.73267326732673,79.32280544445427,2.5901321771275434,high,0,0.0,0.0,low,77.63921952932137,Neutral+Venue,"{""neutral"": 0.65, ""venuefit"": 0.35, ""venuehistory"": 0.0}",False,,0.0,,0.0,0.0,0.0,0.0,0.0,0.0,1.37915,79.30165132988782,0.13,False,,0.0,False,ok,,0.0,low,25.0,high,77.63921952932137,77.63921952932137,2,"Strong NeutralSG=1.32, solid Shinnecock fit VFD=2.6",False,,0.019514350582090046,0.34409367855272194,0.44188331979711265,0.5618044923308935,0.6870155165220883,0.8262525274501918,0.17374747254980816,PUTT_LagCtrl,APP_150-200,PUTT_LagCtrl + ARG_TightRunoff; weak APP_150-200,NeutralSG=1.32; VFD=2.6; ->Tier2 vtsfinal=77.6
29,"MACINTYRE, ROBERT",Robert,MacIntyre,17.0,PGA Tour,deep,high,1.51,79.08415841584157,72.95472774177117,-6.129430674070406,high,0,0.0,0.0,low,76.93885767991694,Neutral+Venue,"{""neutral"": 0.65, ""venuefit"": 0.35, ""venuehistory"": 0.0}",False,,0.0,,0.0,0.0,0.0,0.0,0.0,0.0,1.0004,70.6668347409555,-1.12,True,Last20 vs baseline = -1.12 SG (threshold -1.0),-2.24,False,ok,,0.0,high,75.0,high,74.69885767991694,74.69885767991694,2,"Strong NeutralSG=1.51, solid Shinnecock fit VFD=-6.1; form-gated",False,,0.019306313166258984,0.3402930390630579,0.4600341119115431,0.616470241747236,0.7900997238643919,0.9393224037084051,0.06067759629159486,ARG_TightRunoff,APP_FlightCtrl,ARG_TightRunoff + PUTT_LagCtrl; weak APP_FlightCtrl,NeutralSG=1.51; VFD=-6.1; form-gate(-1.12); ->Tier2 vtsfinal=74.7
30,"LEE, MIN WOO",Min Woo,Lee,35.0,PGA Tour,deep,high,1.12,74.25742574257426,68.98230476116181,-5.275120981412442,high,0,0.0,0.0,low,72.4111333990799,Neutral+Venue,"{""neutral"": 0.65, ""venuefit"": 0.35, ""venuehistory"": 0.0}",False,,0.0,long_iron_liability,-4.490497737556561,0.0,0.0,-4.490497737556561,0.0,0.0,0.8743000000000001,70.8685238875583,-0.54,False,,-0.54,False,ok,,0.0,low,25.0,high,58.39964018641022,58.39964018641022,3,"Mid-tier NeutralSG=1.12, moderate fit VFD=-5.3",False,,0.0046989319406064356,0.06245436745421442,0.11111683824871213,0.2045048441736387,0.36811568008768536,0.5290433994339335,0.4709566005660665,ARG_TightRunoff,MajorGrind,ARG_TightRunoff + OTT_Distance; weak MajorGrind,NeutralSG=1.12; VFD=-5.3; AP=-4.5VTS (long_iron_liability); ->Tier3 vtsfinal=58.4
31,"ROSE, JUSTIN",Justin,Rose,7.0,PGA Tour,deep,high,1.44,78.21782178217822,80.33965984504069,2.121838062862466,high,0,0.0,0.0,low,78.96046510418009,Neutral+Venue,"{""neutral"": 0.65, ""venuefit"": 0.35, ""venuehistory"": 0.0}",False,,0.0,,0.0,0.0,0.0,0.0,0.0,0.0,1.2489,75.96117483927895,-0.42,False,,-0.42,False,ok,,0.0,low,25.0,high,78.54046510418009,78.54046510418009,2,"Strong NeutralSG=1.44, solid Shinnecock fit VFD=2.1",False,,0.02067357775836963,0.36539507763588047,0.4621575056230009,0.5787481180774544,0.698514295079156,0.8315368322895517,0.16846316771044834,OTT_Distance,APP_FlightCtrl,OTT_Distance + OTT_Accuracy; weak APP_FlightCtrl,NeutralSG=1.44; VFD=2.1; ->Tier2 vtsfinal=78.5
32,"REED, PATRICK",Patrick,Reed,27.0,DP World Tour,deep,high,0.97,72.4009900990099,79.6706526596638,7.269662560653899,high,0,0.0,0.0,low,74.94537199523877,Neutral+Venue,"{""neutral"": 0.65, ""venuefit"": 0.35, ""venuehistory"": 0.0}",False,,0.0,,0.0,0.0,0.0,0.0,0.0,0.0,1.3249,80.62523635446868,0.77,False,,0.0,False,ok,,0.0,low,25.0,high,74.94537199523877,74.94537199523877,2,"Strong NeutralSG=0.97, solid Shinnecock fit VFD=7.3",False,,0.0163558227726646,0.28366259157065327,0.3818003421377554,0.5092969594721604,0.6500213617951565,0.8071561398368833,0.19284386016311672,OTT_Distance,APP_FlightCtrl,OTT_Distance + OTT_Accuracy; weak APP_FlightCtrl,NeutralSG=0.97; VFD=7.3; ->Tier2 vtsfinal=74.9
33,"MATSUYAMA, HIDEKI",Hideki,Matsuyama,24.0,PGA Tour,deep,high,1.32,76.73267326732673,80.4428518684139,3.710178601087165,high,0,0.0,0.0,low,78.03123577770724,Neutral+Venue,"{""neutral"": 0.65, ""venuefit"": 0.35, ""venuehistory"": 0.0}",False,,0.0,short_and_wild;poor_lag_putting,-3.2566666666666673,0.0,-2.0,0.0,0.0,-1.2566666666666673,0.8286,68.62473213160217,-1.08,True,Last20 vs baseline = -1.08 SG (threshold -1.0),-2.16,False,ok,,0.0,high,75.0,high,66.10123577770725,66.10123577770725,2,"Strong NeutralSG=1.32, solid Shinnecock fit VFD=3.7; form-gated",False,,0.010475564569365088,0.1630095829893116,0.25660914211460795,0.40734057988066824,0.6178793619933061,0.8130893306721204,0.18691066932787959,ARG_TightRunoff,MajorGrind,ARG_TightRunoff + ARG_Bunker; weak MajorGrind,NeutralSG=1.32; VFD=3.7; AP=-3.3VTS (short_and_wild;poor_lag_putting); form-gate(-1.08); ->Tier2 vtsfinal=66.1
34,"FITZPATRICK, ALEX",Alex,Fitzpatrick,69.0,PGA Tour,deep,high,0.43,65.7178217821782,69.72057307135991,4.0027512891817025,high,0,0.0,0.0,low,67.1187847333918,Neutral+Venue,"{""neutral"": 0.65, ""venuefit"": 0.35, ""venuehistory"": 0.0}",False,,0.0,,0.0,0.0,0.0,0.0,0.0,0.0,1.1216000000000002,80.34791377788983,1.52,False,,2.2800000000000002,False,ok,,0.0,high,75.0,high,69.3987847333918,69.3987847333918,2,"Strong NeutralSG=0.43, solid Shinnecock fit VFD=4.0",False,,0.013362535478860427,0.22002828135879512,0.32704535146614827,0.4859123604616415,0.6877776665859487,0.8726346446669092,0.1273653553330908,ARG_TightRunoff,APP_150-200,ARG_TightRunoff + OTT_Accuracy; weak APP_150-200,NeutralSG=0.43; VFD=4.0; ->Tier2 vtsfinal=69.4
35,"SMALLEY, ALEX",Alex,Smalley,42.0,PGA Tour,deep,high,0.73,69.43069306930693,69.30831630451861,-0.12237676478831361,high,0,0.0,0.0,low,69.38786120163101,Neutral+Venue,"{""neutral"": 0.65, ""venuefit"": 0.35, ""venuehistory"": 0.0}",False,,0.0,weak_tight_runoff,-2.253814147018031,0.0,0.0,0.0,-2.253814147018031,0.0,1.09855,77.86461616034288,0.8,False,,0.0,False,ok,,0.0,low,25.0,high,62.62641876057692,62.62641876057692,3,"Mid-tier NeutralSG=0.73, moderate fit VFD=-0.1",False,,0.006664018381131229,0.09550006680854314,0.15922768865465953,0.2706951889881635,0.44327603817141287,0.628985151509195,0.371014848490805,OTT_Distance,MajorGrind,OTT_Distance + OTT_Accuracy; weak MajorGrind,NeutralSG=0.73; VFD=-0.1; AP=-2.3VTS (weak_tight_runoff); ->Tier3 vtsfinal=62.6
36,"REITAN, KRISTOFFER",Kristoffer,Reitan,26.0,PGA Tour,deep,high,0.93,71.9059405940594,67.78850563913781,-4.117434954921592,high,0,0.0,0.0,low,70.46483835983685,Neutral+Venue,"{""neutral"": 0.65, ""venuefit"": 0.35, ""venuehistory"": 0.0}",False,,0.0,long_iron_liability;weak_tight_runoff,-6.26303085834782,0.0,0.0,-3.980090497737556,-2.2829403606102634,0.0,1.3941000000000003,82.23874952729106,1.03,False,,1.545,False,ok,,0.0,high,75.0,high,53.22074578479339,53.22074578479339,3,"Mid-tier NeutralSG=0.93, moderate fit VFD=-4.1",False,,0.0035443314171223262,0.04452403399323079,0.08516227706148531,0.17133420259280197,0.3451972800442703,0.45918852117311804,0.540811478826882,OTT_Distance,APP_FlightCtrl,OTT_Distance + OTT_Accuracy; weak APP_FlightCtrl,NeutralSG=0.93; VFD=-4.1; AP=-6.3VTS (long_iron_liability;weak_tight_runoff); ->Tier3 vtsfinal=53.2
37,"HATTON, TYRRELL",Tyrrell,Hatton,21.0,LIV Golf,deep,high,0.96,72.27722772277228,73.08186318523624,0.8046354624639633,high,0,0.0,0.0,low,72.55885013463467,Neutral+Venue,"{""neutral"": 0.65, ""venuefit"": 0.35, ""venuehistory"": 0.0}",False,,0.0,bomb_and_spray;poor_lag_putting,-5.183799983092401,-3.920466649759067,0.0,0.0,0.0,-1.2633333333333336,1.44685,83.05811168536493,1.07,False,,1.605,False,ok,,0.0,high,75.0,high,58.61245018535746,58.61245018535746,3,"Mid-tier NeutralSG=0.96, moderate fit VFD=0.8",False,,0.0057422080983080565,0.07801286166769124,0.1383631684613327,0.2536691532383497,0.4544528763333391,0.6234962047922059,0.3765037952077941,OTT_Distance,MajorGrind,OTT_Distance + OTT_Accuracy; weak MajorGrind,NeutralSG=0.96; VFD=0.8; AP=-5.2VTS (bomb_and_spray;poor_lag_putting); ->Tier3 vtsfinal=58.6
38,"CAULEY, BUD",Bud,Cauley,40.0,PGA Tour,deep,high,0.67,68.68811881188118,73.29214192800788,4.604023116126697,high,0,0.0,0.0,low,70.29952690252553,Neutral+Venue,"{""neutral"": 0.65, ""venuefit"": 0.35, ""venuehistory"": 0.0}",False,,0.0,poor_lag_putting,-1.27,0.0,0.0,0.0,0.0,-1.27,1.1159,78.60834488844068,0.98,False,,0.0,False,ok,,0.0,low,25.0,high,66.48952690252553,66.48952690252553,2,"Strong NeutralSG=0.67, solid Shinnecock fit VFD=4.6",False,,0.008989064818650253,0.13829713211503317,0.2162680556791723,0.3406451854894299,0.5124067221882734,0.7036223697598604,0.29637763024013963,ARG_TightRunoff,MajorGrind,ARG_TightRunoff + OTT_Accuracy; weak MajorGrind,NeutralSG=0.67; VFD=4.6; AP=-1.3VTS (poor_lag_putting); ->Tier2 vtsfinal=66.5
39,"BRADLEY, KEEGAN",Keegan,Bradley,39.0,PGA Tour,deep,high,1.06,73.51485148514851,72.64139759322468,-0.8734538919238304,high,0,0.0,0.0,low,73.20914262297518,Neutral+Venue,"{""neutral"": 0.65, ""venuefit"": 0.35, ""venuehistory"": 0.0}",False,,0.0,,0.0,0.0,0.0,0.0,0.0,0.0,0.9781,73.28879364679189,-0.19,False,,0.0,False,ok,,0.0,low,25.0,high,73.20914262297518,73.20914262297518,2,"Strong NeutralSG=1.06, solid Shinnecock fit VFD=-0.9",False,,0.01454704899798167,0.24793200439657337,0.3442212343685954,0.4744610031101817,0.6241878620810974,0.7918090388966313,0.20819096110336865,ARG_TightRunoff,APP_FlightCtrl,ARG_TightRunoff + ARG_Bunker; weak APP_FlightCtrl,NeutralSG=1.06; VFD=-0.9; ->Tier2 vtsfinal=73.2
40,"SPIETH, JORDAN",Jordan,Spieth,51.0,PGA Tour,deep,high,1.03,73.14356435643565,71.9502769465221,-1.1932874099135518,high,0,0.0,0.0,low,72.7259137629659,Neutral+Venue,"{""neutral"": 0.65, ""venuefit"": 0.35, ""venuehistory"": 0.0}",False,,0.0,bomb_and_spray,-3.88668526502663,-3.88668526502663,0.0,0.0,0.0,0.0,1.03,74.49892852640868,0.0,False,,0.0,False,ok,,0.0,low,25.0,high,61.06585796788601,61.06585796788601,3,"Mid-tier NeutralSG=1.03, moderate fit VFD=-1.2",False,,0.005874090244829242,0.08180549861338456,0.13979463002415488,0.2448759621812759,0.41525473777035155,0.5940043288484635,0.40599567115153645,OTT_Distance,MajorGrind,OTT_Distance + ARG_TightRunoff; weak MajorGrind,NeutralSG=1.03; VFD=-1.2; AP=-3.9VTS (bomb_and_spray); ->Tier3 vtsfinal=61.1
41,"HOJGAARD, NICOLAI",Nicolai,Hojgaard,33.0,PGA Tour,deep,high,1.14,74.5049504950495,70.33564137856166,-4.169309116487838,high,0,0.0,0.0,low,73.04569230427876,Neutral+Venue,"{""neutral"": 0.65, ""venuefit"": 0.35, ""venuehistory"": 0.0}",False,,0.0,bomb_and_spray;long_iron_liability,-8.204249468959826,-4.082982500634035,0.0,-4.121266968325791,0.0,0.0,1.0126,73.41484936341864,-0.28,False,,0.0,False,ok,,0.0,low,25.0,high,48.432943897399284,48.432943897399284,4,"Below-avg skill or venue mismatch VFD=-4.2, AP=-8.2",False,,0.0018435403002434038,0.021876458841571276,0.04447848680457255,0.0963621666483322,0.21392450696941645,0.2753468651975294,0.7246531348024706,OTT_Distance,MajorGrind,OTT_Distance + OTT_Accuracy; weak MajorGrind,NeutralSG=1.14; VFD=-4.2; AP=-8.2VTS (bomb_and_spray;long_iron_liability); ->Tier4 vtsfinal=48.4
42,"PUIG, DAVID",David,Puig,57.0,LIV Golf,deep,high,0.9,71.53465346534654,64.63381992536168,-6.900833539984859,high,0,0.0,0.0,low,69.11936172635184,Neutral+Venue,"{""neutral"": 0.65, ""venuefit"": 0.35, ""venuehistory"": 0.0}",False,,0.0,bomb_and_spray;long_iron_liability,-8.76481582000521,-3.818209485163581,0.0,-4.946606334841629,0.0,0.0,1.0365,75.50737425942266,0.3,False,,0.0,False,ok,,0.0,low,25.0,high,42.82491426633621,42.82491426633621,4,"Below-avg skill or venue mismatch VFD=-6.9, AP=-8.8",False,,0.0009963933241035285,0.011938654258514656,0.025936328994113914,0.060749084417093716,0.14942975118835733,0.1658774999838095,0.8341225000161905,PUTT_LagCtrl,APP_200+,PUTT_LagCtrl + OTT_Distance; weak APP_200+,NeutralSG=0.90; VFD=-6.9; AP=-8.8VTS (bomb_and_spray;long_iron_liability); ->Tier4 vtsfinal=42.8
43,"RAI, AARON",Aaron,Rai,14.0,PGA Tour,deep,high,0.97,72.4009900990099,82.7019108660068,10.300920766996896,high,0,0.0,0.0,low,76.00631236745882,Neutral+Venue,"{""neutral"": 0.65, ""venuefit"": 0.35, ""venuehistory"": 0.0}",False,,0.0,poor_lag_putting,-1.3233333333333335,0.0,0.0,0.0,0.0,-1.3233333333333335,1.2429999999999999,79.03693432497163,0.6,False,,0.0,False,ok,,0.0,low,25.0,high,72.03631236745882,72.03631236745882,2,"Strong NeutralSG=0.97, solid Shinnecock fit VFD=10.3",False,,0.01341855223638483,0.22544015861923794,0.31965741201442616,0.4507353247865677,0.6059217550417925,0.7798936369801286,0.2201063630198714,OTT_Accuracy,APP_150-200,OTT_Accuracy + WindTolerance; weak APP_150-200,NeutralSG=0.97; VFD=10.3; AP=-1.3VTS (poor_lag_putting); ->Tier2 vtsfinal=72.0
44,"BHATIA, AKSHAY",Akshay,Bhatia,29.0,PGA Tour,deep,high,1.07,73.63861386138613,76.25056780172942,2.611953940343284,high,0,0.0,0.0,low,74.55279774050628,Neutral+Venue,"{""neutral"": 0.65, ""venuefit"": 0.35, ""venuehistory"": 0.0}",False,,0.0,,0.0,0.0,0.0,0.0,0.0,0.0,0.8971,71.65006933064416,-0.39,False,,-0.39,False,ok,,0.0,low,25.0,high,74.16279774050628,74.16279774050628,2,"Strong NeutralSG=1.07, solid Shinnecock fit VFD=2.6",False,,0.015519539214066786,0.2672121603632454,0.364706944273361,0.4936588907372684,0.6385624094960759,0.8005607124326106,0.19943928756738938,OTT_Distance,MajorGrind,OTT_Distance + OTT_Accuracy; weak MajorGrind,NeutralSG=1.07; VFD=2.6; ->Tier2 vtsfinal=74.2
45,"BRIDGEMAN, JACOB",Jacob,Bridgeman,25.0,PGA Tour,deep,high,0.95,72.15346534653465,72.67513184446469,0.5216664979300418,high,0,0.0,0.0,low,72.33604862081016,Neutral+Venue,"{""neutral"": 0.65, ""venuefit"": 0.35, ""venuehistory"": 0.0}",False,,0.0,,0.0,0.0,0.0,0.0,0.0,0.0,0.6951999999999999,68.54909870162612,-0.56,False,,-0.56,False,ok,,0.0,low,25.0,high,71.77604862081016,71.77604862081016,2,"Strong NeutralSG=0.95, solid Shinnecock fit VFD=0.5",False,,0.01317789456683818,0.22063735400854936,0.3143132197947143,0.4454651380940286,0.6017846717612264,0.777067923606304,0.22293207639369605,PUTT_LagCtrl,MajorGrind,PUTT_LagCtrl + OTT_Distance; weak MajorGrind,NeutralSG=0.95; VFD=0.5; ->Tier2 vtsfinal=71.8
46,"POSTON, J.T.",J.T.,Poston,38.0,PGA Tour,deep,high,0.76,69.80198019801979,71.66939446784468,1.8674142698248914,high,0,0.0,0.0,low,70.4555751924585,Neutral+Venue,"{""neutral"": 0.65, ""venuefit"": 0.35, ""venuehistory"": 0.0}",False,,0.0,weak_tight_runoff,-2.1789181692094313,0.0,0.0,0.0,-2.1789181692094313,0.0,1.11035,77.88982730366823,0.77,False,,0.0,False,ok,,0.0,low,25.0,high,63.9188206848302,63.9188206848302,3,"Mid-tier NeutralSG=0.76, moderate fit VFD=1.9",False,,0.007380606746633703,0.10833312459090298,0.17687796992508228,0.2932075394612952,0.46653132965398403,0.6559298866817255,0.34407011331827453,OTT_Accuracy,MajorGrind,OTT_Accuracy + OTT_Distance; weak MajorGrind,NeutralSG=0.76; VFD=1.9; AP=-2.2VTS (weak_tight_runoff); ->Tier3 vtsfinal=63.9
47,"KOIVUN, JACKSON",Jackson,Koivun,260.0,Amateur,medium,medium,1.29,76.36138613861387,79.77192968403985,3.4105435454259805,medium,0,0.0,0.0,low,77.55507637951295,Neutral+Venue,"{""neutral"": 0.65, ""venuefit"": 0.35, ""venuehistory"": 0.0}",True,B,-1.75,weak_tight_runoff,-2.2330097087378644,0.0,0.0,0.0,-2.2330097087378644,0.0,1.2315,76.64187570906341,-0.14,False,,0.0,False,ok,,0.0,high,75.0,high,66.48104725329937,66.48104725329937,2,"Strong NeutralSG=1.29, solid Shinnecock fit VFD=3.4; debut-B",False,,0.010780001089437238,0.16889643401751508,0.2641573810463495,0.41614665638239634,0.6260919096748683,0.8207246409465568,0.17927535905344316,PUTT_LagCtrl,MajorGrind,PUTT_LagCtrl + OTT_Accuracy; weak MajorGrind,NeutralSG=1.29; VFD=3.4; debut-B pen=-1.8SG; AP=-2.2VTS (weak_tight_runoff); ->Tier2 vtsfinal=66.5
48,"WOODLAND, GARY",Gary,Woodland,45.0,PGA Tour,deep,high,0.72,69.3069306930693,68.17725400057768,-1.1296766924916284,high,0,0.0,0.0,low,68.91154385069723,Neutral+Venue,"{""neutral"": 0.65, ""venuefit"": 0.35, ""venuehistory"": 0.0}",False,,0.0,long_iron_liability;weak_tight_runoff,-6.48376500712309,0.0,0.0,-4.034389140271494,-2.4493758668515953,0.0,0.9293,74.65019538636078,0.46,False,,0.0,False,ok,,0.0,low,25.0,high,49.46024882932796,49.46024882932796,4,"Below-avg skill or venue mismatch VFD=-1.1, AP=-6.5",False,,0.0020475276851607267,0.024422647342703427,0.04902858155482576,0.10461146125782902,0.22761421680286806,0.29920116416387293,0.700798835836127,PUTT_LagCtrl,APP_200+,PUTT_LagCtrl + OTT_Distance; weak APP_200+,NeutralSG=0.72; VFD=-1.1; AP=-6.5VTS (long_iron_liability;weak_tight_runoff); ->Tier4 vtsfinal=49.5
49,"HALL, HARRY",Harry,Hall,66.0,PGA Tour,deep,high,1.18,75.0,73.79287542889618,-1.2071245711038188,high,0,0.0,0.0,low,74.57750640011366,Neutral+Venue,"{""neutral"": 0.65, ""venuefit"": 0.35, ""venuehistory"": 0.0}",False,,0.0,short_and_wild,-2.0,0.0,-2.0,0.0,0.0,0.0,1.0162,73.21316021681584,-0.36,False,,-0.36,False,ok,,0.0,low,25.0,high,68.21750640011366,68.21750640011366,2,"Strong NeutralSG=1.18, solid Shinnecock fit VFD=-1.2",False,,0.010219449445909108,0.16203629418135765,0.24591535827840014,0.37413574477963163,0.5425749433761983,0.731173701815172,0.26882629818482795,ARG_TightRunoff,MajorGrind,ARG_TightRunoff + ARG_Bunker; weak MajorGrind,NeutralSG=1.18; VFD=-1.2; AP=-2.0VTS (short_and_wild); ->Tier2 vtsfinal=68.2
50,"FOWLER, RICKIE",Rickie,Fowler,41.0,PGA Tour,deep,high,1.22,75.4950495049505,73.93995784126928,-1.5550916636812246,high,0,0.0,0.0,low,74.95076742266207,Neutral+Venue,"{""neutral"": 0.65, ""venuefit"": 0.35, ""venuehistory"": 0.0}",False,,0.0,,0.0,0.0,0.0,0.0,0.0,0.0,1.01525,72.92323206857432,-0.45,False,,-0.45,False,ok,,0.0,low,25.0,high,74.50076742266207,74.50076742266207,2,"Strong NeutralSG=1.22, solid Shinnecock fit VFD=-1.6",False,,0.015876399916908413,0.27424909382295304,0.37206092790540757,0.5004278467053379,0.6435491534535609,0.803471857162663,0.196528142837337,OTT_Accuracy,MajorGrind,OTT_Accuracy + OTT_Distance; weak MajorGrind,NeutralSG=1.22; VFD=-1.6; ->Tier2 vtsfinal=74.5
51,"STRAKA, SEPP",Sepp,Straka,19.0,PGA Tour,deep,high,0.81,70.42079207920791,75.59418325005505,5.17339117084714,high,0,0.0,0.0,low,72.23147898900442,Neutral+Venue,"{""neutral"": 0.65, ""venuefit"": 0.35, ""venuehistory"": 0.0}",False,,0.0,weak_tight_runoff,-2.162274618585298,0.0,0.0,0.0,-2.162274618585298,0.0,0.5643,66.96079667212909,-0.54,False,,-0.54,False,ok,,0.0,low,25.0,high,65.20465513324852,65.20465513324852,2,"Strong NeutralSG=0.81, solid Shinnecock fit VFD=5.2",False,,0.008153448069223555,0.12255130084622314,0.1958665271962766,0.31652876356963056,0.48958124033536665,0.6807866619095769,0.31921333809042307,OTT_Distance,MajorGrind,OTT_Distance + OTT_Accuracy; weak MajorGrind,NeutralSG=0.81; VFD=5.2; AP=-2.2VTS (weak_tight_runoff); ->Tier2 vtsfinal=65.2
52,"FOX, RYAN",Ryan,Fox,55.0,PGA Tour,deep,high,0.64,68.31683168316832,66.13310751194328,-2.1837241712250375,high,0,0.0,0.0,low,67.55252822323956,Neutral+Venue,"{""neutral"": 0.65, ""venuefit"": 0.35, ""venuehistory"": 0.0}",False,,0.0,bomb_and_spray;long_iron_liability,-7.795078970350112,-3.7606898300786202,0.0,-4.034389140271492,0.0,0.0,0.78105,72.31816462876591,0.31,False,,0.0,False,ok,,0.0,low,25.0,high,44.16729131218922,44.16729131218922,4,"Below-avg skill or venue mismatch VFD=-2.2, AP=-7.8",False,,0.0011626583810611746,0.01380919027713592,0.029540161756642185,0.06796109559997457,0.16329666611819643,0.18866078268675315,0.8113392173132469,OTT_Distance,MajorGrind,OTT_Distance + ARG_TightRunoff; weak MajorGrind,NeutralSG=0.64; VFD=-2.2; AP=-7.8VTS (bomb_and_spray;long_iron_liability); ->Tier4 vtsfinal=44.2
53,"NIEMANN, JOAQUIN",Joaquin,Niemann,80.0,LIV Golf,deep,high,0.49,66.46039603960396,69.45687264828096,2.996476608677,high,0,0.0,0.0,low,67.50916285264091,Neutral+Venue,"{""neutral"": 0.65, ""venuefit"": 0.35, ""venuehistory"": 0.0}",False,,0.0,long_iron_liability;poor_lag_putting,-5.451478129713426,0.0,0.0,-4.2081447963800915,0.0,-1.243333333333334,0.8494499999999999,74.66280095802344,0.79,False,,0.0,False,ok,,0.0,low,25.0,high,51.15472846350063,51.15472846350063,3,"Mid-tier NeutralSG=0.49, moderate fit VFD=3.0",False,,0.002423132801680764,0.02926402464204174,0.05750331368308514,0.1195563804191129,0.2514270277230192,0.3405815155756887,0.6594184844243113,OTT_Distance,APP_200+,OTT_Distance + OTT_Accuracy; weak APP_200+,NeutralSG=0.49; VFD=3.0; AP=-5.5VTS (long_iron_liability;poor_lag_putting); ->Tier3 vtsfinal=51.2
54,"MITCHELL, KEITH",Keith,Mitchell,100.0,PGA Tour,deep,high,0.56,67.32673267326732,65.18035637704334,-2.146376296223977,high,0,0.0,0.0,low,66.57550096958892,Neutral+Venue,"{""neutral"": 0.65, ""venuefit"": 0.35, ""venuehistory"": 0.0}",False,,0.0,bomb_and_spray;long_iron_liability;weak_tight_runoff;poor_lag_putting,-9.0,-3.8784681714430636,0.0,-4.034389140271492,-2.1830790568654646,-1.2500000000000004,0.6236999999999999,69.80965586789361,0.15,False,,0.0,False,ok,,0.0,low,25.0,high,39.575500969588916,39.575500969588916,4,"Below-avg skill or venue mismatch VFD=-2.1, AP=-9.0",False,,0.0006715531702943387,0.00838412895581684,0.018891847437598735,0.04613483839679118,0.11977577195499937,0.11958800097029247,0.8804119990297076,OTT_Distance,MajorGrind,OTT_Distance + OTT_Accuracy; weak MajorGrind,NeutralSG=0.56; VFD=-2.1; AP=-9.0VTS (bomb_and_spray;long_iron_liability;weak_tight_runoff;poor_lag_putting); ->Tier4 vtsfinal=39.6
55,"TAYLOR, NICK",Nick,Taylor,63.0,PGA Tour,deep,high,0.93,71.9059405940594,75.26142776110807,3.355487167048665,high,0,0.0,0.0,low,73.08036110252644,Neutral+Venue,"{""neutral"": 0.65, ""venuefit"": 0.35, ""venuehistory"": 0.0}",False,,0.0,,0.0,0.0,0.0,0.0,0.0,0.0,0.91635,72.97365435522501,-0.03,False,,0.0,False,ok,,0.0,low,25.0,high,73.08036110252644,73.08036110252644,2,"Strong NeutralSG=0.93, solid Shinnecock fit VFD=3.4",False,,0.014419550459181597,0.24539545770751556,0.3414879312019266,0.47186009264014467,0.6222132003673537,0.7905643254185474,0.20943567458145262,ARG_TightRunoff,MajorGrind,ARG_TightRunoff + ARG_Bunker; weak MajorGrind,NeutralSG=0.93; VFD=3.4; ->Tier2 vtsfinal=73.1
56,"KOEPKA, BROOKS",Brooks,Koepka,110.0,PGA Tour,deep,high,0.46,66.0891089108911,66.22915591348684,0.1400470025957361,high,0,0.0,0.0,low,66.13812536179961,Neutral+Venue,"{""neutral"": 0.65, ""venuefit"": 0.35, ""venuehistory"": 0.0}",False,,0.0,bomb_and_spray;poor_lag_putting,-5.083196381773607,-3.7798630484402738,0.0,0.0,0.0,-1.303333333333334,0.7967000000000001,73.84343879994958,0.73,False,,0.0,False,ok,,0.0,low,25.0,high,50.888536216478784,50.888536216478784,3,"Mid-tier NeutralSG=0.46, moderate fit VFD=0.1",False,,0.00236073963747166,0.02844625497094242,0.05608694602734415,0.11709439380471734,0.24758675930374313,0.33393334085491394,0.6660666591450861,OTT_Distance,MajorGrind,OTT_Distance + OTT_Accuracy; weak MajorGrind,NeutralSG=0.46; VFD=0.1; AP=-5.1VTS (bomb_and_spray;poor_lag_putting); ->Tier3 vtsfinal=50.9
57,"DAY, JASON",Jason,Day,47.0,PGA Tour,deep,high,0.92,71.78217821782178,70.52022887440272,-1.2619493434190616,high,0,0.0,0.0,low,71.3404959476251,Neutral+Venue,"{""neutral"": 0.65, ""venuefit"": 0.35, ""venuehistory"": 0.0}",False,,0.0,,0.0,0.0,0.0,0.0,0.0,0.0,0.5287000000000001,65.52376150258414,-0.86,False,,-0.86,False,ok,,0.0,low,25.0,high,70.4804959476251,70.4804959476251,2,"Strong NeutralSG=0.92, solid Shinnecock fit VFD=-1.3",False,,0.012030759774971655,0.1977716666575772,0.28835681930077256,0.4192779084775636,0.5807693228080175,0.7619660672229328,0.2380339327770672,ARG_TightRunoff,MajorGrind,ARG_TightRunoff + ARG_Bunker; weak MajorGrind,NeutralSG=0.92; VFD=-1.3; ->Tier2 vtsfinal=70.5
58,"MCCARTY, MATT",Matt,McCarty,53.0,PGA Tour,deep,high,0.71,69.18316831683168,68.3633768817224,-0.8197914351092805,high,0,0.0,0.0,low,68.89624131454343,Neutral+Venue,"{""neutral"": 0.65, ""venuefit"": 0.35, ""venuehistory"": 0.0}",False,,0.0,,0.0,0.0,0.0,0.0,0.0,0.0,0.6235499999999999,68.78860456321694,-0.18,False,,0.0,False,ok,,0.0,low,25.0,high,68.89624131454343,68.89624131454343,2,"Strong NeutralSG=0.71, solid Shinnecock fit VFD=-0.8",False,,0.010738062924115816,0.17219390608873858,0.2582306361680313,0.38755441132227403,0.554207292172368,0.7410234564273548,0.2589765435726452,PUTT_LagCtrl,MajorGrind,PUTT_LagCtrl + OTT_Accuracy; weak MajorGrind,NeutralSG=0.71; VFD=-0.8; ->Tier2 vtsfinal=68.9
59,"HARMAN, BRIAN",Brian,Harman,59.0,PGA Tour,deep,high,0.65,68.44059405940595,72.47067516186401,4.030081102458055,high,0,0.0,0.0,low,69.85112244526627,Neutral+Venue,"{""neutral"": 0.65, ""venuefit"": 0.35, ""venuehistory"": 0.0}",False,,0.0,,0.0,0.0,0.0,0.0,0.0,0.0,0.6955,70.59120131097944,0.1,False,,0.0,False,ok,,0.0,low,25.0,high,69.85112244526627,69.85112244526627,2,"Strong NeutralSG=0.65, solid Shinnecock fit VFD=4.0",False,,0.011503109243166236,0.18729591142752972,0.2761649314082559,0.4066203566342207,0.5703230659910566,0.7539822446851814,0.24601775531481862,ARG_TightRunoff,MajorGrind,ARG_TightRunoff + OTT_Accuracy; weak MajorGrind,NeutralSG=0.65; VFD=4.0; ->Tier2 vtsfinal=69.9
60,"KIM, MICHAEL",Michael,Kim,50.0,PGA Tour,deep,high,0.55,67.2029702970297,69.73248390509828,2.5295136080685836,high,0,0.0,0.0,low,68.08830005985371,Neutral+Venue,"{""neutral"": 0.65, ""venuefit"": 0.35, ""venuehistory"": 0.0}",False,,0.0,short_and_wild,-2.0943292599203627,0.0,-2.0943292599203627,0.0,0.0,0.0,0.6364500000000001,70.12479515946049,0.2,False,,0.0,False,ok,,0.0,low,25.0,high,61.80531228009262,61.80531228009262,3,"Mid-tier NeutralSG=0.55, moderate fit VFD=2.5",False,,0.00623845897698155,0.0880593959339747,0.14875033145025182,0.2569167848495065,0.4285119755656274,0.6108967650810533,0.3891032349189467,PUTT_LagCtrl,MajorGrind,PUTT_LagCtrl + OTT_Distance; weak MajorGrind,NeutralSG=0.55; VFD=2.5; AP=-2.1VTS (short_and_wild); ->Tier3 vtsfinal=61.8
61,"SCHAPER, JAYDEN",Jayden,Schaper,70.0,DP World Tour,deep,high,0.75,69.67821782178217,71.54042344166126,1.8622056198790915,high,0,0.0,0.0,low,70.32998978873985,Neutral+Venue,"{""neutral"": 0.65, ""venuefit"": 0.35, ""venuehistory"": 0.0}",False,,0.0,,0.0,0.0,0.0,0.0,0.0,0.0,0.42694999999999994,64.70439934451028,-0.7,False,,-0.7,False,ok,,0.0,low,25.0,high,69.62998978873985,69.62998978873985,2,"Strong NeutralSG=0.75, solid Shinnecock fit VFD=1.9",False,,0.011322177405812267,0.18371373751495984,0.2719501013665162,0.40218843061707454,0.5666185892470353,0.7510730446383614,0.24892695536163856,ARG_TightRunoff,APP_150-200,ARG_TightRunoff + OTT_Accuracy; weak APP_150-200,NeutralSG=0.75; VFD=1.9; ->Tier2 vtsfinal=69.6
62,"PUTNAM, ANDREW",Andrew,Putnam,85.0,PGA Tour,deep,high,0.36,64.85148514851485,77.25782784903792,12.40634270052307,high,0,0.0,0.0,low,69.19370509369793,Neutral+Venue,"{""neutral"": 0.65, ""venuefit"": 0.35, ""venuehistory"": 0.0}",False,,0.0,,0.0,0.0,0.0,0.0,0.0,0.0,0.51925,69.14156056977183,0.35,False,,0.0,False,ok,,0.0,low,25.0,high,69.19370509369793,69.19370509369793,2,"Strong NeutralSG=0.36, solid Shinnecock fit VFD=12.4",False,,0.010971884555174404,0.17679633738325626,0.2637426149704632,0.3934726982084168,0.5592603492184086,0.7451716655346509,0.25482833446534914,ARG_TightRunoff,MajorGrind,ARG_TightRunoff + ARG_Bunker; weak MajorGrind,NeutralSG=0.36; VFD=12.4; ->Tier2 vtsfinal=69.2
63,"BERGER, DANIEL",Daniel,Berger,46.0,PGA Tour,deep,high,0.49,66.46039603960396,69.38732867824021,2.926932638636245,high,0,0.0,0.0,low,67.48482246312665,Neutral+Venue,"{""neutral"": 0.65, ""venuefit"": 0.35, ""venuehistory"": 0.0}",False,,0.0,weak_tight_runoff,-2.740638002773925,0.0,0.0,0.0,-2.740638002773925,0.0,0.43994999999999995,66.72129081053826,-0.11,False,,0.0,False,ok,,0.0,low,25.0,high,59.26290845480487,59.26290845480487,3,"Mid-tier NeutralSG=0.49, moderate fit VFD=2.9",False,,0.005056652462073852,0.0682042480017502,0.11980181296515069,0.21704269866110643,0.3832289540096981,0.5506876296025909,0.4493123703974091,OTT_Distance,MajorGrind,OTT_Distance + WindTolerance; weak MajorGrind,NeutralSG=0.49; VFD=2.9; AP=-2.7VTS (weak_tight_runoff); ->Tier3 vtsfinal=59.3
64,"JOHNSON, DUSTIN",Dustin,Johnson,245.0,LIV Golf,deep,high,0.42,65.5940594059406,64.1451611742407,-1.4488982316999,high,0,0.0,0.0,low,65.08694502484563,Neutral+Venue,"{""neutral"": 0.65, ""venuefit"": 0.35, ""venuehistory"": 0.0}",False,,0.0,bomb_and_spray;long_iron_liability,-7.76470588235294,-3.5999999999999996,0.0,-4.164705882352941,0.0,0.0,0.7885500000000001,73.95688894491366,0.81,False,,0.0,False,ok,,0.0,low,25.0,high,41.792827377786814,41.792827377786814,4,"Below-avg skill or venue mismatch VFD=-1.4, AP=-7.8",False,,0.0008819766016787673,0.01067256571230232,0.023459274204543613,0.0556938448734621,0.1394219476469426,0.14984171510659636,0.8501582848934036,PUTT_LagCtrl,MajorGrind,PUTT_LagCtrl + ARG_TightRunoff; weak MajorGrind,NeutralSG=0.42; VFD=-1.4; AP=-7.8VTS (bomb_and_spray;long_iron_liability); ->Tier4 vtsfinal=41.8
65,"THEEGALA, SAHITH",Sahith,Theegala,83.0,PGA Tour,deep,high,0.6,67.82178217821782,68.55682602083677,0.7350438426189498,high,0,0.0,0.0,low,68.07904752313445,Neutral+Venue,"{""neutral"": 0.65, ""venuefit"": 0.35, ""venuehistory"": 0.0}",False,,0.0,poor_lag_putting,-1.27,0.0,0.0,0.0,0.0,-1.27,0.34519999999999995,64.13714861968991,-0.56,False,,-0.56,False,ok,,0.0,low,25.0,high,63.709047523134444,63.709047523134444,3,"Mid-tier NeutralSG=0.60, moderate fit VFD=0.7",False,,0.007260288179586748,0.10615342372204148,0.17391572484068538,0.28948768208806885,0.4627594343811575,0.6516876890118108,0.34831231098818916,ARG_TightRunoff,MajorGrind,ARG_TightRunoff + ARG_Bunker; weak MajorGrind,NeutralSG=0.60; VFD=0.7; AP=-1.3VTS (poor_lag_putting); ->Tier3 vtsfinal=63.7
66,"COODY, PIERCESON",Pierceson,Coody,58.0,PGA Tour,deep,high,0.48,66.33663366336633,64.57050488362263,-1.7661287797436955,high,0,0.0,0.0,low,65.71848859045603,Neutral+Venue,"{""neutral"": 0.65, ""venuefit"": 0.35, ""venuehistory"": 0.0}",False,,0.0,bomb_and_spray;long_iron_liability;weak_tight_runoff,-9.0,-3.80177529799645,0.0,-4.229864253393666,-2.386962552011096,0.0,0.50275,68.0070591201311,0.05,False,,0.0,False,ok,,0.0,low,25.0,high,38.71848859045603,38.71848859045603,4,"Below-avg skill or venue mismatch VFD=-1.8, AP=-9.0",False,,0.0006019220841571407,0.007636257124017454,0.01737017657523703,0.042873319091084425,0.11283405219588903,0.10935154884884224,0.8906484511511578,OTT_Distance,MajorGrind,OTT_Distance + PUTT_LagCtrl; weak MajorGrind,NeutralSG=0.48; VFD=-1.8; AP=-9.0VTS (bomb_and_spray;long_iron_liability;weak_tight_runoff); ->Tier4 vtsfinal=38.7
67,"YELLAMARAJU, SUDARSHAN",Sudarshan,Yellamaraju,96.0,PGA Tour,deep,high,0.18,62.62376237623762,69.55115277266458,6.927390396426958,high,0,0.0,0.0,low,65.04834901498705,Neutral+Venue,"{""neutral"": 0.65, ""venuefit"": 0.35, ""venuehistory"": 0.0}",False,,0.0,weak_tight_runoff,-2.2205270457697646,0.0,0.0,0.0,-2.2205270457697646,0.0,0.3802,67.66670868523889,0.44,False,,0.0,False,ok,,0.0,low,25.0,high,58.38676787767776,58.38676787767776,3,"Mid-tier NeutralSG=0.18, moderate fit VFD=6.9",False,,0.004693755586442918,0.062372121768408194,0.11099152528750868,0.20432181644557995,0.36789167148210256,0.5287169568676174,0.47128304313238256,OTT_Distance,MajorGrind,OTT_Distance + OTT_Accuracy; weak MajorGrind,NeutralSG=0.18; VFD=6.9; AP=-2.2VTS (weak_tight_runoff); ->Tier3 vtsfinal=58.4
68,"THOMPSON, DAVIS",Davis,Thompson,138.0,PGA Tour,deep,high,0.54,67.07920792079209,67.83428449817822,0.7550765773861343,high,0,0.0,0.0,low,67.34348472287724,Neutral+Venue,"{""neutral"": 0.65, ""venuefit"": 0.35, ""venuehistory"": 0.0}",False,,0.0,poor_lag_putting,-1.356666666666666,0.0,0.0,0.0,0.0,-1.356666666666666,0.6492,70.43993445102736,0.25,False,,0.0,False,ok,,0.0,low,25.0,high,63.273484722877235,63.273484722877235,3,"Mid-tier NeutralSG=0.54, moderate fit VFD=0.8",False,,0.007015474741009018,0.10174876604573413,0.1678859363846333,0.28184414546988634,0.4549225286533116,0.6427153244285001,0.3572846755714999,OTT_Distance,MajorGrind,OTT_Distance + OTT_Accuracy; weak MajorGrind,NeutralSG=0.54; VFD=0.8; AP=-1.4VTS (poor_lag_putting); ->Tier3 vtsfinal=63.3
69,"NOVAK, ANDREW",Andrew,Novak,61.0,PGA Tour,deep,high,0.36,64.85148514851485,66.94187594846944,2.0903907999545908,high,0,0.0,0.0,low,65.58312192849897,Neutral+Venue,"{""neutral"": 0.65, ""venuefit"": 0.35, ""venuehistory"": 0.0}",False,,0.0,short_and_wild,-2.0,0.0,-2.0,0.0,0.0,0.0,0.47830000000000006,68.34740955502332,0.26,False,,0.0,False,ok,,0.0,low,25.0,high,59.58312192849897,59.58312192849897,3,"Mid-tier NeutralSG=0.36, moderate fit VFD=2.1",False,,0.005194749050030999,0.07045802375477521,0.12316662076946279,0.22182459174542316,0.38887632017753765,0.5585803015841,0.4414196984159,ARG_TightRunoff,MajorGrind,ARG_TightRunoff + OTT_Distance; weak MajorGrind,NeutralSG=0.36; VFD=2.1; AP=-2.0VTS (short_and_wild); ->Tier3 vtsfinal=59.6
70,"SMITH, CAMERON",Cameron,Smith,136.0,LIV Golf,deep,high,0.27,63.73762376237624,65.07293326821754,1.3353095058413018,high,0,0.0,0.0,low,64.2049820894207,Neutral+Venue,"{""neutral"": 0.65, ""venuefit"": 0.35, ""venuehistory"": 0.0}",False,,0.0,short_and_wild;long_iron_liability,-6.331232281461259,0.0,-2.307702869696554,-4.023529411764705,0.0,0.0,0.43379999999999996,68.09529812176982,0.36,False,,0.0,False,ok,,0.0,low,25.0,high,45.21128524503692,45.21128524503692,4,"Below-avg skill or venue mismatch VFD=1.3, AP=-6.3",False,,0.001306720076645335,0.015460806384010069,0.032672859696234034,0.07410502124702098,0.17475885228599394,0.20789758953402632,0.7921024104659737,ARG_Bunker,MajorGrind,ARG_Bunker + ARG_TightRunoff; weak MajorGrind,NeutralSG=0.27; VFD=1.3; AP=-6.3VTS (short_and_wild;long_iron_liability); ->Tier4 vtsfinal=45.2
71,"CONNERS, COREY",Corey,Conners,56.0,PGA Tour,deep,high,0.54,67.07920792079209,72.77961506142064,5.700407140628556,high,0,0.0,0.0,low,69.07435042001208,Neutral+Venue,"{""neutral"": 0.65, ""venuefit"": 0.35, ""venuehistory"": 0.0}",False,,0.0,weak_tight_runoff,-2.228848821081831,0.0,0.0,0.0,-2.228848821081831,0.0,0.1578,60.91012227404513,-0.84,False,,-0.84,False,ok,,0.0,low,25.0,high,61.547803956766586,61.547803956766586,3,"Mid-tier NeutralSG=0.54, moderate fit VFD=5.7",False,,0.006109576498907908,0.08583458339105383,0.14558047276200725,0.2526834989801128,0.42388983157169274,0.6050769440977743,0.39492305590222565,OTT_Accuracy,MajorGrind,OTT_Accuracy + WindTolerance; weak MajorGrind,NeutralSG=0.54; VFD=5.7; AP=-2.2VTS (weak_tight_runoff); ->Tier3 vtsfinal=61.5
72,"STEVENS, SAM",Sam,Stevens,54.0,PGA Tour,deep,high,0.51,66.70792079207921,66.49226998352168,-0.21565080855752683,high,0,0.0,0.0,low,66.63244300908407,Neutral+Venue,"{""neutral"": 0.65, ""venuefit"": 0.35, ""venuehistory"": 0.0}",False,,0.0,long_iron_liability;poor_lag_putting,-5.239230769230769,0.0,0.0,-3.969230769230769,0.0,-1.27,0.09595000000000001,59.91428211269382,-0.9,False,,-0.9,False,ok,,0.0,low,25.0,high,50.01475070139177,50.01475070139177,3,"Mid-tier NeutralSG=0.51, moderate fit VFD=-0.2",False,,0.0021649049832209778,0.025914452595526244,0.05166354417906073,0.109314385242627,0.23523997563609664,0.31248445034104727,0.6875155496589527,OTT_Distance,MajorGrind,OTT_Distance + OTT_Accuracy; weak MajorGrind,NeutralSG=0.51; VFD=-0.2; AP=-5.2VTS (long_iron_liability;poor_lag_putting); ->Tier3 vtsfinal=50.0
73,"KIM, TOM",Tom,Kim,141.0,PGA Tour,deep,high,0.24,63.366336633663366,70.01529556258947,6.648958928926106,high,0,0.0,0.0,low,65.6934722587875,Neutral+Venue,"{""neutral"": 0.65, ""venuefit"": 0.35, ""venuehistory"": 0.0}",False,,0.0,poor_lag_putting,-1.2899999999999998,0.0,0.0,0.0,0.0,-1.2899999999999998,0.32189999999999996,66.12882894239253,0.18,False,,0.0,False,ok,,0.0,low,25.0,high,61.8234722587875,61.8234722587875,3,"Mid-tier NeutralSG=0.24, moderate fit VFD=6.6",False,,0.0062476294570461164,0.08821821928586994,0.1489759521850529,0.25721692714379985,0.42883812109525066,0.6113045961236101,0.3886954038763899,ARG_TightRunoff,MajorGrind,ARG_TightRunoff + ARG_Bunker; weak MajorGrind,NeutralSG=0.24; VFD=6.6; AP=-1.3VTS (poor_lag_putting); ->Tier3 vtsfinal=61.8
74,"HERBERT, LUCAS",Lucas,Herbert,88.0,LIV Golf,deep,high,0.04,60.89108910891089,63.32073387529181,2.4296447663809175,high,0,0.0,0.0,low,61.74146477714421,Neutral+Venue,"{""neutral"": 0.65, ""venuefit"": 0.35, ""venuehistory"": 0.0}",False,,0.0,bomb_and_spray;long_iron_liability;poor_lag_putting,-8.934794077290682,-3.6237382703525234,0.0,-4.034389140271492,0.0,-1.2766666666666666,0.12645,63.69595361149628,0.19,False,,0.0,False,ok,,0.0,low,25.0,high,34.93708254527216,34.93708254527216,5,"Weak profile NeutralSG=0.04, AP=-8.9, VFD=2.4",False,,0.0003600654725908962,0.00505230389679488,0.011973664985627802,0.03093103092991978,0.08620086218245615,0.0727580605698696,0.9272419394301304,ARG_TightRunoff,APP_FlightCtrl,ARG_TightRunoff + OTT_Distance; weak APP_FlightCtrl,NeutralSG=0.04; VFD=2.4; AP=-8.9VTS (bomb_and_spray;long_iron_liability;poor_lag_putting); ->Tier5 vtsfinal=34.9
75,"GREYSERMAN, MAX",Max,Greyserman,68.0,PGA Tour,deep,high,0.43,65.7178217821782,63.48444064951208,-2.233381132666125,high,0,0.0,0.0,low,64.93613838574507,Neutral+Venue,"{""neutral"": 0.65, ""venuefit"": 0.35, ""venuehistory"": 0.0}",False,,0.0,bomb_and_spray;long_iron_liability,-7.797285067873303,-3.5999999999999996,0.0,-4.197285067873303,0.0,0.0,0.48460000000000003,67.99445354846843,0.12,False,,0.0,False,ok,,0.0,low,25.0,high,41.544283182125156,41.544283182125156,4,"Below-avg skill or venue mismatch VFD=-2.2, AP=-7.8",False,,0.0008560608729418827,0.01038805410118637,0.022898045499125726,0.05453651443721094,0.1370952386303412,0.14616927251063022,0.8538307274893697,ARG_TightRunoff,MajorGrind,ARG_TightRunoff + ARG_Bunker; weak MajorGrind,NeutralSG=0.43; VFD=-2.2; AP=-7.8VTS (bomb_and_spray;long_iron_liability); ->Tier4 vtsfinal=41.5
76,"IM, SUNGJAE",Sungjae,Im,74.0,PGA Tour,deep,high,0.12,61.88118811881188,62.894053215672805,1.0128650968609278,high,0,0.0,0.0,low,62.2356909027132,Neutral+Venue,"{""neutral"": 0.65, ""venuefit"": 0.35, ""venuehistory"": 0.0}",False,,0.0,long_iron_liability;poor_lag_putting,-5.668250377073907,0.0,0.0,-4.25158371040724,0.0,-1.416666666666667,0.3520499999999999,67.52804739694945,0.52,False,,0.0,False,ok,,0.0,low,25.0,high,45.23093977149148,45.23093977149148,4,"Below-avg skill or venue mismatch VFD=1.0, AP=-5.7",False,,0.0013095628739686223,0.01549369271265067,0.0327348018076173,0.07422540168251969,0.17498038633253474,0.20827243104382576,0.7917275689561742,ARG_TightRunoff,MajorGrind,ARG_TightRunoff + ARG_Bunker; weak MajorGrind,NeutralSG=0.12; VFD=1.0; AP=-5.7VTS (long_iron_liability;poor_lag_putting); ->Tier4 vtsfinal=45.2
77,"HISATSUNE, RYO",Ryo,Hisatsune,62.0,PGA Tour,deep,high,0.11,61.757425742574256,67.46937348847896,5.711947745904709,high,0,0.0,0.0,low,63.7566074536409,Neutral+Venue,"{""neutral"": 0.65, ""venuefit"": 0.35, ""venuehistory"": 0.0}",False,,0.0,poor_lag_putting,-1.2766666666666666,0.0,0.0,0.0,0.0,-1.2766666666666666,0.0645,62.01941258036052,-0.1,False,,0.0,False,ok,,0.0,low,25.0,high,59.926607453640905,59.926607453640905,3,"Mid-tier NeutralSG=0.11, moderate fit VFD=5.7",False,,0.005346219176077374,0.07295118640409476,0.12686400761239292,0.22703225028639343,0.39495595216983903,0.5669564986228773,0.43304350137712266,OTT_Distance,MajorGrind,OTT_Distance + OTT_Accuracy; weak MajorGrind,NeutralSG=0.11; VFD=5.7; AP=-1.3VTS (poor_lag_putting); ->Tier3 vtsfinal=59.9
78,"MCGREEVY, MAX",Max,McGreevy,99.0,PGA Tour,deep,high,0.35,64.72772277227722,67.82138572109662,3.0936629488194,high,0,0.0,0.0,low,65.810504804364,Neutral+Venue,"{""neutral"": 0.65, ""venuefit"": 0.35, ""venuehistory"": 0.0}",False,,0.0,poor_lag_putting,-1.4366666666666665,0.0,0.0,0.0,0.0,-1.4366666666666665,0.03604999999999997,59.83864868271777,-0.69,False,,-0.69,False,ok,,0.0,low,25.0,high,60.810504804364,60.810504804364,3,"Mid-tier NeutralSG=0.35, moderate fit VFD=3.1",False,,0.005752297529050363,0.07974040332547999,0.13680586949146956,0.2408010048937565,0.41068954177900896,0.5880454828673606,0.4119545171326394,OTT_Accuracy,MajorGrind,OTT_Accuracy + OTT_Distance; weak MajorGrind,NeutralSG=0.35; VFD=3.1; AP=-1.4VTS (poor_lag_putting); ->Tier3 vtsfinal=60.8
79,"BRENNAN, MICHAEL",Michael,Brennan,60.0,PGA Tour,deep,high,0.38,65.0990099009901,62.835958229860815,-2.2630516711292827,high,0,0.0,0.0,low,64.30694181609485,Neutral+Venue,"{""neutral"": 0.65, ""venuefit"": 0.35, ""venuehistory"": 0.0}",False,,0.0,long_iron_liability;weak_tight_runoff,-7.050093823937342,0.0,0.0,-4.588235294117647,-2.461858529819695,0.0,0.32084999999999997,65.15819992436657,-0.14,False,,0.0,False,ok,,0.0,low,25.0,high,43.15666034428283,43.15666034428283,4,"Below-avg skill or venue mismatch VFD=-2.3, AP=-7.1",False,,0.0010355890420832732,0.012376265534239421,0.026785150933126764,0.06246244728607666,0.15276649183702556,0.1713040974967261,0.8286959025032739,OTT_Distance,APP_200+,OTT_Distance + OTT_Accuracy; weak APP_200+,NeutralSG=0.38; VFD=-2.3; AP=-7.1VTS (long_iron_liability;weak_tight_runoff); ->Tier4 vtsfinal=43.2
80,"KIRK, CHRIS",Chris,Kirk,106.0,PGA Tour,deep,high,0.51,66.70792079207921,71.9358550566294,5.2279342645502,high,0,0.0,0.0,low,68.53769778467178,Neutral+Venue,"{""neutral"": 0.65, ""venuefit"": 0.35, ""venuehistory"": 0.0}",False,,0.0,poor_lag_putting,-1.3166666666666669,0.0,0.0,0.0,0.0,-1.3166666666666669,0.19605,61.855540148745746,-0.68,False,,-0.68,False,ok,,0.0,low,25.0,high,63.907697784671775,63.907697784671775,3,"Mid-tier NeutralSG=0.51, moderate fit VFD=5.2",False,,0.0073741872613565925,0.10821658587525089,0.17671994912621328,0.2930096796555725,0.4663313843936599,0.6557062510368648,0.34429374896313525,OTT_Distance,MajorGrind,OTT_Distance + OTT_Accuracy; weak MajorGrind,NeutralSG=0.51; VFD=5.2; AP=-1.3VTS (poor_lag_putting); ->Tier3 vtsfinal=63.9
81,"ECHAVARRIA, NICO",Nico,Echavarria,52.0,PGA Tour,deep,high,0.31,64.23267326732672,65.96658616361027,1.733912896283556,high,0,0.0,0.0,low,64.83954278102597,Neutral+Venue,"{""neutral"": 0.65, ""venuefit"": 0.35, ""venuehistory"": 0.0}",False,,0.0,weak_tight_runoff,-2.257975034674064,0.0,0.0,0.0,-2.257975034674064,0.0,0.2736,64.71700491617295,-0.09,False,,0.0,False,ok,,0.0,low,25.0,high,58.06561767700378,58.06561767700378,3,"Mid-tier NeutralSG=0.31, moderate fit VFD=1.7",False,,0.0045660803467920345,0.06035237239357555,0.10790422994873214,0.19979296362364846,0.3623167969831028,0.5205407356275357,0.47945926437246433,PUTT_LagCtrl,MajorGrind,PUTT_LagCtrl + ARG_TightRunoff; weak MajorGrind,NeutralSG=0.31; VFD=1.7; AP=-2.3VTS (weak_tight_runoff); ->Tier3 vtsfinal=58.1
82,"MOUW, WILLIAM",William,Mouw,131.0,PGA Tour,deep,high,0.43,65.7178217821782,66.97006679000509,1.252245007826886,high,0,0.0,0.0,low,66.15610753491762,Neutral+Venue,"{""neutral"": 0.65, ""venuefit"": 0.35, ""venuehistory"": 0.0}",False,,0.0,weak_tight_runoff,-2.158113730929265,0.0,0.0,0.0,-2.158113730929265,0.0,0.339,65.17080549602925,-0.2,False,,0.0,False,ok,,0.0,low,25.0,high,59.681766342129826,59.681766342129826,3,"Mid-tier NeutralSG=0.43, moderate fit VFD=1.3",False,,0.005237893191585263,0.07116593545681997,0.12421908150545755,0.22331189657014877,0.39062008552776956,0.5609956091739896,0.4390043908260104,OTT_Distance,MajorGrind,OTT_Distance + OTT_Accuracy; weak MajorGrind,NeutralSG=0.43; VFD=1.3; AP=-2.2VTS (weak_tight_runoff); ->Tier3 vtsfinal=59.7
83,"RODGERS, PATRICK",Patrick,Rodgers,81.0,PGA Tour,deep,high,0.19,62.74752475247525,62.581278173079596,-0.16624657939565424,high,0,0.0,0.0,low,62.68933844968677,Neutral+Venue,"{""neutral"": 0.65, ""venuefit"": 0.35, ""venuehistory"": 0.0}",False,,0.0,bomb_and_spray;long_iron_liability,-7.677828054298641,-3.5999999999999996,0.0,-4.077828054298641,0.0,0.0,0.07169999999999999,61.61603428715492,-0.26,False,,0.0,False,ok,,0.0,low,25.0,high,39.65585428679085,39.65585428679085,4,"Below-avg skill or venue mismatch VFD=-0.2, AP=-7.7",False,,0.0006783984525744321,0.00845786410410292,0.019041036652246237,0.0464524028398672,0.12044482992800223,0.12058807081415084,0.8794119291858492,ARG_TightRunoff,MajorGrind,ARG_TightRunoff + OTT_Distance; weak MajorGrind,NeutralSG=0.19; VFD=-0.2; AP=-7.7VTS (bomb_and_spray;long_iron_liability); ->Tier4 vtsfinal=39.7
84,"SCHMID, MATTI",Matti,Schmid,71.0,PGA Tour,deep,high,0.08,61.386138613861384,57.655871977617636,-3.7302666362437478,high,0,0.0,0.0,low,60.08054529117607,Neutral+Venue,"{""neutral"": 0.65, ""venuefit"": 0.35, ""venuehistory"": 0.0}",False,,0.0,bomb_and_spray;long_iron_liability,-8.209954751131221,-3.5999999999999996,0.0,-4.609954751131221,0.0,0.0,0.171,64.288415479642,0.2,False,,0.0,False,ok,,0.0,low,25.0,high,35.45068103778241,35.45068103778241,4,"Below-avg skill or venue mismatch VFD=-3.7, AP=-8.2",False,,0.0003873211493372622,0.005344211245287894,0.012595865209878116,0.032341757610771585,0.08945706554468592,0.07697913370223221,0.9230208662977678,ARG_TightRunoff,MajorGrind,ARG_TightRunoff + PUTT_LagCtrl; weak MajorGrind,NeutralSG=0.08; VFD=-3.7; AP=-8.2VTS (bomb_and_spray;long_iron_liability); ->Tier4 vtsfinal=35.5
85,"DOSSEY, COOPER",Cooper,Dossey,230.0,Korn Ferry Tour,deep,high,0.04,60.89108910891089,64.86247486061028,3.971385751699387,high,0,0.0,0.0,low,62.28107412200568,Neutral+Venue,"{""neutral"": 0.65, ""venuefit"": 0.35, ""venuehistory"": 0.0}",False,,0.0,,0.0,0.0,0.0,0.0,0.0,0.0,0.31755,67.40199168032271,0.62,False,,0.0,False,ok,,0.0,low,25.0,high,62.28107412200568,62.28107412200568,3,"Mid-tier NeutralSG=0.04, moderate fit VFD=4.0",False,,0.006482294650944819,0.09230536069508859,0.15475208015849032,0.26484892236103413,0.43706290018468125,0.6214661378855945,0.37853386211440554,ARG_TightRunoff,MajorGrind,ARG_TightRunoff + OTT_Accuracy; weak MajorGrind,NeutralSG=0.04; VFD=4.0; ->Tier3 vtsfinal=62.3
86,"KEEFER, JOHNNY",Johnny,Keefer,75.0,PGA Tour,deep,high,0.05,61.01485148514851,60.71870265166455,-0.2961488334839615,high,0,0.0,0.0,low,60.91119939342913,Neutral+Venue,"{""neutral"": 0.65, ""venuefit"": 0.35, ""venuehistory"": 0.0}",False,,0.0,bomb_and_spray;long_iron_liability;weak_tight_runoff,-9.0,-3.7168653309662685,0.0,-4.099547511312218,-2.60748959778086,0.0,0.23655,65.76326736417496,0.41,False,,0.0,False,ok,,0.0,low,25.0,high,33.91119939342913,33.91119939342913,5,"Weak profile NeutralSG=0.05, AP=-9.0, VFD=-0.3",False,,0.0003102158976646902,0.004515863589727146,0.010820249672693202,0.02828880425248582,0.08001265857375331,0.06495191333686387,0.9350480866631361,OTT_Distance,MajorGrind,OTT_Distance + OTT_Accuracy; weak MajorGrind,NeutralSG=0.05; VFD=-0.3; AP=-9.0VTS (bomb_and_spray;long_iron_liability;weak_tight_runoff); ->Tier5 vtsfinal=33.9
87,"ORTIZ, CARLOS",Carlos,Ortiz,188.0,LIV Golf,deep,high,0.17,62.5,67.04074239207215,4.540742392072147,high,0,0.0,0.0,low,64.08925983722526,Neutral+Venue,"{""neutral"": 0.65, ""venuefit"": 0.35, ""venuehistory"": 0.0}",False,,0.0,bomb_and_spray;poor_lag_putting,-5.307761433764476,-3.784428100431144,0.0,0.0,0.0,-1.5233333333333325,-0.12575,57.92260178999118,-0.65,False,,-0.65,False,ok,,0.0,low,25.0,high,47.51597553593183,47.51597553593183,4,"Below-avg skill or venue mismatch VFD=4.5, AP=-5.3",False,,0.0016755081642903197,0.019823726088556846,0.04075784510625215,0.08948795220171724,0.20219267334256846,0.25496055207586693,0.7450394479241331,ARG_TightRunoff,MajorGrind,ARG_TightRunoff + OTT_Distance; weak MajorGrind,NeutralSG=0.17; VFD=4.5; AP=-5.3VTS (bomb_and_spray;poor_lag_putting); ->Tier4 vtsfinal=47.5
88,"HORSCHEL, BILLY",Billy,Horschel,135.0,PGA Tour,deep,high,-0.11,59.03465346534653,63.82690096962113,4.792247504274599,high,0,0.0,0.0,low,60.711940091842635,Neutral+Venue,"{""neutral"": 0.65, ""venuefit"": 0.35, ""venuehistory"": 0.0}",False,,0.0,short_and_wild;weak_tight_runoff,-4.530252942129783,0.0,-2.272277907455719,0.0,-2.257975034674064,0.0,-0.05995,61.09920584898525,0.1,False,,0.0,False,ok,,0.0,low,25.0,high,47.12118126545329,47.12118126545329,4,"Below-avg skill or venue mismatch VFD=4.8, AP=-4.5",False,,0.0016070490913668624,0.01899904377970516,0.03924890331680845,0.08666494371128931,0.19728446420038423,0.24646421136063817,0.7535357886393619,PUTT_LagCtrl,MajorGrind,PUTT_LagCtrl + ARG_TightRunoff; weak MajorGrind,NeutralSG=-0.11; VFD=4.8; AP=-4.5VTS (short_and_wild;weak_tight_runoff); ->Tier4 vtsfinal=47.1
89,"JAMES, BEN",Ben,James,,Amateur,medium,medium,0.35,64.72772277227722,65.14085624894764,0.4131334766704242,medium,0,0.0,0.0,low,64.87231948911187,Neutral+Venue,"{""neutral"": 0.65, ""venuefit"": 0.35, ""venuehistory"": 0.0}",True,B,-1.75,poor_lag_putting,-1.4833333333333336,0.0,0.0,0.0,0.0,-1.4833333333333336,0.37339999999999995,66.38094037564603,0.06,False,,0.0,False,ok,,0.0,high,75.0,high,56.04731948911187,56.04731948911187,3,"Mid-tier NeutralSG=0.35, moderate fit VFD=0.4; debut-B",False,,0.004590962852820649,0.059877392932382575,0.11019384774393548,0.2114262782351543,0.4008661983596388,0.5460823224095959,0.45391767759040413,OTT_Accuracy,MajorGrind,OTT_Accuracy + WindTolerance; weak MajorGrind,NeutralSG=0.35; VFD=0.4; debut-B pen=-1.8SG; AP=-1.5VTS (poor_lag_putting); ->Tier3 vtsfinal=56.0
90,"KOHLES, BEN",Ben,Kohles,184.0,PGA Tour,deep,high,-0.02,60.148514851485146,76.86993519947478,16.721420347989636,high,0,0.0,0.0,low,66.00101197328152,Neutral+Venue,"{""neutral"": 0.65, ""venuefit"": 0.35, ""venuehistory"": 0.0}",False,,0.0,poor_lag_putting,-1.6566666666666665,0.0,0.0,0.0,0.0,-1.6566666666666665,0.2621,66.73389638220092,0.61,False,,0.0,False,ok,,0.0,low,25.0,high,61.03101197328152,61.03101197328152,3,"Mid-tier NeutralSG=-0.02, moderate fit VFD=16.7",False,,0.005857349708109231,0.08152088146154761,0.13938366009635794,0.24431734808883815,0.4146313166747386,0.5931948646040874,0.40680513539591256,WindTolerance,MajorGrind,WindTolerance + OTT_Accuracy; weak MajorGrind,NeutralSG=-0.02; VFD=16.7; AP=-1.7VTS (poor_lag_putting); ->Tier3 vtsfinal=61.0
91,"DUMONT DE CHASSART, ADRIEN",Adrien,Dumont De Chassart,168.0,PGA Tour,deep,high,0.17,62.5,65.0945801411138,2.594580141113795,high,0,0.0,0.0,low,63.40810304938982,Neutral+Venue,"{""neutral"": 0.65, ""venuefit"": 0.35, ""venuehistory"": 0.0}",False,,0.0,bomb_and_spray;long_iron_liability;poor_lag_putting,-9.0,-3.5999999999999996,0.0,-4.208144796380091,0.0,-1.3099999999999992,0.0335,61.01096684734652,-0.3,False,,0.0,False,ok,,0.0,low,25.0,high,36.40810304938982,36.40810304938982,4,"Below-avg skill or venue mismatch VFD=2.6, AP=-9.0",False,,0.000442525760093248,0.005933837371545628,0.013841974388154347,0.035138542461503476,0.0958199946244229,0.08544230476332473,0.9145576952366753,ARG_TightRunoff,APP_FlightCtrl,ARG_TightRunoff + ARG_Bunker; weak APP_FlightCtrl,NeutralSG=0.17; VFD=2.6; AP=-9.0VTS (bomb_and_spray;long_iron_liability;poor_lag_putting); ->Tier4 vtsfinal=36.4
92,"SUBER, JACKSON",Jackson,Suber,128.0,PGA Tour,deep,high,0.0,60.396039603960396,61.83813271071091,1.4420931067505123,high,0,0.0,0.0,low,60.90077219132307,Neutral+Venue,"{""neutral"": 0.65, ""venuefit"": 0.35, ""venuehistory"": 0.0}",False,,0.0,weak_tight_runoff,-2.2080443828016643,0.0,0.0,0.0,-2.2080443828016643,0.0,0.32304999999999995,67.78015883020295,0.71,False,,0.0,False,ok,,0.0,low,25.0,high,54.27663904291808,54.27663904291808,3,"Mid-tier NeutralSG=0.00, moderate fit VFD=1.4",False,,0.003258464799026878,0.04071244875304358,0.07677601064565524,0.15180050110323542,0.2990564051131204,0.42132721206799356,0.5786727879320064,OTT_Distance,MajorGrind,OTT_Distance + ARG_TightRunoff; weak MajorGrind,NeutralSG=0.00; VFD=1.4; AP=-2.2VTS (weak_tight_runoff); ->Tier3 vtsfinal=54.3
93,"COUSSAUD, UGO",Ugo,Coussaud,217.0,DP World Tour,deep,high,-0.09,59.28217821782178,59.13464707118685,-0.1475311466349325,high,0,0.0,0.0,low,59.23054231649955,Neutral+Venue,"{""neutral"": 0.65, ""venuefit"": 0.35, ""venuehistory"": 0.0}",False,,0.0,bomb_and_spray;long_iron_liability,-7.840723981900452,-3.5999999999999996,0.0,-4.2407239819004525,0.0,0.0,0.4196,70.2634564477499,1.12,False,,1.6800000000000002,False,ok,,0.0,high,75.0,high,37.38837037079819,37.38837037079819,4,"Below-avg skill or venue mismatch VFD=-0.1, AP=-7.8",False,,0.0006064740529974535,0.008072157675152564,0.01863087704948426,0.04673992837119061,0.1255765566344764,0.1107846775717713,0.8892153224282286,ARG_TightRunoff,MajorGrind,ARG_TightRunoff + PUTT_LagCtrl; weak MajorGrind,NeutralSG=-0.09; VFD=-0.1; AP=-7.8VTS (bomb_and_spray;long_iron_liability); ->Tier4 vtsfinal=37.4
94,"PARRY, JOHN",John,Parry,102.0,PGA Tour,deep,high,0.34,64.60396039603961,68.00056088797969,3.3966004919400774,high,0,0.0,0.0,low,65.79277056821864,Neutral+Venue,"{""neutral"": 0.65, ""venuefit"": 0.35, ""venuehistory"": 0.0}",False,,0.0,poor_lag_putting,-1.33,0.0,0.0,0.0,0.0,-1.33,-0.23785000000000006,54.594730871044995,-1.27,True,Last20 vs baseline = -1.27 SG (threshold -1.0),-2.54,False,ok,,0.0,high,75.0,high,59.26277056821864,59.26277056821864,3,"Mid-tier NeutralSG=0.34, moderate fit VFD=3.4; form-gated",True,Form gate applied: recent perf materially below baseline,0.006067912363153898,0.0833595790066189,0.14642268783572773,0.2652719113763313,0.46838797707479185,0.6424649165439997,0.35753508345600027,OTT_Accuracy,MajorGrind,OTT_Accuracy + OTT_Distance; weak MajorGrind,NeutralSG=0.34; VFD=3.4; AP=-1.3VTS (poor_lag_putting); form-gate(-1.27); ->Tier3 vtsfinal=59.3
95,"STOUT, PRESTON",Preston,Stout,,Amateur,medium,medium,0.11,61.757425742574256,33.53127642974301,-28.226149312831247,medium,0,0.0,0.0,low,51.87827348308332,Neutral+Venue,"{""neutral"": 0.65, ""venuefit"": 0.35, ""venuehistory"": 0.0}",True,B,-1.75,long_iron_liability;weak_tight_runoff;poor_lag_putting,-9.0,0.0,0.0,-5.022624434389139,-3.564493758668516,-1.5900000000000003,0.13340000000000002,63.355603176604056,0.07,False,,0.0,False,ok,,0.0,high,75.0,high,20.50327348308332,20.50327348308332,5,"Weak profile NeutralSG=0.11, AP=-9.0, VFD=-28.2; debut-B",False,,3.007776535797296e-05,0.0012677863450305334,0.0034910901169945964,0.010577170312903852,0.03553401506038616,0.02,0.98,OTT_Distance,ARG_Bunker,OTT_Distance + OTT_Accuracy; weak ARG_Bunker,NeutralSG=0.11; VFD=-28.2; debut-B pen=-1.8SG; AP=-9.0VTS (long_iron_liability;weak_tight_runoff;poor_lag_putting); ->Tier5 vtsfinal=20.5
96,"GRILLO, EMILIANO",Emiliano,Grillo,116.0,PGA Tour,deep,high,0.1,61.633663366336634,66.29652956279097,4.662866196454331,high,0,0.0,0.0,low,63.26566653509565,Neutral+Venue,"{""neutral"": 0.65, ""venuefit"": 0.35, ""venuehistory"": 0.0}",False,,0.0,weak_tight_runoff,-2.1955617198335644,0.0,0.0,0.0,-2.1955617198335644,0.0,-0.13205,58.275557796546074,-0.51,False,,-0.51,False,ok,,0.0,low,25.0,high,56.16898137559496,56.16898137559496,3,"Mid-tier NeutralSG=0.10, moderate fit VFD=4.7",False,,0.0038675063743388947,0.049614246743152755,0.09115041960481654,0.1745203489251067,0.3300130033387397,0.4712713942436784,0.5287286057563216,OTT_Accuracy,MajorGrind,OTT_Accuracy + OTT_Distance; weak MajorGrind,NeutralSG=0.10; VFD=4.7; AP=-2.2VTS (weak_tight_runoff); ->Tier3 vtsfinal=56.2
97,"DU PLESSIS, HENNIE",Hennie,Du Plessis,186.0,DP World Tour,medium,medium,0.32,64.35643564356435,58.828972614308036,-5.527463029256317,medium,0,0.0,0.0,low,62.42182358332464,Neutral+Venue,"{""neutral"": 0.65, ""venuefit"": 0.35, ""venuehistory"": 0.0}",False,,0.0,bomb_and_spray;long_iron_liability;weak_tight_runoff;poor_lag_putting,-9.0,-3.5999999999999996,0.0,-4.284162895927602,-2.1955617198335644,-1.3100000000000003,0.06259999999999999,60.55716626749024,-0.66,False,,-0.66,False,ok,,0.0,medium,50.0,high,34.76182358332464,34.76182358332464,5,"Weak profile NeutralSG=0.32, AP=-9.0, VFD=-5.5",False,,0.0003862368790704816,0.005507074721172228,0.013075960058074853,0.033848175965447314,0.09457133189610228,0.07929615327624606,0.9207038467237539,OTT_Distance,MajorGrind,OTT_Distance + ARG_TightRunoff; weak MajorGrind,NeutralSG=0.32; VFD=-5.5; AP=-9.0VTS (bomb_and_spray;long_iron_liability;weak_tight_runoff;poor_lag_putting); ->Tier5 vtsfinal=34.8
98,"KIMSEY, NATHAN",Nathan,Kimsey,214.0,DP World Tour,deep,high,-0.35,56.06435643564357,58.43178406733352,2.3674276316899494,high,0,0.0,0.0,low,56.89295610673504,Neutral+Venue,"{""neutral"": 0.65, ""venuefit"": 0.35, ""venuehistory"": 0.0}",False,,0.0,long_iron_liability;poor_lag_putting,-5.359984917043741,0.0,0.0,-3.936651583710408,0.0,-1.4233333333333336,-0.02239999999999996,63.45644774990545,0.72,False,,0.0,False,ok,,0.0,low,25.0,high,40.81300135560382,40.81300135560382,4,"Below-avg skill or venue mismatch VFD=2.4, AP=-5.4",False,,0.0007833231580810828,0.009593713207120805,0.02132156778872034,0.05126059448643636,0.13043394159438557,0.135782014718691,0.864217985281309,ARG_TightRunoff,MajorGrind,ARG_TightRunoff + OTT_Accuracy; weak MajorGrind,NeutralSG=-0.35; VFD=2.4; AP=-5.4VTS (long_iron_liability;poor_lag_putting); ->Tier4 vtsfinal=40.8
99,"BLAIR, ZAC",Zac,Blair,204.0,PGA Tour,deep,high,-0.06,59.65346534653465,70.42790823005231,10.774442883517658,high,0,0.0,0.0,low,63.424520355765836,Neutral+Venue,"{""neutral"": 0.65, ""venuefit"": 0.35, ""venuehistory"": 0.0}",False,,0.0,weak_tight_runoff;poor_lag_putting,-3.732043458159963,0.0,0.0,0.0,-2.32871012482663,-1.4033333333333329,-0.23745000000000002,57.317534350182775,-0.39,False,,-0.39,False,ok,,0.0,low,25.0,high,51.83838998128594,51.83838998128594,3,"Mid-tier NeutralSG=-0.06, moderate fit VFD=10.8",False,,0.0025894398122314347,0.03146970584940842,0.06129498630031251,0.12608075689556564,0.26145521603572297,0.3578703802792836,0.6421296197207165,APP_200+,MajorGrind,APP_200+ + WindTolerance; weak MajorGrind,NeutralSG=-0.06; VFD=10.8; AP=-3.7VTS (weak_tight_runoff;poor_lag_putting); ->Tier3 vtsfinal=51.8
100,"ROY, KEVIN",Kevin,Roy,133.0,PGA Tour,deep,high,0.06,61.13861386138614,62.18242529522934,1.043811433843203,high,0,0.0,0.0,low,61.50394786323126,Neutral+Venue,"{""neutral"": 0.65, ""venuefit"": 0.35, ""venuehistory"": 0.0}",False,,0.0,long_iron_liability,-4.164705882352941,0.0,0.0,-4.164705882352941,0.0,0.0,-0.30854999999999994,55.124164880877345,-0.81,False,,-0.81,False,ok,,0.0,low,25.0,high,48.19983021617244,48.19983021617244,4,"Below-avg skill or venue mismatch VFD=1.0, AP=-4.2",False,,0.0017995994024082647,0.02133575230846724,0.04350316293141409,0.09457175315931239,0.21089817984084663,0.27008006238719495,0.729919937612805,ARG_TightRunoff,MajorGrind,ARG_TightRunoff + ARG_Bunker; weak MajorGrind,NeutralSG=0.06; VFD=1.0; AP=-4.2VTS (long_iron_liability); ->Tier4 vtsfinal=48.2
101,"SADDIER, ADRIEN",Adrien,Saddier,115.0,PGA Tour,deep,high,-0.08,59.4059405940594,65.58189089051487,6.1759502964554684,high,0,0.0,0.0,low,61.567523197818815,Neutral+Venue,"{""neutral"": 0.65, ""venuefit"": 0.35, ""venuehistory"": 0.0}",False,,0.0,,0.0,0.0,0.0,0.0,0.0,0.0,-0.3257,55.741837892348414,-0.55,False,,-0.55,False,ok,,0.0,low,25.0,high,61.01752319781882,61.01752319781882,3,"Mid-tier NeutralSG=-0.08, moderate fit VFD=6.2",False,,0.0058508797548796265,0.08141094662247092,0.13922484004490857,0.24410132508697394,0.41439002885654813,0.5928812078616044,0.40711879213839564,ARG_TightRunoff,MajorGrind,ARG_TightRunoff + ARG_Bunker; weak MajorGrind,NeutralSG=-0.08; VFD=6.2; ->Tier3 vtsfinal=61.0
102,"JORDAN, MATTHEW",Matthew,Jordan,281.0,DP World Tour,deep,high,-0.51,54.084158415841586,55.522531912583105,1.4383734967415194,high,0,0.0,0.0,low,54.587589139701116,Neutral+Venue,"{""neutral"": 0.65, ""venuefit"": 0.35, ""venuehistory"": 0.0}",False,,0.0,short_and_wild;long_iron_liability;poor_lag_putting,-7.883639569327029,0.0,-2.4333379102018404,-4.066968325791856,0.0,-1.3833333333333333,-0.47359999999999997,55.79226017899912,0.07,False,,0.0,False,ok,,0.0,low,25.0,high,30.93667043172003,30.93667043172003,5,"Weak profile NeutralSG=-0.51, AP=-7.9, VFD=1.4",False,,0.0001960271167217328,0.003260235557848554,0.008061217054301593,0.021805631974285887,0.06427872997468363,0.04648302931414817,0.9535169706858518,ARG_TightRunoff,MajorGrind,ARG_TightRunoff + ARG_Bunker; weak MajorGrind,NeutralSG=-0.51; VFD=1.4; AP=-7.9VTS (short_and_wild;long_iron_liability;poor_lag_putting); ->Tier5 vtsfinal=30.9
103,"CANTER, LAURIE",Laurie,Canter,151.0,LIV Golf,deep,high,-0.38,55.693069306930695,59.18821749875384,3.495148191823148,high,0,0.0,0.0,low,56.9163711740688,Neutral+Venue,"{""neutral"": 0.65, ""venuefit"": 0.35, ""venuehistory"": 0.0}",False,,0.0,weak_tight_runoff,-2.482662968099861,0.0,0.0,0.0,-2.482662968099861,0.0,-0.34359999999999996,57.43098449514685,0.08,False,,0.0,False,ok,,0.0,low,25.0,high,49.468382269769215,49.468382269769215,4,"Below-avg skill or venue mismatch VFD=3.5, AP=-2.5",False,,0.0020492117570054614,0.024443913815633638,0.04906629997214201,0.10467915599207689,0.22772488159965315,0.2993940269834827,0.7006059730165173,OTT_Distance,MajorGrind,OTT_Distance + OTT_Accuracy; weak MajorGrind,NeutralSG=-0.38; VFD=3.5; AP=-2.5VTS (weak_tight_runoff); ->Tier4 vtsfinal=49.5
104,"SURRATT, CALEB",Caleb,Surratt,287.0,LIV Golf,deep,high,-0.24,57.42574257425742,51.94811207964267,-5.4776304946147505,high,0,0.0,0.0,low,55.508571901142254,Neutral+Venue,"{""neutral"": 0.65, ""venuefit"": 0.35, ""venuehistory"": 0.0}",False,,0.0,bomb_and_spray;long_iron_liability;weak_tight_runoff,-9.0,-3.5999999999999996,0.0,-4.9574660633484156,-2.2787794729542306,0.0,-0.48114999999999997,53.81318542795916,-0.52,False,,-0.52,False,ok,,0.0,low,25.0,high,27.988571901142254,27.988571901142254,5,"Weak profile NeutralSG=-0.24, AP=-9.0, VFD=-5.5",False,,0.00011880972625864847,0.002359647865733936,0.006016731966838382,0.01681887512543637,0.05154731248992559,0.03315402036813433,0.9668459796318657,PUTT_LagCtrl,APP_FlightCtrl,PUTT_LagCtrl + ARG_TightRunoff; weak APP_FlightCtrl,NeutralSG=-0.24; VFD=-5.5; AP=-9.0VTS (bomb_and_spray;long_iron_liability;weak_tight_runoff); ->Tier5 vtsfinal=28.0
105,"PHILLIPS, CHANDLER",Chandler,Phillips,172.0,PGA Tour,deep,high,-0.38,55.693069306930695,56.528083230133696,0.8350139232030003,high,0,0.0,0.0,low,55.98532418005175,Neutral+Venue,"{""neutral"": 0.65, ""venuefit"": 0.35, ""venuehistory"": 0.0}",False,,0.0,long_iron_liability,-4.208144796380091,0.0,0.0,-4.208144796380091,0.0,0.0,-0.5347,53.72494642632043,-0.35,False,,-0.35,False,ok,,0.0,low,25.0,high,43.01088979091147,43.01088979091147,4,"Below-avg skill or venue mismatch VFD=0.8, AP=-4.2",False,,0.00101821721130946,0.012182062388389984,0.02640890824771183,0.061704148432639376,0.15129306896864217,0.16890320455036623,0.8310967954496338,ARG_TightRunoff,APP_FlightCtrl,ARG_TightRunoff + ARG_Bunker; weak APP_FlightCtrl,NeutralSG=-0.38; VFD=0.8; AP=-4.2VTS (long_iron_liability); ->Tier4 vtsfinal=43.0
106,"SHIPLEY, NEAL",Neal,Shipley,190.0,PGA Tour,deep,high,-0.24,57.42574257425742,50.08850918466977,-7.337233389587652,high,0,0.0,0.0,low,54.85771088790174,Neutral+Venue,"{""neutral"": 0.65, ""venuefit"": 0.35, ""venuehistory"": 0.0}",False,,0.0,long_iron_liability;weak_tight_runoff;poor_lag_putting,-8.405099524499867,0.0,0.0,-4.392760180995475,-2.7156726768377255,-1.2966666666666662,-0.39925,55.40148745745619,-0.35,False,,-0.35,False,ok,,0.0,low,25.0,high,29.292412314402135,29.292412314402135,5,"Weak profile NeutralSG=-0.24, AP=-8.4, VFD=-7.3",False,,0.00014918459885525907,0.0027224455999598487,0.006848281163827759,0.018869056418550835,0.056856478929588686,0.03852357833475434,0.9614764216652456,OTT_Distance,APP_FlightCtrl,OTT_Distance + OTT_Accuracy; weak APP_FlightCtrl,NeutralSG=-0.24; VFD=-7.3; AP=-8.4VTS (long_iron_liability;weak_tight_runoff;poor_lag_putting); ->Tier5 vtsfinal=29.3
107,"WU, DYLAN",Dylan,Wu,386.0,PGA Tour,deep,high,-0.39,55.569306930693074,58.92549182274906,3.3561848920559854,high,0,0.0,0.0,low,56.74397164291267,Neutral+Venue,"{""neutral"": 0.65, ""venuefit"": 0.35, ""venuehistory"": 0.0}",False,,0.0,weak_tight_runoff;poor_lag_putting,-3.742159038372631,0.0,0.0,0.0,-2.2454923717059643,-1.4966666666666666,-0.57655,52.981217698222615,-0.41,False,,-0.41,False,ok,,0.0,low,25.0,high,45.10749452779478,45.10749452779478,4,"Below-avg skill or venue mismatch VFD=3.4, AP=-3.7",False,,0.001291789718482848,0.01528827591371442,0.03234762484732857,0.0734722645480315,0.17359251622741867,0.20592588352346522,0.7940741164765348,ARG_TightRunoff,MajorGrind,ARG_TightRunoff + ARG_Bunker; weak MajorGrind,NeutralSG=-0.39; VFD=3.4; AP=-3.7VTS (weak_tight_runoff;poor_lag_putting); ->Tier4 vtsfinal=45.1
108,"HAMMER, COLE",Cole,Hammer,363.0,Korn Ferry Tour,deep,high,-0.47,54.579207920792086,87.00610232797949,32.426894407187405,high,0,0.0,0.0,low,65.92862096330768,Neutral+Venue,"{""neutral"": 0.65, ""venuefit"": 0.35, ""venuehistory"": 0.0}",False,,0.0,poor_lag_putting,-2.2500000000000004,0.0,0.0,0.0,0.0,-2.2500000000000004,-0.37444999999999995,57.443590066809534,0.21,False,,0.0,False,ok,,0.0,low,25.0,high,59.17862096330768,59.17862096330768,3,"Mid-tier NeutralSG=-0.47, moderate fit VFD=32.4",False,,0.005020795134769542,0.06762209985596954,0.11892915221217827,0.21579575203214807,0.38174592979952565,0.5485972216270425,0.4514027783729575,APP_200+,PUTT_LagCtrl,APP_200+ + APP_150-200; weak PUTT_LagCtrl,NeutralSG=-0.47; VFD=32.4; AP=-2.3VTS (poor_lag_putting); ->Tier3 vtsfinal=59.2
109,"SILVERMAN, BEN",Ben,Silverman,262.0,PGA Tour,deep,high,-0.54,53.71287128712871,57.086465969946765,3.3735946828180516,high,0,0.0,0.0,low,54.89362942611503,Neutral+Venue,"{""neutral"": 0.65, ""venuefit"": 0.35, ""venuehistory"": 0.0}",False,,0.0,weak_tight_runoff,-2.249653259361997,0.0,0.0,0.0,-2.249653259361997,0.0,-0.7766,50.119752930795414,-0.52,False,,-0.52,False,ok,,0.0,low,25.0,high,47.624669648029034,47.624669648029034,4,"Below-avg skill or venue mismatch VFD=3.4, AP=-2.2",False,,0.0016947598978054534,0.020056854375075487,0.04118289294429995,0.09027941724175492,0.20355912019648226,0.2573299956841182,0.7426700043158818,PUTT_LagCtrl,MajorGrind,PUTT_LagCtrl + ARG_TightRunoff; weak MajorGrind,NeutralSG=-0.54; VFD=3.4; AP=-2.2VTS (weak_tight_runoff); ->Tier4 vtsfinal=47.6
110,"RUSSELL, MILES",Miles,Russell,,Korn Ferry Tour,medium,medium,-0.39,55.569306930693074,55.98994628867264,0.4206393579795673,medium,0,0.0,0.0,low,55.716530705985924,Neutral+Venue,"{""neutral"": 0.65, ""venuefit"": 0.35, ""venuehistory"": 0.0}",False,,0.0,poor_lag_putting,-2.1699999999999995,0.0,0.0,0.0,0.0,-2.1699999999999995,-0.3627,57.128450775242655,0.06,False,,0.0,False,ok,,0.0,medium,50.0,high,49.20653070598593,49.20653070598593,4,"Below-avg skill or venue mismatch VFD=0.4, AP=-2.2",False,,0.0021951020467166214,0.02640912377831142,0.053184012482665105,0.11390976040273534,0.24908887472647157,0.3257950426866568,0.6742049573133432,ARG_TightRunoff,PUTT_LagCtrl,ARG_TightRunoff + ARG_Bunker; weak PUTT_LagCtrl,NeutralSG=-0.39; VFD=0.4; AP=-2.2VTS (poor_lag_putting); ->Tier4 vtsfinal=49.2
111,"UIHLEIN, PETER",Peter,Uihlein,181.0,LIV Golf,deep,high,-0.64,52.475247524752476,51.91228728742092,-0.5629602373315592,high,0,0.0,0.0,low,52.27821144168643,Neutral+Venue,"{""neutral"": 0.65, ""venuefit"": 0.35, ""venuehistory"": 0.0}",False,,0.0,bomb_and_spray;long_iron_liability,-8.296832579185521,-3.5999999999999996,0.0,-4.696832579185521,0.0,0.0,-0.9493999999999999,47.447371738308334,-0.69,False,,-0.69,False,ok,,0.0,low,25.0,high,26.697713704129864,26.697713704129864,5,"Weak profile NeutralSG=-0.64, AP=-8.3, VFD=-0.6",False,,9.382501786993645e-05,0.0020480028913987583,0.005292381597194313,0.015004893024200957,0.04675245673545666,0.028550566762606484,0.9714494332373935,ARG_Bunker,MajorGrind,ARG_Bunker + ARG_TightRunoff; weak MajorGrind,NeutralSG=-0.64; VFD=-0.6; AP=-8.3VTS (bomb_and_spray;long_iron_liability); ->Tier5 vtsfinal=26.7
112,"NICHOLAS, JAMES",James,Nicholas,286.0,Korn Ferry Tour,deep,high,-0.72,51.48514851485149,56.98578975088553,5.500641236034042,high,0,0.0,0.0,low,53.4103729474634,Neutral+Venue,"{""neutral"": 0.65, ""venuefit"": 0.35, ""venuehistory"": 0.0}",False,,0.0,bomb_and_spray;long_iron_liability;poor_lag_putting,-9.0,-3.642911488714177,0.0,-4.284162895927602,0.0,-1.7033333333333336,-0.6426499999999999,53.93924114458591,0.17,False,,0.0,False,ok,,0.0,low,25.0,high,26.4103729474634,26.4103729474634,5,"Weak profile NeutralSG=-0.72, AP=-9.0, VFD=5.5",False,,8.888346327984252e-05,0.001984423488903781,0.0051433306409121955,0.014628056994951219,0.04574400498853143,0.02761323123440441,0.9723867687655956,OTT_Distance,APP_FlightCtrl,OTT_Distance + ARG_TightRunoff; weak APP_FlightCtrl,NeutralSG=-0.72; VFD=5.5; AP=-9.0VTS (bomb_and_spray;long_iron_liability;poor_lag_putting); ->Tier5 vtsfinal=26.4
113,"STANGER, JIMMY",Jimmy,Stanger,338.0,PGA Tour,medium,medium,-0.37,55.81683168316831,52.74060382389643,-3.0762278592718815,medium,0,0.0,0.0,low,54.740151932423146,Neutral+Venue,"{""neutral"": 0.65, ""venuefit"": 0.35, ""venuehistory"": 0.0}",False,,0.0,bomb_and_spray;long_iron_liability,-8.807239819004522,-3.5999999999999996,0.0,-5.207239819004523,0.0,0.0,-0.2686,58.817597378041086,0.26,False,,0.0,False,ok,,0.0,medium,50.0,high,28.31843247540958,28.31843247540958,5,"Weak profile NeutralSG=-0.37, AP=-8.8, VFD=-3.1",False,,0.00013857568467581699,0.002718446840649191,0.0069079066702952266,0.019239910535834917,0.05871639995556103,0.03826704966166069,0.9617329503383393,ARG_TightRunoff,APP_FlightCtrl,ARG_TightRunoff + ARG_Bunker; weak APP_FlightCtrl,NeutralSG=-0.37; VFD=-3.1; AP=-8.8VTS (bomb_and_spray;long_iron_liability); ->Tier5 vtsfinal=28.3
114,"SATO, TAIHEI",Taihei,Sato,403.0,Japan Golf Tour,deep,high,-0.93,48.886138613861384,64.07099019929248,15.184851585431097,high,0,0.0,0.0,low,54.200836668762264,Neutral+Venue,"{""neutral"": 0.65, ""venuefit"": 0.35, ""venuehistory"": 0.0}",False,,0.0,,0.0,0.0,0.0,0.0,0.0,0.0,-0.6388,55.43930417244422,0.63,False,,0.0,False,ok,,0.0,low,25.0,high,54.200836668762264,54.200836668762264,3,"Mid-tier NeutralSG=-0.93, moderate fit VFD=15.2",False,,0.0032357745201247266,0.04038956029750053,0.0762453477369888,0.15094150505820308,0.2978467145359786,0.41932824750305964,0.5806717524969404,ARG_TightRunoff,MajorGrind,ARG_TightRunoff + ARG_Bunker; weak MajorGrind,NeutralSG=-0.93; VFD=15.2; ->Tier3 vtsfinal=54.2
115,"MONTGOMERY, TAYLOR",Taylor,Montgomery,227.0,Korn Ferry Tour,deep,high,-0.32,56.43564356435643,64.59592846629131,8.16028490193488,high,0,0.0,0.0,low,59.29174328003364,Neutral+Venue,"{""neutral"": 0.65, ""venuefit"": 0.35, ""venuehistory"": 0.0}",False,,0.0,short_and_wild,-2.55279417822326,0.0,-2.55279417822326,0.0,0.0,0.0,-0.98885,44.510273540905075,-1.46,True,Last20 vs baseline = -1.46 SG (threshold -1.0),-2.92,False,ok,,0.0,high,75.0,high,48.71336074536386,48.71336074536386,4,"Below-avg skill or venue mismatch VFD=8.2, AP=-2.6; form-gated",True,Form gate applied: recent perf materially below baseline,0.002277036580041556,0.027554517569421476,0.05583012219119035,0.1204565452650286,0.2659608673088876,0.3287151494442777,0.6712848505557223,ARG_Bunker,MajorGrind,ARG_Bunker + ARG_TightRunoff; weak MajorGrind,NeutralSG=-0.32; VFD=8.2; AP=-2.6VTS (short_and_wild); form-gate(-1.46); ->Tier4 vtsfinal=48.7
116,"NORGAARD, NIKLAS",Niklas,Norgaard,275.0,DP World Tour,deep,high,-0.77,50.86633663366336,50.42049688470058,-0.4458397489627757,high,0,0.0,0.0,low,50.710292721526386,Neutral+Venue,"{""neutral"": 0.65, ""venuefit"": 0.35, ""venuehistory"": 0.0}",False,,0.0,bomb_and_spray;long_iron_liability;weak_tight_runoff,-9.0,-3.5999999999999996,0.0,-4.85972850678733,-2.6990291262135924,0.0,-0.9974999999999999,47.39694945165763,-0.5,False,,-0.5,False,ok,,0.0,low,25.0,high,23.210292721526386,23.210292721526386,5,"Weak profile NeutralSG=-0.77, AP=-9.0, VFD=-0.4",False,,4.6596295043446894e-05,0.001396506950127731,0.003740648894583812,0.011012266439184267,0.03582337429201638,0.02,0.98,PUTT_LagCtrl,MajorGrind,PUTT_LagCtrl + OTT_Distance; weak MajorGrind,NeutralSG=-0.77; VFD=-0.4; AP=-9.0VTS (bomb_and_spray;long_iron_liability;weak_tight_runoff); ->Tier5 vtsfinal=23.2
117,"HARDY, NICK",Nick,Hardy,,PGA Tour,deep,high,-0.91,49.133663366336634,56.26600045967938,7.132337093342748,high,0,0.0,0.0,low,51.6299813490066,Neutral+Venue,"{""neutral"": 0.65, ""venuefit"": 0.35, ""venuehistory"": 0.0}",False,,0.0,bomb_and_spray;long_iron_liability;poor_lag_putting,-9.0,-3.5999999999999996,0.0,-4.25158371040724,0.0,-1.3233333333333335,-0.89635,50.308836505735535,0.03,False,,0.0,False,ok,,0.0,low,25.0,high,24.6299813490066,24.6299813490066,5,"Weak profile NeutralSG=-0.91, AP=-9.0, VFD=7.1",False,,6.27001692189522e-05,0.0016321164410651242,0.004308518715987986,0.012492337748581073,0.03994085244997073,0.022436668781178826,0.9775633312188212,ARG_TightRunoff,MajorGrind,ARG_TightRunoff + ARG_Bunker; weak MajorGrind,NeutralSG=-0.91; VFD=7.1; AP=-9.0VTS (bomb_and_spray;long_iron_liability;poor_lag_putting); ->Tier5 vtsfinal=24.6
118,"HIGGS, HARRY",Harry,Higgs,356.0,Korn Ferry Tour,deep,high,-0.91,49.133663366336634,54.12576089874645,4.992097532409815,high,0,0.0,0.0,low,50.88089750268007,Neutral+Venue,"{""neutral"": 0.65, ""venuefit"": 0.35, ""venuehistory"": 0.0}",False,,0.0,long_iron_liability;weak_tight_runoff,-6.46591272804865,0.0,0.0,-4.153846153846153,-2.312066574202497,0.0,-0.89635,50.308836505735535,0.02,False,,0.0,False,ok,,0.0,low,25.0,high,31.48315931853412,31.48315931853412,5,"Weak profile NeutralSG=-0.91, AP=-6.5, VFD=5.0",False,,0.00021396356903553545,0.0034614542801423885,0.008509732024753254,0.022876989588622065,0.06693762804704681,0.049456611782485387,0.9505433882175146,ARG_TightRunoff,MajorGrind,ARG_TightRunoff + PUTT_LagCtrl; weak MajorGrind,NeutralSG=-0.91; VFD=5.0; AP=-6.5VTS (long_iron_liability;weak_tight_runoff); ->Tier5 vtsfinal=31.5
119,"YUAN, CARL",Carl,Yuan,,Korn Ferry Tour,medium,medium,-1.03,47.648514851485146,41.86649548731844,-5.7820193641667075,medium,0,0.0,0.0,low,45.624808074026795,Neutral+Venue,"{""neutral"": 0.65, ""venuefit"": 0.35, ""venuehistory"": 0.0}",False,,0.0,bomb_and_spray;long_iron_liability;weak_tight_runoff;poor_lag_putting,-9.0,-3.5999999999999996,0.0,-5.011764705882352,-2.416088765603329,-1.403333333333334,-0.8856999999999999,51.3298878104122,0.36,False,,0.0,False,ok,,0.0,medium,50.0,high,18.624808074026795,18.624808074026795,5,"Weak profile NeutralSG=-1.03, AP=-9.0, VFD=-5.8",False,,1.705296943868526e-05,0.0009375793806225865,0.002631623599628895,0.0081321279645123,0.027922157032837767,0.02,0.98,ARG_TightRunoff,APP_FlightCtrl,ARG_TightRunoff + OTT_Distance; weak APP_FlightCtrl,NeutralSG=-1.03; VFD=-5.8; AP=-9.0VTS (bomb_and_spray;long_iron_liability;weak_tight_runoff;poor_lag_putting); ->Tier5 vtsfinal=18.6
120,"MCDOWELL, GRAEME",Graeme,McDowell,,LIV Golf,medium,medium,-1.0,48.01980198019802,56.50441871558235,8.484616735384328,medium,0,0.0,0.0,low,50.989417837582536,Neutral+Venue,"{""neutral"": 0.65, ""venuefit"": 0.35, ""venuehistory"": 0.0}",False,,0.0,weak_tight_runoff,-2.545076282940361,0.0,0.0,0.0,-2.545076282940361,0.0,-1.3315000000000001,42.480776503214415,-0.85,False,,-0.85,False,ok,,0.0,medium,50.0,high,42.50418898876145,42.50418898876145,4,"Below-avg skill or venue mismatch VFD=8.5, AP=-2.5",False,,0.001055600659565177,0.012811229193214778,0.02793394616466309,0.06570464499968869,0.16251066745053552,0.17861958985219895,0.821380410147801,PUTT_LagCtrl,MajorGrind,PUTT_LagCtrl + APP_200+; weak MajorGrind,NeutralSG=-1.00; VFD=8.5; AP=-2.5VTS (weak_tight_runoff); ->Tier4 vtsfinal=42.5
121,"ROZO, MARCELO",Marcelo,Rozo,,PGA Tour,deep,high,-1.09,46.9059405940594,58.450906224579875,11.544965630520473,high,0,0.0,0.0,low,50.94667856474157,Neutral+Venue,"{""neutral"": 0.65, ""venuefit"": 0.35, ""venuehistory"": 0.0}",False,,0.0,weak_tight_runoff;poor_lag_putting,-4.328548312528895,0.0,0.0,0.0,-2.4452149791955615,-1.8833333333333333,-1.0172,49.18694062775747,0.15,False,,0.0,False,ok,,0.0,low,25.0,high,37.96103362715488,37.96103362715488,4,"Below-avg skill or venue mismatch VFD=11.5, AP=-4.3",False,,0.0005453036992649459,0.00703055788148103,0.01612576252494966,0.04017411703937833,0.10698841153160045,0.10093917251659956,0.8990608274834004,OTT_Accuracy,MajorGrind,OTT_Accuracy + WindTolerance; weak MajorGrind,NeutralSG=-1.09; VFD=11.5; AP=-4.3VTS (weak_tight_runoff;poor_lag_putting); ->Tier4 vtsfinal=38.0
122,"TOSTI, ALEJANDRO",Alejandro,Tosti,364.0,PGA Tour,medium,medium,-1.55,41.21287128712871,41.68555649209433,0.4726852049656145,medium,0,0.0,0.0,low,41.37831110886668,Neutral+Venue,"{""neutral"": 0.65, ""venuefit"": 0.35, ""venuehistory"": 0.0}",False,,0.0,bomb_and_spray;long_iron_liability;weak_tight_runoff;poor_lag_putting,-9.0,-3.5999999999999996,0.0,-5.43529411764706,-2.1789181692094313,-1.6166666666666663,-1.2146,48.48102861464768,0.86,False,,0.0,False,ok,,0.0,medium,50.0,high,14.378311108866683,14.378311108866683,5,"Weak profile NeutralSG=-1.55, AP=-9.0, VFD=0.5",False,,4.6760631222633805e-06,0.0005878881559927861,0.0017226473371739965,0.005563482507530456,0.020040910593838866,0.02,0.98,ARG_TightRunoff,APP_200+,ARG_TightRunoff + ARG_Bunker; weak APP_200+,NeutralSG=-1.55; VFD=0.5; AP=-9.0VTS (bomb_and_spray;long_iron_liability;weak_tight_runoff;poor_lag_putting); ->Tier5 vtsfinal=14.4
123,"HARRINGTON, PADRAIG",Padraig,Harrington,,PGA Tour Champions,deep,high,-1.42,42.82178217821782,60.62548268365229,17.803700505434463,high,0,0.0,0.0,low,49.05307735511988,Neutral+Venue,"{""neutral"": 0.65, ""venuefit"": 0.35, ""venuehistory"": 0.0}",False,,0.0,short_and_wild;poor_lag_putting,-4.086025447388897,0.0,-2.48935878072223,0.0,0.0,-1.5966666666666667,-1.2015999999999998,47.85075003151393,0.48,False,,0.0,False,ok,,0.0,low,25.0,high,36.79500101295319,36.79500101295319,4,"Below-avg skill or venue mismatch VFD=17.8, AP=-4.1",False,,0.0004665437697036209,0.006190050712481929,0.014379288454141879,0.036333381780382604,0.09850250047043287,0.08909204881155411,0.9109079511884459,ARG_Bunker,APP_FlightCtrl,ARG_Bunker + ARG_TightRunoff; weak APP_FlightCtrl,NeutralSG=-1.42; VFD=17.8; AP=-4.1VTS (short_and_wild;poor_lag_putting); ->Tier4 vtsfinal=36.8
124,"COWAN, RYDER",Ryder,Cowan,,Amateur,medium,medium,-1.24,45.04950495049505,63.35045755324437,18.30095260274932,medium,0,0.0,0.0,low,51.45483836145731,Neutral+Venue,"{""neutral"": 0.65, ""venuefit"": 0.35, ""venuehistory"": 0.0}",True,A,-4.0,,0.0,0.0,0.0,0.0,0.0,0.0,-0.8694999999999999,53.06945669986134,0.84,False,,0.0,False,ok,,0.0,high,75.0,high,41.45483836145731,41.45483836145731,4,"Below-avg skill or venue mismatch VFD=18.3, AP=0.0; debut-A",False,,0.0010162619716459168,0.012573623921220778,0.027743576886150235,0.06615345304254805,0.16654701845922124,0.1690096451797408,0.8309903548202592,ARG_TightRunoff,MajorGrind,ARG_TightRunoff + ARG_Bunker; weak MajorGrind,NeutralSG=-1.24; VFD=18.3; debut-A pen=-4.0SG; ->Tier4 vtsfinal=41.5
125,"VAN PARIS, JACKSON",Jackson,Van Paris,,Korn Ferry Tour,medium,medium,-1.13,46.410891089108915,63.46180561767513,17.050914528566217,medium,0,0.0,0.0,low,52.378711174107096,Neutral+Venue,"{""neutral"": 0.65, ""venuefit"": 0.35, ""venuehistory"": 0.0}",False,,0.0,short_and_wild,-2.1647672662364412,0.0,-2.1647672662364412,0.0,0.0,0.0,-1.4459,41.14458590697089,-0.8,False,,-0.8,False,ok,,0.0,medium,50.0,high,45.084409375397776,45.084409375397776,4,"Below-avg skill or venue mismatch VFD=17.1, AP=-2.2",False,,0.0014173362873225598,0.01694462180371257,0.03586190098720925,0.08148021939503217,0.19259322925044173,0.22832123013603628,0.7716787698639638,ARG_TightRunoff,MajorGrind,ARG_TightRunoff + ARG_Bunker; weak MajorGrind,NeutralSG=-1.13; VFD=17.1; AP=-2.2VTS (short_and_wild); ->Tier4 vtsfinal=45.1
126,"COLEMAN, HAMILTON",Hamilton,Coleman,,,thin,low,-3.44,17.82178217821782,60.89716044325994,43.07537826504212,low,0,0.0,0.0,low,32.898164570982566,Neutral+Venue,"{""neutral"": 0.65, ""venuefit"": 0.35, ""venuehistory"": 0.0}",True,A,-4.0,short_and_wild,-2.1944253741590005,0.0,-2.1944253741590005,0.0,0.0,0.0,-3.4400000000000004,18.152023194251854,0.0,False,,0.0,False,ok,,0.0,high,75.0,high,16.314888448505563,16.314888448505563,5,"Weak profile NeutralSG=-3.44, AP=-2.2, VFD=43.1; debut-A",False,,9.595112864062923e-06,0.0008000952980118544,0.002298972173320808,0.007277356363485828,0.025652971592246276,0.02,0.98,ARG_Bunker,MajorGrind,ARG_Bunker + ARG_TightRunoff; weak MajorGrind,NeutralSG=-3.44; VFD=43.1; debut-A pen=-4.0SG; AP=-2.2VTS (short_and_wild); ->Tier5 vtsfinal=16.3
127,"FANG, ETHAN",Ethan,Fang,,Amateur,medium,medium,-1.65,39.975247524752476,44.93327447511765,4.9580269503651735,medium,0,0.0,0.0,low,41.710556957380284,Neutral+Venue,"{""neutral"": 0.65, ""venuefit"": 0.35, ""venuehistory"": 0.0}",True,A,-4.0,long_iron_liability;poor_lag_putting,-6.981764705882352,0.0,0.0,-5.011764705882353,0.0,-1.9699999999999993,-1.7319,39.127694440942896,-0.21,False,,0.0,False,ok,,0.0,high,75.0,high,10.765262839733229,10.765262839733229,5,"Weak profile NeutralSG=-1.65, AP=-7.0, VFD=5.0; debut-A",False,,1.200197542691163e-06,0.000434677514711495,0.0013210014334902602,0.004427812664196435,0.016594733916570206,0.02,0.98,ARG_TightRunoff,APP_150-200,ARG_TightRunoff + ARG_Bunker; weak APP_150-200,NeutralSG=-1.65; VFD=5.0; debut-A pen=-4.0SG; AP=-7.0VTS (long_iron_liability;poor_lag_putting); ->Tier5 vtsfinal=10.8
128,"HERRINGTON, JACKSON",Jackson,Herrington,,Amateur,medium,medium,-2.49,29.57920792079208,45.31108448726164,15.731876566469559,medium,0,0.0,0.0,low,35.08536471905642,Neutral+Venue,"{""neutral"": 0.65, ""venuefit"": 0.35, ""venuehistory"": 0.0}",True,A,-4.0,bomb_and_spray;weak_tight_runoff,-7.776144244105409,-3.5999999999999996,0.0,0.0,-4.1761442441054095,0.0,-2.4081,31.715618303290054,0.12,False,,0.0,False,ok,,0.0,high,75.0,high,1.7569319867401951,1.7569319867401951,5,"Weak profile NeutralSG=-2.49, AP=-7.8, VFD=15.7; debut-A",False,,1.3896463547419558e-10,0.00016140819206287858,0.0005370147824553198,0.001972682673786295,0.00813517232335221,0.02,0.98,APP_150-200,ARG_Bunker,APP_150-200 + PUTT_LagCtrl; weak ARG_Bunker,NeutralSG=-2.49; VFD=15.7; debut-A pen=-4.0SG; AP=-7.8VTS (bomb_and_spray;weak_tight_runoff); ->Tier5 vtsfinal=1.8
129,"KYES, CHASE",Chase,Kyes,,Amateur,medium,medium,-2.89,24.628712871287124,64.03289308640562,39.4041802151185,medium,0,0.0,0.0,low,38.420175946578595,Neutral+Venue,"{""neutral"": 0.65, ""venuefit"": 0.35, ""venuehistory"": 0.0}",True,A,-4.0,,0.0,0.0,0.0,0.0,0.0,0.0,-2.8393000000000006,26.068322198411693,0.09,False,,0.0,False,ok,,0.0,high,75.0,high,28.420175946578595,28.420175946578595,5,"Weak profile NeutralSG=-2.89, AP=0.0, VFD=39.4; debut-A",False,,0.00015390876577580569,0.0030238536763586904,0.007675861517642494,0.021354808054251096,0.06508466594040109,0.04065445450217258,0.9593455454978275,ARG_Bunker,MajorGrind,ARG_Bunker + ARG_TightRunoff; weak MajorGrind,NeutralSG=-2.89; VFD=39.4; debut-A pen=-4.0SG; ->Tier5 vtsfinal=28.4
130,"LEE, ERIC",Eric,Lee,,Amateur,medium,medium,-1.48,42.07920792079208,63.79852170131592,21.71931378052384,medium,0,0.0,0.0,low,49.68096774397543,Neutral+Venue,"{""neutral"": 0.65, ""venuefit"": 0.35, ""venuehistory"": 0.0}",True,A,-4.0,,0.0,0.0,0.0,0.0,0.0,0.0,-1.4644,43.16147737299886,0.04,False,,0.0,False,ok,,0.0,high,75.0,high,39.68096774397543,39.68096774397543,4,"Below-avg skill or venue mismatch VFD=21.7, AP=0.0; debut-A",False,,0.0008166591273501119,0.010365716301503633,0.023329655462447123,0.05689698300519292,0.1474667126366531,0.14105241575798635,0.8589475842420137,ARG_TightRunoff,MajorGrind,ARG_TightRunoff + ARG_Bunker; weak MajorGrind,NeutralSG=-1.48; VFD=21.7; debut-A pen=-4.0SG; ->Tier4 vtsfinal=39.7
131,"WU, BRANDON",Brandon,Wu,,Korn Ferry Tour,deep,high,-1.7,39.35643564356435,45.222407940243926,5.865972296679573,high,0,0.0,0.0,low,41.4095259474022,Neutral+Venue,"{""neutral"": 0.65, ""venuefit"": 0.35, ""venuehistory"": 0.0}",False,,0.0,short_and_wild;long_iron_liability;weak_tight_runoff;poor_lag_putting,-9.0,0.0,-2.9935466154057395,-3.936651583710408,-2.2454923717059643,-1.4099999999999993,-1.64085,41.23282490860961,0.13,False,,0.0,False,ok,,0.0,low,25.0,high,14.409525947402201,14.409525947402201,5,"Weak profile NeutralSG=-1.70, AP=-9.0, VFD=5.9",False,,4.2973108015005525e-06,0.0005309181219659337,0.001555221282960686,0.005021142164993601,0.018081011121047038,0.02,0.98,ARG_Bunker,MajorGrind,ARG_Bunker + ARG_TightRunoff; weak MajorGrind,NeutralSG=-1.70; VFD=5.9; AP=-9.0VTS (short_and_wild;long_iron_liability;weak_tight_runoff;poor_lag_putting); ->Tier5 vtsfinal=14.4
132,"HOWELL, MASON",Mason,Howell,,,medium,medium,-1.64,40.099009900990104,33.3783446933174,-6.7206652076727025,medium,0,0.0,0.0,low,37.74677707830466,Neutral+Venue,"{""neutral"": 0.65, ""venuefit"": 0.35, ""venuehistory"": 0.0}",False,,0.0,long_iron_liability;weak_tight_runoff;poor_lag_putting,-9.0,0.0,0.0,-5.5221719457013565,-2.981969486823856,-1.33,-1.6400000000000001,40.842052187066685,0.0,False,,0.0,False,ok,,0.0,medium,50.0,high,10.74677707830466,10.74677707830466,5,"Weak profile NeutralSG=-1.64, AP=-9.0, VFD=-6.7",False,,1.0907674888173978e-06,0.000394358975499598,0.0011986951290241397,0.0040186197581091225,0.01506416379257118,0.02,0.98,PUTT_LagCtrl,APP_FlightCtrl,PUTT_LagCtrl + OTT_Distance; weak APP_FlightCtrl,NeutralSG=-1.64; VFD=-6.7; AP=-9.0VTS (long_iron_liability;weak_tight_runoff;poor_lag_putting); ->Tier5 vtsfinal=10.7
133,"CELLI, FILIPPO",Filippo,Celli,438.0,DP World Tour,deep,high,-1.49,41.95544554455445,44.573380584712496,2.617935040158045,high,0,0.0,0.0,low,42.87172280860977,Neutral+Venue,"{""neutral"": 0.65, ""venuefit"": 0.35, ""venuehistory"": 0.0}",False,,0.0,short_and_wild;long_iron_liability;weak_tight_runoff,-9.0,0.0,-2.8155979678703833,-4.870588235294116,-2.2787794729542306,0.0,-1.4581499999999998,43.350560947938995,0.08,False,,0.0,False,ok,,0.0,low,25.0,high,15.871722808609768,15.871722808609768,5,"Weak profile NeutralSG=-1.49, AP=-9.0, VFD=2.6",False,,6.967366383972346e-06,0.0006234986094845258,0.0017996019196838214,0.005722871938613478,0.02027417921016676,0.02,0.98,PUTT_LagCtrl,APP_FlightCtrl,PUTT_LagCtrl + ARG_TightRunoff; weak APP_FlightCtrl,NeutralSG=-1.49; VFD=2.6; AP=-9.0VTS (short_and_wild;long_iron_liability;weak_tight_runoff); ->Tier5 vtsfinal=15.9
134,"HOLMES, J.B.",J.B.,Holmes,,,thin,low,-2.92,24.257425742574256,37.06431686567976,12.806891123105501,low,0,0.0,0.0,low,28.739837635661182,Neutral+Venue,"{""neutral"": 0.65, ""venuefit"": 0.35, ""venuehistory"": 0.0}",True,A,-4.0,bomb_and_spray;long_iron_liability;poor_lag_putting,-9.0,-3.5999999999999996,0.0,-5.228959276018099,0.0,-2.3033333333333323,-2.92,24.70692045884281,0.0,False,,0.0,False,ok,,0.0,high,75.0,high,0.0,0.0,5,"Weak profile NeutralSG=-2.92, AP=-9.0, VFD=12.8; debut-A",False,,0.0,0.0001330466447254694,0.0004505238814846551,0.001684607877703615,0.007075319313610499,0.02,0.98,ARG_Bunker,APP_FlightCtrl,ARG_Bunker + ARG_TightRunoff; weak APP_FlightCtrl,NeutralSG=-2.92; VFD=12.8; debut-A pen=-4.0SG; AP=-9.0VTS (bomb_and_spray;long_iron_liability;poor_lag_putting); ->Tier5 vtsfinal=0.0
135,"ORMOND, JACKSON",Jackson,Ormond,,Amateur,medium,medium,-3.52,16.83168316831683,59.52350009069216,42.69181692237533,medium,0,0.0,0.0,low,31.773819091148194,Neutral+Venue,"{""neutral"": 0.65, ""venuefit"": 0.35, ""venuehistory"": 0.0}",True,A,-4.0,bomb_and_spray;long_iron_liability,-8.177375565610859,-3.5999999999999996,0.0,-4.5773755656108595,0.0,0.0,-3.5473,16.614143451405518,-0.08,False,,0.0,False,ok,,0.0,high,75.0,high,0.0,0.0,5,"Weak profile NeutralSG=-3.52, AP=-8.2, VFD=42.7; debut-A",False,,0.0,0.0001330466447254694,0.0004505238814846551,0.001684607877703615,0.007075319313610499,0.02,0.98,ARG_Bunker,MajorGrind,ARG_Bunker + ARG_TightRunoff; weak MajorGrind,NeutralSG=-3.52; VFD=42.7; debut-A pen=-4.0SG; AP=-8.2VTS (bomb_and_spray;long_iron_liability); ->Tier5 vtsfinal=0.0
136,"HOLTZ, BRANDON",Brandon,Holtz,,,thin,low,-4.29,7.3019801980198,12.771099279591702,5.469119081571902,low,0,0.0,0.0,low,9.216171876569966,Neutral+Venue,"{""neutral"": 0.65, ""venuefit"": 0.35, ""venuehistory"": 0.0}",True,A,-4.0,long_iron_liability;weak_tight_runoff;poor_lag_putting,-9.0,0.0,0.0,-4.360180995475114,-4.180305131761442,-2.0633333333333326,-4.29,7.4372872809781905,0.0,False,,0.0,False,ok,,0.0,high,75.0,high,0.0,0.0,5,"Weak profile NeutralSG=-4.29, AP=-9.0, VFD=5.5; debut-A",False,,0.0,0.0001330466447254694,0.0004505238814846551,0.001684607877703615,0.007075319313610499,0.02,0.98,APP_200+,ARG_TightRunoff,APP_200+ + PUTT_LagCtrl; weak ARG_TightRunoff,NeutralSG=-4.29; VFD=5.5; debut-A pen=-4.0SG; AP=-9.0VTS (long_iron_liability;weak_tight_runoff;poor_lag_putting); ->Tier5 vtsfinal=0.0
137,"OIWA, RYUICHI",Ryuichi,Oiwa,389.0,Japan Golf Tour,deep,high,-1.9,36.88118811881188,64.57893407244993,27.697745953638048,high,0,0.0,0.0,low,46.575399202585196,Neutral+Venue,"{""neutral"": 0.65, ""venuefit"": 0.35, ""venuehistory"": 0.0}",False,,0.0,,0.0,0.0,0.0,0.0,0.0,0.0,-2.0364999999999998,34.91743350560948,-0.3,False,,0.0,False,ok,,0.0,low,25.0,high,46.575399202585196,46.575399202585196,4,"Below-avg skill or venue mismatch VFD=27.7, AP=0.0",False,,0.0015161118000494324,0.01791401648913489,0.0372504619752293,0.08289340353401597,0.1906412409086024,0.23500812058545645,0.7649918794145436,ARG_Bunker,MajorGrind,ARG_Bunker + ARG_TightRunoff; weak MajorGrind,NeutralSG=-1.90; VFD=27.7; ->Tier4 vtsfinal=46.6
138,"HARBER, VAUGHN",Vaughn,Harber,,Amateur,medium,medium,-3.53,16.707920792079207,64.61125092737221,47.903330135293004,medium,0,0.0,0.0,low,33.47408633943176,Neutral+Venue,"{""neutral"": 0.65, ""venuefit"": 0.35, ""venuehistory"": 0.0}",True,A,-4.0,,0.0,0.0,0.0,0.0,0.0,0.0,-3.6937999999999995,13.840917685617041,-0.42,False,,-0.42,False,ok,,0.0,high,75.0,high,23.054086339431755,23.054086339431755,5,"Weak profile NeutralSG=-3.53, AP=0.0, VFD=47.9; debut-A",False,,5.4059138526082815e-05,0.001677808556405126,0.004501333004700857,0.013273807506962403,0.04326176474400426,0.021761412239172755,0.9782385877608273,ARG_Bunker,MajorGrind,ARG_Bunker + ARG_TightRunoff; weak MajorGrind,NeutralSG=-3.53; VFD=47.9; debut-A pen=-4.0SG; ->Tier5 vtsfinal=23.1
139,"ONISHI, KAITO",Kaito,Onishi,,Japan Golf Tour,deep,high,-2.07,34.777227722772274,44.853336663580194,10.07610894080792,high,0,0.0,0.0,low,38.30386585205505,Neutral+Venue,"{""neutral"": 0.65, ""venuefit"": 0.35, ""venuehistory"": 0.0}",False,,0.0,short_and_wild;long_iron_liability;weak_tight_runoff,-9.0,0.0,-3.1587257998077716,-4.229864253393665,-2.4368932038834954,0.0,-1.8834499999999998,39.03945543930417,0.4,False,,0.0,False,ok,,0.0,low,25.0,high,11.303865852055047,11.303865852055047,5,"Weak profile NeutralSG=-2.07, AP=-9.0, VFD=10.1",False,,1.2766835795699302e-06,0.00037734350541771076,0.0011405530355746091,0.003801932055588297,0.014165917945068668,0.02,0.98,PUTT_LagCtrl,MajorGrind,PUTT_LagCtrl + ARG_Bunker; weak MajorGrind,NeutralSG=-2.07; VFD=10.1; AP=-9.0VTS (short_and_wild;long_iron_liability;weak_tight_runoff); ->Tier5 vtsfinal=11.3
140,"PEACOCK, JAKE",Jake,Peacock,,Korn Ferry Tour,medium,medium,-1.75,38.73762376237624,62.9952399280035,24.25761616562726,medium,0,0.0,0.0,low,47.22778942034578,Neutral+Venue,"{""neutral"": 0.65, ""venuefit"": 0.35, ""venuehistory"": 0.0}",False,,0.0,short_and_wild,-2.1622957572428945,0.0,-2.1622957572428945,0.0,0.0,0.0,-1.6953999999999998,40.51430732383714,0.13,False,,0.0,False,ok,,0.0,medium,50.0,high,40.740902148617096,40.740902148617096,4,"Below-avg skill or venue mismatch VFD=24.3, AP=-2.2",False,,0.000854071423956148,0.010576365297763051,0.023524441285888008,0.056608681766531194,0.14421328532952588,0.14976811103630958,0.8502318889636904,ARG_TightRunoff,MajorGrind,ARG_TightRunoff + ARG_Bunker; weak MajorGrind,NeutralSG=-1.75; VFD=24.3; AP=-2.2VTS (short_and_wild); ->Tier4 vtsfinal=40.7
141,"HIGGINS, ROBBIE",Robbie,Higgins,,Korn Ferry Tour,medium,medium,-2.47,29.826732673267326,59.06258869029544,29.235856017028116,medium,0,0.0,0.0,low,40.05928227922716,Neutral+Venue,"{""neutral"": 0.65, ""venuefit"": 0.35, ""venuehistory"": 0.0}",False,,0.0,bomb_and_spray;long_iron_liability,-8.01447963800905,-3.5999999999999996,0.0,-4.41447963800905,0.0,0.0,-2.7937000000000003,24.101853019034415,-0.83,False,,-0.83,False,ok,,0.0,medium,50.0,high,15.185843365200013,15.185843365200013,5,"Weak profile NeutralSG=-2.47, AP=-8.0, VFD=29.2",False,,6.145193511837153e-06,0.0006424639188425937,0.0018672571936980892,0.005980372489971707,0.021349786890665967,0.02,0.98,ARG_Bunker,MajorGrind,ARG_Bunker + ARG_TightRunoff; weak MajorGrind,NeutralSG=-2.47; VFD=29.2; AP=-8.0VTS (bomb_and_spray;long_iron_liability); ->Tier5 vtsfinal=15.2
142,"LEACH, GREYSON",Greyson,Leach,,PGA Tour Americas,medium,medium,-1.18,45.79207920792079,65.80775115815212,20.015671950231322,medium,0,0.0,0.0,low,52.797564390501755,Neutral+Venue,"{""neutral"": 0.65, ""venuefit"": 0.35, ""venuehistory"": 0.0}",False,,0.0,,0.0,0.0,0.0,0.0,0.0,0.0,-1.1058999999999999,48.07765032144208,0.19,False,,0.0,False,ok,,0.0,medium,50.0,high,52.797564390501755,52.797564390501755,3,"Mid-tier NeutralSG=-1.18, moderate fit VFD=20.0",False,,0.0031218384538157125,0.03870666043281263,0.07445116008343455,0.1508155047254123,0.3065719843413511,0.425073180693026,0.574926819306974,ARG_TightRunoff,MajorGrind,ARG_TightRunoff + ARG_Bunker; weak MajorGrind,NeutralSG=-1.18; VFD=20.0; ->Tier3 vtsfinal=52.8
143,"REILLY, LOGAN",Logan,Reilly,,Amateur,medium,medium,-2.18,33.415841584158414,63.83151139203756,30.415669807879148,medium,0,0.0,0.0,low,44.06132601691611,Neutral+Venue,"{""neutral"": 0.65, ""venuefit"": 0.35, ""venuehistory"": 0.0}",True,A,-4.0,,0.0,0.0,0.0,0.0,0.0,0.0,-1.8875000000000002,39.70755073742594,0.69,False,,0.0,False,ok,,0.0,high,75.0,high,34.06132601691611,34.06132601691611,5,"Weak profile NeutralSG=-2.18, AP=0.0, VFD=30.4; debut-A",False,,0.00038057240954147325,0.005610823603720154,0.013422345211857232,0.03503055664375749,0.09886863824102601,0.07705146325179683,0.9229485367482032,ARG_Bunker,MajorGrind,ARG_Bunker + ARG_TightRunoff; weak MajorGrind,NeutralSG=-2.18; VFD=30.4; debut-A pen=-4.0SG; ->Tier5 vtsfinal=34.1
144,"REPETTO TAYLOR, ROCCO PAOLO",Rocco Paolo,Repetto Taylor,358.0,DP World Tour,deep,high,-1.25,44.92574257425743,39.74634283606617,-5.1793997381912575,high,0,0.0,0.0,low,43.11295266589049,Neutral+Venue,"{""neutral"": 0.65, ""venuefit"": 0.35, ""venuehistory"": 0.0}",False,,0.0,bomb_and_spray;long_iron_liability;poor_lag_putting,-9.0,-3.5999999999999996,0.0,-5.826244343891403,0.0,-1.4100000000000006,-1.24545,45.846464137148615,0.0,False,,0.0,False,ok,,0.0,low,25.0,high,16.11295266589049,16.11295266589049,5,"Weak profile NeutralSG=-1.25, AP=-9.0, VFD=-5.2",False,,7.513182781874414e-06,0.0006402528588826541,0.0018434515371278176,0.005847661870996702,0.02066016906958186,0.02,0.98,ARG_TightRunoff,APP_200+,ARG_TightRunoff + ARG_Bunker; weak APP_200+,NeutralSG=-1.25; VFD=-5.2; AP=-9.0VTS (bomb_and_spray;long_iron_liability;poor_lag_putting); ->Tier5 vtsfinal=16.1
145,"LEE, BRYAN",Bryan,Lee,,Amateur,medium,medium,-2.6,28.217821782178216,28.847536346795135,0.6297145646169184,medium,0,0.0,0.0,low,28.43822187979414,Neutral+Venue,"{""neutral"": 0.65, ""venuefit"": 0.35, ""venuehistory"": 0.0}",True,A,-4.0,short_and_wild;long_iron_liability;weak_tight_runoff,-9.0,0.0,-4.059590827955513,-4.284162895927603,-2.836338418862691,0.0,-2.7599,25.63973276188075,-0.41,False,,-0.41,False,ok,,0.0,high,75.0,high,0.0,0.0,5,"Weak profile NeutralSG=-2.60, AP=-9.0, VFD=0.6; debut-A",False,,0.0,0.0001330466447254694,0.0004505238814846551,0.001684607877703615,0.007075319313610499,0.02,0.98,PUTT_LagCtrl,OTT_Distance,PUTT_LagCtrl + ARG_Bunker; weak OTT_Distance,NeutralSG=-2.60; VFD=0.6; debut-A pen=-4.0SG; AP=-9.0VTS (short_and_wild;long_iron_liability;weak_tight_runoff); ->Tier5 vtsfinal=0.0
146,"ARNI SVEINSSON, GUNNLAUGUR",Gunnlaugur,Arni Sveinsson,,Amateur,medium,medium,-1.85,37.5,63.9437284842585,26.4437284842585,medium,0,0.0,0.0,low,46.755304969490474,Neutral+Venue,"{""neutral"": 0.65, ""venuefit"": 0.35, ""venuehistory"": 0.0}",True,A,-4.0,,0.0,0.0,0.0,0.0,0.0,0.0,-2.1269,32.824908609605444,-0.71,False,,-0.71,False,ok,,0.0,high,75.0,high,36.04530496949047,36.04530496949047,4,"Below-avg skill or venue mismatch VFD=26.4, AP=0.0; debut-A",False,,0.0005050949957433238,0.006970535090126716,0.01632413386084133,0.04161965330816464,0.1141106431559744,0.0958320448180174,0.9041679551819826,ARG_TightRunoff,MajorGrind,ARG_TightRunoff + ARG_Bunker; weak MajorGrind,NeutralSG=-1.85; VFD=26.4; debut-A pen=-4.0SG; ->Tier4 vtsfinal=36.0
147,"SCHOENBERGER, JACK",Jack,Schoenberger,,Amateur,medium,medium,-3.7,14.6039603960396,64.43320869095929,49.829248294919694,medium,0,0.0,0.0,low,32.04419729926149,Neutral+Venue,"{""neutral"": 0.65, ""venuefit"": 0.35, ""venuehistory"": 0.0}",True,A,-4.0,,0.0,0.0,0.0,0.0,0.0,0.0,-3.8247999999999998,12.45430480272281,-0.32,False,,-0.32,False,ok,,0.0,high,75.0,high,21.72419729926149,21.72419729926149,5,"Weak profile NeutralSG=-3.70, AP=0.0, VFD=49.8; debut-A",False,,4.016504299010951e-05,0.0014497749177010185,0.00394281278800704,0.011792513379842294,0.03905048661091537,0.02,0.98,ARG_Bunker,MajorGrind,ARG_Bunker + ARG_TightRunoff; weak MajorGrind,NeutralSG=-3.70; VFD=49.8; debut-A pen=-4.0SG; ->Tier5 vtsfinal=21.7
148,"HIDALGO PORTILLO, ANGEL",Angel,Hidalgo Portillo,325.0,DP World Tour,deep,high,-1.37,43.44059405940594,50.43443018439855,6.993836124992612,high,0,0.0,0.0,low,45.888436703153346,Neutral+Venue,"{""neutral"": 0.65, ""venuefit"": 0.35, ""venuehistory"": 0.0}",False,,0.0,long_iron_liability;weak_tight_runoff,-6.508022417331384,0.0,0.0,-4.066968325791856,-2.4410540915395287,0.0,-1.097,49.53989663431236,0.61,False,,0.0,False,ok,,0.0,low,25.0,high,26.36436945115919,26.36436945115919,5,"Weak profile NeutralSG=-1.37, AP=-6.5, VFD=7.0",False,,8.811203721626136e-05,0.0019744288825779745,0.005119858155663739,0.014568595796655023,0.04558447485959075,0.027465954596121323,0.9725340454038787,PUTT_LagCtrl,MajorGrind,PUTT_LagCtrl + ARG_TightRunoff; weak MajorGrind,NeutralSG=-1.37; VFD=7.0; AP=-6.5VTS (long_iron_liability;weak_tight_runoff); ->Tier5 vtsfinal=26.4
149,"PULCINI, MATEO",Mateo,Pulcini,,Amateur,medium,medium,-2.52,29.207920792079207,16.19685944376726,-13.011061348311948,medium,0,0.0,0.0,low,24.654049320170024,Neutral+Venue,"{""neutral"": 0.65, ""venuefit"": 0.35, ""venuehistory"": 0.0}",True,A,-4.0,short_and_wild;long_iron_liability;weak_tight_runoff;poor_lag_putting,-9.0,0.0,-3.69215982424825,-4.403619909502262,-3.8266296809986127,-2.463333333333334,-2.3796,32.471952603050546,0.45,False,,0.0,False,ok,,0.0,high,75.0,high,0.0,0.0,5,"Weak profile NeutralSG=-2.52, AP=-9.0, VFD=-13.0; debut-A",False,,0.0,0.0001330466447254694,0.0004505238814846551,0.001684607877703615,0.007075319313610499,0.02,0.98,APP_200+,PUTT_LagCtrl,APP_200+ + OTT_Distance; weak PUTT_LagCtrl,NeutralSG=-2.52; VFD=-13.0; debut-A pen=-4.0SG; AP=-9.0VTS (short_and_wild;long_iron_liability;weak_tight_runoff;poor_lag_putting); ->Tier5 vtsfinal=0.0
150,"TIBBITS, SPENCER",Spencer,Tibbits,,,thin,low,-4.88,0.0,62.02728910200881,62.02728910200881,low,0,0.0,0.0,low,21.70955118570308,Neutral+Venue,"{""neutral"": 0.65, ""venuefit"": 0.35, ""venuehistory"": 0.0}",True,A,-4.0,,0.0,0.0,0.0,0.0,0.0,0.0,-4.88,0.0,0.0,False,,0.0,False,ok,,0.0,high,75.0,high,11.70955118570308,11.70955118570308,5,"Weak profile NeutralSG=-4.88, AP=0.0, VFD=62.0; debut-A",False,,1.8273880935670487e-06,0.0004822356408580118,0.0014516488162597985,0.0048188469231491655,0.01787575590107479,0.02,0.98,ARG_Bunker,MajorGrind,ARG_Bunker + ARG_TightRunoff; weak MajorGrind,NeutralSG=-4.88; VFD=62.0; debut-A pen=-4.0SG; ->Tier5 vtsfinal=11.7
151,"FLEMING, MAREK",Marek,Fleming,,Amateur,medium,medium,-3.4,18.316831683168317,64.15327057405857,45.83643889089025,medium,0,0.0,0.0,low,34.3595852949799,Neutral+Venue,"{""neutral"": 0.65, ""venuefit"": 0.35, ""venuehistory"": 0.0}",True,A,-4.0,,0.0,0.0,0.0,0.0,0.0,0.0,-3.517,16.38724316147737,-0.21,False,,0.0,False,ok,,0.0,high,75.0,high,24.3595852949799,24.3595852949799,5,"Weak profile NeutralSG=-3.40, AP=0.0, VFD=45.8; debut-A",False,,7.119983651489088e-05,0.001936452862721758,0.005126140150276515,0.014906305232678389,0.047817362767862186,0.025361019230016244,0.9746389807699838,ARG_Bunker,MajorGrind,ARG_Bunker + ARG_TightRunoff; weak MajorGrind,NeutralSG=-3.40; VFD=45.8; debut-A pen=-4.0SG; ->Tier5 vtsfinal=24.4
152,"KIM, T.K.",T.K.,Kim,,,thin,low,0.32,64.35643564356435,65.1826286130135,0.8261929694491528,low,0,0.0,0.0,low,64.64560318287155,Neutral+Venue,"{""neutral"": 0.65, ""venuefit"": 0.35, ""venuehistory"": 0.0}",True,B,-1.75,,0.0,0.0,0.0,0.0,0.0,0.0,0.32,65.5489726459095,0.0,False,,0.0,False,ok,,0.0,high,75.0,high,60.270603182871554,60.270603182871554,3,"Mid-tier NeutralSG=0.32, moderate fit VFD=0.8; debut-B",False,,0.006601722020326927,0.09231251442251333,0.15969484478454535,0.2839566877802313,0.49019071111550067,0.671120717697012,0.328879282302988,ARG_Bunker,MajorGrind,ARG_Bunker + ARG_TightRunoff; weak MajorGrind,NeutralSG=0.32; VFD=0.8; debut-B pen=-1.8SG; ->Tier3 vtsfinal=60.3
153,"PUEBLA, GIUSEPPE",Giuseppe,Puebla,,Amateur,thin,low,-2.66,27.475247524752472,63.57841860853242,36.10317108377994,low,0,0.0,0.0,low,40.11135740407545,Neutral+Venue,"{""neutral"": 0.65, ""venuefit"": 0.35, ""venuehistory"": 0.0}",True,A,-4.0,,0.0,0.0,0.0,0.0,0.0,0.0,-2.634,28.488591957645276,0.1,False,,0.0,False,ok,,0.0,high,75.0,high,30.11135740407545,30.11135740407545,5,"Weak profile NeutralSG=-2.66, AP=0.0, VFD=36.1; debut-A",False,,0.0002054855147826112,0.0036400599108240834,0.009078543132495004,0.024786440441467297,0.07388044210649376,0.04936237884624784,0.9506376211537522,ARG_Bunker,MajorGrind,ARG_Bunker + ARG_TightRunoff; weak MajorGrind,NeutralSG=-2.66; VFD=36.1; debut-A pen=-4.0SG; ->Tier5 vtsfinal=30.1
154,"ROBLES, MATT",Matt,Robles,,,medium,medium,-3.12,21.78217821782178,63.68349446097607,41.90131624315429,medium,0,0.0,0.0,low,36.44763890292578,Neutral+Venue,"{""neutral"": 0.65, ""venuefit"": 0.35, ""venuehistory"": 0.0}",False,,0.0,,0.0,0.0,0.0,0.0,0.0,0.0,-3.12,22.185806126307824,0.0,False,,0.0,False,ok,,0.0,medium,50.0,high,36.44763890292578,36.44763890292578,4,"Below-avg skill or venue mismatch VFD=41.9, AP=0.0",False,,0.0004894270650705402,0.006621698046508313,0.015439957231251236,0.039176543411433215,0.10676792386153332,0.09534338851117637,0.9046566114888236,ARG_Bunker,MajorGrind,ARG_Bunker + ARG_TightRunoff; weak MajorGrind,NeutralSG=-3.12; VFD=41.9; ->Tier4 vtsfinal=36.4
155,"SHAH, MANAV",Manav,Shah,,,medium,medium,-3.21,20.668316831683168,65.47552748087001,44.80721064918684,medium,0,0.0,0.0,low,36.35084055889856,Neutral+Venue,"{""neutral"": 0.65, ""venuefit"": 0.35, ""venuehistory"": 0.0}",False,,0.0,,0.0,0.0,0.0,0.0,0.0,0.0,-3.21,21.051304676667087,0.0,False,,0.0,False,ok,,0.0,medium,50.0,high,36.35084055889856,36.35084055889856,4,"Below-avg skill or venue mismatch VFD=44.8, AP=0.0",False,,0.0004829623453364364,0.006552024964540773,0.015293496710810183,0.038849927472747396,0.1060316483055548,0.09434844858823871,0.9056515514117613,ARG_Bunker,MajorGrind,ARG_Bunker + ARG_TightRunoff; weak MajorGrind,NeutralSG=-3.21; VFD=44.8; ->Tier4 vtsfinal=36.4
156,"SOLLON, JAKE",Jake,Sollon,,,thin,low,-1.41,42.945544554455445,60.94583119375768,18.00028663930223,low,0,0.0,0.0,low,49.24564487821122,Neutral+Venue,"{""neutral"": 0.65, ""venuefit"": 0.35, ""venuehistory"": 0.0}",True,A,-4.0,long_iron_liability,-3.9257918552036193,0.0,0.0,-3.9257918552036193,0.0,0.0,-1.41,43.74133366948191,0.0,False,,0.0,False,ok,,0.0,high,75.0,high,27.468269312600366,27.468269312600366,5,"Weak profile NeutralSG=-1.41, AP=-3.9, VFD=18.0; debut-A",False,,0.00012980338797014844,0.0027239844029745483,0.006983314668640002,0.019632778086166144,0.0605751278112634,0.03642149367131804,0.9635785063286819,ARG_Bunker,MajorGrind,ARG_Bunker + ARG_TightRunoff; weak MajorGrind,NeutralSG=-1.41; VFD=18.0; debut-A pen=-4.0SG; AP=-3.9VTS (long_iron_liability); ->Tier5 vtsfinal=27.5
