playerid,firstname,lastname,playername,worldrank,main_tour,datadepthclass,baselineconfidenceband,truesg_total_12m,truesg_ott_12m,truesg_app_12m,truesg_arg_12m,truesg_putt_12m,truesg_sample_events,truesg_sample_rounds,wins_12m,win_rate_12m,driving_distance_delta,driving_accuracy_delta,neutralskillsg,neutralskillindex,trait_ott_distance,trait_ott_accuracy,trait_ott_total,trait_app_total,trait_app_150_200,trait_app_200_plus,trait_app_short,trait_app_flight_control,trait_arg_total,trait_arg_tight_runoff,trait_arg_bunker,trait_putt_total,trait_putt_distance_control,trait_putt_short_conversion,trait_wind_tolerance,trait_major_grind,coursefit_adj_total,coursefit_adj_ott,coursefit_adj_app,coursefit_adj_arg,coursefit_adj_putt,shotdist_approach_100_150,shotdist_approach_150_175,shotdist_approach_175_200,shotdist_approach_200_225,shotdist_approach_225_plus,shotdist_par3_175_200,shotdist_par3_200_plus,venuefitscore,venuefitdelta,venuefitconfidenceband,venue_history_rounds,venue_history_sg_total,venue_history_sg_ott,venue_history_sg_app,venue_history_sg_arg,venue_history_sg_putt,venuehistorydelta,venuehistoryconfidenceband,last20rds_sg,last20_vs_baseline,formscore_raw,recentformindex,form_vs_neutralskill,formscore_adjusted,recentformgateapplied,recentformgate_reason,debutflag,debutclass,injuryflag,healthgatestatus,healthgatereason,antipattern_bomb_and_spray_flag,antipattern_short_and_wild_flag,antipattern_long_iron_liability_flag,antipattern_weak_tight_runoff_flag,antipattern_poor_lag_putting_flag,primary_trait_driver,primary_risk_trait,trait_summary_label
1,Scottie,Scheffler,"SCHEFFLER, SCOTTIE",1.0,PGA Tour,deep,high,3.2,2.5,1.13,0.52,0.68,21,84,4.0,0.19,9.5,4.6,3.2,100.0,100.0,100.0,100.0,64.98740554156171,67.7497969130788,65.15837104072398,61.49870801033591,66.1957618567104,96.77419354838709,85.99167822468794,76.25,83.23529411764706,70.6060606060606,80.29411764705883,96.8944099378882,100.0,0.14,0.02,0.05,0.06,0.66,1.2,5.1,8.0,3.6,3.6,8.0,3.6,97.21721316447916,-2.782786835520838,high,0,0.0,0.0,0.0,0.0,0.0,0.0,low,2.99,-0.21,3.053,100.0,-0.21,3.10445,False,,False,,False,ok,,False,False,False,False,False,OTT_Distance,APP_200+,OTT_Distance + OTT_Accuracy; weak APP_200+
2,Rory,McIlroy,"MCILROY, RORY",2.0,PGA Tour,deep,high,2.3,1.78,0.59,0.23,0.58,22,86,2.0,0.09,21.8,-3.0,2.3,88.86138613861387,93.98934821202131,86.98338596732114,89.5500725689405,51.385390428211586,62.71324126726239,32.579185520361975,47.5452196382429,48.73864783047427,85.08064516129032,76.69902912621359,64.16666666666667,80.29411764705883,73.63636363636367,77.35294117647055,79.89836250705817,61.769759450171826,-0.01,-0.08,0.04,0.04,0.67,1.2,5.6,8.0,3.0,3.0,8.0,3.0,79.82530879661202,-9.036077342001846,high,0,0.0,0.0,0.0,0.0,0.0,0.0,low,2.43,0.13,2.391,91.6551115593092,0.13,2.35915,False,,False,,False,ok,,True,False,True,False,False,OTT_Distance,APP_200+,OTT_Distance + OTT_Accuracy; weak APP_200+
3,Jon,Rahm,"RAHM, JON",8.0,LIV Golf,deep,high,2.28,1.97,0.81,0.31,0.32,21,76,2.0,0.1,13.6,0.3,2.28,88.61386138613861,94.31904641136192,90.95153096251545,92.3076923076923,56.92695214105793,63.20064987814784,47.73755656108597,53.22997416020671,55.953582240161445,88.30645161290323,80.02773925104022,67.5,72.6470588235294,62.727272727272776,66.76470588235293,85.98249576510446,65.12027491408936,0.05,-0.019999999999999997,0.04,0.04,0.665,1.2,5.3,8.0,3.3,3.3,8.0,3.3,84.05004296072774,-4.563818425410872,high,0,0.0,0.0,0.0,0.0,0.0,0.0,low,2.48,0.2,2.42,92.02067313752679,0.2,2.371,False,,False,,False,ok,,False,False,False,False,False,OTT_Distance,APP_200+,OTT_Distance + OTT_Accuracy; weak APP_200+
4,Cameron,Young,"YOUNG, CAMERON",3.0,PGA Tour,deep,high,2.15,1.6,0.6,0.27,0.56,22,86,3.0,0.14,10.4,0.7,2.15,87.0049504950495,88.81562262236876,86.03597418646163,86.93759071117563,51.63727959697732,56.45816409423233,46.38009049773758,50.3875968992248,50.8577194752775,86.69354838709677,78.36338418862691,70.0,79.70588235294119,73.03030303030307,76.76470588235291,80.47713156408808,78.30756013745706,0.05,-0.019999999999999997,0.03,0.04,0.67,1.3,5.2,8.0,3.4,3.4,8.0,3.4,82.83418764027562,-4.1707628547738835,high,0,0.0,0.0,0.0,0.0,0.0,0.0,low,1.88,-0.28,1.9609999999999999,86.23471574435901,-0.28,2.02715,False,,False,,False,ok,,False,False,False,False,False,OTT_Distance,APP_200+,OTT_Distance + OTT_Accuracy; weak APP_200+
5,Matt,Fitzpatrick,"FITZPATRICK, MATT",4.0,PGA Tour,deep,high,2.01,1.68,0.75,0.56,0.38,28,111,4.0,0.14,2.0,4.9,2.01,85.27227722772277,87.69972102460056,88.86447892352052,88.09869375907111,55.41561712846348,55.239642567018684,63.348416289592755,54.26356589147285,56.76084762865792,98.38709677419355,87.65603328710125,82.08333333333334,74.41176470588235,61.51515151515154,68.52941176470586,85.37549407114625,77.70618556701032,0.12,0.04,0.04,0.05,0.66,1.3,4.9,8.0,3.8,3.8,8.0,3.8,87.9133697177323,2.6410924900095267,high,0,0.0,0.0,0.0,0.0,0.0,0.0,low,1.63,-0.38,1.7439999999999998,83.49930669355855,-0.38,1.8371,False,,False,,False,ok,,False,False,False,False,False,OTT_Accuracy,APP_150-200,OTT_Accuracy + OTT_Distance; weak APP_150-200
6,Tommy,Fleetwood,"FLEETWOOD, TOMMY",6.0,PGA Tour,deep,high,2.06,1.54,0.64,0.32,0.54,26,99,2.0,0.08,0.8,8.8,2.06,85.89108910891089,85.62008622875983,88.54867499656736,86.066763425254,52.64483627204031,52.55889520714867,64.25339366515837,48.837209302325576,55.953582240161445,88.70967741935483,80.44382801664356,72.08333333333333,79.11764705882352,69.3939393939394,76.17647058823528,85.1072840203275,57.30240549828179,0.14,0.07,0.03,0.05,0.665,1.2,4.9,8.0,3.9,3.9,8.0,3.9,85.81488684279427,-0.07620226611662417,high,0,0.0,0.0,0.0,0.0,0.0,0.0,low,2.24,0.18,2.186,89.07096936846087,0.18,2.1419,False,,False,,False,ok,,False,False,False,False,False,OTT_Accuracy,APP_150-200,OTT_Accuracy + OTT_Distance; weak APP_150-200
7,Xander,Schauffele,"SCHAUFFELE, XANDER",12.0,PGA Tour,deep,high,1.89,1.57,0.73,0.09,0.23,19,74,1.0,0.05,11.9,0.5,1.89,83.78712871287128,88.81562262236876,85.5416723877523,86.5021770682148,54.91183879093199,61.251015434606025,49.32126696832578,51.162790697674424,54.03632694248235,79.43548387096774,70.87378640776699,58.333333333333336,70.0,66.06060606060609,67.05882352941175,81.35234330886504,46.26288659793815,0.04,-0.03,0.04,0.03,0.675,1.2,5.3,8.0,3.4,3.4,8.0,3.4,79.21396170818727,-4.573167004684009,high,0,0.0,0.0,0.0,0.0,0.0,0.0,low,1.76,-0.13,1.799,84.19261313500567,-0.13,1.8308499999999999,False,,False,,False,ok,,False,False,False,False,False,OTT_Distance,MajorGrind,OTT_Distance + OTT_Accuracy; weak MajorGrind
8,Ludvig,Aberg,"ABERG, LUDVIG",13.0,PGA Tour,deep,high,1.82,1.52,0.71,0.15,0.39,23,86,0.0,0.0,13.0,1.7,1.82,82.92079207920791,88.46056302307889,85.34944391047645,85.77648766328012,54.40806045340051,60.763606823720565,45.47511312217193,50.64599483204134,54.1372351160444,81.85483870967741,73.37031900138695,60.83333333333334,74.70588235294117,70.90909090909095,74.70588235294115,81.3382269904009,28.78006872852234,0.04,-0.019999999999999997,0.03,0.03,0.675,1.2,5.3,8.0,3.3,3.3,8.0,3.3,78.97175805236897,-3.9490340268389446,high,0,0.0,0.0,0.0,0.0,0.0,0.0,low,2.02,0.2,1.96,86.22211017269633,0.2,1.911,False,,False,,False,ok,,False,False,False,False,False,OTT_Distance,MajorGrind,OTT_Distance + OTT_Accuracy; weak MajorGrind
9,Russell,Henley,"HENLEY, RUSSELL",5.0,PGA Tour,deep,high,2.06,1.61,0.78,0.39,0.45,20,74,1.0,0.05,-8.8,12.1,2.06,85.89108910891089,84.07304083185393,90.86914732939722,87.08272859216257,56.17128463476071,51.09666937449228,77.60180995475112,52.454780361757116,61.150353178607475,91.53225806451613,83.35644937586684,75.00000000000001,76.47058823529413,66.66666666666669,73.52941176470587,89.21513269339357,46.99312714776633,0.18,0.11,0.03,0.04,0.665,1.2,4.6,8.0,4.2,4.2,8.0,4.2,88.78472094367515,2.893631834764264,high,0,0.0,0.0,0.0,0.0,0.0,0.0,low,1.86,-0.2,1.92,85.71788730618934,-0.2,1.9689999999999999,False,,False,,False,ok,,False,False,False,False,False,OTT_Accuracy,MajorGrind,OTT_Accuracy + WindTolerance; weak MajorGrind
10,Si Woo,Kim,"KIM, SI WOO",18.0,PGA Tour,deep,high,1.5,1.76,0.77,0.37,-0.32,31,115,0.0,0.0,-3.7,10.2,1.5,78.96039603960396,87.26857722546285,92.14609364272964,89.25979680696662,55.91939546599496,54.10235580828594,70.58823529411765,52.19638242894057,59.93945509586277,90.7258064516129,82.52427184466019,70.0,53.8235294117647,43.33333333333337,47.9411764705882,89.44099378881987,27.405498281786944,0.15,0.09,0.03,0.03,0.665,1.2,4.8,8.0,4.0,4.0,8.0,4.0,83.16881696009058,4.208420920486617,high,0,0.0,0.0,0.0,0.0,0.0,0.0,low,1.97,0.47,1.829,84.57078028488591,0.47,1.7138499999999999,False,,False,,False,ok,,False,False,False,False,True,OTT_Accuracy,MajorGrind,OTT_Accuracy + WindTolerance; weak MajorGrind
11,Patrick,Cantlay,"CANTLAY, PATRICK",36.0,PGA Tour,deep,high,1.59,1.52,0.7,0.39,0.09,20,72,0.0,0.0,2.9,-0.5,1.59,80.07425742574257,85.89906162820189,84.44322394617603,85.77648766328012,54.15617128463476,55.64581640942323,55.42986425339366,52.97157622739017,52.774974772956604,91.53225806451613,80.58252427184466,75.00000000000001,65.88235294117646,55.75757575757579,62.941176470588225,80.1665725578769,27.792096219931274,0.06,0.0,0.03,0.03,0.665,1.3,5.0,7.9,3.6,3.6,7.9,3.6,79.46038817427878,-0.6138692514637967,high,0,0.0,0.0,0.0,0.0,0.0,0.0,low,2.16,0.57,1.9889999999999999,86.58767175091391,0.57,1.84935,False,,False,,False,ok,,False,False,False,False,False,OTT_Distance,MajorGrind,OTT_Distance + OTT_Accuracy; weak MajorGrind
12,Sam,Burns,"BURNS, SAM",30.0,PGA Tour,deep,high,1.6,0.82,0.48,-0.03,0.78,24,90,0.0,0.0,8.6,-0.5,1.6,80.19801980198021,78.46817144306367,74.83180008238362,75.61683599419449,48.614609571788414,53.53371242891958,47.05882352941178,47.286821705426355,47.225025227043396,74.59677419354838,65.88072122052705,57.500000000000014,86.17647058823529,82.72727272727273,86.17647058823528,70.99096555618296,27.83505154639176,0.05,-0.03,0.02,0.05,0.675,1.3,5.2,7.9,3.5,3.5,7.9,3.5,74.56996047010487,-5.628059331875335,high,0,0.0,0.0,0.0,0.0,0.0,0.0,low,1.7,0.11,1.67,82.5664943905206,0.11,1.6454999999999997,False,,False,,False,ok,,True,False,False,True,False,PUTT_LagCtrl,MajorGrind,PUTT_LagCtrl + OTT_Distance; weak MajorGrind
13,J.J.,Spaun,"SPAUN, J.J.",9.0,PGA Tour,deep,high,1.64,1.78,0.96,0.3,-0.14,25,86,2.0,0.08,0.6,4.9,1.64,80.69306930693068,88.61273142277454,90.23753947549086,89.5500725689405,60.70528967254408,60.35743298131601,68.0995475113122,57.10594315245478,62.058526740666,87.9032258064516,76.83772538141471,67.08333333333333,59.11764705882352,51.81818181818183,56.1764705882353,88.43873517786561,55.4982817869416,0.09,0.05,0.04,0.0,0.67,1.2,4.9,8.0,3.8,3.8,8.0,3.8,84.5343183434428,3.8412490365121243,high,0,0.0,0.0,0.0,0.0,0.0,0.0,low,2.03,0.39,1.9129999999999998,85.6296483045506,0.39,1.81745,False,,False,,False,ok,,False,False,False,False,True,OTT_Accuracy,PUTT_LagCtrl,OTT_Accuracy + OTT_Distance; weak PUTT_LagCtrl
14,Maverick,McNealy,"MCNEALY, MAVERICK",37.0,PGA Tour,deep,high,1.53,0.87,0.22,0.3,0.63,24,90,0.0,0.0,6.5,-1.3,1.53,79.33168316831683,78.56961704286077,75.18879582589591,76.34252539912917,42.0654911838791,45.57270511779043,41.17647058823531,43.15245478036175,40.26236125126135,87.9032258064516,82.38557558945911,75.41666666666666,81.76470588235294,69.09090909090911,78.8235294117647,68.54884246188594,27.53436426116839,0.04,-0.03,0.01,0.07,0.66,1.4,5.1,7.9,3.5,3.5,7.9,3.5,73.67114071141253,-5.660542456904295,high,0,0.0,0.0,0.0,0.0,0.0,0.0,low,1.58,0.05,1.565,81.24290936593975,0.05,1.55275,False,,False,,False,ok,,True,False,False,False,False,ARG_TightRunoff,MajorGrind,ARG_TightRunoff + OTT_Distance; weak MajorGrind
15,Collin,Morikawa,"MORIKAWA, COLLIN",10.0,PGA Tour,deep,high,1.33,1.54,0.96,0.12,-0.22,20,74,1.0,0.05,0.6,7.7,1.33,76.85643564356435,85.56936342886128,88.09556501441713,86.066763425254,60.70528967254408,60.35743298131601,71.49321266968323,57.10594315245478,63.47124117053481,80.64516129032259,69.34812760055479,63.750000000000014,56.76470588235294,52.42424242424243,53.8235294117647,87.64822134387352,43.857388316151216,0.11,0.06,0.03,0.02,0.675,1.2,4.9,8.0,3.9,3.9,8.0,3.9,82.72560520893262,5.869169565368267,high,0,0.0,0.0,0.0,0.0,0.0,0.0,low,1.52,0.19,1.4629999999999999,79.9571410563469,0.19,1.41645,False,,False,,False,ok,,False,False,False,False,True,OTT_Accuracy,MajorGrind,OTT_Accuracy + WindTolerance; weak MajorGrind
16,Chris,Gotterup,"GOTTERUP, CHRIS",11.0,PGA Tour,deep,high,1.54,1.21,0.35,0.1,0.4,25,98,3.0,0.12,17.1,-5.2,1.54,79.45544554455446,85.56936342886128,78.2507208567898,81.27721335268505,45.34005037783375,55.239642567018684,30.542986425339357,43.927648578811365,41.57416750756811,79.83870967741935,74.06380027739252,62.91666666666668,75.0,71.21212121212123,74.99999999999996,70.73687182382834,68.81443298969072,-0.04,-0.08,0.02,0.03,0.675,1.3,5.5,7.9,3.1,3.1,7.9,3.1,73.87968526453147,-5.57576028002299,high,0,0.0,0.0,0.0,0.0,0.0,0.0,low,1.58,0.04,1.5679999999999998,81.28072608092776,0.04,1.5581999999999998,False,,False,,False,ok,,True,False,True,False,False,OTT_Distance,APP_200+,OTT_Distance + OTT_Accuracy; weak APP_200+
17,Harris,English,"ENGLISH, HARRIS",22.0,PGA Tour,deep,high,1.43,0.71,0.14,0.15,0.74,24,94,0.0,0.0,1.8,3.6,1.43,78.09405940594058,75.34871924930258,75.01029795413977,74.02031930333817,40.050377833753146,40.37367993501219,49.54751131221719,38.50129198966408,40.71644803229062,81.85483870967741,76.14424410540914,69.16666666666666,85.0,78.48484848484851,84.99999999999996,69.02879728966685,27.10481099656358,0.08,0.03,0.01,0.05,0.67,1.3,4.9,8.0,3.8,3.8,8.0,3.8,74.22163466406491,-3.872424741875676,high,0,0.0,0.0,0.0,0.0,0.0,0.0,low,1.58,0.15,1.535,80.86474221605951,0.15,1.49825,False,,False,,False,ok,,False,False,False,False,False,PUTT_LagCtrl,MajorGrind,PUTT_LagCtrl + ARG_TightRunoff; weak MajorGrind
18,Wyndham,Clark,"CLARK, WYNDHAM",34.0,PGA Tour,deep,high,1.09,0.98,0.48,0.46,0.27,26,90,1.0,0.04,6.2,-3.9,1.09,73.88613861386139,79.88840984022319,75.62817520252642,77.93904208998548,48.614609571788414,53.53371242891958,47.05882352941178,49.870801033591725,45.50958627648839,94.35483870967741,86.26907073509015,82.08333333333333,71.17647058823529,58.181818181818166,68.23529411764706,70.65217391304348,39.390034364261176,0.03,-0.05,0.02,0.05,0.66,1.4,5.2,7.9,3.5,3.5,7.9,3.5,76.27012972181012,2.383991107948731,high,0,0.0,0.0,0.0,0.0,0.0,0.0,low,2.33,1.24,1.958,86.19689902937098,1.24,1.6542,False,,False,,False,ok,,True,False,False,False,False,ARG_TightRunoff,MajorGrind,ARG_TightRunoff + ARG_Bunker; weak MajorGrind
19,Bryson,DeChambeau,"DECHAMBEAU, BRYSON",32.0,LIV Golf,medium,medium,1.15,0.97,0.3,-0.28,0.12,19,61,2.0,0.11,18.5,-1.5,1.15,74.62871287128712,82.88105503423789,76.47947274474805,77.79390420899854,44.08060453400504,54.02112103980505,29.41176470588236,40.05167958656331,42.179616548940466,64.51612903225806,58.252427184466015,47.083333333333336,66.76470588235294,65.75757575757574,66.76470588235293,69.87577639751552,63.70274914089349,-0.04,-0.07,0.02,0.01,0.68,1.2,5.5,8.0,3.1,3.1,8.0,3.1,68.26523414764468,-6.363478723642444,medium,0,0.0,0.0,0.0,0.0,0.0,0.0,low,0.86,-0.3,0.976,73.81822765662423,-0.3,1.0369,False,,False,,False,ok,,True,False,True,True,False,OTT_Distance,APP_200+,OTT_Distance + OTT_Accuracy; weak APP_200+
20,Adam,Scott,"SCOTT, ADAM",49.0,PGA Tour,deep,high,1.18,1.32,0.88,0.02,-0.12,24,92,0.0,0.0,9.2,-1.3,1.18,75.0,84.96068983007862,81.36756830976248,82.87373004354137,58.69017632241814,63.28188464662876,56.10859728506787,57.62273901808786,56.91220988900102,76.61290322580645,67.96116504854369,59.58333333333334,59.705882352941174,55.4545454545455,56.76470588235293,79.43252399774138,26.03092783505155,0.01,-0.03,0.03,0.0,0.675,1.3,5.2,7.9,3.5,3.5,7.9,3.5,76.22875297295398,1.2287529729539841,high,0,0.0,0.0,0.0,0.0,0.0,0.0,low,1.45,0.27,1.3689999999999998,78.77221732005546,0.27,1.3028499999999998,False,,False,,False,ok,,True,False,False,False,False,OTT_Distance,MajorGrind,OTT_Distance + OTT_Accuracy; weak MajorGrind
21,Justin,Thomas,"THOMAS, JUSTIN",16.0,PGA Tour,medium,medium,1.04,0.88,0.23,0.47,0.16,18,68,0.0,0.0,3.2,-3.8,1.04,73.26732673267327,77.85949784428101,74.2963064671152,76.48766328011611,42.31738035264484,45.81640942323315,44.79638009049775,40.82687338501292,39.25327951564077,94.75806451612901,86.68515950069349,78.33333333333333,67.94117647058823,54.848484848484844,62.05882352941175,67.3348390739695,25.429553264604817,0.05,-0.02,0.02,0.05,0.66,1.3,5.1,7.9,3.6,3.6,7.9,3.6,72.24700902765122,-1.0203177050220518,medium,0,0.0,0.0,0.0,0.0,0.0,0.0,low,2.09,1.06,1.67,82.5664943905206,1.06,1.4495,False,,False,,False,ok,,True,False,False,False,True,ARG_TightRunoff,MajorGrind,ARG_TightRunoff + ARG_Bunker; weak MajorGrind
22,Jake,Knapp,"KNAPP, JAKE",43.0,PGA Tour,medium,medium,1.76,0.96,0.21,-0.03,0.78,15,56,0.0,0.0,17.3,0.8,1.76,82.17821782178217,82.44991123510019,77.28957847041055,77.6487663280116,41.81360201511335,50.20308692120228,30.769230769230777,40.310077519379846,41.06962663975782,74.59677419354838,68.65464632454923,57.500000000000014,86.17647058823529,82.72727272727273,86.17647058823528,70.27103331451158,28.522336769759455,-0.02,-0.06,0.01,0.02,0.675,1.3,5.4,8.0,3.2,3.2,8.0,3.2,71.39374048525309,-10.78447733652908,medium,0,0.0,0.0,0.0,0.0,0.0,0.0,low,1.67,-0.09,1.706,83.02029497037691,-0.09,1.7248999999999999,False,,False,,False,ok,,False,False,True,False,False,PUTT_LagCtrl,MajorGrind,PUTT_LagCtrl + OTT_Distance; weak MajorGrind
23,Viktor,Hovland,"HOVLAND, VIKTOR",28.0,PGA Tour,deep,high,1.48,1.32,0.96,0.2,0.16,23,87,0.0,0.0,-0.7,5.4,1.48,78.7128712871287,82.44991123510019,84.12742001922285,82.87373004354137,60.70528967254408,60.35743298131601,68.0995475113122,59.68992248062014,62.31079717457114,83.87096774193549,72.67683772538142,67.08333333333336,67.94117647058823,63.939393939393966,64.99999999999999,84.17560700169395,27.319587628865982,0.1,0.04,0.03,0.02,0.675,1.3,4.9,8.0,3.8,3.8,8.0,3.8,82.30235250147729,3.589481214348581,high,0,0.0,0.0,0.0,0.0,0.0,0.0,low,1.29,-0.18,1.347,78.49489474347662,-0.18,1.39355,False,,False,,False,ok,,False,False,False,False,False,WindTolerance,MajorGrind,WindTolerance + OTT_Accuracy; weak MajorGrind
24,Ben,Griffin,"GRIFFIN, BEN",15.0,PGA Tour,deep,high,1.45,0.79,0.31,0.39,0.56,29,104,1.0,0.03,0.7,0.1,1.45,78.34158415841584,76.08419984783161,74.6670328161472,75.18142235123368,44.33249370277078,46.141348497156784,50.00000000000002,42.89405684754522,43.23915237134208,91.53225806451613,86.13037447988904,79.16666666666666,79.70588235294119,66.96969696969698,76.76470588235291,69.52286843591192,37.50000000000001,0.07,0.0,0.01,0.06,0.66,1.3,5.0,7.9,3.7,3.7,7.9,3.7,76.15746532680596,-2.1841188316098794,high,0,0.0,0.0,0.0,0.0,0.0,0.0,low,1.36,-0.08,1.387,78.9991176099836,-0.08,1.4090500000000001,False,,False,,False,ok,,False,False,False,False,False,ARG_TightRunoff,MajorGrind,ARG_TightRunoff + ARG_Bunker; weak MajorGrind
25,Kurt,Kitayama,"KITAYAMA, KURT",31.0,PGA Tour,deep,high,1.29,1.31,0.85,-0.12,0.09,23,89,1.0,0.04,11.5,-0.3,1.29,76.36138613861387,85.41719502916561,81.64218042015654,82.72859216255442,57.93450881612091,64.17546709991876,52.03619909502262,56.84754521963825,56.659939455095866,70.96774193548386,62.13592233009708,53.75000000000001,65.88235294117646,64.84848484848486,65.88235294117645,79.51722190852625,40.249140893470795,0.01,-0.03,0.03,0.01,0.68,1.3,5.3,8.0,3.4,3.4,8.0,3.4,76.71996361069569,0.35857747208181934,high,0,0.0,0.0,0.0,0.0,0.0,0.0,low,1.93,0.64,1.738,83.42367326358251,0.64,1.5812,False,,False,,False,ok,,False,False,False,True,False,OTT_Distance,MajorGrind,OTT_Distance + OTT_Accuracy; weak MajorGrind
26,Shane,Lowry,"LOWRY, SHANE",44.0,PGA Tour,deep,high,1.04,0.9,0.82,-0.09,0.14,27,98,0.0,0.0,-0.6,1.5,1.04,73.26732673267327,77.14937864570125,76.75408485514211,76.77793904209,57.17884130982368,56.94557270511778,64.93212669683255,56.07235142118863,56.81130171543896,72.1774193548387,60.610263522884885,55.000000000000014,67.3529411764706,63.333333333333364,67.35294117647057,76.43986448334275,25.429553264604817,0.07,0.03,0.03,0.01,0.675,1.3,4.9,7.9,3.8,3.8,7.9,3.8,75.51561339717888,2.2482866645056134,high,0,0.0,0.0,0.0,0.0,0.0,0.0,low,1.25,0.21,1.187,76.47800327744864,0.21,1.13555,False,,False,,False,ok,,False,False,False,True,False,OTT_Distance,MajorGrind,OTT_Distance + OTT_Accuracy; weak MajorGrind
27,Ryan,Gerard,"GERARD, RYAN",23.0,PGA Tour,deep,high,0.88,0.8,0.7,-0.11,-0.16,33,120,1.0,0.03,-0.4,3.9,0.88,71.28712871287128,75.93203144813594,76.36962790059042,75.3265602322206,54.15617128463476,54.02112103980505,62.217194570135725,52.97157622739017,54.9949545913219,71.37096774193547,59.77808599167823,54.166666666666686,58.529411764705884,57.27272727272727,58.529411764705856,75.62111801242236,35.05154639175258,0.07,0.03,0.03,0.02,0.68,1.3,4.9,8.0,3.8,3.8,8.0,3.8,73.4902749278444,2.203146214973117,high,0,0.0,0.0,0.0,0.0,0.0,0.0,low,1.39,0.51,1.2369999999999999,77.10828186058238,0.51,1.11205,False,,False,,False,ok,,False,False,False,True,False,OTT_Accuracy,MajorGrind,OTT_Accuracy + OTT_Distance; weak MajorGrind
28,Alex,Noren,"NOREN, ALEX",20.0,PGA Tour,deep,high,1.32,0.67,0.4,0.19,0.77,27,95,2.0,0.07,-7.9,4.9,1.32,76.73267326732673,72.38143545523714,74.99656734862008,73.43976777939042,46.59949622166247,43.46060113728677,65.61085972850677,45.219638242894064,47.9313824419778,83.46774193548386,75.03467406380027,70.83333333333333,85.88235294117646,79.3939393939394,85.88235294117645,72.10615471485036,50.68728522336771,0.12,0.06,0.01,0.04,0.67,1.3,4.7,7.9,4.1,4.1,7.9,4.1,79.32280544445427,2.5901321771275434,high,0,0.0,0.0,0.0,0.0,0.0,0.0,low,1.45,0.13,1.411,79.30165132988782,0.13,1.37915,False,,False,,False,ok,,False,False,False,False,False,PUTT_LagCtrl,APP_150-200,PUTT_LagCtrl + ARG_TightRunoff; weak APP_150-200
29,Robert,MacIntyre,"MACINTYRE, ROBERT",17.0,PGA Tour,deep,high,1.51,0.71,-0.05,0.23,0.69,27,100,1.0,0.04,2.2,1.1,1.51,79.08415841584157,75.45016484909966,73.98050254016204,74.02031930333817,35.26448362720403,37.36799350121853,41.85520361990952,33.59173126614987,34.66195761856711,85.08064516129032,82.24687933425797,72.5,83.52941176470588,76.96969696969698,83.52941176470587,65.6549971767363,41.19415807560138,0.06,0.01,0.01,0.04,0.67,1.3,5.0,8.0,3.7,3.7,8.0,3.7,72.95472774177117,-6.129430674070406,high,0,0.0,0.0,0.0,0.0,0.0,0.0,low,0.39,-1.12,0.726,70.6668347409555,-1.12,1.0004,True,Last20 vs baseline = -1.12 SG (threshold -1.0),False,,False,ok,,False,False,False,False,False,ARG_TightRunoff,APP_FlightCtrl,ARG_TightRunoff + PUTT_LagCtrl; weak APP_FlightCtrl
30,Min Woo,Lee,"LEE, MIN WOO",35.0,PGA Tour,deep,high,1.12,0.83,-0.07,0.41,0.22,24,86,0.0,0.0,12.8,0.8,1.12,74.25742574257426,79.6601572406797,75.5045997528491,75.76197387518143,34.76070528967254,41.754670999187674,27.828054298642524,33.0749354005168,34.00605449041373,92.33870967741936,86.96255201109571,75.83333333333336,69.70588235294119,59.69696969696976,66.76470588235293,66.30434782608697,25.773195876288664,0.01,-0.04,0.01,0.04,0.665,1.3,5.3,8.0,3.3,3.3,8.0,3.3,68.98230476116181,-5.275120981412442,high,0,0.0,0.0,0.0,0.0,0.0,0.0,low,0.58,-0.54,0.742,70.8685238875583,-0.54,0.8743000000000001,False,,False,,False,ok,,False,False,True,False,False,ARG_TightRunoff,MajorGrind,ARG_TightRunoff + OTT_Distance; weak MajorGrind
31,Justin,Rose,"ROSE, JUSTIN",7.0,PGA Tour,deep,high,1.44,1.22,0.81,0.13,0.18,21,75,2.0,0.1,3.3,1.2,1.44,78.21782178217822,82.1962972356074,81.02430317176987,81.42235123367199,56.92695214105793,58.32656376929325,61.31221719457016,55.81395348837209,56.40766902119072,81.04838709677419,72.5381414701803,64.16666666666667,68.52941176470588,64.54545454545455,65.58823529411762,79.33370976849237,61.512027491408936,0.04,0.02,0.03,0.01,0.675,1.3,5.0,7.9,3.7,3.7,7.9,3.7,80.33965984504069,2.121838062862466,high,0,0.0,0.0,0.0,0.0,0.0,0.0,low,1.02,-0.42,1.146,75.96117483927895,-0.42,1.2489,False,,False,,False,ok,,False,False,False,False,False,OTT_Distance,APP_FlightCtrl,OTT_Distance + OTT_Accuracy; weak APP_FlightCtrl
32,Patrick,Reed,"REED, PATRICK",27.0,DP World Tour,deep,high,0.97,1.13,0.64,0.24,0.17,26,91,3.0,0.12,-2.9,0.3,0.97,72.4009900990099,79.48262744103475,79.41782232596456,80.11611030478954,52.64483627204031,52.55889520714867,64.25339366515837,54.00516795865633,51.66498486377397,85.48387096774194,74.34119278779474,68.75000000000003,68.23529411764706,58.18181818181822,65.29411764705881,76.34105025409373,66.36597938144331,0.08,0.02,0.03,0.03,0.665,1.4,4.9,7.9,3.9,3.9,7.9,3.9,79.6706526596638,7.269662560653899,high,0,0.0,0.0,0.0,0.0,0.0,0.0,low,1.75,0.77,1.5159999999999998,80.62523635446868,0.77,1.3249,False,,False,,False,ok,,False,False,False,False,False,OTT_Distance,APP_FlightCtrl,OTT_Distance + OTT_Accuracy; weak APP_FlightCtrl
33,Hideki,Matsuyama,"MATSUYAMA, HIDEKI",24.0,PGA Tour,deep,high,1.32,1.15,0.78,0.5,0.16,27,108,1.0,0.04,-1.5,-0.4,1.32,76.73267326732673,80.09130103981741,79.40409172044487,80.40638606676342,56.17128463476071,57.59545085296507,60.633484162895925,57.62273901808784,54.84359233097882,95.96774193548386,85.15950069348128,83.74999999999999,67.94117647058823,54.848484848484844,62.05882352941175,77.44212309429702,40.37800687285224,0.05,-0.01,0.02,0.04,0.66,1.4,5.0,7.9,3.7,3.7,7.9,3.7,80.4428518684139,3.710178601087165,high,0,0.0,0.0,0.0,0.0,0.0,0.0,low,0.24,-1.08,0.5640000000000001,68.62473213160217,-1.08,0.8286,True,Last20 vs baseline = -1.08 SG (threshold -1.0),False,,False,ok,,False,True,False,False,True,ARG_TightRunoff,MajorGrind,ARG_TightRunoff + ARG_Bunker; weak MajorGrind
34,Alex,Fitzpatrick,"FITZPATRICK, ALEX",69.0,PGA Tour,deep,high,0.43,0.38,0.15,0.12,0.09,31,108,2.0,0.06,-3.6,4.7,0.43,65.7178217821782,69.79457266041086,70.93230811478786,69.23076923076923,40.302267002518896,40.61738424045493,49.77375565610859,38.75968992248062,41.52371342078709,80.64516129032259,72.12205270457697,63.750000000000014,65.88235294117646,61.81818181818183,62.941176470588225,66.48785996612084,43.427835051546396,0.08,0.04,0.02,0.02,0.675,1.3,4.9,8.0,3.8,3.8,8.0,3.8,69.72057307135991,4.0027512891817025,high,0,0.0,0.0,0.0,0.0,0.0,0.0,low,1.95,1.52,1.494,80.34791377788983,1.52,1.1216000000000002,False,,False,,False,ok,,False,False,False,False,False,ARG_TightRunoff,APP_150-200,ARG_TightRunoff + OTT_Accuracy; weak APP_150-200
35,Alex,Smalley,"SMALLEY, ALEX",42.0,PGA Tour,deep,high,0.73,0.47,0.33,-0.07,0.18,27,92,0.0,0.0,3.4,1.7,0.73,69.43069306930693,72.71113365457774,70.93230811478786,70.53701015965167,44.83627204030227,46.628757108042244,50.452488687782825,43.4108527131783,44.55095862764884,72.98387096774192,64.21636615811373,60.0,68.52941176470588,64.54545454545455,68.52941176470586,67.37718802936195,24.0979381443299,0.05,0.0,0.02,0.02,0.675,1.3,5.0,7.9,3.7,3.7,7.9,3.7,69.30831630451861,-0.12237676478831361,high,0,0.0,0.0,0.0,0.0,0.0,0.0,low,1.54,0.8,1.297,77.86461616034288,0.8,1.09855,False,,False,,False,ok,,False,False,False,True,False,OTT_Distance,MajorGrind,OTT_Distance + OTT_Accuracy; weak MajorGrind
36,Kristoffer,Reitan,"REITAN, KRISTOFFER",26.0,PGA Tour,deep,high,0.93,0.59,0.1,-0.16,0.29,30,111,2.0,0.07,8.3,0.4,0.93,71.9059405940594,75.47552624904895,72.04448716188384,72.27866473149491,39.042821158690174,44.27294882209586,38.461538461538474,37.46770025839793,38.092835519677095,69.35483870967741,63.24549237170597,52.083333333333336,71.76470588235294,70.90909090909089,71.76470588235291,65.47148503670243,49.012027491408936,0.01,-0.01,0.02,0.01,0.68,1.3,5.2,8.0,3.5,3.5,8.0,3.5,67.78850563913781,-4.117434954921592,high,0,0.0,0.0,0.0,0.0,0.0,0.0,low,1.95,1.03,1.6440000000000001,82.23874952729106,1.03,1.3941000000000003,False,,False,,False,ok,,False,False,True,True,False,OTT_Distance,APP_FlightCtrl,OTT_Distance + OTT_Accuracy; weak APP_FlightCtrl
37,Tyrrell,Hatton,"HATTON, TYRRELL",21.0,LIV Golf,deep,high,0.96,0.93,0.63,0.07,-0.05,25,89,1.0,0.04,4.6,-3.2,0.96,72.27722772277228,78.84859244230282,75.22998764245503,77.2133526850508,52.392947103274565,55.564581640942336,53.84615384615385,51.162790697674424,49.6468213925328,78.62903225806451,70.04160887656033,61.66666666666667,61.76470588235294,54.545454545454554,58.823529411764696,72.12027103331452,38.83161512027492,0.02,-0.02,0.03,0.02,0.67,1.3,5.1,7.9,3.6,3.6,7.9,3.6,73.08186318523624,0.8046354624639633,high,0,0.0,0.0,0.0,0.0,0.0,0.0,low,2.03,1.07,1.7089999999999999,83.05811168536493,1.07,1.44685,False,,False,,False,ok,,True,False,False,False,True,OTT_Distance,MajorGrind,OTT_Distance + OTT_Accuracy; weak MajorGrind
38,Bud,Cauley,"CAULEY, BUD",40.0,PGA Tour,deep,high,0.67,0.78,0.39,0.23,-0.06,25,89,1.0,0.04,-1.8,3.0,0.67,68.68811881188118,75.32335784935329,75.72428944116436,75.03628447024674,46.34760705289672,46.46628757108042,55.20361990950226,44.961240310077514,46.7204843592331,85.08064516129032,76.69902912621359,68.33333333333334,61.47058823529411,54.242424242424256,58.529411764705884,71.85206098249577,37.585910652920965,0.07,0.02,0.02,0.02,0.67,1.3,4.9,7.9,3.8,3.8,7.9,3.8,73.29214192800788,4.604023116126697,high,0,0.0,0.0,0.0,0.0,0.0,0.0,low,1.65,0.98,1.3559999999999999,78.60834488844068,0.98,1.1159,False,,False,,False,ok,,False,False,False,False,True,ARG_TightRunoff,MajorGrind,ARG_TightRunoff + OTT_Accuracy; weak MajorGrind
39,Keegan,Bradley,"BRADLEY, KEEGAN",39.0,PGA Tour,deep,high,1.06,0.84,0.08,0.46,0.23,23,82,1.0,0.04,5.5,-0.1,1.06,73.51485148514851,77.93558204412884,75.27117945901414,75.90711175616835,38.539042821158695,42.16084484159221,41.40271493212671,36.95090439276486,37.33602421796166,94.35483870967741,86.26907073509015,82.08333333333333,70.0,60.00000000000006,67.05882352941175,67.54658385093168,39.26116838487973,0.03,-0.01,0.01,0.03,0.665,1.3,5.1,7.9,3.6,3.6,7.9,3.6,72.64139759322468,-0.8734538919238304,high,0,0.0,0.0,0.0,0.0,0.0,0.0,low,0.88,-0.19,0.9339999999999999,73.28879364679189,-0.19,0.9781,False,,False,,False,ok,,False,False,False,False,False,ARG_TightRunoff,APP_FlightCtrl,ARG_TightRunoff + ARG_Bunker; weak APP_FlightCtrl
40,Jordan,Spieth,"SPIETH, JORDAN",51.0,PGA Tour,deep,high,1.03,0.81,0.36,0.17,0.22,20,76,0.0,0.0,6.9,-1.6,1.03,73.14356435643565,77.91022064417957,74.2413840450364,75.47169811320754,45.591939546599505,48.98456539398864,44.343891402714945,44.186046511627914,43.64278506559031,82.66129032258064,76.97642163661581,70.0,69.70588235294119,62.727272727272776,66.76470588235293,69.08526256352344,25.386597938144334,0.03,-0.02,0.01,0.03,0.67,1.3,5.1,7.9,3.5,3.5,7.9,3.5,71.9502769465221,-1.1932874099135518,high,0,0.0,0.0,0.0,0.0,0.0,0.0,low,1.03,0.0,1.03,74.49892852640868,0.0,1.03,False,,False,,False,ok,,True,False,False,False,False,OTT_Distance,MajorGrind,OTT_Distance + ARG_TightRunoff; weak MajorGrind
41,Nicolai,Hojgaard,"HOJGAARD, NICOLAI",33.0,PGA Tour,deep,high,1.14,1.02,0.57,0.02,0.09,28,100,0.0,0.0,17.9,-4.2,1.14,74.5049504950495,83.36292163327417,76.05382397363724,78.51959361393325,50.88161209068011,60.60113728675874,35.520361990950235,49.6124031007752,47.62865792129163,76.61290322580645,67.96116504854369,59.58333333333334,65.88235294117646,61.81818181818183,62.941176470588225,71.59796725014117,25.859106529209626,-0.05,-0.08,0.03,0.01,0.675,1.3,5.5,7.9,3.1,3.1,7.9,3.1,70.33564137856166,-4.169309116487838,high,0,0.0,0.0,0.0,0.0,0.0,0.0,low,0.86,-0.28,0.944,73.41484936341864,-0.28,1.0126,False,,False,,False,ok,,True,False,True,False,False,OTT_Distance,MajorGrind,OTT_Distance + OTT_Accuracy; weak MajorGrind
42,David,Puig,"PUIG, DAVID",57.0,LIV Golf,deep,high,0.9,0.47,-0.19,0.0,0.66,27,95,1.0,0.04,16.4,-4.0,0.9,71.53465346534654,76.00811564798377,68.58437457091857,70.53701015965167,31.738035264483628,40.45491470349311,18.32579185520362,29.97416020671835,28.557013118062567,75.80645161290323,72.67683772538142,62.916666666666664,82.64705882352942,79.09090909090911,82.64705882352936,58.76623376623375,38.573883161512036,-0.04,-0.07,-0.0,0.04,0.675,1.3,5.4,7.9,3.1,3.1,7.9,3.1,64.63381992536168,-6.900833539984859,high,0,0.0,0.0,0.0,0.0,0.0,0.0,low,1.2,0.3,1.1099999999999999,75.50737425942266,0.3,1.0365,False,,False,,False,ok,,True,False,True,False,False,PUTT_LagCtrl,APP_200+,PUTT_LagCtrl + OTT_Distance; weak APP_200+
43,Aaron,Rai,"RAI, AARON",14.0,PGA Tour,deep,high,0.97,1.21,0.72,0.21,-0.24,24,88,2.0,0.08,-11.7,12.7,0.97,72.4009900990099,78.26528024346945,85.62405602087053,81.27721335268505,54.65994962216625,49.6344435418359,79.63800904977371,50.904392764857874,59.93945509586277,84.27419354838709,75.86685159500692,67.5,56.1764705882353,51.81818181818183,53.23529411764704,85.09316770186335,52.62027491408935,0.16,0.13,0.03,0.0,0.675,1.2,4.6,8.0,4.3,4.3,8.0,4.3,82.7019108660068,10.300920766996896,high,0,0.0,0.0,0.0,0.0,0.0,0.0,low,1.57,0.6,1.39,79.03693432497163,0.6,1.2429999999999999,False,,False,,False,ok,,False,False,False,False,True,OTT_Accuracy,APP_150-200,OTT_Accuracy + WindTolerance; weak APP_150-200
44,Akshay,Bhatia,"BHATIA, AKSHAY",29.0,PGA Tour,deep,high,1.07,0.78,0.68,0.09,0.4,27,90,1.0,0.04,0.8,-2.2,1.07,73.63861386138613,75.9827542480345,73.58231498009063,75.03628447024674,53.65239294710328,55.15840779853778,58.371040723981906,55.03875968992248,51.41271442986882,79.43548387096774,70.87378640776699,66.66666666666666,75.0,68.18181818181822,74.99999999999996,71.78147939017504,39.30412371134021,0.04,-0.02,0.01,0.04,0.67,1.4,5.0,7.9,3.7,3.7,7.9,3.7,76.25056780172942,2.611953940343284,high,0,0.0,0.0,0.0,0.0,0.0,0.0,low,0.69,-0.39,0.8039999999999999,71.65006933064416,-0.39,0.8971,False,,False,,False,ok,,False,False,False,False,False,OTT_Distance,MajorGrind,OTT_Distance + OTT_Accuracy; weak MajorGrind
45,Jacob,Bridgeman,"BRIDGEMAN, JACOB",25.0,PGA Tour,deep,high,0.95,0.51,0.25,0.13,0.52,28,102,1.0,0.04,1.9,1.0,0.95,72.15346534653465,72.83794065432411,71.19318961966222,71.11756168359942,42.821158690176325,44.679122664500404,48.6425339366516,41.343669250645995,42.179616548940466,81.04838709677419,72.5381414701803,68.33333333333333,78.52941176470588,74.84848484848486,78.52941176470587,66.58667419536984,38.78865979381444,0.06,0.0,0.02,0.04,0.675,1.3,5.0,7.9,3.7,3.7,7.9,3.7,72.67513184446469,0.5216664979300418,high,0,0.0,0.0,0.0,0.0,0.0,0.0,low,0.39,-0.56,0.5579999999999999,68.54909870162612,-0.56,0.6951999999999999,False,,False,,False,ok,,False,False,False,False,False,PUTT_LagCtrl,MajorGrind,PUTT_LagCtrl + OTT_Distance; weak MajorGrind
46,J.T.,Poston,"POSTON, J.T.",38.0,PGA Tour,deep,high,0.76,0.58,0.3,-0.01,0.12,23,80,1.0,0.04,-5.4,4.9,0.76,69.80198019801979,71.87420745625158,73.76081285184677,72.13352685050798,44.08060453400504,42.64825345247767,56.56108597285068,42.63565891472869,45.408678102926345,75.40322580645162,66.7128987517337,62.5,66.76470588235294,62.72727272727272,66.76470588235293,70.14398644833427,37.9725085910653,0.08,0.05,0.02,0.02,0.675,1.3,4.8,8.0,3.9,3.9,8.0,3.9,71.66939446784468,1.8674142698248914,high,0,0.0,0.0,0.0,0.0,0.0,0.0,low,1.53,0.77,1.299,77.88982730366823,0.77,1.11035,False,,False,,False,ok,,False,False,False,True,False,OTT_Accuracy,MajorGrind,OTT_Accuracy + OTT_Distance; weak MajorGrind
47,Jackson,Koivun,"KOIVUN, JACKSON",260.0,Amateur,medium,medium,1.29,0.86,0.6,-0.12,1.25,19,60,0.0,0.0,5.4,8.7,1.29,76.36138613861387,78.16383464367233,79.17067142660991,76.19738751814224,51.63727959697732,53.20877335499594,56.56108597285068,50.3875968992248,54.894046417759846,70.96774193548386,64.90984743411927,57.91666666666666,100.0,100.0,100.0,77.8514963297572,26.50343642611684,0.04,0.01,0.01,0.02,0.68,1.3,5.0,8.0,3.7,3.7,8.0,3.7,79.77192968403985,3.4105435454259805,medium,0,0.0,0.0,0.0,0.0,0.0,0.0,low,1.14,-0.14,1.2,76.64187570906341,-0.14,1.2315,False,,True,B,False,ok,,False,False,False,True,False,PUTT_LagCtrl,MajorGrind,PUTT_LagCtrl + OTT_Accuracy; weak MajorGrind
48,Gary,Woodland,"WOODLAND, GARY",45.0,PGA Tour,deep,high,0.72,0.66,0.35,-0.36,0.32,23,80,1.0,0.04,14.0,0.7,0.72,69.3069306930693,77.80877504438246,73.1292049979404,73.29462989840349,45.34005037783375,51.990251827782295,37.33031674208143,41.343669250645995,44.55095862764884,61.29032258064516,57.69764216366158,43.750000000000014,72.6470588235294,77.87878787878793,75.58823529411765,68.71823828345566,37.800687285223376,-0.03,-0.03,0.01,-0.01,0.6900000000000001,1.2,5.3,8.0,3.3,3.3,8.0,3.3,68.17725400057768,-1.1296766924916284,high,0,0.0,0.0,0.0,0.0,0.0,0.0,low,1.18,0.46,1.042,74.65019538636078,0.46,0.9293,False,,False,,False,ok,,False,False,True,True,False,PUTT_LagCtrl,APP_200+,PUTT_LagCtrl + OTT_Distance; weak APP_200+
49,Harry,Hall,"HALL, HARRY",66.0,PGA Tour,deep,high,1.18,0.57,0.23,0.46,0.66,27,93,0.0,0.0,-1.4,-2.8,1.18,75.0,72.76185645447629,70.45173692159824,71.98838896952104,42.31738035264484,42.567018683996764,48.1900452488688,43.41085271317829,39.75782038345106,94.35483870967741,86.26907073509015,82.08333333333333,82.64705882352942,70.0,79.70588235294113,64.9209486166008,26.03092783505155,0.06,-0.02,0.01,0.06,0.66,1.4,4.9,7.9,3.7,3.7,7.9,3.7,73.79287542889618,-1.2071245711038188,high,0,0.0,0.0,0.0,0.0,0.0,0.0,low,0.82,-0.36,0.9279999999999999,73.21316021681584,-0.36,1.0162,False,,False,,False,ok,,False,True,False,False,False,ARG_TightRunoff,MajorGrind,ARG_TightRunoff + ARG_Bunker; weak MajorGrind
50,Rickie,Fowler,"FOWLER, RICKIE",41.0,PGA Tour,deep,high,1.22,0.81,0.31,0.08,0.38,22,78,0.0,0.0,0.7,4.2,1.22,75.4950495049505,76.33781384732437,76.63050940546478,75.47169811320754,44.33249370277078,44.5166531275386,53.39366515837104,42.89405684754522,45.307769929364284,79.03225806451613,73.23162274618585,66.25,74.41176470588235,70.60606060606065,74.41176470588232,72.03557312252964,26.202749140893474,0.05,0.03,0.01,0.01,0.675,1.3,4.9,8.0,3.8,3.8,8.0,3.8,73.93995784126928,-1.5550916636812246,high,0,0.0,0.0,0.0,0.0,0.0,0.0,low,0.77,-0.45,0.9049999999999999,72.92323206857432,-0.45,1.01525,False,,False,,False,ok,,False,False,False,False,False,OTT_Accuracy,MajorGrind,OTT_Accuracy + OTT_Distance; weak MajorGrind
51,Sepp,Straka,"STRAKA, SEPP",19.0,PGA Tour,deep,high,0.81,1.01,0.7,0.07,-0.04,21,77,0.0,0.0,0.2,1.5,0.81,70.42079207920791,78.74714684250571,78.26445146230948,78.37445573294629,54.15617128463476,54.02112103980505,62.217194570135725,52.97157622739017,53.784056508577194,78.62903225806451,67.26768377253815,61.66666666666667,62.05882352941177,60.90909090909095,62.05882352941175,76.34105025409373,24.441580756013746,0.06,0.02,0.03,-0.0,0.68,1.3,4.9,7.9,3.8,3.8,7.9,3.8,75.59418325005505,5.17339117084714,high,0,0.0,0.0,0.0,0.0,0.0,0.0,low,0.27,-0.54,0.432,66.96079667212909,-0.54,0.5643,False,,False,,False,ok,,False,False,False,True,False,OTT_Distance,MajorGrind,OTT_Distance + OTT_Accuracy; weak MajorGrind
52,Ryan,Fox,"FOX, RYAN",55.0,PGA Tour,deep,high,0.64,0.52,0.2,0.06,0.16,25,92,0.0,0.0,7.6,-8.0,0.64,68.31683168316832,74.4103474511793,67.62323218453933,71.26269956458636,41.56171284634761,46.70999187652316,37.33031674208146,42.63565891472868,36.377396569122105,78.2258064516129,72.3994452149792,65.41666666666667,67.94117647058823,63.939393939393966,64.99999999999999,61.024844720496894,23.711340206185568,-0.03,-0.06,0.01,0.01,0.675,1.4,5.2,7.9,3.4,3.4,7.9,3.4,66.13310751194328,-2.1837241712250375,high,0,0.0,0.0,0.0,0.0,0.0,0.0,low,0.95,0.31,0.857,72.31816462876591,0.31,0.78105,False,,False,,False,ok,,True,False,True,False,False,OTT_Distance,MajorGrind,OTT_Distance + ARG_TightRunoff; weak MajorGrind
53,Joaquin,Niemann,"NIEMANN, JOAQUIN",80.0,LIV Golf,deep,high,0.49,1.03,0.19,0.09,-0.22,24,76,2.0,0.08,12.4,-0.2,0.49,66.46039603960396,82.0948516358103,77.83880269119868,78.66473149492018,41.30982367758186,48.09098294069862,33.71040723981899,39.79328165374677,40.06054490413724,79.43548387096774,73.6477115117892,62.5,56.76470588235294,55.454545454545446,53.8235294117647,70.28514963297573,50.55841924398625,-0.01,-0.03,0.02,-0.0,0.68,1.3,5.3,8.0,3.3,3.3,8.0,3.3,69.45687264828096,2.996476608677,high,0,0.0,0.0,0.0,0.0,0.0,0.0,low,1.28,0.79,1.043,74.66280095802344,0.79,0.8494499999999999,False,,False,,False,ok,,False,False,True,False,True,OTT_Distance,APP_200+,OTT_Distance + OTT_Accuracy; weak APP_200+
54,Keith,Mitchell,"MITCHELL, KEITH",100.0,PGA Tour,deep,high,0.56,0.75,0.2,-0.08,-0.23,26,92,0.0,0.0,9.0,-1.9,0.56,67.32673267326732,77.68196804463606,73.29397226417684,74.60087082728593,41.56171284634761,46.70999187652316,37.33031674208146,40.05167958656331,39.455095862764885,72.58064516129032,66.57420249653259,55.41666666666667,56.470588235294116,55.15151515151515,53.529411764705856,66.74195369847544,23.367697594501717,-0.02,-0.03,0.02,-0.01,0.68,1.3,5.2,7.9,3.4,3.4,7.9,3.4,65.18035637704334,-2.146376296223977,high,0,0.0,0.0,0.0,0.0,0.0,0.0,low,0.7,0.15,0.6579999999999999,69.80965586789361,0.15,0.6236999999999999,False,,False,,False,ok,,True,False,True,True,True,OTT_Distance,MajorGrind,OTT_Distance + OTT_Accuracy; weak MajorGrind
55,Nick,Taylor,"TAYLOR, NICK",63.0,PGA Tour,deep,high,0.93,0.77,0.37,0.32,0.18,25,94,0.0,0.0,-5.1,3.9,0.93,71.9059405940594,74.35962465128075,75.95770973499933,74.8911465892598,45.843828715365234,42.72948822095859,61.53846153846154,44.44444444444444,46.670030272452074,88.70967741935483,80.44382801664356,76.24999999999999,68.52941176470588,58.48484848484852,65.58823529411762,72.23320158102767,24.95704467353952,0.09,0.05,0.01,0.03,0.665,1.3,4.7,7.9,4.0,4.0,7.9,4.0,75.26142776110807,3.355487167048665,high,0,0.0,0.0,0.0,0.0,0.0,0.0,low,0.9,-0.03,0.909,72.97365435522501,-0.03,0.91635,False,,False,,False,ok,,False,False,False,False,False,ARG_TightRunoff,MajorGrind,ARG_TightRunoff + ARG_Bunker; weak MajorGrind
56,Brooks,Koepka,"KOEPKA, BROOKS",110.0,PGA Tour,deep,high,0.46,0.58,0.3,0.03,-0.21,23,71,0.0,0.0,6.7,-2.7,0.46,66.0891089108911,74.94293685011414,70.63023479335439,72.13352685050798,44.08060453400504,49.14703493095046,42.98642533936653,42.63565891472869,41.57416750756811,77.01612903225806,68.37725381414702,60.0,57.05882352941176,52.72727272727272,54.117647058823515,65.59853190287973,22.938144329896907,-0.0,-0.03,0.02,0.01,0.675,1.3,5.2,7.9,3.5,3.5,7.9,3.5,66.22915591348684,0.1400470025957361,high,0,0.0,0.0,0.0,0.0,0.0,0.0,low,1.2,0.73,0.978,73.84343879994958,0.73,0.7967000000000001,False,,False,,False,ok,,True,False,False,False,True,OTT_Distance,MajorGrind,OTT_Distance + OTT_Accuracy; weak MajorGrind
57,Jason,Day,"DAY, JASON",47.0,PGA Tour,deep,high,0.92,0.56,-0.2,0.57,0.4,20,70,0.0,0.0,-1.6,1.4,0.92,71.78217821782178,72.58432665483136,72.04448716188384,71.8432510885341,31.48614609571789,32.0877335499594,41.855203619909496,32.299741602067186,31.029263370333005,98.79032258064515,93.61997226074898,90.83333333333331,75.0,59.09090909090911,69.11764705882352,62.944664031620555,24.91408934707904,0.05,0.0,-0.01,0.05,0.655,1.4,4.9,7.9,3.8,3.8,7.9,3.8,70.52022887440272,-1.2619493434190616,high,0,0.0,0.0,0.0,0.0,0.0,0.0,low,0.06,-0.86,0.318,65.52376150258414,-0.86,0.5287000000000001,False,,False,,False,ok,,False,False,False,False,False,ARG_TightRunoff,MajorGrind,ARG_TightRunoff + ARG_Bunker; weak MajorGrind
58,Matt,McCarty,"MCCARTY, MATT",53.0,PGA Tour,deep,high,0.71,0.23,0.16,-0.05,0.34,29,100,0.0,0.0,-4.3,2.5,0.71,69.18316831683168,67.71493786457012,67.96649732253192,67.05370101596517,40.55415617128463,39.236393176279456,53.39366515837104,39.01808785529715,40.66599394550959,73.79032258064515,67.82246879334258,60.83333333333334,73.23529411764706,69.3939393939394,73.23529411764706,63.94692264257481,24.012027491408936,0.06,0.03,0.01,0.02,0.675,1.3,4.8,7.9,3.9,3.9,7.9,3.9,68.3633768817224,-0.8197914351092805,high,0,0.0,0.0,0.0,0.0,0.0,0.0,low,0.52,-0.18,0.577,68.78860456321694,-0.18,0.6235499999999999,False,,False,,False,ok,,False,False,False,False,False,PUTT_LagCtrl,MajorGrind,PUTT_LagCtrl + OTT_Accuracy; weak MajorGrind
59,Brian,Harman,"HARMAN, BRIAN",59.0,PGA Tour,deep,high,0.65,0.55,0.3,0.18,0.15,25,93,0.0,0.0,-4.5,3.7,0.65,68.44059405940595,71.72203905655591,72.85459288754633,71.69811320754717,44.08060453400504,42.64825345247767,59.95475113122172,42.63565891472869,44.80322906155399,83.06451612903226,74.61858529819696,70.41666666666667,67.6470588235294,60.60606060606065,64.70588235294117,69.1699604743083,23.754295532646054,0.08,0.04,0.01,0.02,0.67,1.3,4.8,7.9,4.0,4.0,7.9,4.0,72.47067516186401,4.030081102458055,high,0,0.0,0.0,0.0,0.0,0.0,0.0,low,0.75,0.1,0.72,70.59120131097944,0.1,0.6955,False,,False,,False,ok,,False,False,False,False,False,ARG_TightRunoff,MajorGrind,ARG_TightRunoff + OTT_Accuracy; weak MajorGrind
60,Michael,Kim,"KIM, MICHAEL",50.0,PGA Tour,deep,high,0.55,0.21,0.39,0.01,0.41,31,111,1.0,0.03,-3.8,-2.8,0.55,67.2029702970297,67.58813086482375,65.50871893450501,66.76342525399129,46.34760705289672,46.46628757108042,55.20361990950226,47.5452196382429,43.79414732593341,76.20967741935483,67.54507628294036,63.33333333333332,75.29411764705883,68.48484848484851,75.29411764705878,62.944664031620555,33.634020618556704,0.03,-0.02,0.01,0.03,0.67,1.4,4.9,7.9,3.8,3.8,7.9,3.8,69.73248390509828,2.5295136080685836,high,0,0.0,0.0,0.0,0.0,0.0,0.0,low,0.74,0.2,0.683,70.12479515946049,0.2,0.6364500000000001,False,,False,,False,ok,,False,True,False,False,False,PUTT_LagCtrl,MajorGrind,PUTT_LagCtrl + OTT_Distance; weak MajorGrind
61,Jayden,Schaper,"SCHAPER, JAYDEN",70.0,DP World Tour,deep,high,0.75,0.52,0.07,0.17,0.03,26,91,2.0,0.08,-6.7,6.6,0.75,69.67821782178217,70.78366725843267,73.63723740216943,71.26269956458636,38.28715365239295,35.418359057676696,54.751131221719454,36.69250645994832,40.46417759838547,82.66129032258064,76.97642163661581,70.0,64.11764705882352,56.96969696969698,61.17647058823529,68.23828345567475,51.675257731958766,0.09,0.060000000000000005,0.01,0.01,0.67,1.3,4.7,8.0,4.0,4.0,8.0,4.0,71.54042344166126,1.8622056198790915,high,0,0.0,0.0,0.0,0.0,0.0,0.0,low,0.04,-0.7,0.253,64.70439934451028,-0.7,0.42694999999999994,False,,False,,False,ok,,False,False,False,False,False,ARG_TightRunoff,APP_150-200,ARG_TightRunoff + OTT_Accuracy; weak APP_150-200
62,Andrew,Putnam,"PUTNAM, ANDREW",85.0,PGA Tour,deep,high,0.36,0.22,0.23,0.54,0.32,29,93,0.0,0.0,-21.9,11.0,0.36,64.85148514851485,63.12452447375095,71.33049567485926,66.90856313497822,42.31738035264484,32.81884646628758,78.73303167420814,40.82687338501292,46.7204843592331,97.58064516129032,89.59778085991678,89.58333333333334,72.6470588235294,56.666666666666686,66.76470588235293,69.6781479390175,22.508591065292098,0.19,0.13,0.01,0.05,0.655,1.3,4.3,7.9,4.6,4.6,7.9,4.6,77.25782784903792,12.40634270052307,high,0,0.0,0.0,0.0,0.0,0.0,0.0,low,0.71,0.35,0.605,69.14156056977183,0.35,0.51925,False,,False,,False,ok,,False,False,False,False,False,ARG_TightRunoff,MajorGrind,ARG_TightRunoff + ARG_Bunker; weak MajorGrind
63,Daniel,Berger,"BERGER, DANIEL",46.0,PGA Tour,deep,high,0.49,0.55,0.73,-0.46,-0.03,21,77,0.0,0.0,2.6,3.5,0.49,66.46039603960396,73.52269845295461,72.77220925442812,71.69811320754717,54.91183879093199,56.37692932575143,59.502262443438916,53.746770025839794,55.549949545913215,57.258064516129025,47.988904299583915,39.58333333333334,62.35294117647059,64.24242424242425,62.35294117647056,73.22134387351778,23.067010309278356,0.03,0.03,0.02,-0.01,0.685,1.3,5.0,8.0,3.7,3.7,8.0,3.7,69.38732867824021,2.926932638636245,high,0,0.0,0.0,0.0,0.0,0.0,0.0,low,0.38,-0.11,0.4129999999999999,66.72129081053826,-0.11,0.43994999999999995,False,,False,,False,ok,,False,False,False,True,False,OTT_Distance,MajorGrind,OTT_Distance + WindTolerance; weak MajorGrind
64,Dustin,Johnson,"JOHNSON, DUSTIN",245.0,LIV Golf,deep,high,0.42,-0.12,-0.07,-0.09,0.71,23,77,0.0,0.0,6.6,-2.2,0.42,65.5940594059406,66.04108546791784,61.224770012357546,61.97387518142234,34.76070528967254,40.12997562956947,34.61538461538463,33.0749354005168,32.49243188698285,72.1774193548387,68.93203883495146,63.33333333333334,84.11764705882354,83.63636363636361,84.11764705882351,55.30773574251835,22.766323024054984,-0.01,-0.03,-0.0,0.03,0.68,1.3,5.2,7.9,3.5,3.5,7.9,3.5,64.1451611742407,-1.4488982316999,high,0,0.0,0.0,0.0,0.0,0.0,0.0,low,1.23,0.81,0.987,73.95688894491366,0.81,0.7885500000000001,False,,False,,False,ok,,True,False,True,False,False,PUTT_LagCtrl,MajorGrind,PUTT_LagCtrl + ARG_TightRunoff; weak MajorGrind
65,Sahith,Theegala,"THEEGALA, SAHITH",83.0,PGA Tour,deep,high,0.6,0.5,0.18,0.32,0.04,26,94,0.0,0.0,3.1,-2.1,0.6,67.82178217821782,73.01547045396907,69.77893725113277,70.97242380261248,41.05793450881612,44.59788789601951,43.66515837104074,42.1188630490956,38.84964682139254,88.70967741935483,80.44382801664356,76.24999999999999,64.41176470588236,54.242424242424256,61.47058823529411,64.04573687182383,23.53951890034364,0.01,-0.03,0.01,0.03,0.665,1.4,5.1,7.9,3.6,3.6,7.9,3.6,68.55682602083677,0.7350438426189498,high,0,0.0,0.0,0.0,0.0,0.0,0.0,low,0.04,-0.56,0.208,64.13714861968991,-0.56,0.34519999999999995,False,,False,,False,ok,,False,False,False,False,True,ARG_TightRunoff,MajorGrind,ARG_TightRunoff + ARG_Bunker; weak MajorGrind
66,Pierceson,Coody,"COODY, PIERCESON",58.0,PGA Tour,deep,high,0.48,0.51,0.17,-0.31,0.09,34,117,0.0,0.0,12.6,-1.0,0.48,66.33663366336633,75.5516104488968,70.36935328848003,71.11756168359942,40.80604534005038,47.60357432981316,33.25791855203618,39.276485788113696,39.15237134207871,63.306451612903224,59.77808599167822,49.999999999999986,65.88235294117646,70.90909090909095,68.8235294117647,64.49745906267646,23.02405498281787,-0.03,-0.04,0.0,0.0,0.6900000000000001,1.3,5.3,8.0,3.3,3.3,8.0,3.3,64.57050488362263,-1.7661287797436955,high,0,0.0,0.0,0.0,0.0,0.0,0.0,low,0.53,0.05,0.515,68.0070591201311,0.05,0.50275,False,,False,,False,ok,,True,False,True,True,False,OTT_Distance,MajorGrind,OTT_Distance + PUTT_LagCtrl; weak MajorGrind
67,Sudarshan,Yellamaraju,"YELLAMARAJU, SUDARSHAN",96.0,PGA Tour,deep,high,0.18,0.72,0.29,-0.11,0.26,31,107,0.0,0.0,9.0,2.0,0.18,62.62376237623762,77.30154704539692,74.48853494439105,74.1654571843251,43.8287153652393,48.90333062550772,42.760180995475125,42.377260981912144,43.69323915237135,71.37096774193547,65.3259361997226,58.333333333333336,70.88235294117648,70.0,70.88235294117646,69.53698475437606,21.735395189003437,0.0,-0.01,0.01,-0.0,0.68,1.3,5.2,8.0,3.5,3.5,8.0,3.5,69.55115277266458,6.927390396426958,high,0,0.0,0.0,0.0,0.0,0.0,0.0,low,0.62,0.44,0.488,67.66670868523889,0.44,0.3802,False,,False,,False,ok,,False,False,False,True,False,OTT_Distance,MajorGrind,OTT_Distance + OTT_Accuracy; weak MajorGrind
68,Davis,Thompson,"THOMPSON, DAVIS",138.0,PGA Tour,deep,high,0.54,0.61,0.21,0.09,-0.19,25,85,0.0,0.0,3.4,3.7,0.54,67.07920792079209,74.48643165102715,73.67842921872855,72.5689404934688,41.81360201511335,43.704305442729485,44.343891402714945,40.310077519379846,42.53279515640767,79.43548387096774,73.6477115117892,66.66666666666666,57.647058823529406,50.30303030303035,54.705882352941146,68.70412196499154,23.28178694158076,0.03,0.0,0.01,0.01,0.67,1.3,5.0,7.9,3.6,3.6,7.9,3.6,67.83428449817822,0.7550765773861343,high,0,0.0,0.0,0.0,0.0,0.0,0.0,low,0.78,0.25,0.708,70.43993445102736,0.25,0.6492,False,,False,,False,ok,,False,False,False,False,True,OTT_Distance,MajorGrind,OTT_Distance + OTT_Accuracy; weak MajorGrind
69,Andrew,Novak,"NOVAK, ANDREW",61.0,PGA Tour,deep,high,0.36,0.39,0.25,0.11,-0.08,27,97,0.0,0.0,-0.9,-1.0,0.36,64.85148514851485,70.60613745878773,68.72168062611561,69.37590711175616,42.821158690176325,44.679122664500404,48.6425339366516,41.343669250645995,41.17053481331988,80.24193548387096,71.70596393897365,63.33333333333334,60.882352941176464,56.666666666666686,57.94117647058822,64.35629587803501,22.508591065292098,0.02,0.01,0.02,-0.0,0.675,1.3,5.0,7.9,3.7,3.7,7.9,3.7,66.94187594846944,2.0903907999545908,high,0,0.0,0.0,0.0,0.0,0.0,0.0,low,0.62,0.26,0.542,68.34740955502332,0.26,0.47830000000000006,False,,False,,False,ok,,False,True,False,False,False,ARG_TightRunoff,MajorGrind,ARG_TightRunoff + OTT_Distance; weak MajorGrind
70,Cameron,Smith,"SMITH, CAMERON",136.0,LIV Golf,deep,high,0.27,-0.17,-0.24,0.6,0.6,23,73,0.0,0.0,-6.3,-7.4,0.27,63.73762376237624,62.135429875729145,58.39626527529863,61.24818577648766,30.478589420654913,31.112916328188483,37.55656108597286,33.850129198966414,25.580221997981845,100.0,92.09431345353674,96.25,80.88235294117648,62.12121212121213,74.99999999999996,50.45172219085262,22.12199312714777,0.02,-0.049999999999999996,-0.0,0.07,0.65,1.5,4.9,7.8,3.7,3.7,7.8,3.7,65.07293326821754,1.3353095058413018,high,0,0.0,0.0,0.0,0.0,0.0,0.0,low,0.63,0.36,0.5219999999999999,68.09529812176982,0.36,0.43379999999999996,False,,False,,False,ok,,False,True,True,False,False,ARG_Bunker,MajorGrind,ARG_Bunker + ARG_TightRunoff; weak MajorGrind
71,Corey,Conners,"CONNERS, COREY",56.0,PGA Tour,deep,high,0.54,0.71,0.56,-0.05,-0.17,23,85,0.0,0.0,-1.5,6.6,0.54,67.07920792079209,74.51179305097642,76.24605245091308,74.02031930333817,50.62972292191436,48.984565393988625,62.44343891402715,49.35400516795866,52.82542885973764,73.79032258064515,65.04854368932038,60.83333333333334,58.235294117647065,56.96969696969698,55.29411764705882,74.95765104460756,23.28178694158076,0.07,0.060000000000000005,0.02,-0.01,0.68,1.3,4.8,8.0,3.9,3.9,8.0,3.9,72.77961506142064,5.700407140628556,high,0,0.0,0.0,0.0,0.0,0.0,0.0,low,-0.3,-0.84,-0.04799999999999999,60.91012227404513,-0.84,0.1578,False,,False,,False,ok,,False,False,False,True,False,OTT_Accuracy,MajorGrind,OTT_Accuracy + WindTolerance; weak MajorGrind
72,Sam,Stevens,"STEVENS, SAM",54.0,PGA Tour,deep,high,0.51,0.68,0.11,0.07,-0.16,29,106,0.0,0.0,6.0,1.2,0.51,66.70792079207921,76.03347704793305,73.60977619113002,73.58490566037736,39.294710327455924,42.89195775792039,38.687782805429876,37.726098191214476,38.74873864783048,78.62903225806451,72.81553398058253,65.83333333333331,58.529411764705884,54.242424242424256,55.588235294117624,66.91134952004518,23.152920962199314,-0.0,-0.02,0.02,-0.01,0.675,1.3,5.1,7.9,3.5,3.5,7.9,3.5,66.49226998352168,-0.21565080855752683,high,0,0.0,0.0,0.0,0.0,0.0,0.0,low,-0.4,-0.9,-0.12699999999999997,59.91428211269382,-0.9,0.09595000000000001,False,,False,,False,ok,,False,False,True,False,True,OTT_Distance,MajorGrind,OTT_Distance + OTT_Accuracy; weak MajorGrind
73,Tom,Kim,"KIM, TOM",141.0,PGA Tour,deep,high,0.24,0.35,0.26,0.28,-0.09,25,87,0.0,0.0,-5.0,3.0,0.24,63.366336633663366,69.05909206188183,69.82012906769188,68.79535558780842,43.07304785894207,43.29813160032494,55.65610859728507,41.60206718346253,43.4409687184662,87.0967741935484,78.77947295423024,74.58333333333333,60.58823529411765,53.333333333333364,57.647058823529406,66.40316205533597,21.993127147766327,0.06,0.03,0.02,0.02,0.67,1.3,4.9,7.9,3.9,3.9,7.9,3.9,70.01529556258947,6.648958928926106,high,0,0.0,0.0,0.0,0.0,0.0,0.0,low,0.42,0.18,0.366,66.12882894239253,0.18,0.32189999999999996,False,,False,,False,ok,,False,False,False,False,True,ARG_TightRunoff,MajorGrind,ARG_TightRunoff + ARG_Bunker; weak MajorGrind
74,Lucas,Herbert,"HERBERT, LUCAS",88.0,LIV Golf,deep,high,0.04,0.24,0.05,0.06,-0.17,21,72,1.0,0.05,6.6,-6.0,0.04,60.89108910891089,70.60613745878773,64.60249897020458,67.19883889695211,37.78337531486146,43.05442729488221,37.33031674208146,38.75968992248062,33.602421796165494,78.2258064516129,72.3994452149792,65.41666666666667,58.235294117647065,53.939393939393966,55.29411764705882,57.905138339920946,38.31615120274915,-0.03,-0.05,0.01,0.01,0.675,1.4,5.2,7.9,3.5,3.5,7.9,3.5,63.32073387529181,2.4296447663809175,high,0,0.0,0.0,0.0,0.0,0.0,0.0,low,0.23,0.19,0.17300000000000001,63.69595361149628,0.19,0.12645,False,,False,,False,ok,,True,False,True,False,True,ARG_TightRunoff,APP_FlightCtrl,ARG_TightRunoff + OTT_Distance; weak APP_FlightCtrl
75,Max,Greyserman,"GREYSERMAN, MAX",68.0,PGA Tour,deep,high,0.43,0.14,0.05,0.18,0.1,27,82,0.0,0.0,7.8,-6.2,0.43,65.7178217821782,69.6424042607152,63.14705478511602,65.74746008708271,37.78337531486146,43.05442729488221,33.936651583710415,38.75968992248062,33.50151362260343,83.06451612903226,77.39251040221914,70.41666666666667,66.17647058823529,59.09090909090911,63.23529411764704,56.80406549971768,22.809278350515463,-0.03,-0.06,0.01,0.02,0.67,1.4,5.2,7.9,3.4,3.4,7.9,3.4,63.48444064951208,-2.233381132666125,high,0,0.0,0.0,0.0,0.0,0.0,0.0,low,0.55,0.12,0.514,67.99445354846843,0.12,0.48460000000000003,False,,False,,False,ok,,True,False,True,False,False,ARG_TightRunoff,MajorGrind,ARG_TightRunoff + ARG_Bunker; weak MajorGrind
76,Sungjae,Im,"IM, SUNGJAE",74.0,PGA Tour,deep,high,0.12,0.17,-0.6,0.51,0.02,26,90,0.0,0.0,-1.4,3.0,0.12,61.88118811881188,67.68957646462086,67.34862007414527,66.18287373004354,21.410579345088163,22.339561332250213,32.8054298642534,19.379844961240313,21.745711402623616,96.37096774193547,93.89736477115119,88.33333333333334,63.8235294117647,47.57575757575758,57.941176470588196,56.041784302653866,21.47766323024055,0.05,0.02,-0.01,0.04,0.655,1.3,4.9,7.9,3.8,3.8,7.9,3.8,62.894053215672805,1.0128650968609278,high,0,0.0,0.0,0.0,0.0,0.0,0.0,low,0.63,0.52,0.4769999999999999,67.52804739694945,0.52,0.3520499999999999,False,,False,,False,ok,,False,False,True,False,True,ARG_TightRunoff,MajorGrind,ARG_TightRunoff + ARG_Bunker; weak MajorGrind
77,Ryo,Hisatsune,"HISATSUNE, RYO",62.0,PGA Tour,deep,high,0.11,0.62,0.22,-0.04,-0.27,31,112,0.0,0.0,-0.5,3.2,0.11,61.757425742574256,73.62414405275172,73.60977619113002,72.71407837445574,42.0654911838791,43.948009748172225,47.9638009049774,40.56847545219638,42.53279515640767,74.19354838709677,68.23855755894591,61.24999999999999,55.294117647058826,53.939393939393966,55.29411764705879,68.70412196499154,21.434707903780073,0.03,0.03,0.01,-0.01,0.68,1.3,5.0,8.0,3.7,3.7,8.0,3.7,67.46937348847896,5.711947745904709,high,0,0.0,0.0,0.0,0.0,0.0,0.0,low,0.01,-0.1,0.04,62.01941258036052,-0.1,0.0645,False,,False,,False,ok,,False,False,False,False,True,OTT_Distance,MajorGrind,OTT_Distance + OTT_Accuracy; weak MajorGrind
78,Max,McGreevy,"MCGREEVY, MAX",99.0,PGA Tour,deep,high,0.35,0.53,0.14,0.07,-0.41,31,98,0.0,0.0,-4.9,6.1,0.35,64.72772277227722,71.36697945726604,73.56858437457092,71.40783744557329,40.050377833753146,38.748984565394,56.334841628959275,38.50129198966408,41.97780020181635,78.62903225806451,70.04160887656033,65.83333333333331,51.17647058823529,46.666666666666686,48.235294117647044,68.74647092038397,22.465635738831615,0.07,0.060000000000000005,0.02,-0.01,0.675,1.3,4.8,8.0,4.0,4.0,8.0,4.0,67.82138572109662,3.0936629488194,high,0,0.0,0.0,0.0,0.0,0.0,0.0,low,-0.34,-0.69,-0.133,59.83864868271777,-0.69,0.03604999999999997,False,,False,,False,ok,,False,False,False,False,True,OTT_Accuracy,MajorGrind,OTT_Accuracy + OTT_Distance; weak MajorGrind
79,Michael,Brennan,"BRENNAN, MICHAEL",60.0,PGA Tour,deep,high,0.38,0.53,-0.01,-0.37,-0.18,30,105,4.0,0.13,18.3,1.5,0.38,65.0990099009901,77.25082424549835,71.67376081285185,71.40783744557329,36.27204030226701,44.84159220146224,25.791855203619914,32.041343669250644,35.87285570131181,60.88709677419354,57.28155339805825,47.499999999999986,57.94117647058824,62.727272727272776,57.94117647058822,64.24336533032185,67.26804123711341,-0.07,-0.04,0.0,-0.02,0.6900000000000001,1.2,5.4,8.0,3.2,3.2,8.0,3.2,62.835958229860815,-2.2630516711292827,high,0,0.0,0.0,0.0,0.0,0.0,0.0,low,0.25,-0.14,0.289,65.15819992436657,-0.14,0.32084999999999997,False,,False,,False,ok,,False,False,True,True,False,OTT_Distance,APP_200+,OTT_Distance + OTT_Accuracy; weak APP_200+
80,Chris,Kirk,"KIRK, CHRIS",106.0,PGA Tour,deep,high,0.51,0.83,0.47,0.18,-0.23,22,73,0.0,0.0,-0.4,1.1,0.51,66.70792079207921,76.31245244737511,75.62817520252642,75.76197387518143,48.36272040302267,48.41592201462226,57.01357466063348,47.02842377260982,47.78002018163471,83.06451612903226,74.61858529819696,70.41666666666667,56.470588235294116,52.12121212121213,53.529411764705856,72.06380575945794,23.152920962199314,0.01,0.01,0.01,-0.02,0.675,1.3,4.9,7.9,3.8,3.8,7.9,3.8,71.9358550566294,5.2279342645502,high,0,0.0,0.0,0.0,0.0,0.0,0.0,low,-0.18,-0.68,0.026999999999999996,61.855540148745746,-0.68,0.19605,False,,False,,False,ok,,False,False,False,False,True,OTT_Distance,MajorGrind,OTT_Distance + OTT_Accuracy; weak MajorGrind
81,Nico,Echavarria,"ECHAVARRIA, NICO",52.0,PGA Tour,deep,high,0.31,-0.13,0.07,-0.14,0.23,28,91,1.0,0.04,-6.7,2.4,0.31,64.23267326732672,62.54121227491758,62.98228751887959,61.82873730043541,38.28715365239295,37.043054427294884,54.751131221719454,39.276485788113696,38.34510595358225,70.16129032258064,64.07766990291262,61.24999999999999,70.0,69.09090909090911,69.99999999999996,59.528514963297575,36.03951890034365,0.04,0.03,0.0,0.01,0.68,1.4,4.8,7.9,4.0,4.0,7.9,4.0,65.96658616361027,1.733912896283556,high,0,0.0,0.0,0.0,0.0,0.0,0.0,low,0.23,-0.09,0.254,64.71700491617295,-0.09,0.2736,False,,False,,False,ok,,False,False,False,True,False,PUTT_LagCtrl,MajorGrind,PUTT_LagCtrl + ARG_TightRunoff; weak MajorGrind
82,William,Mouw,"MOUW, WILLIAM",131.0,PGA Tour,deep,high,0.43,0.37,0.17,-0.06,0.0,23,77,1.0,0.04,5.3,2.7,0.43,65.7178217821782,71.92493025615015,69.97116572840861,69.08563134978229,40.80604534005038,44.35418359057677,43.43891402714933,39.276485788113696,41.0191725529768,73.38709677419354,67.40638002773926,60.416666666666664,63.23529411764706,62.12121212121213,63.23529411764704,65.37267080745343,36.554982817869416,-0.0,0.0,0.01,-0.01,0.68,1.3,5.1,8.0,3.6,3.6,8.0,3.6,66.97006679000509,1.252245007826886,high,0,0.0,0.0,0.0,0.0,0.0,0.0,low,0.23,-0.2,0.29000000000000004,65.17080549602925,-0.2,0.339,False,,False,,False,ok,,False,False,False,True,False,OTT_Distance,MajorGrind,OTT_Distance + OTT_Accuracy; weak MajorGrind
83,Patrick,Rodgers,"RODGERS, PATRICK",81.0,PGA Tour,deep,high,0.19,0.11,0.01,0.02,0.09,34,112,0.0,0.0,7.0,-4.3,0.19,62.74752475247525,69.05909206188183,63.51778113414801,65.31204644412192,36.775818639798494,40.454914703493095,36.42533936651585,37.72609819121447,33.4510595358224,76.61290322580645,70.73509015256589,67.91666666666667,65.88235294117646,58.78787878787881,65.88235294117645,57.26990400903445,21.77835051546392,-0.03,-0.05,-0.01,0.02,0.67,1.4,5.1,7.9,3.5,3.5,7.9,3.5,62.581278173079596,-0.16624657939565424,high,0,0.0,0.0,0.0,0.0,0.0,0.0,low,-0.07,-0.26,0.007999999999999993,61.61603428715492,-0.26,0.07169999999999999,False,,False,,False,ok,,True,False,True,False,False,ARG_TightRunoff,MajorGrind,ARG_TightRunoff + OTT_Distance; weak MajorGrind
84,Matti,Schmid,"SCHMID, MATTI",71.0,PGA Tour,deep,high,0.08,-0.22,-0.33,-0.09,0.23,29,100,0.0,0.0,7.8,-4.1,0.08,61.386138613861384,65.0773522698453,59.069064945764104,60.52249637155298,28.211586901763226,33.7936636880585,25.33936651583711,28.940568475452196,24.97477295660949,72.1774193548387,68.93203883495146,63.33333333333334,70.0,66.06060606060609,69.99999999999996,50.67758328627894,21.305841924398628,-0.04,-0.05,-0.0,0.01,0.675,1.4,5.2,7.9,3.4,3.4,7.9,3.4,57.655871977617636,-3.7302666362437478,high,0,0.0,0.0,0.0,0.0,0.0,0.0,low,0.28,0.2,0.22,64.288415479642,0.2,0.171,False,,False,,False,ok,,True,False,True,False,False,ARG_TightRunoff,MajorGrind,ARG_TightRunoff + PUTT_LagCtrl; weak MajorGrind
85,Cooper,Dossey,"DOSSEY, COOPER",230.0,Korn Ferry Tour,deep,high,0.04,,,,,26,90,0.0,0.0,-3.7,3.8,0.04,60.89108910891089,64.95054527009891,65.34395166826856,63.7155297532656,36.523929471032744,36.96181965881398,49.77375565610859,34.883720930232556,37.28557013118063,75.80645161290323,72.67683772538142,62.916666666666664,63.23529411764706,62.12121212121213,63.23529411764704,60.742518351214,21.134020618556704,0.02,0.03,-0.0,-0.01,0.68,1.3,4.9,8.0,3.9,3.9,8.0,3.9,64.86247486061028,3.971385751699387,high,0,0.0,0.0,0.0,0.0,0.0,0.0,low,0.65,0.62,0.46699999999999997,67.40199168032271,0.62,0.31755,False,,False,,False,ok,,False,False,False,False,False,ARG_TightRunoff,MajorGrind,ARG_TightRunoff + OTT_Accuracy; weak MajorGrind
86,Johnny,Keefer,"KEEFER, JOHNNY",75.0,PGA Tour,deep,high,0.05,0.35,0.29,-0.42,-0.42,31,104,1.0,0.03,11.3,-1.6,0.05,61.01485148514851,73.19300025361399,67.92530550597282,68.79535558780842,43.8287153652393,50.528025995125915,35.97285067873302,42.377260981912144,41.87689202825429,58.87096774193549,52.42718446601942,41.25000000000001,50.882352941176464,55.4545454545455,50.88235294117646,63.76341050254093,31.48625429553265,-0.06,-0.04,0.01,-0.04,0.6900000000000001,1.3,5.3,8.0,3.3,3.3,8.0,3.3,60.71870265166455,-0.2961488334839615,high,0,0.0,0.0,0.0,0.0,0.0,0.0,low,0.46,0.41,0.337,65.76326736417496,0.41,0.23655,False,,False,,False,ok,,True,False,True,True,False,OTT_Distance,MajorGrind,OTT_Distance + OTT_Accuracy; weak MajorGrind
87,Carlos,Ortiz,"ORTIZ, CARLOS",188.0,LIV Golf,deep,high,0.17,0.62,0.29,0.22,-0.44,21,72,0.0,0.0,5.2,-3.5,0.17,62.5,75.06974384986052,70.84992448166963,72.71407837445574,43.8287153652393,47.278635255889526,46.15384615384617,44.961240310077514,40.91826437941474,84.67741935483872,79.05686546463247,72.08333333333333,50.294117647058826,42.727272727272776,47.352941176470566,65.527950310559,21.692439862542955,-0.03,-0.03,0.01,-0.01,0.67,1.4,5.1,7.9,3.6,3.6,7.9,3.6,67.04074239207215,4.540742392072147,high,0,0.0,0.0,0.0,0.0,0.0,0.0,low,-0.48,-0.65,-0.285,57.92260178999118,-0.65,-0.12575,False,,False,,False,ok,,True,False,False,False,True,ARG_TightRunoff,MajorGrind,ARG_TightRunoff + OTT_Distance; weak MajorGrind
88,Billy,Horschel,"HORSCHEL, BILLY",135.0,PGA Tour,deep,high,-0.11,-0.21,0.19,-0.14,0.23,22,74,0.0,0.0,-4.4,-3.2,-0.11,59.03465346534653,62.11006847577987,59.57709734999314,60.66763425253991,41.30982367758186,41.592201462225844,50.678733031674206,42.37726098191214,38.54692230070636,70.16129032258064,64.07766990291262,61.24999999999999,70.0,69.09090909090911,69.99999999999996,56.677018633540364,20.489690721649485,-0.0,0.0,0.0,0.0,0.68,1.4,4.9,7.9,3.8,3.8,7.9,3.8,63.82690096962113,4.792247504274599,high,0,0.0,0.0,0.0,0.0,0.0,0.0,low,0.0,0.1,-0.033,61.09920584898525,0.1,-0.05995,False,,False,,False,ok,,False,True,False,True,False,PUTT_LagCtrl,MajorGrind,PUTT_LagCtrl + ARG_TightRunoff; weak MajorGrind
89,Ben,James,"JAMES, BEN",,Amateur,medium,medium,0.35,0.48,0.17,-0.03,-0.58,16,48,0.0,0.0,-7.4,10.9,0.35,64.72772277227722,70.09890945980219,74.85926129342305,70.68214804063861,40.80604534005038,42.729488220958565,46.83257918552038,39.276485788113696,45.15640766902119,74.59677419354838,68.65464632454923,61.66666666666667,46.17647058823529,44.545454545454554,43.23529411764705,71.08977978543196,22.465635738831615,-0.0,0.0,0.01,-0.02,0.68,1.3,5.0,7.9,3.7,3.7,7.9,3.7,65.14085624894764,0.4131334766704242,medium,0,0.0,0.0,0.0,0.0,0.0,0.0,low,0.41,0.06,0.38599999999999995,66.38094037564603,0.06,0.37339999999999995,False,,True,B,False,ok,,False,False,False,False,True,OTT_Accuracy,MajorGrind,OTT_Accuracy + WindTolerance; weak MajorGrind
90,Ben,Kohles,"KOHLES, BEN",184.0,PGA Tour,deep,high,-0.02,1.03,0.9,0.01,-0.84,29,96,1.0,0.03,-8.6,9.6,-0.02,60.148514851485146,76.7689576464621,81.87560071399147,78.66473149492018,59.19395465994963,54.02112103980503,80.31674208144796,55.55555555555556,62.916246215943495,76.20967741935483,67.54507628294036,63.33333333333332,38.529411764705884,36.666666666666686,35.588235294117645,83.25804630152456,31.185567010309278,0.09,0.09000000000000001,0.02,-0.03,0.68,1.2,4.6,8.0,4.2,4.2,8.0,4.2,76.86993519947478,16.721420347989636,high,0,0.0,0.0,0.0,0.0,0.0,0.0,low,0.6,0.61,0.414,66.73389638220092,0.61,0.2621,False,,False,,False,ok,,False,False,False,False,True,WindTolerance,MajorGrind,WindTolerance + OTT_Accuracy; weak MajorGrind
91,Adrien,Dumont De Chassart,"DUMONT DE CHASSART, ADRIEN",168.0,PGA Tour,deep,high,0.17,0.1,-0.11,0.47,-0.02,27,88,1.0,0.04,7.2,-4.0,0.17,62.5,68.98300786203399,63.50405052862832,65.16690856313497,33.75314861460957,39.15515840779855,33.71040723981901,34.62532299741601,30.575176589303737,94.75806451612901,89.45908460471568,86.66666666666667,62.64705882352941,52.424242424242486,59.705882352941174,56.07001693958216,35.43814432989691,-0.03,-0.06,-0.0,0.02,0.665,1.4,5.2,7.9,3.5,3.5,7.9,3.5,65.0945801411138,2.594580141113795,high,0,0.0,0.0,0.0,0.0,0.0,0.0,low,-0.13,-0.3,-0.039999999999999994,61.01096684734652,-0.3,0.0335,False,,False,,False,ok,,True,False,True,False,True,ARG_TightRunoff,APP_FlightCtrl,ARG_TightRunoff + ARG_Bunker; weak APP_FlightCtrl
92,Jackson,Suber,"SUBER, JACKSON",128.0,PGA Tour,deep,high,0.0,0.04,0.07,-0.1,-0.05,26,82,0.0,0.0,1.2,-2.9,0.0,60.396039603960396,66.70048186659903,63.133324179596315,64.29608127721335,38.28715365239295,40.29244516653127,41.17647058823531,36.69250645994832,35.6710393541877,71.77419354838709,65.74202496532594,58.74999999999999,61.76470588235294,60.606060606060595,61.76470588235292,57.96160361377753,20.962199312714777,-0.01,-0.02,0.01,-0.01,0.68,1.3,5.0,7.9,3.6,3.6,7.9,3.6,61.83813271071091,1.4420931067505123,high,0,0.0,0.0,0.0,0.0,0.0,0.0,low,0.71,0.71,0.49699999999999994,67.78015883020295,0.71,0.32304999999999995,False,,False,,False,ok,,False,False,False,True,False,OTT_Distance,MajorGrind,OTT_Distance + ARG_TightRunoff; weak MajorGrind
93,Ugo,Coussaud,"COUSSAUD, UGO",217.0,DP World Tour,deep,high,-0.09,-0.24,-0.14,-0.1,0.21,26,93,0.0,0.0,3.7,-6.5,-0.09,59.28217821782178,63.783920872432155,57.8058492379514,60.23222060957909,32.99748110831235,36.79935012185215,33.03167420814481,33.85012919896641,28.557013118062567,71.77419354838709,68.51595006934814,62.916666666666664,69.41176470588235,68.48484848484851,69.41176470588233,51.08695652173913,20.57560137457045,-0.05,-0.04,-0.01,0.0,0.68,1.4,5.1,7.9,3.5,3.5,7.9,3.5,59.13464707118685,-0.1475311466349325,high,0,0.0,0.0,0.0,0.0,0.0,0.0,low,1.03,1.12,0.694,70.2634564477499,1.12,0.4196,False,,False,,False,ok,,True,False,True,False,False,ARG_TightRunoff,MajorGrind,ARG_TightRunoff + PUTT_LagCtrl; weak MajorGrind
94,John,Parry,"PARRY, JOHN",102.0,PGA Tour,deep,high,0.34,0.36,0.29,0.03,-0.25,33,120,0.0,0.0,-3.7,3.2,0.34,64.60396039603961,69.5155972609688,70.03981875600714,68.94049346879537,43.8287153652393,42.40454914703493,59.72850678733032,42.377260981912144,44.2986881937437,77.01612903225806,68.37725381414702,64.16666666666664,55.88235294117647,51.51515151515154,52.941176470588225,66.91134952004518,22.422680412371136,0.04,0.03,0.01,-0.02,0.675,1.3,4.8,7.9,4.0,4.0,7.9,4.0,68.00056088797969,3.3966004919400774,high,0,0.0,0.0,0.0,0.0,0.0,0.0,low,-0.93,-1.27,-0.549,54.594730871044995,-1.27,-0.23785000000000006,True,Last20 vs baseline = -1.27 SG (threshold -1.0),False,,False,ok,,False,False,False,False,True,OTT_Accuracy,MajorGrind,OTT_Accuracy + OTT_Distance; weak MajorGrind
95,Preston,Stout,"STOUT, PRESTON",,Amateur,medium,medium,0.11,-1.38,-0.86,-1.32,-1.04,19,59,0.0,0.0,10.7,4.1,0.11,61.757425742574256,51.103220897793555,46.51929150075518,43.68650217706821,14.86146095717884,20.877335499593837,16.742081447963812,12.661498708010338,15.741675075681133,22.580645161290317,20.527045769764214,7.916666666666655,32.647058823529406,39.6969696969697,32.64705882352939,38.608130999435346,21.434707903780073,-0.06,-0.01,-0.0,-0.04,0.6950000000000001,1.3,5.2,8.0,3.5,3.5,8.0,3.5,33.53127642974301,-28.226149312831247,medium,0,0.0,0.0,0.0,0.0,0.0,0.0,low,0.17,0.07,0.14600000000000002,63.355603176604056,0.07,0.13340000000000002,False,,True,B,False,ok,,False,False,True,True,True,OTT_Distance,ARG_Bunker,OTT_Distance + OTT_Accuracy; weak ARG_Bunker
96,Emiliano,Grillo,"GRILLO, EMILIANO",116.0,PGA Tour,deep,high,0.1,0.19,0.08,-0.09,-0.08,28,92,0.0,0.0,-5.9,8.5,0.1,61.633663366336634,66.80192746639615,69.88878209529041,66.47314949201743,38.539042821158695,35.66206336311943,54.977375565610856,34.366925064599485,41.675075681130174,72.1774193548387,66.15811373092927,59.166666666666664,60.882352941176464,59.6969696969697,60.88235294117644,66.14906832298136,21.391752577319586,0.06,0.06999999999999999,0.01,-0.02,0.68,1.2,4.7,8.0,4.0,4.0,8.0,4.0,66.29652956279097,4.662866196454331,high,0,0.0,0.0,0.0,0.0,0.0,0.0,low,-0.41,-0.51,-0.257,58.275557796546074,-0.51,-0.13205,False,,False,,False,ok,,False,False,False,True,False,OTT_Accuracy,MajorGrind,OTT_Accuracy + OTT_Distance; weak MajorGrind
97,Hennie,Du Plessis,"DU PLESSIS, HENNIE",186.0,DP World Tour,medium,medium,0.32,0.13,-0.03,-0.09,-0.32,15,53,0.0,0.0,7.3,-3.9,0.32,64.35643564356435,69.38879026122243,63.95716051077852,65.60232220609579,35.768261964735515,41.10479285134039,32.12669683257919,34.10852713178294,32.643794147325934,72.1774193548387,66.15811373092927,59.166666666666664,53.8235294117647,52.42424242424243,50.88235294117646,57.21343873517787,22.336769759450174,-0.06,-0.04,0.01,-0.03,0.68,1.3,5.2,7.9,3.4,3.4,7.9,3.4,58.828972614308036,-5.527463029256317,medium,0,0.0,0.0,0.0,0.0,0.0,0.0,low,-0.34,-0.66,-0.07600000000000001,60.55716626749024,-0.66,0.06259999999999999,False,,False,,False,ok,,True,False,True,True,True,OTT_Distance,MajorGrind,OTT_Distance + ARG_TightRunoff; weak MajorGrind
98,Nathan,Kimsey,"KIMSEY, NATHAN",214.0,DP World Tour,deep,high,-0.35,-0.16,-0.46,0.01,-0.39,28,91,0.0,0.0,-0.1,8.0,-0.35,56.06435643564357,63.834643672330714,64.87711108059867,61.393323657474596,24.937027707808564,24.12672623883022,39.36651583710406,20.41343669250646,27.800201816347126,76.20967741935483,73.09292649098474,63.33333333333332,51.764705882352935,47.27272727272728,48.8235294117647,56.98757763975155,19.458762886597942,0.05,0.06,-0.01,-0.01,0.675,1.2,4.8,8.0,3.9,3.9,8.0,3.9,58.43178406733352,2.3674276316899494,high,0,0.0,0.0,0.0,0.0,0.0,0.0,low,0.37,0.72,0.15400000000000003,63.45644774990545,0.72,-0.02239999999999996,False,,False,,False,ok,,False,False,True,False,True,ARG_TightRunoff,MajorGrind,ARG_TightRunoff + OTT_Accuracy; weak MajorGrind
99,Zac,Blair,"BLAIR, ZAC",204.0,PGA Tour,deep,high,-0.06,0.16,0.64,-0.13,-0.36,29,100,0.0,0.0,-18.9,5.4,-0.06,59.65346534653465,63.12452447375095,68.19991761636687,66.0377358490566,52.64483627204031,44.435418359057685,81.22171945701356,54.00516795865633,54.23814328960647,70.56451612903226,61.719833564493754,57.49999999999999,52.64705882352941,48.18181818181822,49.70588235294115,69.97459062676454,20.704467353951895,0.1,0.1,0.01,-0.01,0.675,1.4,4.4,7.9,4.4,4.4,7.9,4.4,70.42790823005231,10.774442883517658,high,0,0.0,0.0,0.0,0.0,0.0,0.0,low,-0.45,-0.39,-0.333,57.317534350182775,-0.39,-0.23745000000000002,False,,False,,False,ok,,False,False,False,True,True,APP_200+,MajorGrind,APP_200+ + WindTolerance; weak MajorGrind
100,Kevin,Roy,"ROY, KEVIN",133.0,PGA Tour,deep,high,0.06,-0.11,-0.37,0.18,0.29,27,93,0.0,0.0,1.6,1.7,0.06,61.13861386138614,64.89982247020035,62.968556913359876,62.11901306240928,27.204030226700255,29.569455727051185,34.61538461538463,27.90697674418604,26.892028254288604,83.06451612903226,80.16643550624133,74.58333333333333,71.76470588235294,64.84848484848486,68.8235294117647,54.81366459627329,21.219931271477662,0.0,-0.01,-0.01,0.02,0.67,1.4,5.0,7.9,3.7,3.7,7.9,3.7,62.18242529522934,1.043811433843203,high,0,0.0,0.0,0.0,0.0,0.0,0.0,low,-0.75,-0.81,-0.5069999999999999,55.124164880877345,-0.81,-0.30854999999999994,False,,False,,False,ok,,False,False,True,False,False,ARG_TightRunoff,MajorGrind,ARG_TightRunoff + ARG_Bunker; weak MajorGrind
101,Adrien,Saddier,"SADDIER, ADRIEN",115.0,PGA Tour,deep,high,-0.08,0.12,-0.09,0.05,0.03,26,87,1.0,0.04,-2.4,4.0,-0.08,59.4059405940594,66.80192746639615,67.0740079637512,65.45718432510886,34.25692695214106,34.76848090982942,44.343891402714924,32.558139534883715,35.11604439959637,77.82258064516128,74.75728155339804,69.16666666666666,64.11764705882352,63.03030303030302,64.11764705882351,61.1518915866742,34.364261168384886,0.01,0.02,-0.0,-0.01,0.68,1.3,4.9,7.9,3.8,3.8,7.9,3.8,65.58189089051487,6.1759502964554684,high,0,0.0,0.0,0.0,0.0,0.0,0.0,low,-0.62,-0.55,-0.458,55.741837892348414,-0.55,-0.3257,False,,False,,False,ok,,False,False,False,False,False,ARG_TightRunoff,MajorGrind,ARG_TightRunoff + ARG_Bunker; weak MajorGrind
102,Matthew,Jordan,"JORDAN, MATTHEW",281.0,DP World Tour,deep,high,-0.51,-0.61,-0.43,0.12,-0.23,25,77,0.0,0.0,-4.3,-2.9,-0.51,54.084158415841586,57.06314988587371,54.20843059178909,54.862119013062404,25.692695214105793,26.482534524776618,36.65158371040722,26.356589147286826,23.057517658930376,80.64516129032259,77.66990291262135,72.08333333333333,56.470588235294116,49.090909090909115,53.529411764705856,46.682665160926035,18.771477663230243,-0.01,-0.01,-0.01,-0.0,0.67,1.4,4.9,7.9,3.8,3.8,7.9,3.8,55.522531912583105,1.4383734967415194,high,0,0.0,0.0,0.0,0.0,0.0,0.0,low,-0.43,0.07,-0.45399999999999996,55.79226017899912,0.07,-0.47359999999999997,False,,False,,False,ok,,False,True,True,False,True,ARG_TightRunoff,MajorGrind,ARG_TightRunoff + ARG_Bunker; weak MajorGrind
103,Laurie,Canter,"CANTER, LAURIE",151.0,LIV Golf,deep,high,-0.38,0.06,-0.08,-0.32,-0.35,25,93,0.0,0.0,2.9,3.8,-0.38,55.693069306930695,67.38523966522952,66.16778799945078,64.58635703918722,34.5088161209068,36.636880584890335,41.17647058823531,32.81653746770026,35.26740665993946,62.9032258064516,56.588072122052715,49.58333333333332,52.94117647058824,57.57575757575763,52.941176470588225,60.46019198193111,19.329896907216497,-0.02,0.019999999999999997,0.01,-0.05,0.6900000000000001,1.3,5.0,8.0,3.7,3.7,8.0,3.7,59.18821749875384,3.495148191823148,high,0,0.0,0.0,0.0,0.0,0.0,0.0,low,-0.3,0.08,-0.32399999999999995,57.43098449514685,0.08,-0.34359999999999996,False,,False,,False,ok,,False,False,False,True,False,OTT_Distance,MajorGrind,OTT_Distance + OTT_Accuracy; weak MajorGrind
104,Caleb,Surratt,"SURRATT, CALEB",287.0,LIV Golf,deep,high,-0.24,-0.78,-0.65,-0.29,0.37,23,81,0.0,0.0,8.3,-2.9,-0.24,57.42574257425742,58.10296728379407,51.87422765343952,52.39477503628447,20.151133501259448,25.995125913891147,18.099547511312227,20.671834625322997,17.507568113017157,64.11290322580645,63.38418862690707,59.166666666666664,74.11764705882354,76.36363636363633,77.05882352941174,42.65951439864483,19.93127147766323,-0.07,-0.05,-0.02,0.0,0.685,1.4,5.2,7.9,3.4,3.4,7.9,3.4,51.94811207964267,-5.4776304946147505,high,0,0.0,0.0,0.0,0.0,0.0,0.0,low,-0.77,-0.52,-0.6109999999999999,53.81318542795916,-0.52,-0.48114999999999997,False,,False,,False,ok,,True,False,True,True,False,PUTT_LagCtrl,APP_FlightCtrl,PUTT_LagCtrl + ARG_TightRunoff; weak APP_FlightCtrl
105,Chandler,Phillips,"PHILLIPS, CHANDLER",172.0,PGA Tour,deep,high,-0.38,-0.84,-0.71,0.25,0.29,26,78,0.0,0.0,-5.7,0.0,-0.38,55.693069306930695,53.79152929241695,52.24495400247151,51.523947750362844,18.639798488664987,18.034118602761986,33.71040723981901,19.12144702842377,17.457114026236127,85.88709677419355,83.07905686546462,81.66666666666667,71.76470588235294,61.81818181818183,68.8235294117647,43.450028232636924,19.329896907216497,0.03,0.03,-0.02,0.03,0.665,1.4,4.8,7.9,3.9,3.9,7.9,3.9,56.528083230133696,0.8350139232030003,high,0,0.0,0.0,0.0,0.0,0.0,0.0,low,-0.72,-0.35,-0.618,53.72494642632043,-0.35,-0.5347,False,,False,,False,ok,,False,False,True,False,False,ARG_TightRunoff,APP_FlightCtrl,ARG_TightRunoff + ARG_Bunker; weak APP_FlightCtrl
106,Neal,Shipley,"SHIPLEY, NEAL",190.0,PGA Tour,deep,high,-0.24,-0.48,-0.58,-0.64,-0.5,26,77,1.0,0.04,4.1,3.5,-0.24,57.42574257425742,60.84199847831601,58.62968556913359,56.74891146589259,21.91435768261965,24.45166531275387,29.864253393665173,19.896640826873387,22.502522704339054,49.999999999999986,48.82108183079057,40.41666666666666,48.529411764705884,53.030303030303074,48.52941176470586,50.01411631846414,33.67697594501718,-0.03,0.019999999999999997,-0.01,-0.03,0.6900000000000001,1.3,5.0,8.0,3.7,3.7,8.0,3.7,50.08850918466977,-7.337233389587652,high,0,0.0,0.0,0.0,0.0,0.0,0.0,low,-0.59,-0.35,-0.485,55.40148745745619,-0.35,-0.39925,False,,False,,False,ok,,False,False,True,True,True,OTT_Distance,APP_FlightCtrl,OTT_Distance + OTT_Accuracy; weak APP_FlightCtrl
107,Dylan,Wu,"WU, DYLAN",386.0,PGA Tour,deep,high,-0.39,-0.34,0.02,-0.13,-0.5,24,72,0.0,0.0,-3.2,1.7,-0.39,55.569306930693074,60.76591427846818,59.8105176438281,58.78084179970973,37.02770780856423,35.82453290008124,50.2262443438914,37.98449612403101,36.73057517658931,70.56451612903226,64.49375866851594,61.66666666666667,48.529411764705884,43.93939393939396,45.58823529411764,56.47939017504234,19.286941580756018,0.0,0.02,0.0,-0.02,0.675,1.4,4.8,7.9,3.9,3.9,7.9,3.9,58.92549182274906,3.3561848920559854,high,0,0.0,0.0,0.0,0.0,0.0,0.0,low,-0.8,-0.41,-0.6769999999999999,52.981217698222615,-0.41,-0.57655,False,,False,,False,ok,,False,False,False,True,True,ARG_TightRunoff,MajorGrind,ARG_TightRunoff + ARG_Bunker; weak MajorGrind
108,Cole,Hammer,"HAMMER, COLE",363.0,Korn Ferry Tour,deep,high,-0.47,1.55,2.52,0.06,-1.83,24,79,0.0,0.0,2.3,2.1,-0.47,54.579207920792086,86.12731422774537,85.926129342304,86.21190130624092,100.0,100.0,100.0,100.0,100.0,78.2258064516129,72.3994452149792,69.58333333333333,9.411764705882348,9.696969696969704,9.411764705882335,100.0,18.943298969072167,-0.03,0.0,-0.0,-0.03,0.685,1.3,5.0,7.9,3.7,3.7,7.9,3.7,87.00610232797949,32.426894407187405,high,0,0.0,0.0,0.0,0.0,0.0,0.0,low,-0.26,0.21,-0.32299999999999995,57.443590066809534,0.21,-0.37444999999999995,False,,False,,False,ok,,False,False,False,False,True,APP_200+,PUTT_LagCtrl,APP_200+ + APP_150-200; weak PUTT_LagCtrl
109,Ben,Silverman,"SILVERMAN, BEN",262.0,PGA Tour,deep,high,-0.54,-0.78,-0.48,-0.2,0.33,26,83,0.0,0.0,-10.4,2.4,-0.54,53.71287128712871,53.36038549327924,54.05739393107235,52.39477503628447,24.43324937027708,22.014622258326572,45.701357466063314,25.06459948320413,24.4702320887992,67.74193548387096,64.35506241331484,62.916666666666664,72.94117647058823,69.09090909090911,72.94117647058819,47.670807453416145,18.6426116838488,0.03,0.04,-0.01,0.0,0.675,1.4,4.7,7.9,4.1,4.1,7.9,4.1,57.086465969946765,3.3735946828180516,high,0,0.0,0.0,0.0,0.0,0.0,0.0,low,-1.06,-0.52,-0.904,50.119752930795414,-0.52,-0.7766,False,,False,,False,ok,,False,False,False,True,False,PUTT_LagCtrl,MajorGrind,PUTT_LagCtrl + ARG_TightRunoff; weak MajorGrind
110,Miles,Russell,"RUSSELL, MILES",,Korn Ferry Tour,medium,medium,-0.39,-0.44,0.19,0.0,-1.51,19,55,0.0,0.0,1.6,0.4,-0.39,55.569306930693074,60.71519147856962,57.901963476589316,57.32946298984035,41.30982367758186,41.592201462225844,50.678733031674206,42.37726098191214,40.363269424823415,75.80645161290323,72.67683772538142,67.08333333333333,18.823529411764703,13.33333333333337,15.88235294117647,56.35234330886505,19.286941580756018,-0.04,0.0,-0.01,-0.03,0.675,1.4,4.9,7.9,3.8,3.8,7.9,3.8,55.98994628867264,0.4206393579795673,medium,0,0.0,0.0,0.0,0.0,0.0,0.0,low,-0.32,0.06,-0.34800000000000003,57.128450775242655,0.06,-0.3627,False,,False,,False,ok,,False,False,False,False,True,ARG_TightRunoff,PUTT_LagCtrl,ARG_TightRunoff + ARG_Bunker; weak PUTT_LagCtrl
111,Peter,Uihlein,"UIHLEIN, PETER",181.0,LIV Golf,deep,high,-0.64,-1.29,-0.26,0.18,0.42,21,75,0.0,0.0,4.3,-18.7,-0.64,52.475247524752476,50.621354298757296,38.36331182205135,44.99274310595065,29.974811083123427,35.49959382615761,23.52941176470587,35.91731266149871,19.374369323915243,83.06451612903226,77.39251040221914,82.91666666666669,75.58823529411765,65.7575757575758,72.64705882352942,32.6369282891022,18.21305841924399,-0.13,-0.14,-0.02,0.03,0.665,1.6,5.2,7.8,3.3,3.3,7.8,3.3,51.91228728742092,-0.5629602373315592,high,0,0.0,0.0,0.0,0.0,0.0,0.0,low,-1.32,-0.69,-1.1159999999999999,47.447371738308334,-0.69,-0.9493999999999999,False,,False,,False,ok,,True,False,True,False,False,ARG_Bunker,MajorGrind,ARG_Bunker + ARG_TightRunoff; weak MajorGrind
112,James,Nicholas,"NICHOLAS, JAMES",286.0,Korn Ferry Tour,deep,high,-0.72,0.26,-0.03,-0.11,-0.91,27,82,1.0,0.04,7.7,-7.6,-0.72,51.48514851485149,71.13872685772255,64.21804201565288,67.48911465892597,35.768261964735515,41.10479285134039,32.12669683257919,36.69250645994831,30.776992936427856,71.37096774193547,68.0998613037448,62.5,36.47058823529411,34.545454545454554,36.470588235294095,56.408808582721626,31.615120274914094,-0.1,-0.07,-0.01,-0.02,0.68,1.4,5.2,7.9,3.4,3.4,7.9,3.4,56.98578975088553,5.500641236034042,high,0,0.0,0.0,0.0,0.0,0.0,0.0,low,-0.55,0.17,-0.601,53.93924114458591,0.17,-0.6426499999999999,False,,False,,False,ok,,True,False,True,False,True,OTT_Distance,APP_FlightCtrl,OTT_Distance + ARG_TightRunoff; weak APP_FlightCtrl
113,Jimmy,Stanger,"STANGER, JIMMY",338.0,PGA Tour,medium,medium,-0.37,-0.48,-1.03,0.03,0.4,13,39,0.0,0.0,9.5,-0.8,-0.37,55.81683168316831,62.21151407557698,56.85843745709186,56.74891146589259,10.579345088161208,16.73436230706744,12.895927601809976,8.2687338501292,8.980827447023211,77.01612903225806,76.69902912621359,72.5,75.0,71.21212121212123,74.99999999999996,43.054771315640885,19.372852233676976,-0.06,-0.04,-0.03,0.0,0.675,1.3,5.2,7.9,3.5,3.5,7.9,3.5,52.74060382389643,-3.0762278592718815,medium,0,0.0,0.0,0.0,0.0,0.0,0.0,low,-0.11,0.26,-0.214,58.817597378041086,0.26,-0.2686,False,,False,,False,ok,,True,False,True,False,False,ARG_TightRunoff,APP_FlightCtrl,ARG_TightRunoff + ARG_Bunker; weak APP_FlightCtrl
114,Taihei,Sato,"SATO, TAIHEI",403.0,Japan Golf Tour,deep,high,-0.93,,,,,28,95,1.0,0.04,,,-0.93,48.886138613861384,65.88891706822217,63.77866263902238,63.7155297532656,36.523929471032744,36.96181965881398,46.38009049773755,37.467700258397926,35.36831483350152,75.80645161290323,72.67683772538142,67.08333333333333,63.23529411764706,59.09090909090911,63.23529411764704,58.68153585544891,30.713058419243993,-0.02,0.01,-0.01,-0.01,0.675,1.4,4.9,7.9,3.8,3.8,7.9,3.8,64.07099019929248,15.184851585431097,high,0,0.0,0.0,0.0,0.0,0.0,0.0,low,-0.29,0.63,-0.482,55.43930417244422,0.63,-0.6388,False,,False,,False,ok,,False,False,False,False,False,ARG_TightRunoff,MajorGrind,ARG_TightRunoff + ARG_Bunker; weak MajorGrind
115,Taylor,Montgomery,"MONTGOMERY, TAYLOR",227.0,Korn Ferry Tour,deep,high,-0.32,-0.72,-0.15,0.46,0.97,29,86,0.0,0.0,-5.1,-8.9,-0.32,56.43564356435643,55.46538168906924,50.2265549910751,53.26560232220609,32.7455919395466,31.68155970755483,42.986425339366505,38.759689922480625,27.093844601412716,94.35483870967741,89.04299583911235,94.58333333333334,91.76470588235294,79.3939393939394,88.82352941176468,45.143986448334275,19.587628865979383,-0.03,-0.05,-0.02,0.04,0.66,1.6,4.8,7.8,3.8,3.8,7.8,3.8,64.59592846629131,8.16028490193488,high,0,0.0,0.0,0.0,0.0,0.0,0.0,low,-1.79,-1.46,-1.349,44.510273540905075,-1.46,-0.98885,True,Last20 vs baseline = -1.46 SG (threshold -1.0),False,,False,ok,,False,True,False,False,False,ARG_Bunker,MajorGrind,ARG_Bunker + ARG_TightRunoff; weak MajorGrind
116,Niklas,Norgaard,"NORGAARD, NIKLAS",275.0,DP World Tour,deep,high,-0.77,-0.62,-0.41,-0.56,0.14,28,85,0.0,0.0,11.3,-5.1,-0.77,50.86633663366336,60.89272127821456,53.16490457229164,54.71698113207547,26.196473551637283,33.46872461413486,20.13574660633484,26.873385012919897,22.452068617558023,53.2258064516129,49.375866851595006,43.74999999999999,67.3529411764706,75.4545454545455,70.29411764705883,45.28514963297572,17.65463917525773,-0.11,-0.07,-0.01,-0.03,0.6950000000000001,1.4,5.3,7.9,3.3,3.3,7.9,3.3,50.42049688470058,-0.4458397489627757,high,0,0.0,0.0,0.0,0.0,0.0,0.0,low,-1.27,-0.5,-1.1199999999999999,47.39694945165763,-0.5,-0.9974999999999999,False,,False,,False,ok,,True,False,True,True,False,PUTT_LagCtrl,MajorGrind,PUTT_LagCtrl + OTT_Distance; weak MajorGrind
117,Nick,Hardy,"HARDY, NICK",,PGA Tour,deep,high,-0.91,-0.24,-0.15,-0.07,-0.34,25,70,0.0,0.0,3.5,-4.7,-0.91,49.133663366336634,63.733198072533604,58.54730193601537,60.23222060957909,32.7455919395466,36.555645816409424,32.8054298642534,33.59173126614987,29.212916246215947,72.98387096774192,69.76421636615811,64.16666666666667,53.23529411764706,51.81818181818183,53.23529411764704,52.00451722190853,17.053264604810998,-0.09,-0.05,-0.01,-0.03,0.68,1.4,5.1,7.9,3.5,3.5,7.9,3.5,56.26600045967938,7.132337093342748,high,0,0.0,0.0,0.0,0.0,0.0,0.0,low,-0.88,0.03,-0.889,50.308836505735535,0.03,-0.89635,False,,False,,False,ok,,True,False,True,False,True,ARG_TightRunoff,MajorGrind,ARG_TightRunoff + ARG_Bunker; weak MajorGrind
118,Harry,Higgs,"HIGGS, HARRY",356.0,Korn Ferry Tour,deep,high,-0.91,-0.67,-0.21,-0.25,-0.18,28,83,0.0,0.0,2.9,-1.7,-0.91,49.133663366336634,58.12832868374335,53.87889605931622,53.991291727140776,31.234256926952142,33.46872461413486,34.84162895927603,32.041343669250644,29.212916246215947,65.7258064516129,62.27461858529819,56.666666666666664,57.94117647058824,59.6969696969697,57.94117647058822,48.85657820440429,17.053264604810998,-0.07,-0.03,-0.01,-0.03,0.685,1.4,5.0,7.9,3.6,3.6,7.9,3.6,54.12576089874645,4.992097532409815,high,0,0.0,0.0,0.0,0.0,0.0,0.0,low,-0.88,0.02,-0.889,50.308836505735535,0.02,-0.89635,False,,False,,False,ok,,False,False,True,True,False,ARG_TightRunoff,MajorGrind,ARG_TightRunoff + PUTT_LagCtrl; weak MajorGrind
119,Carl,Yuan,"YUAN, CARL",,Korn Ferry Tour,medium,medium,-1.03,-1.16,-1.0,-0.4,-0.46,23,66,0.0,0.0,3.3,-1.5,-1.03,47.648514851485146,52.01623129596754,47.23328298777976,46.87953555878084,11.335012594458437,15.84077985377742,16.968325791855225,11.627906976744185,9.384460141271447,59.67741935483871,58.80721220527045,50.416666666666664,49.705882352941174,48.181818181818166,46.76470588235293,36.321287408243926,16.537800687285223,-0.07,-0.02,-0.02,-0.03,0.68,1.4,5.1,7.9,3.6,3.6,7.9,3.6,41.86649548731844,-5.7820193641667075,medium,0,0.0,0.0,0.0,0.0,0.0,0.0,low,-0.66,0.36,-0.808,51.3298878104122,0.36,-0.8856999999999999,False,,False,,False,ok,,True,False,True,True,True,ARG_TightRunoff,APP_FlightCtrl,ARG_TightRunoff + OTT_Distance; weak APP_FlightCtrl
120,Graeme,McDowell,"MCDOWELL, GRAEME",,LIV Golf,medium,medium,-1.0,-0.89,-0.07,-0.37,-0.18,17,58,0.0,0.0,-15.1,1.0,-1.0,48.01980198019802,50.77352269845296,51.97034189207744,50.79825834542815,34.76070528967254,28.757108042242084,58.371040723981906,35.65891472868217,34.106962663975786,60.88709677419354,54.50762829403607,55.833333333333336,57.94117647058824,59.6969696969697,57.94117647058822,50.01411631846414,16.666666666666668,0.02,0.06,-0.01,-0.03,0.685,1.4,4.5,7.9,4.2,4.2,7.9,4.2,56.50441871558235,8.484616735384328,medium,0,0.0,0.0,0.0,0.0,0.0,0.0,low,-1.85,-0.85,-1.5100000000000002,42.480776503214415,-0.85,-1.3315000000000001,False,,False,,False,ok,,False,False,False,True,False,PUTT_LagCtrl,MajorGrind,PUTT_LagCtrl + APP_200+; weak MajorGrind
121,Marcelo,Rozo,"ROZO, MARCELO",,PGA Tour,deep,high,-1.09,-0.21,0.27,-0.29,-1.28,26,79,0.0,0.0,-11.0,6.0,-1.09,46.9059405940594,60.43621607912757,63.36674447343127,60.66763425253991,43.32493702770781,38.66774979691308,62.66968325791853,41.86046511627907,45.20686175580222,64.11290322580645,57.836338418862695,54.99999999999999,25.588235294117645,26.363636363636388,22.6470588235294,62.74703557312253,16.28006872852234,0.01,0.06,-0.0,-0.05,0.685,1.3,4.6,7.9,4.1,4.1,7.9,4.1,58.450906224579875,11.544965630520473,high,0,0.0,0.0,0.0,0.0,0.0,0.0,low,-0.93,0.15,-0.978,49.18694062775747,0.15,-1.0172,False,,False,,False,ok,,False,False,False,True,True,OTT_Accuracy,MajorGrind,OTT_Accuracy + WindTolerance; weak MajorGrind
122,Alejandro,Tosti,"TOSTI, ALEJANDRO",364.0,PGA Tour,medium,medium,-1.55,-0.85,-0.94,-0.21,-0.78,19,45,0.0,0.0,7.4,-5.5,-1.55,41.21287128712871,56.98706568602587,49.84209803652341,51.37880986937591,12.846347607052897,20.552396425670196,8.14479638009049,13.178294573643413,8.879919273461152,67.33870967741935,66.7128987517337,58.333333333333336,40.29411764705882,38.48484848484851,37.35294117647057,37.634105025409376,14.304123711340209,-0.12,-0.06,-0.02,-0.04,0.68,1.4,5.3,7.9,3.3,3.3,7.9,3.3,41.68555649209433,0.4726852049656145,medium,0,0.0,0.0,0.0,0.0,0.0,0.0,low,-0.69,0.86,-1.034,48.48102861464768,0.86,-1.2146,False,,False,,False,ok,,True,False,True,True,True,ARG_TightRunoff,APP_200+,ARG_TightRunoff + ARG_Bunker; weak APP_200+
123,Padraig,Harrington,"HARRINGTON, PADRAIG",,PGA Tour Champions,deep,high,-1.42,-0.59,0.21,0.19,-0.55,26,82,2.0,0.08,-4.5,-8.1,-1.42,42.82178217821782,57.266041085467926,52.341068241109426,55.152394775036285,41.81360201511335,40.454914703493095,51.13122171945701,45.47803617571059,36.57921291624622,83.46774193548386,77.80859916782246,79.16666666666666,47.05882352941176,39.39393939393941,44.11764705882352,50.35290796160361,42.35395189003437,-0.05,-0.019999999999999997,-0.01,-0.03,0.67,1.5,4.8,7.9,3.8,3.8,7.9,3.8,60.62548268365229,17.803700505434463,high,0,0.0,0.0,0.0,0.0,0.0,0.0,low,-0.94,0.48,-1.0839999999999999,47.85075003151393,0.48,-1.2015999999999998,False,,False,,False,ok,,False,True,False,False,True,ARG_Bunker,APP_FlightCtrl,ARG_Bunker + ARG_TightRunoff; weak APP_FlightCtrl
124,Ryder,Cowan,"COWAN, RYDER",,Amateur,medium,medium,-1.24,,,,,18,55,,0.0,,,-1.24,45.04950495049505,65.88891706822217,63.77866263902238,63.7155297532656,36.523929471032744,36.96181965881398,46.38009049773755,37.467700258397926,35.36831483350152,75.80645161290323,72.67683772538142,71.25,63.23529411764706,59.09090909090911,63.23529411764704,58.68153585544891,15.63573883161512,-0.04,0.0,-0.02,-0.02,0.675,1.4,4.9,7.9,3.8,3.8,7.9,3.8,63.35045755324437,18.30095260274932,medium,0,0.0,0.0,0.0,0.0,0.0,0.0,low,-0.29,0.84,-0.6699999999999999,53.06945669986134,0.84,-0.8694999999999999,False,,True,A,False,ok,,False,False,False,False,False,ARG_TightRunoff,MajorGrind,ARG_TightRunoff + ARG_Bunker; weak MajorGrind
125,Jackson,Van Paris,"VAN PARIS, JACKSON",,Korn Ferry Tour,medium,medium,-1.13,,,,,20,64,0.0,0.0,-8.0,-1.5,-1.13,46.410891089108915,63.86000507227999,63.16078539063573,63.7155297532656,36.523929471032744,35.33712428919578,49.77375565610859,37.467700258397926,34.61150353178608,75.80645161290323,72.67683772538142,71.25,63.23529411764706,62.12121212121213,63.23529411764704,57.83455674760022,16.108247422680414,-0.04,0.0,-0.02,-0.02,0.68,1.4,4.8,7.9,3.9,3.9,7.9,3.9,63.46180561767513,17.050914528566217,medium,0,0.0,0.0,0.0,0.0,0.0,0.0,low,-1.94,-0.8,-1.6159999999999999,41.14458590697089,-0.8,-1.4459,False,,False,,False,ok,,False,True,False,False,False,ARG_TightRunoff,MajorGrind,ARG_TightRunoff + ARG_Bunker; weak MajorGrind
126,Hamilton,Coleman,"COLEMAN, HAMILTON",,,thin,low,-3.44,,,,,9,24,0.0,0.0,-16.8,-3.9,-3.44,17.82178217821782,61.628201876743596,62.172181793217085,63.7155297532656,36.523929471032744,38.586515028432174,42.98642533936653,37.467700258397926,33.40060544904138,75.80645161290323,75.45076282940362,79.58333333333334,63.23529411764706,62.12121212121213,63.23529411764704,56.394692264257486,6.185567010309279,-0.15,-0.03,-0.06,-0.06,0.68,1.4,5.0,7.9,3.7,3.7,7.9,3.7,60.89716044325994,43.07537826504212,low,0,0.0,0.0,0.0,0.0,0.0,0.0,low,-3.44,0.0,-3.4400000000000004,18.152023194251854,0.0,-3.4400000000000004,False,,True,A,False,ok,,False,True,False,False,False,ARG_Bunker,MajorGrind,ARG_Bunker + ARG_TightRunoff; weak MajorGrind
127,Ethan,Fang,"FANG, ETHAN",,Amateur,medium,medium,-1.65,-0.97,-1.45,0.59,-1.11,21,61,0.0,0.0,-7.2,2.5,-1.65,39.975247524752476,51.762617296474765,51.48977069888782,49.63715529753266,0.0,0.0,16.9683257918552,0.0,0.05045408678103491,99.59677419354837,100.0,100.0,30.588235294117645,22.42424242424248,24.705882352941146,36.18012422360248,13.874570446735396,-0.06,0.01,-0.04,-0.03,0.67,1.4,4.8,7.9,3.9,3.9,7.9,3.9,44.93327447511765,4.9580269503651735,medium,0,0.0,0.0,0.0,0.0,0.0,0.0,low,-1.86,-0.21,-1.7760000000000002,39.127694440942896,-0.21,-1.7319,False,,True,A,False,ok,,False,False,True,False,True,ARG_TightRunoff,APP_150-200,ARG_TightRunoff + ARG_Bunker; weak APP_150-200
128,Jackson,Herrington,"HERRINGTON, JACKSON",,Amateur,medium,medium,-2.49,-1.56,0.93,-1.81,-0.24,18,53,0.0,0.0,12.9,-16.5,-2.49,29.57920792079208,49.378645701242704,35.56226829603185,41.07402031930334,59.949622166246854,61.251015434606,60.633484162895925,61.49870801033591,50.5045408678103,2.822580645161284,0.13869625520110201,0.0,56.1764705882353,60.90909090909095,56.17647058823526,43.054771315640885,10.266323024054982,-0.16,-0.05,-0.04,-0.06,0.6900000000000001,1.4,5.0,7.9,3.6,3.6,7.9,3.6,45.31108448726164,15.731876566469559,medium,0,0.0,0.0,0.0,0.0,0.0,0.0,low,-2.28,0.12,-2.364,31.715618303290054,0.12,-2.4081,False,,True,A,False,ok,,True,False,False,True,False,APP_150-200,ARG_Bunker,APP_150-200 + PUTT_LagCtrl; weak ARG_Bunker
129,Chase,Kyes,"KYES, CHASE",,Amateur,medium,medium,-2.89,,,,,18,52,,0.0,,,-2.89,24.628712871287124,65.88891706822217,63.77866263902238,63.7155297532656,36.523929471032744,35.33712428919578,49.77375565610859,40.05167958656331,35.36831483350152,75.80645161290323,75.45076282940362,79.58333333333334,63.23529411764706,62.12121212121213,63.23529411764704,58.76623376623375,8.548109965635739,-0.09,0.0,-0.05,-0.05,0.68,1.5,4.8,7.9,3.9,3.9,7.9,3.9,64.03289308640562,39.4041802151185,medium,0,0.0,0.0,0.0,0.0,0.0,0.0,low,-2.76,0.09,-2.8120000000000003,26.068322198411693,0.09,-2.8393000000000006,False,,True,A,False,ok,,False,False,False,False,False,ARG_Bunker,MajorGrind,ARG_Bunker + ARG_TightRunoff; weak MajorGrind
130,Eric,Lee,"LEE, ERIC",,Amateur,medium,medium,-1.48,,,,,17,52,,0.0,,,-1.48,42.07920792079208,65.88891706822217,63.77866263902238,63.7155297532656,36.523929471032744,35.33712428919578,49.77375565610859,37.467700258397926,35.36831483350152,75.80645161290323,72.67683772538142,71.25,63.23529411764706,62.12121212121213,63.23529411764704,58.68153585544891,14.604810996563575,-0.05,0.0,-0.03,-0.03,0.68,1.4,4.8,7.9,3.9,3.9,7.9,3.9,63.79852170131592,21.71931378052384,medium,0,0.0,0.0,0.0,0.0,0.0,0.0,low,-1.44,0.04,-1.456,43.16147737299886,0.04,-1.4644,False,,True,A,False,ok,,False,False,False,False,False,ARG_TightRunoff,MajorGrind,ARG_TightRunoff + ARG_Bunker; weak MajorGrind
131,Brandon,Wu,"WU, BRANDON",,Korn Ferry Tour,deep,high,-1.7,-1.88,-0.61,-0.13,-0.27,27,79,0.0,0.0,-11.7,-5.9,-1.7,39.35643564356435,39.081917321836166,35.53480708499245,36.42960812772134,21.15869017632242,18.846466287571097,39.36651583710406,24.289405684754524,17.003027245206866,70.56451612903226,64.49375866851594,70.0,55.294117647058826,47.878787878787925,52.352941176470566,30.91473743647657,13.659793814432991,-0.03,0.0,-0.02,-0.0,0.67,1.5,4.7,7.9,4.0,4.0,7.9,4.0,45.222407940243926,5.865972296679573,high,0,0.0,0.0,0.0,0.0,0.0,0.0,low,-1.57,0.13,-1.609,41.23282490860961,0.13,-1.64085,False,,False,,False,ok,,False,True,True,True,True,ARG_Bunker,MajorGrind,ARG_Bunker + ARG_TightRunoff; weak MajorGrind
132,Mason,Howell,"HOWELL, MASON",,,medium,medium,-1.64,-1.53,-1.17,-0.92,-0.65,13,32,0.0,0.0,10.5,0.3,-1.64,40.099009900990104,49.150393101699215,42.89441164355348,41.50943396226415,7.0528967254408075,13.322502030869224,6.334841628959293,4.651162790697678,6.0040363269424875,38.70967741935483,39.94452149791955,32.91666666666667,44.11764705882353,51.51515151515154,47.05882352941175,31.916996047430835,13.91752577319588,-0.15,-0.04,-0.04,-0.07,0.6950000000000001,1.3,5.2,7.9,3.4,3.4,7.9,3.4,33.3783446933174,-6.7206652076727025,medium,0,0.0,0.0,0.0,0.0,0.0,0.0,low,-1.64,0.0,-1.64,40.842052187066685,0.0,-1.6400000000000001,False,,False,,False,ok,,False,False,True,True,True,PUTT_LagCtrl,APP_FlightCtrl,PUTT_LagCtrl + OTT_Distance; weak APP_FlightCtrl
133,Filippo,Celli,"CELLI, FILIPPO",438.0,DP World Tour,deep,high,-1.49,-1.55,-1.02,-0.29,0.12,27,79,1.0,0.04,-0.2,-2.5,-1.49,41.95544554455445,46.18310930763378,41.466428669504324,41.21915820029027,10.831234256926951,13.728675873273763,19.909502262443464,11.111111111111109,8.37537840565086,64.11290322580645,63.38418862690707,59.166666666666664,66.76470588235294,68.78787878787877,66.76470588235293,31.78994918125353,28.30756013745705,-0.08,-0.02,-0.03,-0.02,0.685,1.4,5.0,7.9,3.7,3.7,7.9,3.7,44.573380584712496,2.617935040158045,high,0,0.0,0.0,0.0,0.0,0.0,0.0,low,-1.42,0.08,-1.4409999999999998,43.350560947938995,0.08,-1.4581499999999998,False,,False,,False,ok,,False,True,True,True,False,PUTT_LagCtrl,APP_FlightCtrl,PUTT_LagCtrl + ARG_TightRunoff; weak APP_FlightCtrl
134,J.B.,Holmes,"HOLMES, J.B.",,,thin,low,-2.92,-1.31,-1.2,0.16,-1.61,1,2,0.0,0.0,10.0,-4.9,-2.92,24.257425742574256,51.81334009637332,43.7731703968145,44.70246734397678,6.297229219143577,9.341998375304637,12.44343891402717,9.043927648578814,2.623612512613524,82.25806451612904,82.10818307905686,86.25000000000001,15.882352941176467,7.272727272727332,12.94117647058822,31.027667984189723,8.419243986254296,-0.17,-0.08,-0.05,-0.04,0.67,1.5,5.0,7.8,3.6,3.6,7.8,3.6,37.06431686567976,12.806891123105501,low,0,0.0,0.0,0.0,0.0,0.0,0.0,low,-2.92,0.0,-2.92,24.70692045884281,0.0,-2.92,False,,True,A,False,ok,,True,False,True,False,True,ARG_Bunker,APP_FlightCtrl,ARG_Bunker + ARG_TightRunoff; weak APP_FlightCtrl
135,Jackson,Ormond,"ORMOND, JACKSON",,Amateur,medium,medium,-3.52,,,,,12,35,0.0,0.0,6.7,-8.4,-3.52,16.83168316831683,67.58813086482375,60.31855004805712,63.7155297532656,36.523929471032744,45.08529650690497,26.018099547511316,34.883720930232556,31.130171543895063,75.80645161290323,78.2246879334258,83.74999999999999,63.23529411764706,65.15151515151516,63.23529411764704,53.514963297571995,5.841924398625429,-0.2,-0.08,-0.06,-0.06,0.685,1.3,5.4,7.9,3.2,3.2,7.9,3.2,59.52350009069216,42.69181692237533,medium,0,0.0,0.0,0.0,0.0,0.0,0.0,low,-3.59,-0.08,-3.5620000000000003,16.614143451405518,-0.08,-3.5473,False,,True,A,False,ok,,True,False,True,False,False,ARG_Bunker,MajorGrind,ARG_Bunker + ARG_TightRunoff; weak MajorGrind
136,Brandon,Holtz,"HOLTZ, BRANDON",,,thin,low,-4.29,-3.66,-1.15,-1.88,-1.65,4,9,0.0,0.0,-10.7,1.4,-4.29,7.3019801980198,16.763885366472227,14.1013318687354,10.595065312046438,7.556675062972294,5.686433793663702,30.542986425339347,10.335917312661502,7.063572149344104,0.0,0.0,1.2500000000000104,14.705882352941178,18.181818181818223,14.705882352941174,12.11180124223602,2.5343642611683848,-0.13,0.009999999999999998,-0.06,-0.08,0.6900000000000001,1.5,4.7,7.9,4.1,4.1,7.9,4.1,12.771099279591702,5.469119081571902,low,0,0.0,0.0,0.0,0.0,0.0,0.0,low,-4.29,0.0,-4.29,7.4372872809781905,0.0,-4.29,False,,True,A,False,ok,,False,False,True,True,True,APP_200+,ARG_TightRunoff,APP_200+ + PUTT_LagCtrl; weak ARG_TightRunoff
137,Ryuichi,Oiwa,"OIWA, RYUICHI",389.0,Japan Golf Tour,deep,high,-1.9,,,,,25,79,1.0,0.04,,,-1.9,36.88118811881188,65.88891706822217,63.77866263902238,63.7155297532656,36.523929471032744,35.33712428919578,49.77375565610859,37.467700258397926,35.36831483350152,75.80645161290323,72.67683772538142,75.41666666666667,63.23529411764706,62.12121212121213,63.23529411764704,58.68153585544891,26.54639175257732,-0.06,0.0,-0.03,-0.03,0.68,1.4,4.8,7.9,3.9,3.9,7.9,3.9,64.57893407244993,27.697745953638048,high,0,0.0,0.0,0.0,0.0,0.0,0.0,low,-2.2,-0.3,-2.11,34.91743350560948,-0.3,-2.0364999999999998,False,,False,,False,ok,,False,False,False,False,False,ARG_Bunker,MajorGrind,ARG_Bunker + ARG_TightRunoff; weak MajorGrind
138,Vaughn,Harber,"HARBER, VAUGHN",,Amateur,medium,medium,-3.53,,,,,13,40,,0.0,,,-3.53,16.707920792079207,65.88891706822217,63.77866263902238,63.7155297532656,36.523929471032744,33.71242891957758,53.16742081447964,40.05167958656331,35.36831483350152,75.80645161290323,78.2246879334258,83.74999999999999,63.23529411764706,65.15151515151516,63.23529411764704,58.76623376623375,5.798969072164949,-0.13,-0.009999999999999998,-0.06,-0.06,0.685,1.5,4.7,7.9,4.0,4.0,7.9,4.0,64.61125092737221,47.903330135293004,medium,0,0.0,0.0,0.0,0.0,0.0,0.0,low,-3.95,-0.42,-3.782,13.840917685617041,-0.42,-3.6937999999999995,False,,True,A,False,ok,,False,False,False,False,False,ARG_Bunker,MajorGrind,ARG_Bunker + ARG_TightRunoff; weak MajorGrind
139,Kaito,Onishi,"ONISHI, KAITO",,Japan Golf Tour,deep,high,-2.07,-2.29,-0.58,-0.35,0.41,29,78,0.0,0.0,-2.9,-5.6,-2.07,34.777227722772274,36.114633527770735,30.02883427159137,30.478955007256893,21.91435768261965,22.826969943135673,33.25791855203621,25.064599483204137,17.91120080726539,61.69354838709676,58.113730929264904,60.83333333333334,75.29411764705883,74.54545454545456,75.29411764705878,27.159796725014118,12.07044673539519,-0.07,-0.03,-0.03,-0.02,0.68,1.5,4.9,7.9,3.8,3.8,7.9,3.8,44.853336663580194,10.07610894080792,high,0,0.0,0.0,0.0,0.0,0.0,0.0,low,-1.66,0.4,-1.783,39.03945543930417,0.4,-1.8834499999999998,False,,False,,False,ok,,False,True,True,True,False,PUTT_LagCtrl,MajorGrind,PUTT_LagCtrl + ARG_Bunker; weak MajorGrind
140,Jake,Peacock,"PEACOCK, JAKE",,Korn Ferry Tour,medium,medium,-1.75,,,,,20,58,0.0,0.0,-5.0,-1.3,-1.75,38.73762376237624,64.62084707075832,63.24316902375395,63.7155297532656,36.523929471032744,36.96181965881398,46.38009049773755,37.467700258397926,34.71241170534813,75.80645161290323,72.67683772538142,71.25,63.23529411764706,62.12121212121213,63.23529411764704,57.94748729531338,13.445017182130586,-0.05,0.0,-0.03,-0.03,0.68,1.4,4.9,7.9,3.8,3.8,7.9,3.8,62.9952399280035,24.25761616562726,medium,0,0.0,0.0,0.0,0.0,0.0,0.0,low,-1.61,0.13,-1.666,40.51430732383714,0.13,-1.6953999999999998,False,,False,,False,ok,,False,True,False,False,False,ARG_TightRunoff,MajorGrind,ARG_TightRunoff + ARG_Bunker; weak MajorGrind
141,Robbie,Higgins,"HIGGINS, ROBBIE",,Korn Ferry Tour,medium,medium,-2.47,,,,,18,50,0.0,0.0,7.3,-11.1,-2.47,29.826732673267326,67.7402992645194,59.206371000961134,63.7155297532656,36.523929471032744,41.83590576766857,29.411764705882348,40.05167958656331,29.76791120080727,75.80645161290323,75.45076282940362,79.58333333333334,63.23529411764706,62.12121212121213,63.23529411764704,52.15979672501412,10.352233676975944,-0.19,-0.1,-0.05,-0.04,0.68,1.5,5.2,7.9,3.3,3.3,7.9,3.3,59.06258869029544,29.235856017028116,medium,0,0.0,0.0,0.0,0.0,0.0,0.0,low,-3.3,-0.83,-2.968,24.101853019034415,-0.83,-2.7937000000000003,False,,False,,False,ok,,True,False,True,False,False,ARG_Bunker,MajorGrind,ARG_Bunker + ARG_TightRunoff; weak MajorGrind
142,Greyson,Leach,"LEACH, GREYSON",,PGA Tour Americas,medium,medium,-1.18,,,,,10,34,0.0,0.0,,11.4,-1.18,45.79207920792079,65.88891706822217,68.47452972676095,63.7155297532656,36.523929471032744,35.33712428919578,49.77375565610859,37.467700258397926,41.12008072653885,75.80645161290323,72.67683772538142,71.25,63.23529411764706,62.12121212121213,63.23529411764704,65.11857707509881,15.893470790378009,-0.02,0.02,-0.02,-0.02,0.68,1.4,4.8,7.9,3.9,3.9,7.9,3.9,65.80775115815212,20.015671950231322,medium,0,0.0,0.0,0.0,0.0,0.0,0.0,low,-0.99,0.19,-1.0659999999999998,48.07765032144208,0.19,-1.1058999999999999,False,,False,,False,ok,,False,False,False,False,False,ARG_TightRunoff,MajorGrind,ARG_TightRunoff + ARG_Bunker; weak MajorGrind
143,Logan,Reilly,"REILLY, LOGAN",,Amateur,medium,medium,-2.18,,,,,18,53,,0.0,,,-2.18,33.415841584158414,65.88891706822217,63.77866263902238,63.7155297532656,36.523929471032744,35.33712428919578,49.77375565610859,37.467700258397926,35.36831483350152,75.80645161290323,72.67683772538142,75.41666666666667,63.23529411764706,62.12121212121213,63.23529411764704,58.68153585544891,11.597938144329897,-0.06,0.0,-0.03,-0.03,0.68,1.4,4.8,7.9,3.9,3.9,7.9,3.9,63.83151139203756,30.415669807879148,medium,0,0.0,0.0,0.0,0.0,0.0,0.0,low,-1.43,0.69,-1.73,39.70755073742594,0.69,-1.8875000000000002,False,,True,A,False,ok,,False,False,False,False,False,ARG_Bunker,MajorGrind,ARG_Bunker + ARG_TightRunoff; weak MajorGrind
144,Rocco Paolo,Repetto Taylor,"REPETTO TAYLOR, ROCCO PAOLO",358.0,DP World Tour,deep,high,-1.25,-1.31,-1.3,-0.04,-0.47,30,103,0.0,0.0,13.2,-5.1,-1.25,44.92574257425743,52.62490489475019,43.69078676369627,44.70246734397678,3.7783375314861445,11.779041429731935,0.0,3.87596899224806,0.0,74.19354838709677,76.56033287101248,69.58333333333333,49.411764705882355,47.87878787878787,49.41176470588234,29.672501411631846,15.592783505154639,-0.14,-0.08,-0.04,-0.02,0.68,1.4,5.3,7.9,3.3,3.3,7.9,3.3,39.74634283606617,-5.1793997381912575,high,0,0.0,0.0,0.0,0.0,0.0,0.0,low,-1.24,0.0,-1.2429999999999999,45.846464137148615,0.0,-1.24545,False,,False,,False,ok,,True,False,True,False,True,ARG_TightRunoff,APP_200+,ARG_TightRunoff + ARG_Bunker; weak APP_200+
145,Bryan,Lee,"LEE, BRYAN",,Amateur,medium,medium,-2.6,-4.39,-1.08,-0.67,1.0,16,47,0.0,0.0,-40.3,-8.5,-2.6,28.217821782178216,0.0,0.0,0.0,9.319899244332492,7.392363931762809,32.126696832579164,12.14470284237726,3.8345105953582275,48.79032258064516,44.79889042995839,47.50000000000001,92.64705882352942,92.42424242424244,92.64705882352942,0.0,9.793814432989691,-0.07,0.009999999999999998,-0.03,-0.04,0.68,1.5,4.7,7.9,4.1,4.1,7.9,4.1,28.847536346795135,0.6297145646169184,medium,0,0.0,0.0,0.0,0.0,0.0,0.0,low,-3.01,-0.41,-2.846,25.63973276188075,-0.41,-2.7599,False,,True,A,False,ok,,False,True,True,True,False,PUTT_LagCtrl,OTT_Distance,PUTT_LagCtrl + ARG_Bunker; weak OTT_Distance
146,Gunnlaugur,Arni Sveinsson,"ARNI SVEINSSON, GUNNLAUGUR",,Amateur,medium,medium,-1.85,,,,,13,37,,0.0,,,-1.85,37.5,65.88891706822217,63.77866263902238,63.7155297532656,36.523929471032744,35.33712428919578,49.77375565610859,37.467700258397926,35.36831483350152,75.80645161290323,75.45076282940362,75.41666666666667,63.23529411764706,62.12121212121213,63.23529411764704,58.76623376623375,13.015463917525775,-0.08,0.0,-0.04,-0.04,0.68,1.4,4.8,7.9,3.9,3.9,7.9,3.9,63.9437284842585,26.4437284842585,medium,0,0.0,0.0,0.0,0.0,0.0,0.0,low,-2.56,-0.71,-2.2760000000000002,32.824908609605444,-0.71,-2.1269,False,,True,A,False,ok,,False,False,False,False,False,ARG_TightRunoff,MajorGrind,ARG_TightRunoff + ARG_Bunker; weak MajorGrind
147,Jack,Schoenberger,"SCHOENBERGER, JACK",,Amateur,medium,medium,-3.7,,,,,16,47,,0.0,,,-3.7,14.6039603960396,65.88891706822217,63.77866263902238,63.7155297532656,36.523929471032744,33.71242891957758,53.16742081447964,40.05167958656331,35.36831483350152,75.80645161290323,78.2246879334258,83.74999999999999,63.23529411764706,65.15151515151516,63.23529411764704,58.850931677018636,5.0687285223367695,-0.14,0.0,-0.07,-0.07,0.685,1.5,4.7,7.9,4.0,4.0,7.9,4.0,64.43320869095929,49.829248294919694,medium,0,0.0,0.0,0.0,0.0,0.0,0.0,low,-4.02,-0.32,-3.8919999999999995,12.45430480272281,-0.32,-3.8247999999999998,False,,True,A,False,ok,,False,False,False,False,False,ARG_Bunker,MajorGrind,ARG_Bunker + ARG_TightRunoff; weak MajorGrind
148,Angel,Hidalgo Portillo,"HIDALGO PORTILLO, ANGEL",325.0,DP World Tour,deep,high,-1.37,-0.86,-0.58,-0.42,-0.22,30,91,0.0,0.0,-3.9,1.2,-1.37,43.44059405940594,53.994420492011166,52.46464369078676,51.23367198838898,21.91435768261965,21.202274573517474,36.65158371040722,22.480620155038757,21.342078708375382,58.87096774193549,57.9750346740638,53.75000000000001,56.76470588235294,58.48484848484846,56.76470588235293,45.12987012987013,15.077319587628867,-0.04,0.02,-0.03,-0.02,0.685,1.4,4.8,7.9,3.9,3.9,7.9,3.9,50.43443018439855,6.993836124992612,high,0,0.0,0.0,0.0,0.0,0.0,0.0,low,-0.77,0.61,-0.95,49.53989663431236,0.61,-1.097,False,,False,,False,ok,,False,False,True,True,False,PUTT_LagCtrl,MajorGrind,PUTT_LagCtrl + ARG_TightRunoff; weak MajorGrind
149,Mateo,Pulcini,"PULCINI, MATEO",,Amateur,medium,medium,-2.52,-3.15,-0.59,-1.53,-2.15,18,57,0.0,0.0,-4.4,-20.1,-2.52,29.207920792079207,24.82881055034238,12.247700123575443,17.99709724238026,21.662468513853906,24.20796100731113,29.63800904977377,24.8062015503876,10.343087790111003,14.112903225806447,11.789181692094317,11.666666666666668,0.0,0.0,0.0,10.29079616036138,10.137457044673539,-0.15,-0.05,-0.04,-0.06,0.685,1.5,5.0,7.9,3.7,3.7,7.9,3.7,16.19685944376726,-13.011061348311948,medium,0,0.0,0.0,0.0,0.0,0.0,0.0,low,-2.16,0.45,-2.3040000000000003,32.471952603050546,0.45,-2.3796,False,,True,A,False,ok,,False,True,True,True,True,APP_200+,PUTT_LagCtrl,APP_200+ + OTT_Distance; weak PUTT_LagCtrl
150,Spencer,Tibbits,"TIBBITS, SPENCER",,,thin,low,-4.88,,,,,1,4,0.0,0.0,,,-4.88,0.0,65.88891706822217,63.77866263902238,63.7155297532656,36.523929471032744,36.96181965881398,42.98642533936653,40.05167958656331,35.36831483350152,75.80645161290323,78.2246879334258,79.58333333333334,63.23529411764706,65.15151515151516,63.23529411764704,58.68153585544891,0.0,-0.18,-0.04,-0.06,-0.07,0.685,1.5,4.9,7.9,3.7,3.7,7.9,3.7,62.02728910200881,62.02728910200881,low,0,0.0,0.0,0.0,0.0,0.0,0.0,low,-4.88,0.0,-4.88,0.0,0.0,-4.88,False,,True,A,False,ok,,False,False,False,False,False,ARG_Bunker,MajorGrind,ARG_Bunker + ARG_TightRunoff; weak MajorGrind
151,Marek,Fleming,"FLEMING, MAREK",,Amateur,medium,medium,-3.4,,,,,15,45,,0.0,,,-3.4,18.316831683168317,65.88891706822217,63.77866263902238,63.7155297532656,36.523929471032744,33.71242891957758,53.16742081447964,40.05167958656331,35.36831483350152,75.80645161290323,75.45076282940362,83.74999999999999,63.23529411764706,62.12121212121213,63.23529411764704,58.76623376623375,6.357388316151204,-0.12,-0.009999999999999998,-0.06,-0.06,0.68,1.5,4.7,7.9,4.0,4.0,7.9,4.0,64.15327057405857,45.83643889089025,medium,0,0.0,0.0,0.0,0.0,0.0,0.0,low,-3.7,-0.21,-3.58,16.38724316147737,-0.21,-3.517,False,,True,A,False,ok,,False,False,False,False,False,ARG_Bunker,MajorGrind,ARG_Bunker + ARG_TightRunoff; weak MajorGrind
152,T.K.,Kim,"KIM, T.K.",,,thin,low,,,,,,0,0,,0.0,,,0.32,64.35643564356435,65.88891706822217,63.77866263902238,63.7155297532656,36.523929471032744,35.33712428919578,49.77375565610859,40.05167958656331,35.36831483350152,75.80645161290323,80.998613037448,92.08333333333334,63.23529411764706,65.15151515151516,63.23529411764704,58.68153585544891,22.336769759450174,-0.19,-0.01,-0.09,-0.09,0.685,1.5,4.8,7.9,3.9,3.9,7.9,3.9,65.1826286130135,0.8261929694491528,low,0,0.0,0.0,0.0,0.0,0.0,0.0,low,0.32,0.0,0.32,65.5489726459095,0.0,0.32,False,,True,B,False,ok,,False,False,False,False,False,ARG_Bunker,MajorGrind,ARG_Bunker + ARG_TightRunoff; weak MajorGrind
153,Giuseppe,Puebla,"PUEBLA, GIUSEPPE",,Amateur,thin,low,-2.66,,,,,9,29,,0.0,,,-2.66,27.475247524752472,65.88891706822217,63.77866263902238,63.7155297532656,36.523929471032744,35.33712428919578,49.77375565610859,37.467700258397926,35.36831483350152,75.80645161290323,72.67683772538142,75.41666666666667,63.23529411764706,62.12121212121213,63.23529411764704,58.68153585544891,9.536082474226804,-0.07,0.0,-0.04,-0.03,0.68,1.4,4.8,7.9,3.9,3.9,7.9,3.9,63.57841860853242,36.10317108377994,low,0,0.0,0.0,0.0,0.0,0.0,0.0,low,-2.56,0.1,-2.62,28.488591957645276,0.1,-2.634,False,,True,A,False,ok,,False,False,False,False,False,ARG_Bunker,MajorGrind,ARG_Bunker + ARG_TightRunoff; weak MajorGrind
154,Matt,Robles,"ROBLES, MATT",,,medium,medium,-3.12,,,,,16,49,,0.0,,,-3.12,21.78217821782178,65.88891706822217,63.77866263902238,63.7155297532656,36.523929471032744,35.33712428919578,49.77375565610859,40.05167958656331,35.36831483350152,75.80645161290323,75.45076282940362,79.58333333333334,63.23529411764706,62.12121212121213,63.23529411764704,58.76623376623375,7.560137457044673,-0.11,0.0,-0.05,-0.05,0.68,1.5,4.8,7.9,3.9,3.9,7.9,3.9,63.68349446097607,41.90131624315429,medium,0,0.0,0.0,0.0,0.0,0.0,0.0,low,-3.12,0.0,-3.12,22.185806126307824,0.0,-3.12,False,,False,,False,ok,,False,False,False,False,False,ARG_Bunker,MajorGrind,ARG_Bunker + ARG_TightRunoff; weak MajorGrind
155,Manav,Shah,"SHAH, MANAV",,,medium,medium,-3.21,,,,,17,56,0.0,0.0,,,-3.21,20.668316831683168,65.88891706822217,63.77866263902238,63.7155297532656,36.523929471032744,32.08773354995938,56.561085972850655,37.467700258397926,35.36831483350152,75.80645161290323,78.2246879334258,79.58333333333334,63.23529411764706,68.18181818181822,63.23529411764704,58.850931677018636,7.173539518900345,-0.09,0.04,-0.06,-0.07,0.6900000000000001,1.4,4.6,7.9,4.1,4.1,7.9,4.1,65.47552748087001,44.80721064918684,medium,0,0.0,0.0,0.0,0.0,0.0,0.0,low,-3.21,0.0,-3.21,21.051304676667087,0.0,-3.21,False,,False,,False,ok,,False,False,False,False,False,ARG_Bunker,MajorGrind,ARG_Bunker + ARG_TightRunoff; weak MajorGrind
156,Jake,Sollon,"SOLLON, JAKE",,,thin,low,-1.41,,,,,4,16,0.0,0.0,,-9.9,-1.41,42.945544554455445,65.88891706822217,59.70067279967047,63.7155297532656,36.523929471032744,38.586515028432174,39.59276018099549,37.467700258397926,30.37336024217962,75.80645161290323,75.45076282940362,79.58333333333334,63.23529411764706,62.12121212121213,63.23529411764704,52.92207792207792,14.905498281786942,-0.14,-0.04,-0.06,-0.05,0.68,1.4,5.0,7.9,3.6,3.6,7.9,3.6,60.94583119375768,18.00028663930223,low,0,0.0,0.0,0.0,0.0,0.0,0.0,low,-1.41,0.0,-1.41,43.74133366948191,0.0,-1.41,False,,True,A,False,ok,,False,False,True,False,False,ARG_Bunker,MajorGrind,ARG_Bunker + ARG_TightRunoff; weak MajorGrind
