Last Name,First Name,main-tour,L5-1 Place,L5 Tournament-1,L5 Tournament-Tour1,L5-2 Place,L5 Tournament-2,L5 Tournament-Tour2,L5-3 Place,L5 Tournament-3,L5 Tournament-Tour3,L5-4 Place,L5 Tournament-4,L5 Tournament-Tour4,L5-5 Place,L5 Tournament-5,L5 Tournament-Tour5,Last 20 Rds True-SG,Last 20 VERSUS BASELINE
SCHEFFLER,SCOTTIE,PGA Tour,2,RBC Heritage,PGA Tour,2,Cadillac Championship,PGA Tour,T14,PGA Championship,Major,3,THE CJ CUP Byron Nelson,PGA Tour,T12,the Memorial Tournament presented by Workday,PGA Tour,2.99,-0.21
RAHM,JON,LIV Golf,T8,Mexico City,LIV Golf,T2,Virginia,LIV Golf,T16,PGA Championship,Major,2,Korea,LIV Golf,,Andalucia,LIV Golf,2.48,0.2
MCILROY,RORY,PGA Tour,T46,THE PLAYERS Championship,PGA Tour,,Masters Tournament,Major,T19,Truist Championship,PGA Tour,T7,PGA Championship,Major,T12,the Memorial Tournament presented by Workday,PGA Tour,2.43,0.13
CLARK,WYNDHAM,PGA Tour,T20,Zurich Classic of New Orleans,PGA Tour,CUT,PGA Championship,Major,,THE CJ CUP Byron Nelson,PGA Tour,3,the Memorial Tournament presented by Workday,PGA Tour,T11,RBC Canadian Open,PGA Tour,2.33,1.24
FLEETWOOD,TOMMY,PGA Tour,T23,Cadillac Championship,PGA Tour,T5,Truist Championship,PGA Tour,CUT,PGA Championship,Major,T4,the Memorial Tournament presented by Workday,PGA Tour,T11,RBC Canadian Open,PGA Tour,2.24,0.18
CANTLAY,PATRICK,PGA Tour,T12,Masters Tournament,Major,T8,RBC Heritage,PGA Tour,T10,Truist Championship,PGA Tour,T35,PGA Championship,Major,T17,the Memorial Tournament presented by Workday,PGA Tour,2.16,0.57
THOMAS,JUSTIN,PGA Tour,T23,Cadillac Championship,PGA Tour,13,Truist Championship,PGA Tour,T4,PGA Championship,Major,T13,Charles Schwab Challenge,PGA Tour,T19,the Memorial Tournament presented by Workday,PGA Tour,2.09,1.06
HATTON,TYRRELL,LIV Golf,T3,Masters Tournament,Major,T5,Mexico City,LIV Golf,CUT,Virginia,LIV Golf,17,PGA Championship,Major,,Andalucia,LIV Golf,2.03,1.07
SPAUN,J.J.,PGA Tour,T14,Cadillac Championship,PGA Tour,T5,Truist Championship,PGA Tour,CUT,PGA Championship,Major,T6,Charles Schwab Challenge,PGA Tour,T12,the Memorial Tournament presented by Workday,PGA Tour,2.03,0.39
ABERG,LUDVIG,PGA Tour,T4,RBC Heritage,PGA Tour,T8,Truist Championship,PGA Tour,T4,PGA Championship,Major,T17,Charles Schwab Challenge,PGA Tour,39,the Memorial Tournament presented by Workday,PGA Tour,2.02,0.2
COLE,ERIC,PGA Tour,T6,ONEflight Myrtle Beach Classic,PGA Tour,T31,THE CJ CUP Byron Nelson,PGA Tour,2,Charles Schwab Challenge,PGA Tour,8,the Memorial Tournament presented by Workday,PGA Tour,CUT,RBC Canadian Open,PGA Tour,1.99,1.37
KIM,SI WOO,PGA Tour,T4,Cadillac Championship,PGA Tour,T65,Truist Championship,PGA Tour,T35,PGA Championship,Major,2,THE CJ CUP Byron Nelson,PGA Tour,T10,the Memorial Tournament presented by Workday,PGA Tour,1.97,0.47
REITAN,KRISTOFFER,PGA Tour,T14,Cadillac Championship,PGA Tour,,Truist Championship,PGA Tour,T44,PGA Championship,Major,T6,the Memorial Tournament presented by Workday,PGA Tour,T60,RBC Canadian Open,PGA Tour,1.95,1.03
FITZPATRICK,ALEX,PGA Tour,T9,Cadillac Championship,PGA Tour,4,Truist Championship,PGA Tour,T75,PGA Championship,Major,T6,the Memorial Tournament presented by Workday,PGA Tour,T20,RBC Canadian Open,PGA Tour,1.95,1.52
KITAYAMA,KURT,PGA Tour,T8,RBC Heritage,PGA Tour,T9,Cadillac Championship,PGA Tour,T19,Truist Championship,PGA Tour,T10,PGA Championship,Major,T22,the Memorial Tournament presented by Workday,PGA Tour,1.93,0.64
YOUNG,CAMERON,PGA Tour,T25,RBC Heritage,PGA Tour,,Cadillac Championship,PGA Tour,T10,Truist Championship,PGA Tour,T26,PGA Championship,Major,T46,the Memorial Tournament presented by Workday,PGA Tour,1.88,-0.28
HENLEY,RUSSELL,PGA Tour,T25,RBC Heritage,PGA Tour,T49,Cadillac Championship,PGA Tour,CUT,PGA Championship,Major,,Charles Schwab Challenge,PGA Tour,T22,the Memorial Tournament presented by Workday,PGA Tour,1.86,-0.2
SCHAUFFELE,XANDER,PGA Tour,T9,Masters Tournament,Major,T12,RBC Heritage,PGA Tour,T60,Truist Championship,PGA Tour,T7,PGA Championship,Major,T29,the Memorial Tournament presented by Workday,PGA Tour,1.76,-0.13
REED,PATRICK,DP World Tour,T29,Qatar Masters,DP World Tour,T10,Investec South African Open Championship,DP World Tour,T12,Joburg Open,DP World Tour,T10,Masters Tournament,Major,,PGA Championship,Major,1.75,0.77
BURNS,SAM,PGA Tour,T38,Cadillac Championship,PGA Tour,T37,Truist Championship,PGA Tour,T26,PGA Championship,Major,T4,the Memorial Tournament presented by Workday,PGA Tour,T20,RBC Canadian Open,PGA Tour,1.7,0.11
KNAPP,JAKE,PGA Tour,6,The Genesis Invitational,PGA Tour,CUT,THE PLAYERS Championship,PGA Tour,T6,Texas Children's Houston Open,PGA Tour,11,Masters Tournament,Major,T74,RBC Heritage,PGA Tour,1.67,-0.09
CAULEY,BUD,PGA Tour,T38,Cadillac Championship,PGA Tour,T37,Truist Championship,PGA Tour,T26,PGA Championship,Major,T22,the Memorial Tournament presented by Workday,PGA Tour,,RBC Canadian Open,PGA Tour,1.65,0.98
FITZPATRICK,MATT,PGA Tour,,Zurich Classic of New Orleans,PGA Tour,T52,Truist Championship,PGA Tour,T14,PGA Championship,Major,T36,the Memorial Tournament presented by Workday,PGA Tour,2,RBC Canadian Open,PGA Tour,1.63,-0.38
GOTTERUP,CHRIS,PGA Tour,T25,RBC Heritage,PGA Tour,T38,Cadillac Championship,PGA Tour,T14,Truist Championship,PGA Tour,T10,PGA Championship,Major,T27,the Memorial Tournament presented by Workday,PGA Tour,1.58,0.04
ENGLISH,HARRIS,PGA Tour,T4,RBC Heritage,PGA Tour,T55,Cadillac Championship,PGA Tour,T24,Truist Championship,PGA Tour,T18,PGA Championship,Major,T17,the Memorial Tournament presented by Workday,PGA Tour,1.58,0.15
MCNEALY,MAVERICK,PGA Tour,T16,RBC Heritage,PGA Tour,T30,Cadillac Championship,PGA Tour,T37,Truist Championship,PGA Tour,T18,PGA Championship,Major,T10,the Memorial Tournament presented by Workday,PGA Tour,1.58,0.05
RAI,AARON,PGA Tour,T24,Zurich Classic of New Orleans,PGA Tour,5,ONEflight Myrtle Beach Classic,PGA Tour,,PGA Championship,Major,T19,the Memorial Tournament presented by Workday,PGA Tour,CUT,RBC Canadian Open,PGA Tour,1.57,0.6
SMALLEY,ALEX,PGA Tour,T7,Cadillac Championship,PGA Tour,T17,Truist Championship,PGA Tour,T2,PGA Championship,Major,T3,Charles Schwab Challenge,PGA Tour,CUT,the Memorial Tournament presented by Workday,PGA Tour,1.54,0.8
POSTON,J.T.,PGA Tour,T49,Cadillac Championship,PGA Tour,T24,Truist Championship,PGA Tour,CUT,PGA Championship,Major,T35,Charles Schwab Challenge,PGA Tour,,the Memorial Tournament presented by Workday,PGA Tour,1.53,0.77
MORIKAWA,COLLIN,PGA Tour,T7,Masters Tournament,Major,T4,RBC Heritage,PGA Tour,T62,Cadillac Championship,PGA Tour,T55,PGA Championship,Major,T29,RBC Canadian Open,PGA Tour,1.52,0.19
NOREN,ALEX,PGA Tour,T7,Cadillac Championship,PGA Tour,T31,Truist Championship,PGA Tour,T26,PGA Championship,Major,9,the Memorial Tournament presented by Workday,PGA Tour,CUT,RBC Canadian Open,PGA Tour,1.45,0.13
SCOTT,ADAM,PGA Tour,T24,Masters Tournament,Major,T4,Cadillac Championship,PGA Tour,T24,Truist Championship,PGA Tour,CUT,PGA Championship,Major,T12,the Memorial Tournament presented by Workday,PGA Tour,1.45,0.27
GERARD,RYAN,PGA Tour,T30,Cadillac Championship,PGA Tour,T65,Truist Championship,PGA Tour,T70,PGA Championship,Major,T10,Charles Schwab Challenge,PGA Tour,2,the Memorial Tournament presented by Workday,PGA Tour,1.39,0.51
VINCENT,SCOTT,LIV Golf,4,Mexico City,LIV Golf,T8,Virginia,LIV Golf,5,Korea,LIV Golf,15,Andalucia,LIV Golf,T10,International Series Morocco presented by Visit Morocco,Asian Tour,1.37,1.06
GRIFFIN,BEN,PGA Tour,3,Cadillac Championship,PGA Tour,T63,Truist Championship,PGA Tour,T14,PGA Championship,Major,T3,Charles Schwab Challenge,PGA Tour,CUT,the Memorial Tournament presented by Workday,PGA Tour,1.36,-0.08
POTGIETER,ALDRICH,PGA Tour,T25,RBC Heritage,PGA Tour,T14,Cadillac Championship,PGA Tour,T48,Truist Championship,PGA Tour,T35,PGA Championship,Major,T8,RBC Canadian Open,PGA Tour,1.34,1.23
HOVLAND,VIKTOR,PGA Tour,T42,RBC Heritage,PGA Tour,T38,Cadillac Championship,PGA Tour,T31,Truist Championship,PGA Tour,CUT,PGA Championship,Major,3,RBC Canadian Open,PGA Tour,1.29,-0.18
NIEMANN,JOAQUIN,LIV Golf,T8,Mexico City,LIV Golf,T20,Virginia,LIV Golf,,PGA Championship,Major,T18,Korea,LIV Golf,T24,Andalucia,LIV Golf,1.28,0.79
LOWRY,SHANE,PGA Tour,CUT,Zurich Classic of New Orleans,PGA Tour,T23,Cadillac Championship,PGA Tour,T44,PGA Championship,Major,T22,the Memorial Tournament presented by Workday,PGA Tour,T29,RBC Canadian Open,PGA Tour,1.25,0.21
JOHNSON,DUSTIN,LIV Golf,T18,Mexico City,LIV Golf,T17,Virginia,LIV Golf,4,PGA Championship,Major,T44,Korea,LIV Golf,T5,Andalucia,LIV Golf,1.23,0.81
PUIG,DAVID,LIV Golf,T12,Turkish Airlines Open,DP World Tour,T18,Virginia,LIV Golf,T16,PGA Championship,Major,T18,Korea,LIV Golf,T5,Andalucia,LIV Golf,1.2,0.3
KOEPKA,BROOKS,PGA Tour,CUT,Zurich Classic of New Orleans,PGA Tour,T11,ONEflight Myrtle Beach Classic,PGA Tour,T55,PGA Championship,Major,T14,THE CJ CUP Byron Nelson,PGA Tour,WD,RBC Canadian Open,PGA Tour,1.2,0.73
CHACARRA,EUGENIO,DP World Tour,T18,Turkish Airlines Open,DP World Tour,T10,Estrella Damm Catalunya Championship,DP World Tour,T22,Soudal Open,DP World Tour,T12,Austrian Alpine Open presented by Kitzbühel Tirol,DP World Tour,,KLM Open,DP World Tour,1.19,1.11
WOODLAND,GARY,PGA Tour,T38,Cadillac Championship,PGA Tour,T17,Truist Championship,PGA Tour,CUT,PGA Championship,Major,T6,Charles Schwab Challenge,PGA Tour,T36,the Memorial Tournament presented by Workday,PGA Tour,1.18,0.46
BAUCHOU,ZACH,PGA Tour,T13,Zurich Classic of New Orleans,PGA Tour,T24,ONEflight Myrtle Beach Classic,PGA Tour,T6,THE CJ CUP Byron Nelson,PGA Tour,T22,Charles Schwab Challenge,PGA Tour,CUT,RBC Canadian Open,PGA Tour,1.16,1
KOIVUN,JACKSON,Amateur,T10,Mason Rudolph Championship,Amateur,T10,Ford Collegiate,Amateur,,2026 SEC Men's Golf Championship Stroke Play,Amateur,,NCAA Athens Regional,Amateur,,NCAA DI Men's National Championship- Stroke Play,Amateur,1.14,-0.14
SPIETH,JORDAN,PGA Tour,T18,Cadillac Championship,PGA Tour,T52,Truist Championship,PGA Tour,T18,PGA Championship,Major,T19,THE CJ CUP Byron Nelson,PGA Tour,CUT,the Memorial Tournament presented by Workday,PGA Tour,1.03,0
COUSSAUD,UGO,DP World Tour,T3,Hero Indian Open,DP World Tour,T9,Turkish Airlines Open,DP World Tour,T25,Estrella Damm Catalunya Championship,DP World Tour,CUT,Soudal Open,DP World Tour,T17,Austrian Alpine Open presented by Kitzbühel Tirol,DP World Tour,1.03,1.12
ROSE,JUSTIN,PGA Tour,T65,Cadillac Championship,PGA Tour,T45,Truist Championship,PGA Tour,T10,PGA Championship,Major,T12,the Memorial Tournament presented by Workday,PGA Tour,CUT,RBC Canadian Open,PGA Tour,1.02,-0.42
BROWN,BLADES,Korn Ferry Tour,T9,ONEflight Myrtle Beach Classic,PGA Tour,T16,Colonial Life Charity Classic,Korn Ferry Tour,T14,THE CJ CUP Byron Nelson,PGA Tour,T13,UNC Health Championship,Korn Ferry Tour,T17,BMW Charity Pro-Am Presented by TD SYNNEX,Korn Ferry Tour,1.01,1.01
BURMESTER,DEAN,LIV Golf,T6,South Africa,LIV Golf,T15,Mexico City,LIV Golf,4,Virginia,LIV Golf,T23,Korea,LIV Golf,T27,Andalucia,LIV Golf,1,0.72
FOX,RYAN,PGA Tour,T30,Cadillac Championship,PGA Tour,67,Truist Championship,PGA Tour,T35,PGA Championship,Major,T27,the Memorial Tournament presented by Workday,PGA Tour,T8,RBC Canadian Open,PGA Tour,0.95,0.31
TAYLOR,NICK,PGA Tour,T9,Cadillac Championship,PGA Tour,T14,Truist Championship,PGA Tour,T26,PGA Championship,Major,T43,the Memorial Tournament presented by Workday,PGA Tour,T65,RBC Canadian Open,PGA Tour,0.9,-0.03
HOWELL III,CHARLES,LIV Golf,T9,South Africa,LIV Golf,T20,Mexico City,LIV Golf,T14,Virginia,LIV Golf,T8,Korea,LIV Golf,T19,Andalucia,LIV Golf,0.9,0.5
BRADLEY,KEEGAN,PGA Tour,T49,Cadillac Championship,PGA Tour,T19,Truist Championship,PGA Tour,CUT,PGA Championship,Major,T35,Charles Schwab Challenge,PGA Tour,T19,the Memorial Tournament presented by Workday,PGA Tour,0.88,-0.19
KANEKO,KOTA,DP World Tour,T9,Turkish Airlines Open,DP World Tour,CUT,Estrella Damm Catalunya Championship,DP World Tour,CUT,PGA Championship,Major,T2,Soudal Open,DP World Tour,,Austrian Alpine Open presented by Kitzbühel Tirol,DP World Tour,0.87,1.02
GRACE,BRANDEN,LIV Golf,T5,Mexico City,LIV Golf,T21,Virginia,LIV Golf,T12,Korea,LIV Golf,T11,Andalucia,LIV Golf,T14,International Series Morocco presented by Visit Morocco,Asian Tour,0.87,0
HOJGAARD,NICOLAI,PGA Tour,T23,Cadillac Championship,PGA Tour,T2,Truist Championship,PGA Tour,T44,PGA Championship,Major,CUT,the Memorial Tournament presented by Workday,PGA Tour,CUT,RBC Canadian Open,PGA Tour,0.86,-0.28
WIESBERGER,BERND,DP World Tour,T13,Turkish Airlines Open,DP World Tour,T13,Estrella Damm Catalunya Championship,DP World Tour,CUT,PGA Championship,Major,T4,Austrian Alpine Open presented by Kitzbühel Tirol,DP World Tour,T21,KLM Open,DP World Tour,0.86,1.28
GHIM,DOUG,PGA Tour,T6,Zurich Classic of New Orleans,PGA Tour,T19,ONEflight Myrtle Beach Classic,PGA Tour,T31,THE CJ CUP Byron Nelson,PGA Tour,T28,Charles Schwab Challenge,PGA Tour,T15,RBC Canadian Open,PGA Tour,0.86,0.53
DECHAMBEAU,BRYSON,LIV Golf,3,Mexico City,LIV Golf,WD,Virginia,LIV Golf,CUT,PGA Championship,Major,3,Korea,LIV Golf,T11,Andalucia,LIV Golf,0.86,-0.3
PEREZ,VICTOR,LIV Golf,T17,Mexico City,LIV Golf,11,Virginia,LIV Golf,T2,Soudal Open,DP World Tour,T23,Korea,LIV Golf,T16,Andalucia,LIV Golf,0.85,0.57
LEISHMAN,MARC,LIV Golf,T31,South Africa,LIV Golf,T10,Mexico City,LIV Golf,T14,Virginia,LIV Golf,T8,Korea,LIV Golf,T11,Andalucia,LIV Golf,0.85,0.47
FINAU,TONY,PGA Tour,T31,Truist Championship,PGA Tour,T6,THE CJ CUP Byron Nelson,PGA Tour,CUT,Charles Schwab Challenge,PGA Tour,T29,the Memorial Tournament presented by Workday,PGA Tour,T40,RBC Canadian Open,PGA Tour,0.84,0.85
GOUVEIA,RICARDO,DP World Tour,T7,Turkish Airlines Open,DP World Tour,T13,Estrella Damm Catalunya Championship,DP World Tour,T24,Soudal Open,DP World Tour,T2,Austrian Alpine Open presented by Kitzbühel Tirol,DP World Tour,T38,KLM Open,DP World Tour,0.84,1.64
MEISSNER,MAC,PGA Tour,T9,ONEflight Myrtle Beach Classic,PGA Tour,T31,THE CJ CUP Byron Nelson,PGA Tour,T3,Charles Schwab Challenge,PGA Tour,T46,the Memorial Tournament presented by Workday,PGA Tour,CUT,RBC Canadian Open,PGA Tour,0.83,0.08
BEZUIDENHOUT,CHRISTIAAN,PGA Tour,T6,ONEflight Myrtle Beach Classic,PGA Tour,T35,PGA Championship,Major,CUT,THE CJ CUP Byron Nelson,PGA Tour,T32,Charles Schwab Challenge,PGA Tour,T54,RBC Canadian Open,PGA Tour,0.82,0.05
HALL,HARRY,PGA Tour,T8,Truist Championship,PGA Tour,CUT,PGA Championship,Major,CUT,Charles Schwab Challenge,PGA Tour,T29,the Memorial Tournament presented by Workday,PGA Tour,T40,RBC Canadian Open,PGA Tour,0.82,-0.36
LINDBERG,MIKAEL,DP World Tour,,Turkish Airlines Open,DP World Tour,T55,PGA Championship,Major,T17,Soudal Open,DP World Tour,CUT,Austrian Alpine Open presented by Kitzbühel Tirol,DP World Tour,T60,KLM Open,DP World Tour,0.8,0.62
THOMPSON,DAVIS,PGA Tour,T6,Zurich Classic of New Orleans,PGA Tour,T13,ONEflight Myrtle Beach Classic,PGA Tour,CUT,THE CJ CUP Byron Nelson,PGA Tour,T35,Charles Schwab Challenge,PGA Tour,T45,RBC Canadian Open,PGA Tour,0.78,0.25
FOWLER,RICKIE,PGA Tour,T9,Cadillac Championship,PGA Tour,T2,Truist Championship,PGA Tour,T60,PGA Championship,Major,CUT,Charles Schwab Challenge,PGA Tour,CUT,the Memorial Tournament presented by Workday,PGA Tour,0.77,-0.45
HARMAN,BRIAN,PGA Tour,T38,Cadillac Championship,PGA Tour,T31,Truist Championship,PGA Tour,T60,PGA Championship,Major,T22,Charles Schwab Challenge,PGA Tour,CUT,the Memorial Tournament presented by Workday,PGA Tour,0.75,0.1
KIM,MICHAEL,PGA Tour,T18,Cadillac Championship,PGA Tour,T48,Truist Championship,PGA Tour,T44,PGA Championship,Major,T17,Charles Schwab Challenge,PGA Tour,T49,the Memorial Tournament presented by Workday,PGA Tour,0.74,0.2
RYDER,SAM,PGA Tour,CUT,Zurich Classic of New Orleans,PGA Tour,T17,ONEflight Myrtle Beach Classic,PGA Tour,T31,THE CJ CUP Byron Nelson,PGA Tour,CUT,Charles Schwab Challenge,PGA Tour,T45,RBC Canadian Open,PGA Tour,0.73,0.84
JENNINGS,WILLIAM,Amateur,T23,Mossy Oak Collegiate,Amateur,T3,2026 SEC Men's Golf Championship Stroke Play,Amateur,T1,NCAA Marana Regional,Amateur,2,NCAA DI Men's National Championship- Stroke Play,Amateur,T12,BMW Charity Pro-Am Presented by TD SYNNEX,Korn Ferry Tour,0.72,1.02
PUTNAM,ANDREW,PGA Tour,T18,Cadillac Championship,PGA Tour,T37,Truist Championship,PGA Tour,T55,PGA Championship,Major,T17,Charles Schwab Challenge,PGA Tour,CUT,RBC Canadian Open,PGA Tour,0.71,0.35
SUBER,JACKSON,PGA Tour,CUT,Zurich Classic of New Orleans,PGA Tour,T19,ONEflight Myrtle Beach Classic,PGA Tour,4,THE CJ CUP Byron Nelson,PGA Tour,T67,Charles Schwab Challenge,PGA Tour,T4,RBC Canadian Open,PGA Tour,0.71,0.71
MITCHELL,KEITH,PGA Tour,T55,Cadillac Championship,PGA Tour,T65,PGA Championship,Major,5,THE CJ CUP Byron Nelson,PGA Tour,CUT,Charles Schwab Challenge,PGA Tour,T29,RBC Canadian Open,PGA Tour,0.7,0.15
DETRY,THOMAS,LIV Golf,T6,Virginia,LIV Golf,CUT,PGA Championship,Major,T53,Soudal Open,DP World Tour,T41,Korea,LIV Golf,T5,Andalucia,LIV Golf,0.69,0.15
BHATIA,AKSHAY,PGA Tour,T23,Cadillac Championship,PGA Tour,T37,Truist Championship,PGA Tour,CUT,PGA Championship,Major,T28,Charles Schwab Challenge,PGA Tour,CUT,the Memorial Tournament presented by Workday,PGA Tour,0.69,-0.39
AKINA,KIHEI,Amateur,2,The Goodwin,Amateur,5,79th Western Intercollegiate,Amateur,2,Big 12 Men's Golf Championship,Amateur,T14,NCAA Athens Regional,Amateur,T8,NCAA DI Men's National Championship- Stroke Play,Amateur,0.67,1.53
NORRIS,SHAUN,Japan Golf Tour,T6,The Crowns,Japan Golf Tour,2,Estrella Damm Catalunya Championship,DP World Tour,CUT,Japan PGA Championship Senko Group Cup,Japan Golf Tour,,Gate Way To The Open Mizuno Open,Japan Golf Tour,CUT,BMW Japan Golf Tour Championship Mori Building Cup,Japan Golf Tour,0.66,1.55
DOSSEY,COOPER,Korn Ferry Tour,CUT,Tulum Championship at PGA Riviera Maya,Korn Ferry Tour,T27,Colonial Life Charity Classic,Korn Ferry Tour,T3,Visit Knoxville Open,Korn Ferry Tour,T7,UNC Health Championship,Korn Ferry Tour,CUT,BMW Charity Pro-Am Presented by TD SYNNEX,Korn Ferry Tour,0.65,0.62
AYORA,ANGEL,DP World Tour,T33,Volvo China Open,DP World Tour,T18,Turkish Airlines Open,DP World Tour,CUT,Estrella Damm Catalunya Championship,DP World Tour,CUT,PGA Championship,Major,T3,KLM Open,DP World Tour,0.65,-0.06
SHERWOOD,COLE,Korn Ferry Tour,T46,Tulum Championship at PGA Riviera Maya,Korn Ferry Tour,T7,Colonial Life Charity Classic,Korn Ferry Tour,T15,Visit Knoxville Open,Korn Ferry Tour,,BMW Charity Pro-Am Presented by TD SYNNEX,Korn Ferry Tour,T14,OccuNet Classic presented by Amarillo National Bank,Korn Ferry Tour,0.64,0.97
LINDELL,OLIVER,DP World Tour,T43,Turkish Airlines Open,DP World Tour,T10,Estrella Damm Catalunya Championship,DP World Tour,T30,Soudal Open,DP World Tour,T47,Austrian Alpine Open presented by Kitzbühel Tirol,DP World Tour,2,KLM Open,DP World Tour,0.64,0.02
IM,SUNGJAE,PGA Tour,T5,Truist Championship,PGA Tour,CUT,PGA Championship,Major,T9,THE CJ CUP Byron Nelson,PGA Tour,CUT,Charles Schwab Challenge,PGA Tour,T32,the Memorial Tournament presented by Workday,PGA Tour,0.63,0.52
SMITH,CAMERON,LIV Golf,T26,Mexico City,LIV Golf,T39,Virginia,LIV Golf,T16,PGA Championship,Major,T7,Korea,LIV Golf,T5,Andalucia,LIV Golf,0.63,0.36
NOVAK,ANDREW,PGA Tour,T65,Cadillac Championship,PGA Tour,T24,Truist Championship,PGA Tour,T26,PGA Championship,Major,T54,Charles Schwab Challenge,PGA Tour,CUT,the Memorial Tournament presented by Workday,PGA Tour,0.62,0.26
YELLAMARAJU,SUDARSHAN,PGA Tour,T19,Truist Championship,PGA Tour,CUT,PGA Championship,Major,CUT,Charles Schwab Challenge,PGA Tour,T40,the Memorial Tournament presented by Workday,PGA Tour,T8,RBC Canadian Open,PGA Tour,0.62,0.44
SCOTT,SANDY,Korn Ferry Tour,3,Tulum Championship at PGA Riviera Maya,Korn Ferry Tour,T44,Colonial Life Charity Classic,Korn Ferry Tour,T23,Visit Knoxville Open,Korn Ferry Tour,T36,UNC Health Championship,Korn Ferry Tour,WD,BMW Charity Pro-Am Presented by TD SYNNEX,Korn Ferry Tour,0.61,0.87
SNEDEKER,BRANDT,PGA Tour,T30,Zurich Classic of New Orleans,PGA Tour,,ONEflight Myrtle Beach Classic,PGA Tour,CUT,PGA Championship,Major,T28,Charles Schwab Challenge,PGA Tour,T36,the Memorial Tournament presented by Workday,PGA Tour,0.61,0.61
CARR,BEN,Korn Ferry Tour,T23,Colonial Life Charity Classic,Korn Ferry Tour,T39,Visit Knoxville Open,Korn Ferry Tour,T7,UNC Health Championship,Korn Ferry Tour,CUT,BMW Charity Pro-Am Presented by TD SYNNEX,Korn Ferry Tour,2,OccuNet Classic presented by Amarillo National Bank,Korn Ferry Tour,0.6,1.49
SNYMAN,IAN,Asian Tour,T3,The 45th GS Caltex Maekyung Open,ASA,,Taiwan Glass Taifong Open,ASA,T10,Kolon The 68th KOREA Open,ASA,T15,am green IGPL Bharath Classic,Asian Tour,T5,International Series Morocco presented by Visit Morocco,Asian Tour,0.6,1.28
KOHLES,BEN,PGA Tour,12,Colonial Life Charity Classic,Korn Ferry Tour,CUT,THE CJ CUP Byron Nelson,PGA Tour,CUT,Charles Schwab Challenge,PGA Tour,,BMW Charity Pro-Am Presented by TD SYNNEX,Korn Ferry Tour,T29,RBC Canadian Open,PGA Tour,0.6,0.61
LEE,MIN WOO,PGA Tour,T60,RBC Heritage,PGA Tour,T18,Cadillac Championship,PGA Tour,T14,Truist Championship,PGA Tour,T18,PGA Championship,Major,CUT,the Memorial Tournament presented by Workday,PGA Tour,0.58,-0.54
PENDRITH,TAYLOR,PGA Tour,T37,Truist Championship,PGA Tour,T44,PGA Championship,Major,T47,THE CJ CUP Byron Nelson,PGA Tour,T43,the Memorial Tournament presented by Workday,PGA Tour,T29,RBC Canadian Open,PGA Tour,0.57,0.05
PONDER,THOMAS,PGA Tour Americas,T6,94 Abierto del Centro Zurich presentado por Personal,PGA Tour Americas,T10,Diners Club Peru Open,PGA Tour Americas,3,KIA Open de Ecuador presentado por Diners Club,PGA Tour Americas,4,Mexico Championship presented by Scotia Wealth Management,PGA Tour Americas,T9,Inter Rapidisimo Golf Championship,PGA Tour Americas,0.56,1.21
MOORE,TAYLOR,PGA Tour,T20,Zurich Classic of New Orleans,PGA Tour,T17,ONEflight Myrtle Beach Classic,PGA Tour,T14,THE CJ CUP Byron Nelson,PGA Tour,T60,Charles Schwab Challenge,PGA Tour,T40,RBC Canadian Open,PGA Tour,0.56,0.54
GREYSERMAN,MAX,PGA Tour,T31,ONEflight Myrtle Beach Classic,PGA Tour,T14,PGA Championship,Major,T9,THE CJ CUP Byron Nelson,PGA Tour,CUT,Charles Schwab Challenge,PGA Tour,CUT,RBC Canadian Open,PGA Tour,0.55,0.12
FISK,STEVEN,PGA Tour,T38,ONEflight Myrtle Beach Classic,PGA Tour,CUT,PGA Championship,Major,T19,THE CJ CUP Byron Nelson,PGA Tour,T10,Charles Schwab Challenge,PGA Tour,CUT,RBC Canadian Open,PGA Tour,0.54,0.47
EWART,A.J.,PGA Tour,T20,Zurich Classic of New Orleans,PGA Tour,CUT,ONEflight Myrtle Beach Classic,PGA Tour,T19,THE CJ CUP Byron Nelson,PGA Tour,T17,Charles Schwab Challenge,PGA Tour,T29,RBC Canadian Open,PGA Tour,0.54,0.71
COODY,PIERCESON,PGA Tour,T24,Truist Championship,PGA Tour,CUT,PGA Championship,Major,T19,THE CJ CUP Byron Nelson,PGA Tour,T22,Charles Schwab Challenge,PGA Tour,CUT,the Memorial Tournament presented by Workday,PGA Tour,0.53,0.05
KIM,CHAN,Korn Ferry Tour,T16,Colonial Life Charity Classic,Korn Ferry Tour,T3,THE CJ CUP Byron Nelson,PGA Tour,T13,UNC Health Championship,Korn Ferry Tour,T38,BMW Charity Pro-Am Presented by TD SYNNEX,Korn Ferry Tour,T35,OccuNet Classic presented by Amarillo National Bank,Korn Ferry Tour,0.52,0.95
MCCARTY,MATT,PGA Tour,T9,Cadillac Championship,PGA Tour,T10,Truist Championship,PGA Tour,CUT,PGA Championship,Major,T60,Charles Schwab Challenge,PGA Tour,CUT,the Memorial Tournament presented by Workday,PGA Tour,0.52,-0.18
WALLACE,MATT,PGA Tour,T30,Zurich Classic of New Orleans,PGA Tour,T23,Cadillac Championship,PGA Tour,T37,Truist Championship,PGA Tour,T44,PGA Championship,Major,CUT,RBC Canadian Open,PGA Tour,0.52,0.06
VAN ROOYEN,ERIK,PGA Tour,T17,Zurich Classic of New Orleans,PGA Tour,T38,ONEflight Myrtle Beach Classic,PGA Tour,T19,THE CJ CUP Byron Nelson,PGA Tour,70,Charles Schwab Challenge,PGA Tour,T20,RBC Canadian Open,PGA Tour,0.51,1.04
MCCARTHY,DENNY,PGA Tour,T30,Cadillac Championship,PGA Tour,T48,Truist Championship,PGA Tour,T44,PGA Championship,Major,T34,the Memorial Tournament presented by Workday,PGA Tour,T60,RBC Canadian Open,PGA Tour,0.5,-0.02
EICHHORN,HUNTER,Korn Ferry Tour,T51,Colonial Life Charity Classic,Korn Ferry Tour,2,Visit Knoxville Open,Korn Ferry Tour,T48,UNC Health Championship,Korn Ferry Tour,T17,BMW Charity Pro-Am Presented by TD SYNNEX,Korn Ferry Tour,5,OccuNet Classic presented by Amarillo National Bank,Korn Ferry Tour,0.47,0.47
KEEFER,JOHNNY,PGA Tour,T31,ONEflight Myrtle Beach Classic,PGA Tour,79,PGA Championship,Major,T9,THE CJ CUP Byron Nelson,PGA Tour,T35,Charles Schwab Challenge,PGA Tour,T51,RBC Canadian Open,PGA Tour,0.46,0.41
TAYLOR,BEN,Korn Ferry Tour,T27,Colonial Life Charity Classic,Korn Ferry Tour,CUT,Visit Knoxville Open,Korn Ferry Tour,T7,UNC Health Championship,Korn Ferry Tour,CUT,BMW Charity Pro-Am Presented by TD SYNNEX,Korn Ferry Tour,T28,OccuNet Classic presented by Amarillo National Bank,Korn Ferry Tour,0.44,0.93
BRYANT,DAVIS,DP World Tour,T29,Turkish Airlines Open,DP World Tour,T31,Estrella Damm Catalunya Championship,DP World Tour,T30,Soudal Open,DP World Tour,T2,Austrian Alpine Open presented by Kitzbühel Tirol,DP World Tour,T38,KLM Open,DP World Tour,0.44,1.08
FERGUSON,EWEN,DP World Tour,T4,Turkish Airlines Open,DP World Tour,T25,Estrella Damm Catalunya Championship,DP World Tour,CUT,Soudal Open,DP World Tour,T17,Austrian Alpine Open presented by Kitzbühel Tirol,DP World Tour,WD,KLM Open,DP World Tour,0.43,0.49
KIM,TOM,PGA Tour,CUT,Zurich Classic of New Orleans,PGA Tour,T6,ONEflight Myrtle Beach Classic,PGA Tour,T54,THE CJ CUP Byron Nelson,PGA Tour,T54,Charles Schwab Challenge,PGA Tour,T15,RBC Canadian Open,PGA Tour,0.42,0.18
HILL,CALUM,DP World Tour,T45,Hainan Classic presented by MAEXTRO,DP World Tour,T6,Hero Indian Open,DP World Tour,T59,Soudal Open,DP World Tour,T17,Austrian Alpine Open presented by Kitzbühel Tirol,DP World Tour,T14,KLM Open,DP World Tour,0.41,0.45
JAMES,BEN,Amateur,T4,Lewis Chitengwa Memorial,Amateur,T5,2026 ACC Men's Golf Championship - Stroke Play,Amateur,T16,NCAA Winston-Salem Regional,Amateur,T54,NCAA DI Men's National Championship- Stroke Play,Amateur,,RBC Canadian Open,PGA Tour,0.41,0.06
ANCER,ABRAHAM,LIV Golf,43,Virginia,LIV Golf,T5,Kolon The 68th KOREA Open,ASA,T29,Korea,LIV Golf,3,Andalucia,LIV Golf,T22,International Series Morocco presented by Visit Morocco,Asian Tour,0.4,-0.12
RITCHIE,JC,DP World Tour,T9,Turkish Airlines Open,DP World Tour,T3,Estrella Damm Catalunya Championship,DP World Tour,CUT,Soudal Open,DP World Tour,T17,Austrian Alpine Open presented by Kitzbühel Tirol,DP World Tour,T45,KLM Open,DP World Tour,0.39,0.49
BRIDGEMAN,JACOB,PGA Tour,T65,Cadillac Championship,PGA Tour,T52,Truist Championship,PGA Tour,CUT,PGA Championship,Major,T34,the Memorial Tournament presented by Workday,PGA Tour,T11,RBC Canadian Open,PGA Tour,0.39,-0.56
MACINTYRE,ROBERT,PGA Tour,T60,Truist Championship,PGA Tour,CUT,PGA Championship,Major,T42,Charles Schwab Challenge,PGA Tour,CUT,the Memorial Tournament presented by Workday,PGA Tour,T15,RBC Canadian Open,PGA Tour,0.39,-1.12
BERGER,DANIEL,PGA Tour,T42,RBC Heritage,PGA Tour,T23,Cadillac Championship,PGA Tour,T45,Truist Championship,PGA Tour,T35,PGA Championship,Major,CUT,the Memorial Tournament presented by Workday,PGA Tour,0.38,-0.11
NEERGAARD-PETERSEN,RASMUS,PGA Tour,CUT,ONEflight Myrtle Beach Classic,PGA Tour,T75,PGA Championship,Major,T19,THE CJ CUP Byron Nelson,PGA Tour,T42,Charles Schwab Challenge,PGA Tour,39,RBC Canadian Open,PGA Tour,0.38,-0.09
YU,KEVIN,PGA Tour,CUT,Zurich Classic of New Orleans,PGA Tour,T53,ONEflight Myrtle Beach Classic,PGA Tour,CUT,THE CJ CUP Byron Nelson,PGA Tour,T35,Charles Schwab Challenge,PGA Tour,T29,RBC Canadian Open,PGA Tour,0.38,0.22
OLESEN,JACOB SKOV,DP World Tour,T4,Turkish Airlines Open,DP World Tour,CUT,Estrella Damm Catalunya Championship,DP World Tour,T2,Soudal Open,DP World Tour,T26,Austrian Alpine Open presented by Kitzbühel Tirol,DP World Tour,T55,KLM Open,DP World Tour,0.38,0.41
KIMSEY,NATHAN,DP World Tour,CUT,Turkish Airlines Open,DP World Tour,T8,Estrella Damm Catalunya Championship,DP World Tour,T17,Soudal Open,DP World Tour,,Austrian Alpine Open presented by Kitzbühel Tirol,DP World Tour,WD,KLM Open,DP World Tour,0.37,0.72
HILLIER,DANIEL,DP World Tour,CUT,Turkish Airlines Open,DP World Tour,T26,PGA Championship,Major,CUT,Soudal Open,DP World Tour,T7,Austrian Alpine Open presented by Kitzbühel Tirol,DP World Tour,T14,KLM Open,DP World Tour,0.36,-0.25
REDMAN,DOC,Korn Ferry Tour,T7,Colonial Life Charity Classic,Korn Ferry Tour,,Visit Knoxville Open,Korn Ferry Tour,T48,UNC Health Championship,Korn Ferry Tour,CUT,BMW Charity Pro-Am Presented by TD SYNNEX,Korn Ferry Tour,CUT,OccuNet Classic presented by Amarillo National Bank,Korn Ferry Tour,0.36,0.81
HOEY,RICO,PGA Tour,T53,ONEflight Myrtle Beach Classic,PGA Tour,T60,PGA Championship,Major,T19,THE CJ CUP Byron Nelson,PGA Tour,T17,Charles Schwab Challenge,PGA Tour,CUT,RBC Canadian Open,PGA Tour,0.35,-0.03
SHORE,DAVIS,Korn Ferry Tour,T36,Colonial Life Charity Classic,Korn Ferry Tour,T8,Visit Knoxville Open,Korn Ferry Tour,T34,UNC Health Championship,Korn Ferry Tour,CUT,BMW Charity Pro-Am Presented by TD SYNNEX,Korn Ferry Tour,T21,OccuNet Classic presented by Amarillo National Bank,Korn Ferry Tour,0.34,0.85
ROZNER,ANTOINE,DP World Tour,T8,Volvo China Open,DP World Tour,T29,Turkish Airlines Open,DP World Tour,T17,Estrella Damm Catalunya Championship,DP World Tour,T26,Austrian Alpine Open presented by Kitzbühel Tirol,DP World Tour,T55,KLM Open,DP World Tour,0.31,0.43
WATSON,BUBBA,LIV Golf,T35,Virginia,LIV Golf,CUT,Kolon The 68th KOREA Open,ASA,T29,Korea,LIV Golf,9,Andalucia,LIV Golf,2,International Series Morocco presented by Visit Morocco,Asian Tour,0.3,0.36
SIDES,WILLIAM,Amateur,T1,Lewis Chitengwa Memorial,Amateur,4,2026 ACC Men's Golf Championship - Stroke Play,Amateur,16,NCAA Bryan Regional,Amateur,CUT,THE CJ CUP Byron Nelson,PGA Tour,T14,OccuNet Classic presented by Amarillo National Bank,Korn Ferry Tour,0.29,0.79
VALIMAKI,SAMI,PGA Tour,CUT,Masters Tournament,Major,T55,RBC Heritage,PGA Tour,CUT,ONEflight Myrtle Beach Classic,PGA Tour,T60,PGA Championship,Major,10,KLM Open,DP World Tour,0.28,-0.13
HUBBARD,MARK,PGA Tour,CUT,Zurich Classic of New Orleans,PGA Tour,2,ONEflight Myrtle Beach Classic,PGA Tour,T31,THE CJ CUP Byron Nelson,PGA Tour,T60,Charles Schwab Challenge,PGA Tour,CUT,the Memorial Tournament presented by Workday,PGA Tour,0.28,0.4
GRIFFIN,LANTO,PGA Tour,T13,Zurich Classic of New Orleans,PGA Tour,T13,ONEflight Myrtle Beach Classic,PGA Tour,T67,THE CJ CUP Byron Nelson,PGA Tour,T32,Charles Schwab Challenge,PGA Tour,T60,RBC Canadian Open,PGA Tour,0.28,0.38
MOLINARI,FRANCESCO,DP World Tour,T34,Hainan Classic presented by MAEXTRO,DP World Tour,T6,Hero Indian Open,DP World Tour,CUT,Turkish Airlines Open,DP World Tour,CUT,Estrella Damm Catalunya Championship,DP World Tour,T32,KLM Open,DP World Tour,0.28,0.51
SCHMID,MATTI,PGA Tour,T10,Zurich Classic of New Orleans,PGA Tour,CUT,ONEflight Myrtle Beach Classic,PGA Tour,T4,PGA Championship,Major,CUT,THE CJ CUP Byron Nelson,PGA Tour,CUT,RBC Canadian Open,PGA Tour,0.28,0.2
GARCIA,SERGIO,LIV Golf,T39,Mexico City,LIV Golf,2,Virginia,LIV Golf,T29,Korea,LIV Golf,4,Andalucia,LIV Golf,CUT,International Series Morocco presented by Visit Morocco,Asian Tour,0.27,0.19
STRAKA,SEPP,PGA Tour,T4,Cadillac Championship,PGA Tour,T63,Truist Championship,PGA Tour,CUT,PGA Championship,Major,T12,Austrian Alpine Open presented by Kitzbühel Tirol,DP World Tour,T40,the Memorial Tournament presented by Workday,PGA Tour,0.27,-0.54
STEINLECHNER,MAXIMILIAN,DP World Tour,CUT,Turkish Airlines Open,DP World Tour,CUT,Estrella Damm Catalunya Championship,DP World Tour,T59,Soudal Open,DP World Tour,T7,Austrian Alpine Open presented by Kitzbühel Tirol,DP World Tour,T3,KLM Open,DP World Tour,0.26,1.23
MENANTE,DYLAN,Korn Ferry Tour,CUT,Colonial Life Charity Classic,Korn Ferry Tour,T12,Visit Knoxville Open,Korn Ferry Tour,T38,UNC Health Championship,Korn Ferry Tour,CUT,BMW Charity Pro-Am Presented by TD SYNNEX,Korn Ferry Tour,CUT,OccuNet Classic presented by Amarillo National Bank,Korn Ferry Tour,0.25,0.86
BRENNAN,MICHAEL,PGA Tour,CUT,Zurich Classic of New Orleans,PGA Tour,81,PGA Championship,Major,CUT,THE CJ CUP Byron Nelson,PGA Tour,T6,Charles Schwab Challenge,PGA Tour,CUT,RBC Canadian Open,PGA Tour,0.25,-0.14
MATSUYAMA,HIDEKI,PGA Tour,T53,Cadillac Championship,PGA Tour,71,Truist Championship,PGA Tour,T26,PGA Championship,Major,T13,Charles Schwab Challenge,PGA Tour,T43,the Memorial Tournament presented by Workday,PGA Tour,0.24,-1.08
HOSSLER,BEAU,PGA Tour,CUT,Zurich Classic of New Orleans,PGA Tour,T3,ONEflight Myrtle Beach Classic,PGA Tour,CUT,THE CJ CUP Byron Nelson,PGA Tour,CUT,Charles Schwab Challenge,PGA Tour,T45,RBC Canadian Open,PGA Tour,0.24,0.1
HERBERT,LUCAS,LIV Golf,CUT,Mexico City,LIV Golf,T46,Singapore Open presented by The Business Times,Asian Tour,T8,Virginia,LIV Golf,,Korea,LIV Golf,T24,Andalucia,LIV Golf,0.23,0.19
MOUW,WILLIAM,PGA Tour,T26,Zurich Classic of New Orleans,PGA Tour,T70,PGA Championship,Major,CUT,THE CJ CUP Byron Nelson,PGA Tour,CUT,Charles Schwab Challenge,PGA Tour,T20,RBC Canadian Open,PGA Tour,0.23,-0.2
ECHAVARRIA,NICO,PGA Tour,T55,Cadillac Championship,PGA Tour,T31,Truist Championship,PGA Tour,CUT,PGA Championship,Major,T6,Charles Schwab Challenge,PGA Tour,T40,the Memorial Tournament presented by Workday,PGA Tour,0.23,-0.09
SMITH,JORDAN,PGA Tour,T55,Cadillac Championship,PGA Tour,CUT,PGA Championship,Major,T59,THE CJ CUP Byron Nelson,PGA Tour,T13,Charles Schwab Challenge,PGA Tour,CUT,RBC Canadian Open,PGA Tour,0.21,-0.25
VAILLANT,TOM,DP World Tour,CUT,Turkish Airlines Open,DP World Tour,T31,Estrella Damm Catalunya Championship,DP World Tour,T13,Soudal Open,DP World Tour,T26,Austrian Alpine Open presented by Kitzbühel Tirol,DP World Tour,CUT,KLM Open,DP World Tour,0.21,0.42
VAN DRIEL,DARIUS,DP World Tour,T4,Turkish Airlines Open,DP World Tour,CUT,Estrella Damm Catalunya Championship,DP World Tour,T13,Soudal Open,DP World Tour,T40,Austrian Alpine Open presented by Kitzbühel Tirol,DP World Tour,CUT,KLM Open,DP World Tour,0.2,0.89
DE LEO,GREGORIO,DP World Tour,T7,Turkish Airlines Open,DP World Tour,T70,Estrella Damm Catalunya Championship,DP World Tour,T8,Soudal Open,DP World Tour,T4,Austrian Alpine Open presented by Kitzbühel Tirol,DP World Tour,CUT,KLM Open,DP World Tour,0.2,0.74
DAFFUE,MJ,DP World Tour,T18,Turkish Airlines Open,DP World Tour,T64,Estrella Damm Catalunya Championship,DP World Tour,T3,Challenge de Catalunya,Challenge Tour,T8,Soudal Open,DP World Tour,T35,Austrian Alpine Open presented by Kitzbühel Tirol,DP World Tour,0.19,1.32
HOMA,MAX,PGA Tour,T38,Cadillac Championship,PGA Tour,T52,Truist Championship,PGA Tour,CUT,PGA Championship,Major,T22,Charles Schwab Challenge,PGA Tour,T20,RBC Canadian Open,PGA Tour,0.19,-0.3
ORTIZ,ALVARO,Korn Ferry Tour,CUT,Colonial Life Charity Classic,Korn Ferry Tour,T46,Visit Knoxville Open,Korn Ferry Tour,,UNC Health Championship,Korn Ferry Tour,T40,BMW Charity Pro-Am Presented by TD SYNNEX,Korn Ferry Tour,T10,OccuNet Classic presented by Amarillo National Bank,Korn Ferry Tour,0.19,0.95
PAK,JOHN,Korn Ferry Tour,T13,Tulum Championship at PGA Riviera Maya,Korn Ferry Tour,T7,Colonial Life Charity Classic,Korn Ferry Tour,T46,Visit Knoxville Open,Korn Ferry Tour,T69,UNC Health Championship,Korn Ferry Tour,T7,BMW Charity Pro-Am Presented by TD SYNNEX,Korn Ferry Tour,0.18,0.61
STOUT,PRESTON,Amateur,T18,Mountaineer Invitational at Pete Dye,Amateur,CUT,Big 12 Men's Golf Championship,Amateur,,NCAA Marana Regional,Amateur,,THE CJ CUP Byron Nelson,PGA Tour,,NCAA DI Men's National Championship- Stroke Play,Amateur,0.17,0.07
THORBJORNSEN,MICHAEL,PGA Tour,T53,Cadillac Championship,PGA Tour,CUT,PGA Championship,Major,CUT,THE CJ CUP Byron Nelson,PGA Tour,16,Charles Schwab Challenge,PGA Tour,T54,RBC Canadian Open,PGA Tour,0.16,-0.59
DOCHERTY,ALISTAIR,Korn Ferry Tour,T19,LECOM Suncoast Classic,Korn Ferry Tour,T16,Colonial Life Charity Classic,Korn Ferry Tour,T56,Visit Knoxville Open,Korn Ferry Tour,CUT,UNC Health Championship,Korn Ferry Tour,T17,BMW Charity Pro-Am Presented by TD SYNNEX,Korn Ferry Tour,0.16,0.88
PEPPERELL,EDDIE,DP World Tour,T29,Turkish Airlines Open,DP World Tour,T17,Estrella Damm Catalunya Championship,DP World Tour,T24,Soudal Open,DP World Tour,CUT,Austrian Alpine Open presented by Kitzbühel Tirol,DP World Tour,T60,KLM Open,DP World Tour,0.15,0.61
SKINNS,DAVID,PGA Tour,CUT,Zurich Classic of New Orleans,PGA Tour,T24,ONEflight Myrtle Beach Classic,PGA Tour,CUT,THE CJ CUP Byron Nelson,PGA Tour,CUT,Charles Schwab Challenge,PGA Tour,T20,RBC Canadian Open,PGA Tour,0.14,0.46
JOHNSON,MICHAEL,Korn Ferry Tour,T7,Colonial Life Charity Classic,Korn Ferry Tour,T12,Visit Knoxville Open,Korn Ferry Tour,CUT,UNC Health Championship,Korn Ferry Tour,CUT,BMW Charity Pro-Am Presented by TD SYNNEX,Korn Ferry Tour,T35,OccuNet Classic presented by Amarillo National Bank,Korn Ferry Tour,0.13,0.27
FISHBURN,PATRICK,PGA Tour,CUT,Zurich Classic of New Orleans,PGA Tour,T19,ONEflight Myrtle Beach Classic,PGA Tour,T47,THE CJ CUP Byron Nelson,PGA Tour,T54,Charles Schwab Challenge,PGA Tour,T29,RBC Canadian Open,PGA Tour,0.12,0.17
GILLIGAN,IAN,Korn Ferry Tour,T7,Colonial Life Charity Classic,Korn Ferry Tour,CUT,Visit Knoxville Open,Korn Ferry Tour,CUT,UNC Health Championship,Korn Ferry Tour,CUT,BMW Charity Pro-Am Presented by TD SYNNEX,Korn Ferry Tour,CUT,OccuNet Classic presented by Amarillo National Bank,Korn Ferry Tour,0.12,0.55
SMOTHERMAN,AUSTIN,PGA Tour,T60,Cadillac Championship,PGA Tour,T19,Truist Championship,PGA Tour,CUT,PGA Championship,Major,T42,Charles Schwab Challenge,PGA Tour,CUT,RBC Canadian Open,PGA Tour,0.11,0.03
JOHNSON,ZACH,PGA Tour Champions,CUT,Masters Tournament,Major,T8,Senior PGA Championship,PGA Tour Champions,3,Mitsubishi Electric Classic,PGA Tour Champions,T5,Insperity Invitational,PGA Tour Champions,,Principal Charity Classic,PGA Tour Champions,0.1,0.17
KUCHAR,MATT,PGA Tour,CUT,Zurich Classic of New Orleans,PGA Tour,T24,ONEflight Myrtle Beach Classic,PGA Tour,CUT,THE CJ CUP Byron Nelson,PGA Tour,T22,Charles Schwab Challenge,PGA Tour,T22,the Memorial Tournament presented by Workday,PGA Tour,0.1,-0.13
REAVIE,CHEZ,Korn Ferry Tour,T16,Colonial Life Charity Classic,Korn Ferry Tour,CUT,Visit Knoxville Open,Korn Ferry Tour,T13,UNC Health Championship,Korn Ferry Tour,T33,BMW Charity Pro-Am Presented by TD SYNNEX,Korn Ferry Tour,T28,OccuNet Classic presented by Amarillo National Bank,Korn Ferry Tour,0.08,0.93
MCKIBBIN,TOM,LIV Golf,CUT,Turkish Airlines Open,DP World Tour,T21,Virginia,LIV Golf,CUT,PGA Championship,Major,T23,Korea,LIV Golf,T21,Andalucia,LIV Golf,0.08,-0.33
ISHIKAWA,RYO,Korn Ferry Tour,CUT,Colonial Life Charity Classic,Korn Ferry Tour,T15,Visit Knoxville Open,Korn Ferry Tour,CUT,UNC Health Championship,Korn Ferry Tour,T12,BMW Charity Pro-Am Presented by TD SYNNEX,Korn Ferry Tour,T3,OccuNet Classic presented by Amarillo National Bank,Korn Ferry Tour,0.07,0.62
JOHNSTON,ANDREW,DP World Tour,T25,Volvo China Open,DP World Tour,T61,Turkish Airlines Open,DP World Tour,T37,Estrella Damm Catalunya Championship,DP World Tour,T13,Soudal Open,DP World Tour,T17,Austrian Alpine Open presented by Kitzbühel Tirol,DP World Tour,0.06,0.79
GARNETT,BRICE,PGA Tour,T24,Zurich Classic of New Orleans,PGA Tour,T19,ONEflight Myrtle Beach Classic,PGA Tour,CUT,THE CJ CUP Byron Nelson,PGA Tour,T22,Charles Schwab Challenge,PGA Tour,T4,RBC Canadian Open,PGA Tour,0.06,0.67
DAY,JASON,PGA Tour,T42,RBC Heritage,PGA Tour,T38,Cadillac Championship,PGA Tour,68,Truist Championship,PGA Tour,T65,PGA Championship,Major,CUT,the Memorial Tournament presented by Workday,PGA Tour,0.06,-0.86
GOOCH,TALOR,LIV Golf,T24,South Africa,LIV Golf,T43,Mexico City,LIV Golf,T39,Virginia,LIV Golf,2,Korea,LIV Golf,T16,Andalucia,LIV Golf,0.05,-0.15
SCHAPER,JAYDEN,DP World Tour,T25,Turkish Airlines Open,DP World Tour,CUT,Estrella Damm Catalunya Championship,DP World Tour,T24,PGA Championship,Major,,Soudal Open,DP World Tour,T11,KLM Open,DP World Tour,0.04,-0.7
THEEGALA,SAHITH,PGA Tour,69,Truist Championship,PGA Tour,T60,PGA Championship,Major,T60,Charles Schwab Challenge,PGA Tour,T32,the Memorial Tournament presented by Workday,PGA Tour,T45,RBC Canadian Open,PGA Tour,0.04,-0.56
CASTILLO,RICKY,PGA Tour,T55,Cadillac Championship,PGA Tour,T60,Truist Championship,PGA Tour,CUT,PGA Championship,Major,T42,Charles Schwab Challenge,PGA Tour,T45,RBC Canadian Open,PGA Tour,0.04,-0.26
MAAS,CHRISTIAAN,Amateur,2,Ford Collegiate,Amateur,T3,2026 SEC Men's Golf Championship Stroke Play,Amateur,T5,NCAA Bryan Regional,Amateur,T19,NCAA DI Men's National Championship- Stroke Play,Amateur,CUT,OccuNet Classic presented by Amarillo National Bank,Korn Ferry Tour,0.02,0.38
WILLIAMS,MASON,PGA Tour Americas,T3,94 Abierto del Centro Zurich presentado por Personal,PGA Tour Americas,T39,Diners Club Peru Open,PGA Tour Americas,T13,KIA Open de Ecuador presentado por Diners Club,PGA Tour Americas,3,Mexico Championship presented by Scotia Wealth Management,PGA Tour Americas,T15,Inter Rapidisimo Golf Championship,PGA Tour Americas,0.01,0.94
ERENO PEREZ,PABLO,Challenge Tour,CUT,Estrella Damm Catalunya Championship,DP World Tour,,Challenge de Catalunya,Challenge Tour,T20,Danish Golf Challenge,Challenge Tour,T7,Challenge de España,Challenge Tour,T14,KLM Open,DP World Tour,0.01,1.01
HISATSUNE,RYO,PGA Tour,T45,Truist Championship,PGA Tour,T35,PGA Championship,Major,T19,THE CJ CUP Byron Nelson,PGA Tour,66,Charles Schwab Challenge,PGA Tour,52,the Memorial Tournament presented by Workday,PGA Tour,0.01,-0.1
KIM,S.H.,KPGA Korean Tour,T13,The 21st DB Insurance Promy Open,KPGA Korean Tour,T6,The 45th GS Caltex Maekyung Open,ASA,T6,KPGA Gyeongbuk Open,KPGA Korean Tour,T8,Kolon The 68th KOREA Open,ASA,CUT,The 69th KPGA Championship with A-ONE CC,KPGA Korean Tour,0,0.25
BRADBURY,DAN,DP World Tour,T17,Hainan Classic presented by MAEXTRO,DP World Tour,T59,Hero Indian Open,DP World Tour,CUT,Turkish Airlines Open,DP World Tour,T6,Estrella Damm Catalunya Championship,DP World Tour,65,KLM Open,DP World Tour,0,0.1
HORSCHEL,BILLY,PGA Tour,CUT,PGA Championship,Major,CUT,THE CJ CUP Byron Nelson,PGA Tour,T42,Charles Schwab Challenge,PGA Tour,CUT,the Memorial Tournament presented by Workday,PGA Tour,T15,RBC Canadian Open,PGA Tour,0,0.1
NAKAJIMA,KEITA,PGA Tour,CUT,Zurich Classic of New Orleans,PGA Tour,T13,ONEflight Myrtle Beach Classic,PGA Tour,CUT,THE CJ CUP Byron Nelson,PGA Tour,T28,Charles Schwab Challenge,PGA Tour,T20,RBC Canadian Open,PGA Tour,-0.01,0.1
DEAN,JOE,DP World Tour,T61,Turkish Airlines Open,DP World Tour,T64,Estrella Damm Catalunya Championship,DP World Tour,T47,Soudal Open,DP World Tour,T12,Austrian Alpine Open presented by Kitzbühel Tirol,DP World Tour,T3,KLM Open,DP World Tour,-0.01,0.88
MORRISON,TOMMY,Amateur,T12,Ford Collegiate,Amateur,T17,2026 SEC Men's Golf Championship Stroke Play,Amateur,T5,NCAA Bryan Regional,Amateur,T10,NCAA DI Men's National Championship- Stroke Play,Amateur,T10,OccuNet Classic presented by Amarillo National Bank,Korn Ferry Tour,-0.02,0.56
OLESEN,THORBJORN,PGA Tour,T14,Texas Children's Houston Open,PGA Tour,T49,Valero Texas Open,PGA Tour,T62,THE CJ CUP Byron Nelson,PGA Tour,T67,Charles Schwab Challenge,PGA Tour,CUT,RBC Canadian Open,PGA Tour,-0.02,-0.43
WARING,PAUL,DP World Tour,T30,Valero Texas Open,PGA Tour,CUT,Turkish Airlines Open,DP World Tour,T13,Estrella Damm Catalunya Championship,DP World Tour,T30,Soudal Open,DP World Tour,T48,KLM Open,DP World Tour,-0.02,0.6
PAVON,MATTHIEU,PGA Tour,T20,Zurich Classic of New Orleans,PGA Tour,CUT,ONEflight Myrtle Beach Classic,PGA Tour,T40,THE CJ CUP Byron Nelson,PGA Tour,CUT,Charles Schwab Challenge,PGA Tour,T20,RBC Canadian Open,PGA Tour,-0.03,0.26
DOU,ZECHENG,PGA Tour,CUT,Zurich Classic of New Orleans,PGA Tour,T13,ONEflight Myrtle Beach Classic,PGA Tour,CUT,THE CJ CUP Byron Nelson,PGA Tour,CUT,Charles Schwab Challenge,PGA Tour,CUT,RBC Canadian Open,PGA Tour,-0.03,-0.06
COUVRA,MARTIN,DP World Tour,T43,Turkish Airlines Open,DP World Tour,T10,Estrella Damm Catalunya Championship,DP World Tour,T24,Soudal Open,DP World Tour,T35,Austrian Alpine Open presented by Kitzbühel Tirol,DP World Tour,CUT,KLM Open,DP World Tour,-0.04,0.3
VARNER III,HAROLD,LIV Golf,T38,South Africa,LIV Golf,T12,Mexico City,LIV Golf,T51,Virginia,LIV Golf,T6,Korea,LIV Golf,T19,Andalucia,LIV Golf,-0.05,0.3
STEELE,BRENDAN,LIV Golf,T24,South Africa,LIV Golf,T25,Mexico City,LIV Golf,T39,Virginia,LIV Golf,T6,Korea,LIV Golf,T31,Andalucia,LIV Golf,-0.05,0.54
ARMITAGE,MARCUS,DP World Tour,T9,Turkish Airlines Open,DP World Tour,CUT,Estrella Damm Catalunya Championship,DP World Tour,T2,Soudal Open,DP World Tour,T26,Austrian Alpine Open presented by Kitzbühel Tirol,DP World Tour,T14,KLM Open,DP World Tour,-0.06,-0.07
PEREIRA,COREY,PGA Tour Americas,T10,94 Abierto del Centro Zurich presentado por Personal,PGA Tour Americas,T24,Diners Club Peru Open,PGA Tour Americas,CUT,KIA Open de Ecuador presentado por Diners Club,PGA Tour Americas,,Mexico Championship presented by Scotia Wealth Management,PGA Tour Americas,T5,Inter Rapidisimo Golf Championship,PGA Tour Americas,-0.06,0.01
BUTLER,JOHN MARSHALL,Korn Ferry Tour,T27,Colonial Life Charity Classic,Korn Ferry Tour,T3,Visit Knoxville Open,Korn Ferry Tour,T13,UNC Health Championship,Korn Ferry Tour,CUT,BMW Charity Pro-Am Presented by TD SYNNEX,Korn Ferry Tour,CUT,OccuNet Classic presented by Amarillo National Bank,Korn Ferry Tour,-0.07,1.13
RODGERS,PATRICK,PGA Tour,T24,Truist Championship,PGA Tour,CUT,PGA Championship,Major,T47,THE CJ CUP Byron Nelson,PGA Tour,T60,Charles Schwab Challenge,PGA Tour,T49,the Memorial Tournament presented by Workday,PGA Tour,-0.07,-0.26
HUGHES,MACKENZIE,PGA Tour,CUT,Zurich Classic of New Orleans,PGA Tour,T52,Truist Championship,PGA Tour,66,THE CJ CUP Byron Nelson,PGA Tour,T10,Charles Schwab Challenge,PGA Tour,CUT,RBC Canadian Open,PGA Tour,-0.08,-0.02
HIGGO,GARRICK,PGA Tour,T67,ONEflight Myrtle Beach Classic,PGA Tour,CUT,PGA Championship,Major,T19,THE CJ CUP Byron Nelson,PGA Tour,T32,Charles Schwab Challenge,PGA Tour,CUT,RBC Canadian Open,PGA Tour,-0.08,-0.17
HADWIN,ADAM,PGA Tour,T53,ONEflight Myrtle Beach Classic,PGA Tour,T13,Colonial Life Charity Classic,Korn Ferry Tour,CUT,THE CJ CUP Byron Nelson,PGA Tour,T7,BMW Charity Pro-Am Presented by TD SYNNEX,Korn Ferry Tour,T40,RBC Canadian Open,PGA Tour,-0.1,0.45
GUERRIER,JULIEN,DP World Tour,T53,Turkish Airlines Open,DP World Tour,CUT,Estrella Damm Catalunya Championship,DP World Tour,T47,Soudal Open,DP World Tour,CUT,Austrian Alpine Open presented by Kitzbühel Tirol,DP World Tour,T7,KLM Open,DP World Tour,-0.1,-0.04
STANGER,JIMMY,PGA Tour,CUT,Zurich Classic of New Orleans,PGA Tour,T38,ONEflight Myrtle Beach Classic,PGA Tour,CUT,THE CJ CUP Byron Nelson,PGA Tour,CUT,Charles Schwab Challenge,PGA Tour,T4,RBC Canadian Open,PGA Tour,-0.11,0.26
KOBORI,KAZUMA,DP World Tour,T13,Turkish Airlines Open,DP World Tour,T6,Estrella Damm Catalunya Championship,DP World Tour,CUT,Soudal Open,DP World Tour,CUT,Austrian Alpine Open presented by Kitzbühel Tirol,DP World Tour,T28,KLM Open,DP World Tour,-0.12,0.28
DUMONT DE CHASSART,ADRIEN,PGA Tour,T17,Zurich Classic of New Orleans,PGA Tour,T31,ONEflight Myrtle Beach Classic,PGA Tour,CUT,THE CJ CUP Byron Nelson,PGA Tour,CUT,Charles Schwab Challenge,PGA Tour,CUT,RBC Canadian Open,PGA Tour,-0.13,-0.3
AN,BYEONG HUN,LIV Golf,T25,Mexico City,LIV Golf,T35,Virginia,LIV Golf,T37,Korea,LIV Golf,T11,Andalucia,LIV Golf,T22,International Series Morocco presented by Visit Morocco,Asian Tour,-0.13,-0.01
SONG,YOUNGHAN,LIV Golf,T36,Kansai Open Golf Championship,Japan Golf Tour,T2,Japan PGA Championship Senko Group Cup,Japan Golf Tour,T12,Korea,LIV Golf,T42,Andalucia,LIV Golf,T10,International Series Morocco presented by Visit Morocco,Asian Tour,-0.13,0.52
CROWE,TRACE,PGA Tour,T4,Zurich Classic of New Orleans,PGA Tour,T67,ONEflight Myrtle Beach Classic,PGA Tour,CUT,THE CJ CUP Byron Nelson,PGA Tour,CUT,Charles Schwab Challenge,PGA Tour,CUT,RBC Canadian Open,PGA Tour,-0.13,0.32
MCALLISTER,LOGAN,Korn Ferry Tour,T36,Colonial Life Charity Classic,Korn Ferry Tour,CUT,Visit Knoxville Open,Korn Ferry Tour,T5,UNC Health Championship,Korn Ferry Tour,2,BMW Charity Pro-Am Presented by TD SYNNEX,Korn Ferry Tour,T21,OccuNet Classic presented by Amarillo National Bank,Korn Ferry Tour,-0.14,0.68
JARVIS,CASEY,PGA Tour,T38,ONEflight Myrtle Beach Classic,PGA Tour,T65,PGA Championship,Major,T22,Soudal Open,DP World Tour,CUT,Austrian Alpine Open presented by Kitzbühel Tirol,DP World Tour,CUT,KLM Open,DP World Tour,-0.14,-0.22
MANASSERO,MATTEO,DP World Tour,T13,Turkish Airlines Open,DP World Tour,CUT,Estrella Damm Catalunya Championship,DP World Tour,T53,Soudal Open,DP World Tour,CUT,Austrian Alpine Open presented by Kitzbühel Tirol,DP World Tour,T32,KLM Open,DP World Tour,-0.14,0.55
ECKROAT,AUSTIN,PGA Tour,T6,Zurich Classic of New Orleans,PGA Tour,T19,ONEflight Myrtle Beach Classic,PGA Tour,T40,THE CJ CUP Byron Nelson,PGA Tour,T67,Charles Schwab Challenge,PGA Tour,73,RBC Canadian Open,PGA Tour,-0.17,-0.31
KIRK,CHRIS,PGA Tour,CUT,Zurich Classic of New Orleans,PGA Tour,T44,PGA Championship,Major,T31,THE CJ CUP Byron Nelson,PGA Tour,CUT,Charles Schwab Challenge,PGA Tour,CUT,RBC Canadian Open,PGA Tour,-0.18,-0.68
JAKUBCIK,FILIP,Amateur,T46,79th Western Intercollegiate,Amateur,6,Big 12 Men's Golf Championship,Amateur,T1,NCAA Marana Regional,Amateur,T4,NCAA DI Men's National Championship- Stroke Play,Amateur,T28,OccuNet Classic presented by Amarillo National Bank,Korn Ferry Tour,-0.18,0.4
POWER,SEAMUS,PGA Tour,T10,Zurich Classic of New Orleans,PGA Tour,T60,ONEflight Myrtle Beach Classic,PGA Tour,T19,THE CJ CUP Byron Nelson,PGA Tour,T54,Charles Schwab Challenge,PGA Tour,CUT,RBC Canadian Open,PGA Tour,-0.18,-0.23
WILLETT,DANNY,PGA Tour,CUT,Masters Tournament,Major,T45,ONEflight Myrtle Beach Classic,PGA Tour,70,THE CJ CUP Byron Nelson,PGA Tour,T7,KLM Open,DP World Tour,CUT,RBC Canadian Open,PGA Tour,-0.18,0.95
BALLESTER,JOSE LUIS,LIV Golf,T3,Singapore Open presented by The Business Times,Asian Tour,5,Virginia,LIV Golf,CUT,Soudal Open,DP World Tour,T34,Korea,LIV Golf,55,Andalucia,LIV Golf,-0.19,-0.33
BUCKLEY,HAYDEN,Korn Ferry Tour,T51,Colonial Life Charity Classic,Korn Ferry Tour,T29,Visit Knoxville Open,Korn Ferry Tour,T38,UNC Health Championship,Korn Ferry Tour,CUT,BMW Charity Pro-Am Presented by TD SYNNEX,Korn Ferry Tour,T8,OccuNet Classic presented by Amarillo National Bank,Korn Ferry Tour,-0.19,0.47
WHALEY,VINCE,PGA Tour,CUT,Zurich Classic of New Orleans,PGA Tour,CUT,ONEflight Myrtle Beach Classic,PGA Tour,CUT,THE CJ CUP Byron Nelson,PGA Tour,CUT,Charles Schwab Challenge,PGA Tour,T65,RBC Canadian Open,PGA Tour,-0.2,-0.37
YOUNG,CARSON,Korn Ferry Tour,T7,Colonial Life Charity Classic,Korn Ferry Tour,CUT,THE CJ CUP Byron Nelson,PGA Tour,CUT,UNC Health Championship,Korn Ferry Tour,T17,BMW Charity Pro-Am Presented by TD SYNNEX,Korn Ferry Tour,T8,OccuNet Classic presented by Amarillo National Bank,Korn Ferry Tour,-0.2,0.17
WANG,JEUNGHUN,KPGA Korean Tour,T11,Taiwan Glass Taifong Open,ASA,T23,KPGA Gyeongbuk Open,KPGA Korean Tour,T3,Kolon The 68th KOREA Open,ASA,T5,The 69th KPGA Championship with A-ONE CC,KPGA Korean Tour,T37,International Series Morocco presented by Visit Morocco,Asian Tour,-0.21,0.69
NOH,S.Y.,Korn Ferry Tour,CUT,Colonial Life Charity Classic,Korn Ferry Tour,18,THE CJ CUP Byron Nelson,PGA Tour,T19,UNC Health Championship,Korn Ferry Tour,T33,BMW Charity Pro-Am Presented by TD SYNNEX,Korn Ferry Tour,T28,OccuNet Classic presented by Amarillo National Bank,Korn Ferry Tour,-0.21,0.16
CLANTON,LUKE,PGA Tour,T26,Zurich Classic of New Orleans,PGA Tour,T60,ONEflight Myrtle Beach Classic,PGA Tour,T31,THE CJ CUP Byron Nelson,PGA Tour,T54,Charles Schwab Challenge,PGA Tour,T54,RBC Canadian Open,PGA Tour,-0.21,0.47
DEL REY,ALEJANDRO,DP World Tour,T8,Volvo China Open,DP World Tour,T29,Turkish Airlines Open,DP World Tour,T3,Estrella Damm Catalunya Championship,DP World Tour,CUT,Austrian Alpine Open presented by Kitzbühel Tirol,DP World Tour,CUT,KLM Open,DP World Tour,-0.22,0.19
KAYMER,MARTIN,LIV Golf,T25,Mexico City,LIV Golf,T39,Virginia,LIV Golf,T35,PGA Championship,Major,T45,Korea,LIV Golf,T24,Andalucia,LIV Golf,-0.22,0.46
CAMPILLO,JORGE,DP World Tour,CUT,Volvo China Open,DP World Tour,CUT,Turkish Airlines Open,DP World Tour,T25,Estrella Damm Catalunya Championship,DP World Tour,T2,Soudal Open,DP World Tour,CUT,KLM Open,DP World Tour,-0.23,-0.11
BAUTISTA,AUSTIN,Sunshine Tour,8,The Courier Guy Playoffs : The Serengeti Playoffs,Sunshine Tour,T7,The Courier Guy Playoffs : DNi Tour Championship presented by RMB,Sunshine Tour,T2,Mediclinic Invitational,Sunshine Tour,2,FBC ZIM Open,Sunshine Tour,CUT,Austrian Alpine Open presented by Kitzbühel Tirol,DP World Tour,-0.24,0.77
KANAYA,TAKUMI,PGA Tour,T26,Zurich Classic of New Orleans,PGA Tour,T38,ONEflight Myrtle Beach Classic,PGA Tour,CUT,THE CJ CUP Byron Nelson,PGA Tour,T54,Charles Schwab Challenge,PGA Tour,T29,RBC Canadian Open,PGA Tour,-0.24,-0.31
RAVETTO,DAVID,DP World Tour,CUT,Turkish Airlines Open,DP World Tour,T43,Estrella Damm Catalunya Championship,DP World Tour,T30,Soudal Open,DP World Tour,T35,Austrian Alpine Open presented by Kitzbühel Tirol,DP World Tour,T14,KLM Open,DP World Tour,-0.25,0.54
POULTER,IAN,LIV Golf,T48,South Africa,LIV Golf,T25,Mexico City,LIV Golf,T18,Virginia,LIV Golf,T16,Korea,LIV Golf,T27,Andalucia,LIV Golf,-0.25,0.61
GLOVER,LUCAS,PGA Tour,T37,Truist Championship,PGA Tour,CUT,PGA Championship,Major,T71,Charles Schwab Challenge,PGA Tour,T46,the Memorial Tournament presented by Workday,PGA Tour,CUT,RBC Canadian Open,PGA Tour,-0.25,-0.31
STEELMAN,ROSS,Korn Ferry Tour,T73,Colonial Life Charity Classic,Korn Ferry Tour,T10,Visit Knoxville Open,Korn Ferry Tour,2,UNC Health Championship,Korn Ferry Tour,T33,BMW Charity Pro-Am Presented by TD SYNNEX,Korn Ferry Tour,CUT,OccuNet Classic presented by Amarillo National Bank,Korn Ferry Tour,-0.25,0.63
HAMMER,COLE,Korn Ferry Tour,T54,Tulum Championship at PGA Riviera Maya,Korn Ferry Tour,T4,Colonial Life Charity Classic,Korn Ferry Tour,T66,Visit Knoxville Open,Korn Ferry Tour,CUT,UNC Health Championship,Korn Ferry Tour,T26,BMW Charity Pro-Am Presented by TD SYNNEX,Korn Ferry Tour,-0.26,0.21
JUNG,CHANMIN,KPGA Korean Tour,T31,The 45th GS Caltex Maekyung Open,ASA,2,KPGA Founders Cup,KPGA Korean Tour,T6,KPGA Gyeongbuk Open,KPGA Korean Tour,T17,Kolon The 68th KOREA Open,ASA,T16,The 69th KPGA Championship with A-ONE CC,KPGA Korean Tour,-0.27,1.37
FRITTELLI,DYLAN,DP World Tour,T20,Hero Indian Open,DP World Tour,CUT,Turkish Airlines Open,DP World Tour,CUT,Estrella Damm Catalunya Championship,DP World Tour,CUT,Austrian Alpine Open presented by Kitzbühel Tirol,DP World Tour,T48,KLM Open,DP World Tour,-0.27,0.7
FLAVIN,PATRICK,PGA Tour Americas,,94 Abierto del Centro Zurich presentado por Personal,PGA Tour Americas,2,Diners Club Peru Open,PGA Tour Americas,T54,KIA Open de Ecuador presentado por Diners Club,PGA Tour Americas,T8,Mexico Championship presented by Scotia Wealth Management,PGA Tour Americas,T48,Inter Rapidisimo Golf Championship,PGA Tour Americas,-0.29,1.12
CABRERA BELLO,RAFA,DP World Tour,CUT,Turkish Airlines Open,DP World Tour,T6,Estrella Damm Catalunya Championship,DP World Tour,CUT,Soudal Open,DP World Tour,T4,Austrian Alpine Open presented by Kitzbühel Tirol,DP World Tour,T66,KLM Open,DP World Tour,-0.29,0.06
COWAN,RYDER,Amateur,3,Maridoe Collegiate,Amateur,T24,Ford Collegiate,Amateur,T17,2026 SEC Men's Golf Championship Stroke Play,Amateur,4,NCAA Corvallis Regional,Amateur,T28,NCAA DI Men's National Championship- Stroke Play,Amateur,-0.29,0.84
NAGANO,RYUTARO,Japan Golf Tour,T8,The Crowns,Japan Golf Tour,T14,Kansai Open Golf Championship,Japan Golf Tour,T15,Japan PGA Championship Senko Group Cup,Japan Golf Tour,T2,Gate Way To The Open Mizuno Open,Japan Golf Tour,T42,BMW Japan Golf Tour Championship Mori Building Cup,Japan Golf Tour,-0.29,0.61
SATO,TAIHEI,Japan Golf Tour,T8,The Crowns,Japan Golf Tour,T6,Kansai Open Golf Championship,Japan Golf Tour,T38,Japan PGA Championship Senko Group Cup,Japan Golf Tour,T14,Gate Way To The Open Mizuno Open,Japan Golf Tour,5,BMW Japan Golf Tour Championship Mori Building Cup,Japan Golf Tour,-0.29,0.63
MUN,DOYEOB,LIV Golf,T10,KPGA Gyeongbuk Open,KPGA Korean Tour,,Kolon The 68th KOREA Open,ASA,T23,Korea,LIV Golf,T42,Andalucia,LIV Golf,T31,International Series Morocco presented by Visit Morocco,Asian Tour,-0.3,0.57
OOSTHUIZEN,LOUIS,LIV Golf,T17,South Africa,LIV Golf,T12,Mexico City,LIV Golf,42,Virginia,LIV Golf,T37,Korea,LIV Golf,WD,Andalucia,LIV Golf,-0.3,-0.24
CONNERS,COREY,PGA Tour,T30,Cadillac Championship,PGA Tour,T31,Truist Championship,PGA Tour,T55,PGA Championship,Major,53,the Memorial Tournament presented by Workday,PGA Tour,CUT,RBC Canadian Open,PGA Tour,-0.3,-0.84
LAPORTA,FRANCESCO,DP World Tour,CUT,Hero Indian Open,DP World Tour,CUT,Turkish Airlines Open,DP World Tour,CUT,Estrella Damm Catalunya Championship,DP World Tour,T17,Soudal Open,DP World Tour,T40,Austrian Alpine Open presented by Kitzbühel Tirol,DP World Tour,-0.3,-0.18
CANTER,LAURIE,LIV Golf,T17,South Africa,LIV Golf,T25,Mexico City,LIV Golf,T46,Virginia,LIV Golf,T12,Korea,LIV Golf,T37,Andalucia,LIV Golf,-0.3,0.08
PETERSON,PAUL,PGA Tour,T11,ONEflight Myrtle Beach Classic,PGA Tour,T7,Colonial Life Charity Classic,Korn Ferry Tour,CUT,THE CJ CUP Byron Nelson,PGA Tour,CUT,Charles Schwab Challenge,PGA Tour,T67,RBC Canadian Open,PGA Tour,-0.3,0.08
MIGLIOZZI,GUIDO,DP World Tour,T13,Volvo China Open,DP World Tour,T2,Turkish Airlines Open,DP World Tour,CUT,Estrella Damm Catalunya Championship,DP World Tour,CUT,Austrian Alpine Open presented by Kitzbühel Tirol,DP World Tour,T28,KLM Open,DP World Tour,-0.31,0.56
SVENSSON,JESPER,PGA Tour,CUT,Zurich Classic of New Orleans,PGA Tour,T65,Turkish Airlines Open,DP World Tour,CUT,ONEflight Myrtle Beach Classic,PGA Tour,T9,THE CJ CUP Byron Nelson,PGA Tour,T4,RBC Canadian Open,PGA Tour,-0.31,-0.14
LI,HAOTONG,PGA Tour,CUT,ONEflight Myrtle Beach Classic,PGA Tour,T35,PGA Championship,Major,CUT,THE CJ CUP Byron Nelson,PGA Tour,CUT,Charles Schwab Challenge,PGA Tour,T60,RBC Canadian Open,PGA Tour,-0.31,-0.48
DUNLAP,NICK,PGA Tour,T17,Zurich Classic of New Orleans,PGA Tour,T24,ONEflight Myrtle Beach Classic,PGA Tour,CUT,THE CJ CUP Byron Nelson,PGA Tour,T60,Charles Schwab Challenge,PGA Tour,CUT,RBC Canadian Open,PGA Tour,-0.31,0.6
GALLETTI,NICOLO,Korn Ferry Tour,T51,Colonial Life Charity Classic,Korn Ferry Tour,CUT,Visit Knoxville Open,Korn Ferry Tour,CUT,UNC Health Championship,Korn Ferry Tour,CUT,BMW Charity Pro-Am Presented by TD SYNNEX,Korn Ferry Tour,T6,OccuNet Classic presented by Amarillo National Bank,Korn Ferry Tour,-0.31,0.02
STREELMAN,KEVIN,PGA Tour,T39,Valero Texas Open,PGA Tour,CUT,Zurich Classic of New Orleans,PGA Tour,CUT,ONEflight Myrtle Beach Classic,PGA Tour,CUT,THE CJ CUP Byron Nelson,PGA Tour,T42,Charles Schwab Challenge,PGA Tour,-0.32,0.53
RUSSELL,MILES,Korn Ferry Tour,T15,Club Car Championship at The Landings Golf & Athletic Club,Korn Ferry Tour,T62,LECOM Suncoast Classic,Korn Ferry Tour,T12,Terra Cotta Invitational,Amateur,T4,Team TaylorMade Invitational,Amateur,CUT,UNC Health Championship,Korn Ferry Tour,-0.32,0.06
VILIPS,KARL,PGA Tour,T13,Zurich Classic of New Orleans,PGA Tour,T24,ONEflight Myrtle Beach Classic,PGA Tour,CUT,THE CJ CUP Byron Nelson,PGA Tour,CUT,Charles Schwab Challenge,PGA Tour,CUT,RBC Canadian Open,PGA Tour,-0.33,0.1
SCHOTT,FREDDY,DP World Tour,5,Volvo China Open,DP World Tour,CUT,Turkish Airlines Open,DP World Tour,CUT,Estrella Damm Catalunya Championship,DP World Tour,CUT,Soudal Open,DP World Tour,CUT,Austrian Alpine Open presented by Kitzbühel Tirol,DP World Tour,-0.33,0.61
MCGREEVY,MAX,PGA Tour,CUT,ONEflight Myrtle Beach Classic,PGA Tour,CUT,PGA Championship,Major,CUT,THE CJ CUP Byron Nelson,PGA Tour,T35,Charles Schwab Challenge,PGA Tour,T51,RBC Canadian Open,PGA Tour,-0.34,-0.69
DU PLESSIS,HENNIE,DP World Tour,CUT,Turkish Airlines Open,DP World Tour,T63,Estrella Damm Catalunya Championship,DP World Tour,,Soudal Open,DP World Tour,T40,Austrian Alpine Open presented by Kitzbühel Tirol,DP World Tour,CUT,KLM Open,DP World Tour,-0.34,-0.66
LEWIS,RILEY,PGA Tour Americas,T27,94 Abierto del Centro Zurich presentado por Personal,PGA Tour Americas,T24,Diners Club Peru Open,PGA Tour Americas,T16,KIA Open de Ecuador presentado por Diners Club,PGA Tour Americas,2,Mexico Championship presented by Scotia Wealth Management,PGA Tour Americas,DQ,Inter Rapidisimo Golf Championship,PGA Tour Americas,-0.34,0.51
YONEZAWA,REN,Japan Golf Tour,T24,The Crowns,Japan Golf Tour,CUT,Kansai Open Golf Championship,Japan Golf Tour,T27,Japan PGA Championship Senko Group Cup,Japan Golf Tour,T2,Gate Way To The Open Mizuno Open,Japan Golf Tour,T8,BMW Japan Golf Tour Championship Mori Building Cup,Japan Golf Tour,-0.34,0.28
VAN TONDER,DANIEL,Sunshine Tour,T17,The Courier Guy Playoffs : DNi Tour Championship presented by RMB,Sunshine Tour,CUT,Volvo China Open,DP World Tour,CUT,Turkish Airlines Open,DP World Tour,CUT,Estrella Damm Catalunya Championship,DP World Tour,T2,SunBet Challenge hosted by Sun Boardwalk,Sunshine Tour,-0.34,0.7
TRACE,TRAVIS,Korn Ferry Tour,T60,Colonial Life Charity Classic,Korn Ferry Tour,T15,Visit Knoxville Open,Korn Ferry Tour,T34,UNC Health Championship,Korn Ferry Tour,CUT,BMW Charity Pro-Am Presented by TD SYNNEX,Korn Ferry Tour,T40,OccuNet Classic presented by Amarillo National Bank,Korn Ferry Tour,-0.35,0.46
SIMPSON,WEBB,PGA Tour,CUT,Cognizant Classic in The Palm Beaches,PGA Tour,T18,Valspar Championship,PGA Tour,WD,Valero Texas Open,PGA Tour,T48,Truist Championship,PGA Tour,CUT,Charles Schwab Challenge,PGA Tour,-0.35,-0.22
SAVOIE,JOEY,PGA Tour Americas,T8,71st ECP Brazil Open,PGA Tour Americas,T27,94 Abierto del Centro Zurich presentado por Personal,PGA Tour Americas,T33,Diners Club Peru Open,PGA Tour Americas,,KIA Open de Ecuador presentado por Diners Club,PGA Tour Americas,T67,RBC Canadian Open,PGA Tour,-0.35,1.49
MUNOZ,SEBASTIAN,LIV Golf,37,South Africa,LIV Golf,T25,Mexico City,LIV Golf,T30,Virginia,LIV Golf,T23,Korea,LIV Golf,T27,Andalucia,LIV Golf,-0.35,-0.7
GOMEZ,FABIAN,Korn Ferry Tour,CUT,Colonial Life Charity Classic,Korn Ferry Tour,T47,THE CJ CUP Byron Nelson,PGA Tour,CUT,UNC Health Championship,Korn Ferry Tour,T3,BMW Charity Pro-Am Presented by TD SYNNEX,Korn Ferry Tour,T21,OccuNet Classic presented by Amarillo National Bank,Korn Ferry Tour,-0.35,0.34
SVENSSON,ADAM,PGA Tour,T26,Zurich Classic of New Orleans,PGA Tour,T45,ONEflight Myrtle Beach Classic,PGA Tour,T54,THE CJ CUP Byron Nelson,PGA Tour,CUT,Charles Schwab Challenge,PGA Tour,T60,RBC Canadian Open,PGA Tour,-0.36,0.07
WOLCOTT,HUNTER,PGA Tour Americas,T3,94 Abierto del Centro Zurich presentado por Personal,PGA Tour Americas,T20,Diners Club Peru Open,PGA Tour Americas,T8,Visit Knoxville Open,Korn Ferry Tour,CUT,UNC Health Championship,Korn Ferry Tour,T30,Inter Rapidisimo Golf Championship,PGA Tour Americas,-0.36,1.46
GILBERT,JOSIAH,Amateur,9,Mason Rudolph Championship,Amateur,T15,Ford Collegiate,Amateur,T7,2026 SEC Men's Golf Championship Stroke Play,Amateur,T4,NCAA Athens Regional,Amateur,3,NCAA DI Men's National Championship- Stroke Play,Amateur,-0.36,0.74
SCHNEIDER,MARCEL,DP World Tour,T18,Turkish Airlines Open,DP World Tour,T37,Estrella Damm Catalunya Championship,DP World Tour,T30,Soudal Open,DP World Tour,T17,Austrian Alpine Open presented by Kitzbühel Tirol,DP World Tour,73,KLM Open,DP World Tour,-0.36,0.23
SOLOMON,JACOB,Korn Ferry Tour,T16,Colonial Life Charity Classic,Korn Ferry Tour,T58,Visit Knoxville Open,Korn Ferry Tour,T25,UNC Health Championship,Korn Ferry Tour,CUT,BMW Charity Pro-Am Presented by TD SYNNEX,Korn Ferry Tour,T35,OccuNet Classic presented by Amarillo National Bank,Korn Ferry Tour,-0.36,1.21
LAMB,RICK,Korn Ferry Tour,T25,Tulum Championship at PGA Riviera Maya,Korn Ferry Tour,T51,Colonial Life Charity Classic,Korn Ferry Tour,T29,Visit Knoxville Open,Korn Ferry Tour,T19,UNC Health Championship,Korn Ferry Tour,CUT,OccuNet Classic presented by Amarillo National Bank,Korn Ferry Tour,-0.37,0.49
PREMLALL,YURAV,DP World Tour,CUT,Turkish Airlines Open,DP World Tour,,Estrella Damm Catalunya Championship,DP World Tour,T30,Soudal Open,DP World Tour,T40,Austrian Alpine Open presented by Kitzbühel Tirol,DP World Tour,CUT,KLM Open,DP World Tour,-0.37,1.18
PENG,BO,China Tour,T6,Lanting Shaoxing Open,China Tour,T13,Volvo China Open,DP World Tour,T52,Straits Cup Xiamen Open,China Tour,T2,HONGYUNLANG·Nanjing Open,China Tour,,Shanghai Open,China Tour,-0.39,1.74
SUMMY,JASE,Amateur,T6,Ford Collegiate,Amateur,2,2026 SEC Men's Golf Championship Stroke Play,Amateur,T2,NCAA Corvallis Regional,Amateur,T70,NCAA DI Men's National Championship- Stroke Play,Amateur,T3,OccuNet Classic presented by Amarillo National Bank,Korn Ferry Tour,-0.39,0.42
KATSUMATA,RYO,Japan Golf Tour,T12,The Crowns,Japan Golf Tour,CUT,Kansai Open Golf Championship,Japan Golf Tour,6,Japan PGA Championship Senko Group Cup,Japan Golf Tour,T11,Gate Way To The Open Mizuno Open,Japan Golf Tour,T6,BMW Japan Golf Tour Championship Mori Building Cup,Japan Golf Tour,-0.39,0.72
KATSURAGAWA,YUTO,DP World Tour,CUT,Turkish Airlines Open,DP World Tour,T37,Estrella Damm Catalunya Championship,DP World Tour,T59,Soudal Open,DP World Tour,T26,Austrian Alpine Open presented by Kitzbühel Tirol,DP World Tour,T32,KLM Open,DP World Tour,-0.4,0.57
FIGUEIREDO,PEDRO,Challenge Tour,T12,PGTI Open,Challenge Tour,T4,Italian Challenge Open,Challenge Tour,CUT,Challenge de Catalunya,Challenge Tour,T16,Danish Golf Challenge,Challenge Tour,4,Challenge de España,Challenge Tour,-0.4,0.99
STEVENS,SAM,PGA Tour,T18,Cadillac Championship,PGA Tour,70,Truist Championship,PGA Tour,T65,PGA Championship,Major,T42,Charles Schwab Challenge,PGA Tour,CUT,the Memorial Tournament presented by Workday,PGA Tour,-0.4,-0.9
WALLIN,ADAM,Challenge Tour,T16,Italian Challenge Open,Challenge Tour,T6,Challenge de Catalunya,Challenge Tour,T3,Danish Golf Challenge,Challenge Tour,T46,Swiss Challenge,Challenge Tour,6,Interwetten Open,Challenge Tour,-0.4,0.74
HOSONO,YUSAKU,Japan Golf Tour,2,The Crowns,Japan Golf Tour,T14,Kansai Open Golf Championship,Japan Golf Tour,,Japan PGA Championship Senko Group Cup,Japan Golf Tour,CUT,Gate Way To The Open Mizuno Open,Japan Golf Tour,T26,BMW Japan Golf Tour Championship Mori Building Cup,Japan Golf Tour,-0.4,0.38
APHIBARNRAT,KIRADECH,DP World Tour,CUT,Turkish Airlines Open,DP World Tour,T6,Estrella Damm Catalunya Championship,DP World Tour,CUT,Soudal Open,DP World Tour,CUT,Austrian Alpine Open presented by Kitzbühel Tirol,DP World Tour,T38,KLM Open,DP World Tour,-0.4,0.47
PRINSLOO,JACO,Sunshine Tour,T5,Mediclinic Invitational,Sunshine Tour,T5,FBC ZIM Open,Sunshine Tour,4,Kit Kat Cash & Carry Pro-Am,Sunshine Tour,T11,SunBet Challenge hosted by Sun Boardwalk,Sunshine Tour,T17,The Mopani Zambia Open,Sunshine Tour,-0.41,0.48
KANG,JEFFREY,PGA Tour,T65,Valero Texas Open,PGA Tour,T6,Zurich Classic of New Orleans,PGA Tour,CUT,ONEflight Myrtle Beach Classic,PGA Tour,T54,THE CJ CUP Byron Nelson,PGA Tour,T42,Charles Schwab Challenge,PGA Tour,-0.41,0.41
GRILLO,EMILIANO,PGA Tour,CUT,ONEflight Myrtle Beach Classic,PGA Tour,CUT,PGA Championship,Major,T38,THE CJ CUP Byron Nelson,PGA Tour,T42,Charles Schwab Challenge,PGA Tour,T20,RBC Canadian Open,PGA Tour,-0.41,-0.51
LIPSKY,DAVID,PGA Tour,71,Cadillac Championship,PGA Tour,T24,Truist Championship,PGA Tour,CUT,PGA Championship,Major,CUT,Charles Schwab Challenge,PGA Tour,CUT,RBC Canadian Open,PGA Tour,-0.41,-0.51
KHO,TAICHI,Japan Golf Tour,T42,Taiwan Glass Taifong Open,ASA,T13,Kolon The 68th KOREA Open,ASA,CUT,Gate Way To The Open Mizuno Open,Japan Golf Tour,T2,BMW Japan Golf Tour Championship Mori Building Cup,Japan Golf Tour,,International Series Morocco presented by Visit Morocco,Asian Tour,-0.41,0.84
MEISSNER,MITCHELL,Korn Ferry Tour,CUT,Colonial Life Charity Classic,Korn Ferry Tour,T10,Visit Knoxville Open,Korn Ferry Tour,CUT,UNC Health Championship,Korn Ferry Tour,CUT,BMW Charity Pro-Am Presented by TD SYNNEX,Korn Ferry Tour,CUT,OccuNet Classic presented by Amarillo National Bank,Korn Ferry Tour,-0.42,0.23
KINHULT,MARCUS,DP World Tour,T29,Turkish Airlines Open,DP World Tour,T54,Estrella Damm Catalunya Championship,DP World Tour,T2,Soudal Open,DP World Tour,CUT,Austrian Alpine Open presented by Kitzbühel Tirol,DP World Tour,T71,KLM Open,DP World Tour,-0.42,0.55
JORDAN,MATTHEW,DP World Tour,T29,Hero Indian Open,DP World Tour,T43,Turkish Airlines Open,DP World Tour,CUT,Soudal Open,DP World Tour,T40,Austrian Alpine Open presented by Kitzbühel Tirol,DP World Tour,CUT,KLM Open,DP World Tour,-0.43,0.07
HODGES,LEE,PGA Tour,T24,Zurich Classic of New Orleans,PGA Tour,T67,ONEflight Myrtle Beach Classic,PGA Tour,CUT,THE CJ CUP Byron Nelson,PGA Tour,T35,Charles Schwab Challenge,PGA Tour,CUT,RBC Canadian Open,PGA Tour,-0.44,-0.41
HOGE,TOM,PGA Tour,T26,PGA Championship,Major,T6,THE CJ CUP Byron Nelson,PGA Tour,T71,Charles Schwab Challenge,PGA Tour,51,the Memorial Tournament presented by Workday,PGA Tour,CUT,RBC Canadian Open,PGA Tour,-0.44,0.13
DE CASTRO PIERA,ALEJANDRO,Amateur,,Arizona Thunderbirds Intercollegiate,Amateur,T6,The Goodwin,Amateur,T2,The Thunderbird Collegiate,Amateur,4,2026 Big West Men's Golf Championship,Amateur,T34,NCAA Columbus Regional,Amateur,-0.45,1.4
BLAIR,ZAC,PGA Tour,T60,ONEflight Myrtle Beach Classic,PGA Tour,2,Colonial Life Charity Classic,Korn Ferry Tour,69,THE CJ CUP Byron Nelson,PGA Tour,CUT,Charles Schwab Challenge,PGA Tour,T40,BMW Charity Pro-Am Presented by TD SYNNEX,Korn Ferry Tour,-0.45,-0.39
ELVIRA,MANUEL,DP World Tour,CUT,Volvo China Open,DP World Tour,CUT,Turkish Airlines Open,DP World Tour,CUT,Estrella Damm Catalunya Championship,DP World Tour,T30,Soudal Open,DP World Tour,T7,Austrian Alpine Open presented by Kitzbühel Tirol,DP World Tour,-0.46,0.15
NYHOLM,PONTUS,PGA Tour,CUT,Zurich Classic of New Orleans,PGA Tour,T31,ONEflight Myrtle Beach Classic,PGA Tour,CUT,THE CJ CUP Byron Nelson,PGA Tour,CUT,Charles Schwab Challenge,PGA Tour,CUT,RBC Canadian Open,PGA Tour,-0.47,0.24
VEGAS,JHONATTAN,PGA Tour,T52,Truist Championship,PGA Tour,T44,PGA Championship,Major,CUT,THE CJ CUP Byron Nelson,PGA Tour,CUT,the Memorial Tournament presented by Workday,PGA Tour,CUT,RBC Canadian Open,PGA Tour,-0.47,-0.13
KODAIRA,SATOSHI,Japan Golf Tour,T42,MAEZAWA CUP,Japan Golf Tour,T3,The Crowns,Japan Golf Tour,T27,Kansai Open Golf Championship,Japan Golf Tour,T17,Japan PGA Championship Senko Group Cup,Japan Golf Tour,T4,Gate Way To The Open Mizuno Open,Japan Golf Tour,-0.47,0.99
OLIVA PINTO,SEGUNDO,Korn Ferry Tour,T4,Astara Chile Classic presented by Scotiabank,Korn Ferry Tour,CUT,Club Car Championship at The Landings Golf & Athletic Club,Korn Ferry Tour,T36,94 Abierto del Centro Zurich presentado por Personal,PGA Tour Americas,T2,Terron Amateur 2026,Amateur,T6,St Andrews Links Trophy,Amateur,-0.47,1.22
ORTIZ,CARLOS,LIV Golf,T17,Masters Tournament,Major,CUT,Mexico City,LIV Golf,T52,Virginia,LIV Golf,T30,Korea,LIV Golf,T21,Andalucia,LIV Golf,-0.48,-0.65
FUJIMOTO,YOSHINORI,Japan Golf Tour,T11,JAPAN PLAYERS CHAMPIONSHIP CHALLENGE in FUKUI,Abema TV Tour,,Kansai Open Golf Championship,Japan Golf Tour,T7,Japan PGA Championship Senko Group Cup,Japan Golf Tour,T34,Gate Way To The Open Mizuno Open,Japan Golf Tour,T42,BMW Japan Golf Tour Championship Mori Building Cup,Japan Golf Tour,-0.48,0.95
RAMEY,CHAD,PGA Tour,T32,Zurich Classic of New Orleans,PGA Tour,CUT,ONEflight Myrtle Beach Classic,PGA Tour,T59,THE CJ CUP Byron Nelson,PGA Tour,CUT,Charles Schwab Challenge,PGA Tour,CUT,RBC Canadian Open,PGA Tour,-0.48,-0.57
IDERIHA,TAICHIRO,Japan Golf Tour,T30,The Crowns,Japan Golf Tour,T36,Kansai Open Golf Championship,Japan Golf Tour,T10,Japan PGA Championship Senko Group Cup,Japan Golf Tour,T11,Gate Way To The Open Mizuno Open,Japan Golf Tour,T6,BMW Japan Golf Tour Championship Mori Building Cup,Japan Golf Tour,-0.49,1.2
CHANG,PAUL,Amateur,,Calusa Cup,Amateur,T1,Lewis Chitengwa Memorial,Amateur,T20,2026 ACC Men's Golf Championship - Stroke Play,Amateur,T5,NCAA Winston-Salem Regional,Amateur,T61,NCAA DI Men's National Championship- Stroke Play,Amateur,-0.49,0.8
FIORONI,CADEN,PGA Tour Americas,CUT,94 Abierto del Centro Zurich presentado por Personal,PGA Tour Americas,T51,Colonial Life Charity Classic,Korn Ferry Tour,T5,KIA Open de Ecuador presentado por Diners Club,PGA Tour Americas,T18,Mexico Championship presented by Scotia Wealth Management,PGA Tour Americas,T15,Inter Rapidisimo Golf Championship,PGA Tour Americas,-0.49,0.74
LEVY,ALEXANDER,DP World Tour,CUT,Turkish Airlines Open,DP World Tour,T31,Estrella Damm Catalunya Championship,DP World Tour,T24,Soudal Open,DP World Tour,T17,Austrian Alpine Open presented by Kitzbühel Tirol,DP World Tour,T48,KLM Open,DP World Tour,-0.5,0.34
SUH,JUSTIN,Korn Ferry Tour,T36,Colonial Life Charity Classic,Korn Ferry Tour,T23,Visit Knoxville Open,Korn Ferry Tour,T38,UNC Health Championship,Korn Ferry Tour,CUT,BMW Charity Pro-Am Presented by TD SYNNEX,Korn Ferry Tour,T14,OccuNet Classic presented by Amarillo National Bank,Korn Ferry Tour,-0.5,0.51
LAWRENCE,THRISTON,DP World Tour,CUT,Volvo China Open,DP World Tour,T53,Turkish Airlines Open,DP World Tour,CUT,ONEflight Myrtle Beach Classic,PGA Tour,CUT,Soudal Open,DP World Tour,CUT,Austrian Alpine Open presented by Kitzbühel Tirol,DP World Tour,-0.51,-0.4
BLANCHET,CHANDLER,PGA Tour,T52,Truist Championship,PGA Tour,T44,PGA Championship,Major,CUT,THE CJ CUP Byron Nelson,PGA Tour,T42,Charles Schwab Challenge,PGA Tour,T67,RBC Canadian Open,PGA Tour,-0.51,-0.64
VAN DER MERWE,GRAHAM,Sunshine Tour,T7,Mediclinic Invitational,Sunshine Tour,T16,FBC ZIM Open,Sunshine Tour,2,Kit Kat Cash & Carry Pro-Am,Sunshine Tour,T18,SunBet Challenge hosted by Sun Boardwalk,Sunshine Tour,T7,The Mopani Zambia Open,Sunshine Tour,-0.51,1.11
SPRINGER,HAYDEN,PGA Tour,T2,Zurich Classic of New Orleans,PGA Tour,T24,ONEflight Myrtle Beach Classic,PGA Tour,CUT,THE CJ CUP Byron Nelson,PGA Tour,CUT,Charles Schwab Challenge,PGA Tour,CUT,RBC Canadian Open,PGA Tour,-0.51,-0.22
LEE,SOOMIN,KPGA Korean Tour,T44,The 45th GS Caltex Maekyung Open,ASA,T6,KPGA Founders Cup,KPGA Korean Tour,T23,KPGA Gyeongbuk Open,KPGA Korean Tour,7,Kolon The 68th KOREA Open,ASA,T16,The 69th KPGA Championship with A-ONE CC,KPGA Korean Tour,-0.52,1.12
HOJGAARD,RASMUS,PGA Tour,53,Masters Tournament,Major,T24,ONEflight Myrtle Beach Classic,PGA Tour,T65,PGA Championship,Major,T62,THE CJ CUP Byron Nelson,PGA Tour,CUT,Charles Schwab Challenge,PGA Tour,-0.52,-1.15
HITT,AUSTIN,Korn Ferry Tour,T16,Colonial Life Charity Classic,Korn Ferry Tour,T23,Visit Knoxville Open,Korn Ferry Tour,CUT,UNC Health Championship,Korn Ferry Tour,CUT,BMW Charity Pro-Am Presented by TD SYNNEX,Korn Ferry Tour,T21,OccuNet Classic presented by Amarillo National Bank,Korn Ferry Tour,-0.52,0.2
MOLDOVAN,MAXWELL,Korn Ferry Tour,T27,Colonial Life Charity Classic,Korn Ferry Tour,T52,Visit Knoxville Open,Korn Ferry Tour,CUT,UNC Health Championship,Korn Ferry Tour,T17,BMW Charity Pro-Am Presented by TD SYNNEX,Korn Ferry Tour,T53,OccuNet Classic presented by Amarillo National Bank,Korn Ferry Tour,-0.52,0.72
VANARRAGON,CALEB,Korn Ferry Tour,T13,Colonial Life Charity Classic,Korn Ferry Tour,T23,Visit Knoxville Open,Korn Ferry Tour,CUT,UNC Health Championship,Korn Ferry Tour,T26,BMW Charity Pro-Am Presented by TD SYNNEX,Korn Ferry Tour,T47,OccuNet Classic presented by Amarillo National Bank,Korn Ferry Tour,-0.52,-0.28
CELIA,RICARDO,Korn Ferry Tour,CUT,Colonial Life Charity Classic,Korn Ferry Tour,CUT,Visit Knoxville Open,Korn Ferry Tour,T55,UNC Health Championship,Korn Ferry Tour,T26,BMW Charity Pro-Am Presented by TD SYNNEX,Korn Ferry Tour,T55,OccuNet Classic presented by Amarillo National Bank,Korn Ferry Tour,-0.53,0.98
POTTER,LUKE,Amateur,5,Ford Collegiate,Amateur,T41,2026 SEC Men's Golf Championship Stroke Play,Amateur,,NCAA Bryan Regional,Amateur,T23,NCAA DI Men's National Championship- Stroke Play,Amateur,CUT,OccuNet Classic presented by Amarillo National Bank,Korn Ferry Tour,-0.53,0.7
BIWER,JUSTIN,PGA Tour Americas,T31,94 Abierto del Centro Zurich presentado por Personal,PGA Tour Americas,T39,Diners Club Peru Open,PGA Tour Americas,T9,KIA Open de Ecuador presentado por Diners Club,PGA Tour Americas,T18,Mexico Championship presented by Scotia Wealth Management,PGA Tour Americas,T5,Inter Rapidisimo Golf Championship,PGA Tour Americas,-0.54,0.16
DOYLE,DREW,PGA Tour Americas,T6,94 Abierto del Centro Zurich presentado por Personal,PGA Tour Americas,T48,Diners Club Peru Open,PGA Tour Americas,T29,KIA Open de Ecuador presentado por Diners Club,PGA Tour Americas,T49,Mexico Championship presented by Scotia Wealth Management,PGA Tour Americas,,Inter Rapidisimo Golf Championship,PGA Tour Americas,-0.54,1.5
HIRAMOTO,SEJUNG,Japan Golf Tour,T3,The Crowns,Japan Golf Tour,T21,Kansai Open Golf Championship,Japan Golf Tour,T10,Japan PGA Championship Senko Group Cup,Japan Golf Tour,T48,Gate Way To The Open Mizuno Open,Japan Golf Tour,T12,BMW Japan Golf Tour Championship Mori Building Cup,Japan Golf Tour,-0.54,1.31
SHEILS DONEGAN,NIALL,Amateur,T10,Valspar Collegiate Invitational,Amateur,T3,Augusta Haskins Award Invitational,Amateur,,Tar Heel Intercollegiate,Amateur,T10,2026 ACC Men's Golf Championship - Stroke Play,Amateur,T42,NCAA DI Men's National Championship- Stroke Play,Amateur,-0.55,0.72
NICHOLAS,JAMES,Korn Ferry Tour,T60,Colonial Life Charity Classic,Korn Ferry Tour,T15,Visit Knoxville Open,Korn Ferry Tour,CUT,UNC Health Championship,Korn Ferry Tour,CUT,BMW Charity Pro-Am Presented by TD SYNNEX,Korn Ferry Tour,T28,OccuNet Classic presented by Amarillo National Bank,Korn Ferry Tour,-0.55,0.17
ATKINS,MATT,Korn Ferry Tour,T60,Colonial Life Charity Classic,Korn Ferry Tour,T15,Visit Knoxville Open,Korn Ferry Tour,T7,UNC Health Championship,Korn Ferry Tour,CUT,BMW Charity Pro-Am Presented by TD SYNNEX,Korn Ferry Tour,T62,OccuNet Classic presented by Amarillo National Bank,Korn Ferry Tour,-0.56,0.35
SHIN,SANGHUN,KPGA Korean Tour,T19,The 45th GS Caltex Maekyung Open,ASA,3,KPGA Founders Cup,KPGA Korean Tour,T41,KPGA Gyeongbuk Open,KPGA Korean Tour,T26,Kolon The 68th KOREA Open,ASA,T7,The 69th KPGA Championship with A-ONE CC,KPGA Korean Tour,-0.57,0.08
BROWN,DAN,PGA Tour,CUT,ONEflight Myrtle Beach Classic,PGA Tour,T75,PGA Championship,Major,T47,THE CJ CUP Byron Nelson,PGA Tour,CUT,Charles Schwab Challenge,PGA Tour,CUT,RBC Canadian Open,PGA Tour,-0.57,-0.79
LAHIRI,ANIRBAN,LIV Golf,T46,Mexico City,LIV Golf,T44,Virginia,LIV Golf,T41,Korea,LIV Golf,10,Andalucia,LIV Golf,CUT,International Series Morocco presented by Visit Morocco,Asian Tour,-0.57,0.04
GOOSEN,RETIEF,PGA Tour Champions,T17,Senior PGA Championship,PGA Tour Champions,,Mitsubishi Electric Classic,PGA Tour Champions,19,Regions Tradition,PGA Tour Champions,T8,Insperity Invitational,PGA Tour Champions,T2,Principal Charity Classic,PGA Tour Champions,-0.58,0.75
BRAMLETT,JOSEPH,Korn Ferry Tour,CUT,Colonial Life Charity Classic,Korn Ferry Tour,T39,Visit Knoxville Open,Korn Ferry Tour,T48,UNC Health Championship,Korn Ferry Tour,CUT,BMW Charity Pro-Am Presented by TD SYNNEX,Korn Ferry Tour,T40,OccuNet Classic presented by Amarillo National Bank,Korn Ferry Tour,-0.58,0.05
VINCENT,KIERAN,ASA,T31,The 45th GS Caltex Maekyung Open,ASA,T9,FBC ZIM Open,Sunshine Tour,T51,Kolon The 68th KOREA Open,ASA,T10,Challenge de España,Challenge Tour,T5,International Series Morocco presented by Visit Morocco,Asian Tour,-0.59,0.35
SHIPLEY,NEAL,PGA Tour,CUT,Zurich Classic of New Orleans,PGA Tour,T38,ONEflight Myrtle Beach Classic,PGA Tour,T40,THE CJ CUP Byron Nelson,PGA Tour,CUT,Charles Schwab Challenge,PGA Tour,T51,RBC Canadian Open,PGA Tour,-0.59,-0.35
WALKER,EUAN,DP World Tour,T53,Turkish Airlines Open,DP World Tour,CUT,Estrella Damm Catalunya Championship,DP World Tour,T30,Soudal Open,DP World Tour,CUT,Austrian Alpine Open presented by Kitzbühel Tirol,DP World Tour,CUT,KLM Open,DP World Tour,-0.59,0.72
VAN DER MERWE,ALTIN,Sunshine Tour,CUT,Mediclinic Invitational,Sunshine Tour,,FBC ZIM Open,Sunshine Tour,T7,Kit Kat Cash & Carry Pro-Am,Sunshine Tour,T31,SunBet Challenge hosted by Sun Boardwalk,Sunshine Tour,T31,The Mopani Zambia Open,Sunshine Tour,-0.6,1.41
TRUSLOW,AUSTEN,Asian Tour,4,International Series Japan,Asian Tour,T43,Singapore Open presented by The Business Times,Asian Tour,T49,The 45th GS Caltex Maekyung Open,ASA,T13,Kolon The 68th KOREA Open,ASA,T27,am green IGPL Bharath Classic,Asian Tour,-0.6,0.09
HALVORSEN,ANDREAS,DP World Tour,CUT,Turkish Airlines Open,DP World Tour,T31,Estrella Damm Catalunya Championship,DP World Tour,T41,Soudal Open,DP World Tour,T59,Austrian Alpine Open presented by Kitzbühel Tirol,DP World Tour,T32,KLM Open,DP World Tour,-0.6,0
SOUTHGATE,MATTHEW,Challenge Tour,CUT,Estrella Damm Catalunya Championship,DP World Tour,T21,Challenge de Catalunya,Challenge Tour,CUT,Danish Golf Challenge,Challenge Tour,,Swiss Challenge,Challenge Tour,CUT,Interwetten Open,Challenge Tour,-0.6,1.26
BARRON,HAYDN,Challenge Tour,T16,The National Tournament,PGA Tour of Australasia,T8,Danish Golf Challenge,Challenge Tour,T21,Challenge de España,Challenge Tour,T9,Swiss Challenge,Challenge Tour,WD,Interwetten Open,Challenge Tour,-0.62,0.16
ROBINSON THOMPSON,BRANDON,DP World Tour,T43,Turkish Airlines Open,DP World Tour,CUT,Estrella Damm Catalunya Championship,DP World Tour,CUT,Soudal Open,DP World Tour,T40,Austrian Alpine Open presented by Kitzbühel Tirol,DP World Tour,T21,KLM Open,DP World Tour,-0.62,-0.16
SADDIER,ADRIEN,PGA Tour,T39,Texas Children's Houston Open,PGA Tour,CUT,Valero Texas Open,PGA Tour,CUT,PGA Championship,Major,T40,THE CJ CUP Byron Nelson,PGA Tour,T42,Charles Schwab Challenge,PGA Tour,-0.62,-0.55
LUNDIN,JACK,PGA Tour Americas,T51,94 Abierto del Centro Zurich presentado por Personal,PGA Tour Americas,T33,Diners Club Peru Open,PGA Tour Americas,2,KIA Open de Ecuador presentado por Diners Club,PGA Tour Americas,T15,Mexico Championship presented by Scotia Wealth Management,PGA Tour Americas,T20,Inter Rapidisimo Golf Championship,PGA Tour Americas,-0.64,0.62
KINOSHITA,RYOSUKE,Japan Golf Tour,T20,The Crowns,Japan Golf Tour,WD,Kansai Open Golf Championship,Japan Golf Tour,T2,Japan PGA Championship Senko Group Cup,Japan Golf Tour,T4,Gate Way To The Open Mizuno Open,Japan Golf Tour,CUT,BMW Japan Golf Tour Championship Mori Building Cup,Japan Golf Tour,-0.64,0.01
LEBIODA,HANK,PGA Tour,T6,Zurich Classic of New Orleans,PGA Tour,74,ONEflight Myrtle Beach Classic,PGA Tour,T62,THE CJ CUP Byron Nelson,PGA Tour,CUT,Charles Schwab Challenge,PGA Tour,CUT,RBC Canadian Open,PGA Tour,-0.64,-0.2
KIM,ANTHONY,LIV Golf,56,South Africa,LIV Golf,T43,Mexico City,LIV Golf,T6,Virginia,LIV Golf,T20,Korea,LIV Golf,T21,Andalucia,LIV Golf,-0.65,0.16
DING,WENYI,DP World Tour,T13,Turkish Airlines Open,DP World Tour,T59,Estrella Damm Catalunya Championship,DP World Tour,T17,Soudal Open,DP World Tour,T57,Austrian Alpine Open presented by Kitzbühel Tirol,DP World Tour,CUT,KLM Open,DP World Tour,-0.65,-0.38
YUAN,CARL,Korn Ferry Tour,CUT,Tulum Championship at PGA Riviera Maya,Korn Ferry Tour,CUT,Colonial Life Charity Classic,Korn Ferry Tour,T15,Visit Knoxville Open,Korn Ferry Tour,CUT,UNC Health Championship,Korn Ferry Tour,T12,BMW Charity Pro-Am Presented by TD SYNNEX,Korn Ferry Tour,-0.66,0.36
VENTURA,KRIS,PGA Tour,T2,Zurich Classic of New Orleans,PGA Tour,CUT,ONEflight Myrtle Beach Classic,PGA Tour,CUT,THE CJ CUP Byron Nelson,PGA Tour,CUT,Charles Schwab Challenge,PGA Tour,CUT,RBC Canadian Open,PGA Tour,-0.67,-0.76
GANDON,JEREMY,Korn Ferry Tour,CUT,Colonial Life Charity Classic,Korn Ferry Tour,T12,Visit Knoxville Open,Korn Ferry Tour,CUT,UNC Health Championship,Korn Ferry Tour,CUT,BMW Charity Pro-Am Presented by TD SYNNEX,Korn Ferry Tour,CUT,OccuNet Classic presented by Amarillo National Bank,Korn Ferry Tour,-0.67,-0.05
HUMPHREY,THEO,Korn Ferry Tour,T36,Colonial Life Charity Classic,Korn Ferry Tour,T6,Visit Knoxville Open,Korn Ferry Tour,T55,UNC Health Championship,Korn Ferry Tour,T54,BMW Charity Pro-Am Presented by TD SYNNEX,Korn Ferry Tour,T65,OccuNet Classic presented by Amarillo National Bank,Korn Ferry Tour,-0.68,0.72
ELVIRA MIJARES,IGNACIO,DP World Tour,CUT,Turkish Airlines Open,DP World Tour,T25,Estrella Damm Catalunya Championship,DP World Tour,CUT,Soudal Open,DP World Tour,CUT,Austrian Alpine Open presented by Kitzbühel Tirol,DP World Tour,T11,KLM Open,DP World Tour,-0.68,0.01
TOSTI,ALEJANDRO,PGA Tour,CUT,Zurich Classic of New Orleans,PGA Tour,CUT,ONEflight Myrtle Beach Classic,PGA Tour,CUT,THE CJ CUP Byron Nelson,PGA Tour,CUT,Charles Schwab Challenge,PGA Tour,T40,RBC Canadian Open,PGA Tour,-0.69,0.86
ANDERSEN,MASON,Korn Ferry Tour,CUT,Tulum Championship at PGA Riviera Maya,Korn Ferry Tour,T47,Colonial Life Charity Classic,Korn Ferry Tour,CUT,Visit Knoxville Open,Korn Ferry Tour,CUT,UNC Health Championship,Korn Ferry Tour,CUT,BMW Charity Pro-Am Presented by TD SYNNEX,Korn Ferry Tour,-0.7,0.14
BLAUM,RYAN,Korn Ferry Tour,T27,Colonial Life Charity Classic,Korn Ferry Tour,CUT,Visit Knoxville Open,Korn Ferry Tour,CUT,UNC Health Championship,Korn Ferry Tour,T40,BMW Charity Pro-Am Presented by TD SYNNEX,Korn Ferry Tour,T14,OccuNet Classic presented by Amarillo National Bank,Korn Ferry Tour,-0.7,0.74
ANH MINH,NGUYEN,Amateur,,Bandon Dunes Championship,Amateur,T11,Augusta Haskins Award Invitational,Amateur,T13,The Thunderbird Collegiate,Amateur,2,West Coast Conference Men's Golf Championship,Amateur,T18,NCAA Corvallis Regional,Amateur,-0.7,0.92
NEWCOMB,PATRICK,PGA Tour Americas,T10,94 Abierto del Centro Zurich presentado por Personal,PGA Tour Americas,T33,Diners Club Peru Open,PGA Tour Americas,CUT,KIA Open de Ecuador presentado por Diners Club,PGA Tour Americas,T49,Mexico Championship presented by Scotia Wealth Management,PGA Tour Americas,T2,Inter Rapidisimo Golf Championship,PGA Tour Americas,-0.71,0.13
KOZUMA,JINICHIRO,Japan Golf Tour,T27,Kansai Open Golf Championship,Japan Golf Tour,T15,Japan PGA Championship Senko Group Cup,Japan Golf Tour,T14,Gate Way To The Open Mizuno Open,Japan Golf Tour,WD,BMW Japan Golf Tour Championship Mori Building Cup,Japan Golf Tour,T14,International Series Morocco presented by Visit Morocco,Asian Tour,-0.72,0.41
POULTER,LUKE,Amateur,T12,Pauma Valley Invitational presented by Heads Up,Amateur,T11,Calusa Cup,Amateur,T13,2026 SEC Men's Golf Championship Stroke Play,Amateur,,NCAA Columbus Regional,Amateur,T39,NCAA DI Men's National Championship- Stroke Play,Amateur,-0.72,0.41
PHILLIPS,CHANDLER,PGA Tour,35,Zurich Classic of New Orleans,PGA Tour,CUT,ONEflight Myrtle Beach Classic,PGA Tour,CUT,THE CJ CUP Byron Nelson,PGA Tour,CUT,Charles Schwab Challenge,PGA Tour,T15,RBC Canadian Open,PGA Tour,-0.72,-0.35
JAEGER,STEPHAN,PGA Tour,CUT,ONEflight Myrtle Beach Classic,PGA Tour,T18,PGA Championship,Major,T9,THE CJ CUP Byron Nelson,PGA Tour,WD,Charles Schwab Challenge,PGA Tour,CUT,RBC Canadian Open,PGA Tour,-0.73,-0.66
TRINGALE,CAMERON,LIV Golf,T10,Mexico City,LIV Golf,T46,Virginia,LIV Golf,T34,Korea,LIV Golf,T45,Andalucia,LIV Golf,30,International Series Morocco presented by Visit Morocco,Asian Tour,-0.73,-0.33
GUILLAMOUNDEGUY,OIHAN,DP World Tour,CUT,Turkish Airlines Open,DP World Tour,T3,Estrella Damm Catalunya Championship,DP World Tour,CUT,Soudal Open,DP World Tour,T35,Austrian Alpine Open presented by Kitzbühel Tirol,DP World Tour,CUT,KLM Open,DP World Tour,-0.73,-0.21
MALNATI,PETER,PGA Tour,T63,Valero Texas Open,PGA Tour,CUT,Zurich Classic of New Orleans,PGA Tour,T53,ONEflight Myrtle Beach Classic,PGA Tour,T19,THE CJ CUP Byron Nelson,PGA Tour,CUT,RBC Canadian Open,PGA Tour,-0.74,-0.12
ROY,KEVIN,PGA Tour,T32,Zurich Classic of New Orleans,PGA Tour,T3,ONEflight Myrtle Beach Classic,PGA Tour,CUT,THE CJ CUP Byron Nelson,PGA Tour,T74,Charles Schwab Challenge,PGA Tour,T71,RBC Canadian Open,PGA Tour,-0.75,-0.81
WU,ASHUN,DP World Tour,65,Hainan Classic presented by MAEXTRO,DP World Tour,T8,Volvo China Open,DP World Tour,T29,Turkish Airlines Open,DP World Tour,CUT,Austrian Alpine Open presented by Kitzbühel Tirol,DP World Tour,T48,KLM Open,DP World Tour,-0.75,0.12
FISCHER,TOM,Amateur,2,Mason Rudolph Championship,Amateur,T1,Mossy Oak Collegiate,Amateur,T17,2026 SEC Men's Golf Championship Stroke Play,Amateur,T5,NCAA Winston-Salem Regional,Amateur,T119,NCAA DI Men's National Championship- Stroke Play,Amateur,-0.75,0.41
BROWN,HAMISH,Challenge Tour,T16,Italian Challenge Open,Challenge Tour,2,Challenge de Catalunya,Challenge Tour,T66,Danish Golf Challenge,Challenge Tour,T2,Swiss Challenge,Challenge Tour,T13,Interwetten Open,Challenge Tour,-0.75,0.4
ZHOU,YANHAN,DP World Tour,75,Turkish Airlines Open,DP World Tour,CUT,Estrella Damm Catalunya Championship,DP World Tour,T41,Soudal Open,DP World Tour,T12,Austrian Alpine Open presented by Kitzbühel Tirol,DP World Tour,9,KLM Open,DP World Tour,-0.75,-0.37
HOSHINO,RIKUYA,DP World Tour,T73,Turkish Airlines Open,DP World Tour,T43,Estrella Damm Catalunya Championship,DP World Tour,T53,Soudal Open,DP World Tour,T26,Austrian Alpine Open presented by Kitzbühel Tirol,DP World Tour,T58,KLM Open,DP World Tour,-0.76,0.22
GOODMAN,DREW,PGA Tour Americas,9,94 Abierto del Centro Zurich presentado por Personal,PGA Tour Americas,CUT,Diners Club Peru Open,PGA Tour Americas,T9,KIA Open de Ecuador presentado por Diners Club,PGA Tour Americas,T32,Mexico Championship presented by Scotia Wealth Management,PGA Tour Americas,T20,Inter Rapidisimo Golf Championship,PGA Tour Americas,-0.76,0.61
SODERBERG,SEBASTIAN,DP World Tour,CUT,Volvo China Open,DP World Tour,60,Turkish Airlines Open,DP World Tour,CUT,Estrella Damm Catalunya Championship,DP World Tour,CUT,Austrian Alpine Open presented by Kitzbühel Tirol,DP World Tour,T3,KLM Open,DP World Tour,-0.76,0.23
HIDALGO PORTILLO,ANGEL,DP World Tour,52,Turkish Airlines Open,DP World Tour,T64,Estrella Damm Catalunya Championship,DP World Tour,CUT,Soudal Open,DP World Tour,CUT,Austrian Alpine Open presented by Kitzbühel Tirol,DP World Tour,T21,KLM Open,DP World Tour,-0.77,0.61
SURRATT,CALEB,LIV Golf,T9,Singapore Open presented by The Business Times,Asian Tour,T12,Virginia,LIV Golf,T70,Soudal Open,DP World Tour,T45,Korea,LIV Golf,49,Andalucia,LIV Golf,-0.77,-0.52
CANNON,WILL,Korn Ferry Tour,T40,Tulum Championship at PGA Riviera Maya,Korn Ferry Tour,T29,Visit Knoxville Open,Korn Ferry Tour,T66,UNC Health Championship,Korn Ferry Tour,T33,BMW Charity Pro-Am Presented by TD SYNNEX,Korn Ferry Tour,CUT,OccuNet Classic presented by Amarillo National Bank,Korn Ferry Tour,-0.78,0.15
CHOI,SAM,Korn Ferry Tour,T36,Colonial Life Charity Classic,Korn Ferry Tour,CUT,Visit Knoxville Open,Korn Ferry Tour,T19,UNC Health Championship,Korn Ferry Tour,T60,BMW Charity Pro-Am Presented by TD SYNNEX,Korn Ferry Tour,T47,OccuNet Classic presented by Amarillo National Bank,Korn Ferry Tour,-0.79,0.72
SMYLIE,ELVIS,LIV Golf,T46,Virginia,LIV Golf,T75,PGA Championship,Major,T45,Korea,LIV Golf,41,Andalucia,LIV Golf,T5,International Series Morocco presented by Visit Morocco,Asian Tour,-0.8,-0.71
YOUPRAYONG,RUNCHANAPONG,Asian Tour,T22,Taiwan Glass Taifong Open,ASA,T3,Singha Laguna Phuket Open,undefined,3,am green IGPL Morocco Rising Stars,undefined,T6,am green IGPL Bharath Classic,Asian Tour,CUT,International Series Morocco presented by Visit Morocco,Asian Tour,-0.8,0.77
SLOAN,ROGER,Korn Ferry Tour,CUT,Colonial Life Charity Classic,Korn Ferry Tour,T58,Visit Knoxville Open,Korn Ferry Tour,T25,UNC Health Championship,Korn Ferry Tour,CUT,BMW Charity Pro-Am Presented by TD SYNNEX,Korn Ferry Tour,CUT,RBC Canadian Open,PGA Tour,-0.8,-0.04
WU,DYLAN,PGA Tour,CUT,Zurich Classic of New Orleans,PGA Tour,CUT,ONEflight Myrtle Beach Classic,PGA Tour,CUT,THE CJ CUP Byron Nelson,PGA Tour,CUT,Charles Schwab Challenge,PGA Tour,T45,RBC Canadian Open,PGA Tour,-0.8,-0.41
GREYSERMAN,DEAN,Amateur,T8,The Goodwin,Amateur,T1,79th Western Intercollegiate,Amateur,T10,2026 ACC Men's Golf Championship - Stroke Play,Amateur,T36,NCAA Columbus Regional,Amateur,T6,NCAA DI Men's National Championship- Stroke Play,Amateur,-0.8,1.13
COTTAM,KYLE,PGA Tour Americas,T22,94 Abierto del Centro Zurich presentado por Personal,PGA Tour Americas,CUT,Diners Club Peru Open,PGA Tour Americas,T29,KIA Open de Ecuador presentado por Diners Club,PGA Tour Americas,T17,BMW Charity Pro-Am Presented by TD SYNNEX,Korn Ferry Tour,CUT,OccuNet Classic presented by Amarillo National Bank,Korn Ferry Tour,-0.8,0.1
IKEMURA,TOMOYO,Japan Golf Tour,T6,Kansai Open Golf Championship,Japan Golf Tour,T13,Japan PGA Championship Senko Group Cup,Japan Golf Tour,T16,Gate Way To The Open Mizuno Open,Japan Golf Tour,T24,BMW Japan Golf Tour Championship Mori Building Cup,Japan Golf Tour,CUT,International Series Morocco presented by Visit Morocco,Asian Tour,-0.8,0.37
LAMB,DAVIS,Korn Ferry Tour,T23,Colonial Life Charity Classic,Korn Ferry Tour,CUT,Visit Knoxville Open,Korn Ferry Tour,T25,UNC Health Championship,Korn Ferry Tour,CUT,BMW Charity Pro-Am Presented by TD SYNNEX,Korn Ferry Tour,T53,OccuNet Classic presented by Amarillo National Bank,Korn Ferry Tour,-0.81,-0.26
TURNER,JACK,Amateur,T16,Pauma Valley Invitational presented by Heads Up,Amateur,T4,Calusa Cup,Amateur,T7,2026 SEC Men's Golf Championship Stroke Play,Amateur,10,NCAA Columbus Regional,Amateur,T14,NCAA DI Men's National Championship- Stroke Play,Amateur,-0.81,0.22
DA COSTA RODRIGUES,DANIEL,DP World Tour,T2,Turkish Airlines Open,DP World Tour,T43,Estrella Damm Catalunya Championship,DP World Tour,CUT,Soudal Open,DP World Tour,CUT,Austrian Alpine Open presented by Kitzbühel Tirol,DP World Tour,CUT,KLM Open,DP World Tour,-0.81,-0.1
NABETANI,TAICHI,Japan Golf Tour,T15,MAEZAWA CUP,Japan Golf Tour,T10,The Crowns,Japan Golf Tour,T12,Kansai Open Golf Championship,Japan Golf Tour,T48,Gate Way To The Open Mizuno Open,Japan Golf Tour,T16,BMW Japan Golf Tour Championship Mori Building Cup,Japan Golf Tour,-0.81,0.9
WIEDEMEYER,TIM,Amateur,T48,Pauma Valley Invitational presented by Heads Up,Amateur,T7,Valspar Collegiate Invitational,Amateur,T15,Mountaineer Invitational at Pete Dye,Amateur,7,Big 12 Men's Golf Championship,Amateur,T5,NCAA Corvallis Regional,Amateur,-0.82,0.3
GOMEZ,GERARDO,Amateur,T3,Valspar Collegiate Invitational,Amateur,4,Mountaineer Invitational at Pete Dye,Amateur,T24,2026 SEC Men's Golf Championship Stroke Play,Amateur,T18,NCAA Corvallis Regional,Amateur,84,NCAA DI Men's National Championship- Stroke Play,Amateur,-0.82,1.21
THOMAS,RAYHAN,Korn Ferry Tour,T13,Colonial Life Charity Classic,Korn Ferry Tour,T39,Visit Knoxville Open,Korn Ferry Tour,T60,UNC Health Championship,Korn Ferry Tour,T3,BMW Charity Pro-Am Presented by TD SYNNEX,Korn Ferry Tour,CUT,OccuNet Classic presented by Amarillo National Bank,Korn Ferry Tour,-0.82,0.39
ELS,ERNIE,PGA Tour Champions,T10,Mitsubishi Electric Classic,PGA Tour Champions,T8,Regions Tradition,PGA Tour Champions,2,Insperity Invitational,PGA Tour Champions,T4,Trophy Hassan II,PGA Tour Champions,T12,Principal Charity Classic,PGA Tour Champions,-0.82,0.25
MASPAT,IAN,Amateur,9,Wyoming Cowboy Classic,Amateur,T4,The Thunderbird Collegiate,Amateur,,West Coast Conference Men's Golf Championship,Amateur,T26,NCAA Corvallis Regional,Amateur,T49,NCAA DI Men's National Championship- Stroke Play,Amateur,-0.82,1.24
ADAM,CAMERON,DP World Tour,CUT,Turkish Airlines Open,DP World Tour,CUT,Estrella Damm Catalunya Championship,DP World Tour,T41,Soudal Open,DP World Tour,T47,Austrian Alpine Open presented by Kitzbühel Tirol,DP World Tour,T38,KLM Open,DP World Tour,-0.84,0.34
RICHIE,DAIN,Amateur,T5,Mason Rudolph Championship,Amateur,T1,Mossy Oak Collegiate,Amateur,T7,2026 SEC Men's Golf Championship Stroke Play,Amateur,T8,NCAA Winston-Salem Regional,Amateur,T85,NCAA DI Men's National Championship- Stroke Play,Amateur,-0.84,2.02
ENNIS,WHEATON,Amateur,T3,Valspar Collegiate Invitational,Amateur,T14,Tar Heel Intercollegiate,Amateur,12,2026 SEC Men's Golf Championship Stroke Play,Amateur,2,NCAA Bryan Regional,Amateur,T98,NCAA DI Men's National Championship- Stroke Play,Amateur,-0.84,0.69
BAN,SHOTARO,Abema TV Tour,T11,Taiwan Glass Taifong Open,ASA,T7,Sun Flower & TPGA Championship,undefined,T3,Taiheiyo Club Challenge Tournament,Abema TV Tour,T49,BMW Japan Golf Tour Championship Mori Building Cup,Japan Golf Tour,,LANDIC CHALLENGE 13,Abema TV Tour,-0.85,1.71
QUAYLE,ANTHONY,DP World Tour,CUT,Turkish Airlines Open,DP World Tour,CUT,Estrella Damm Catalunya Championship,DP World Tour,CUT,Soudal Open,DP World Tour,T59,Austrian Alpine Open presented by Kitzbühel Tirol,DP World Tour,CUT,KLM Open,DP World Tour,-0.85,0.15
CROCKETT,CHARLIE,PGA Tour Americas,T3,71st ECP Brazil Open,PGA Tour Americas,T10,94 Abierto del Centro Zurich presentado por Personal,PGA Tour Americas,T10,Diners Club Peru Open,PGA Tour Americas,T47,KIA Open de Ecuador presentado por Diners Club,PGA Tour Americas,CUT,Mexico Championship presented by Scotia Wealth Management,PGA Tour Americas,-0.85,0.43
PHILLIPS,TRENT,Korn Ferry Tour,T16,Colonial Life Charity Classic,Korn Ferry Tour,T56,Visit Knoxville Open,Korn Ferry Tour,T48,UNC Health Championship,Korn Ferry Tour,T26,BMW Charity Pro-Am Presented by TD SYNNEX,Korn Ferry Tour,CUT,OccuNet Classic presented by Amarillo National Bank,Korn Ferry Tour,-0.86,-0.55
VAN VELZEN,RYAN,Challenge Tour,T21,Challenge de Catalunya,Challenge Tour,T16,Danish Golf Challenge,Challenge Tour,,Challenge de España,Challenge Tour,CUT,Swiss Challenge,Challenge Tour,T46,Interwetten Open,Challenge Tour,-0.86,0.99
VRZICH,JOEY,PGA Tour Americas,T24,71st ECP Brazil Open,PGA Tour Americas,T27,94 Abierto del Centro Zurich presentado por Personal,PGA Tour Americas,T48,Diners Club Peru Open,PGA Tour Americas,T29,Mexico Championship presented by Scotia Wealth Management,PGA Tour Americas,T7,Inter Rapidisimo Golf Championship,PGA Tour Americas,-0.86,0.61
MORRISON,JAMES,DP World Tour,CUT,Turkish Airlines Open,DP World Tour,T76,Estrella Damm Catalunya Championship,DP World Tour,CUT,Soudal Open,DP World Tour,T35,Austrian Alpine Open presented by Kitzbühel Tirol,DP World Tour,T14,KLM Open,DP World Tour,-0.87,0.47
PERICO,JULIAN,Challenge Tour,T29,International Series Japan,Asian Tour,T48,Singapore Open presented by The Business Times,Asian Tour,CUT,Challenge de Catalunya,Challenge Tour,T2,Swiss Challenge,Challenge Tour,5,Interwetten Open,Challenge Tour,-0.87,0.45
HARDY,NICK,PGA Tour,T20,Zurich Classic of New Orleans,PGA Tour,CUT,ONEflight Myrtle Beach Classic,PGA Tour,T36,Colonial Life Charity Classic,Korn Ferry Tour,CUT,THE CJ CUP Byron Nelson,PGA Tour,CUT,Charles Schwab Challenge,PGA Tour,-0.88,0.03
OTAEGUI,ADRIAN,DP World Tour,T76,Turkish Airlines Open,DP World Tour,CUT,Estrella Damm Catalunya Championship,DP World Tour,CUT,Soudal Open,DP World Tour,CUT,Austrian Alpine Open presented by Kitzbühel Tirol,DP World Tour,CUT,KLM Open,DP World Tour,-0.88,-0.11
BLOMME,ADAM,DP World Tour,T38,Turkish Airlines Open,DP World Tour,T17,Estrella Damm Catalunya Championship,DP World Tour,T63,Soudal Open,DP World Tour,CUT,Austrian Alpine Open presented by Kitzbühel Tirol,DP World Tour,CUT,Interwetten Open,Challenge Tour,-0.88,0.91
SEMIKAWA,TAIGA,Japan Golf Tour,T11,MAEZAWA CUP,Japan Golf Tour,CUT,Kansai Open Golf Championship,Japan Golf Tour,T13,Japan PGA Championship Senko Group Cup,Japan Golf Tour,CUT,Gate Way To The Open Mizuno Open,Japan Golf Tour,T16,BMW Japan Golf Tour Championship Mori Building Cup,Japan Golf Tour,-0.88,-0.51
YANG,JIHO,KPGA Korean Tour,CUT,The 45th GS Caltex Maekyung Open,ASA,T17,KPGA Founders Cup,KPGA Korean Tour,T34,KPGA Gyeongbuk Open,KPGA Korean Tour,,Kolon The 68th KOREA Open,ASA,CUT,The 69th KPGA Championship with A-ONE CC,KPGA Korean Tour,-0.88,1.87
HIGGS,HARRY,Korn Ferry Tour,CUT,Colonial Life Charity Classic,Korn Ferry Tour,CUT,THE CJ CUP Byron Nelson,PGA Tour,CUT,UNC Health Championship,Korn Ferry Tour,T58,BMW Charity Pro-Am Presented by TD SYNNEX,Korn Ferry Tour,T14,OccuNet Classic presented by Amarillo National Bank,Korn Ferry Tour,-0.88,0.02
SULLIVAN,ANDY,DP World Tour,CUT,Volvo China Open,DP World Tour,79,Turkish Airlines Open,DP World Tour,CUT,PGA Championship,Major,T47,Soudal Open,DP World Tour,CUT,KLM Open,DP World Tour,-0.88,-0.64
SONG,MINHYUK,KPGA Korean Tour,,The 45th GS Caltex Maekyung Open,ASA,CUT,KPGA Founders Cup,KPGA Korean Tour,T34,KPGA Gyeongbuk Open,KPGA Korean Tour,CUT,Kolon The 68th KOREA Open,ASA,T7,The 69th KPGA Championship with A-ONE CC,KPGA Korean Tour,-0.89,0.08
ENEFER,WILL,Challenge Tour,T4,Italian Challenge Open,Challenge Tour,T9,Challenge de Catalunya,Challenge Tour,T31,Challenge de España,Challenge Tour,T36,Swiss Challenge,Challenge Tour,CUT,Interwetten Open,Challenge Tour,-0.89,0.46
HALE JR,BLAINE,Korn Ferry Tour,T80,Colonial Life Charity Classic,Korn Ferry Tour,T39,Visit Knoxville Open,Korn Ferry Tour,CUT,UNC Health Championship,Korn Ferry Tour,CUT,BMW Charity Pro-Am Presented by TD SYNNEX,Korn Ferry Tour,CUT,OccuNet Classic presented by Amarillo National Bank,Korn Ferry Tour,-0.89,0.65
FISCHER,ZACK,Korn Ferry Tour,T54,Tulum Championship at PGA Riviera Maya,Korn Ferry Tour,T73,Colonial Life Charity Classic,Korn Ferry Tour,CUT,Visit Knoxville Open,Korn Ferry Tour,T7,UNC Health Championship,Korn Ferry Tour,,OccuNet Classic presented by Amarillo National Bank,Korn Ferry Tour,-0.9,0.2
PIETERS,THOMAS,LIV Golf,T38,South Africa,LIV Golf,T46,Mexico City,LIV Golf,T26,Virginia,LIV Golf,T20,Korea,LIV Golf,40,Andalucia,LIV Golf,-0.9,-1
HARRIS,FRANKIE,Amateur,,Hootie Intercollegiate,Amateur,T3,Ford Collegiate,Amateur,T7,2026 SEC Men's Golf Championship Stroke Play,Amateur,T17,NCAA Columbus Regional,Amateur,T59,OccuNet Classic presented by Amarillo National Bank,Korn Ferry Tour,-0.9,0.16
CHANDLER,WILL,Korn Ferry Tour,CUT,Colonial Life Charity Classic,Korn Ferry Tour,CUT,Visit Knoxville Open,Korn Ferry Tour,CUT,UNC Health Championship,Korn Ferry Tour,T48,BMW Charity Pro-Am Presented by TD SYNNEX,Korn Ferry Tour,CUT,OccuNet Classic presented by Amarillo National Bank,Korn Ferry Tour,-0.9,0.57
CLEMENTS,TODD,DP World Tour,T13,Turkish Airlines Open,DP World Tour,CUT,Estrella Damm Catalunya Championship,DP World Tour,CUT,Soudal Open,DP World Tour,CUT,Austrian Alpine Open presented by Kitzbühel Tirol,DP World Tour,CUT,KLM Open,DP World Tour,-0.91,-0.5
SUGIURA,YUTA,Korn Ferry Tour,CUT,Colonial Life Charity Classic,Korn Ferry Tour,T39,Visit Knoxville Open,Korn Ferry Tour,T44,UNC Health Championship,Korn Ferry Tour,T62,BMW Charity Pro-Am Presented by TD SYNNEX,Korn Ferry Tour,T21,OccuNet Classic presented by Amarillo National Bank,Korn Ferry Tour,-0.91,0.05
SIMPSON,SAMUEL,Sunshine Tour,,Mediclinic Invitational,Sunshine Tour,T5,FBC ZIM Open,Sunshine Tour,T14,Kit Kat Cash & Carry Pro-Am,Sunshine Tour,T36,SunBet Challenge hosted by Sun Boardwalk,Sunshine Tour,T5,The Mopani Zambia Open,Sunshine Tour,-0.91,0.74
GIBOUDOT,MAXENCE,Challenge Tour,T20,Italian Challenge Open,Challenge Tour,T27,Challenge de Catalunya,Challenge Tour,2,Danish Golf Challenge,Challenge Tour,T50,Challenge de España,Challenge Tour,T24,Interwetten Open,Challenge Tour,-0.91,0.86
MAEDA,KOSHIRO,Japan Golf Tour,T24,The Crowns,Japan Golf Tour,T27,Kansai Open Golf Championship,Japan Golf Tour,T10,Japan PGA Championship Senko Group Cup,Japan Golf Tour,T9,Gate Way To The Open Mizuno Open,Japan Golf Tour,CUT,BMW Japan Golf Tour Championship Mori Building Cup,Japan Golf Tour,-0.92,0.69
LAW,DAVID,DP World Tour,CUT,Turkish Airlines Open,DP World Tour,T17,Estrella Damm Catalunya Championship,DP World Tour,CUT,Soudal Open,DP World Tour,CUT,Austrian Alpine Open presented by Kitzbühel Tirol,DP World Tour,T45,KLM Open,DP World Tour,-0.92,0.02
CARD III,JAY,Korn Ferry Tour,T27,Colonial Life Charity Classic,Korn Ferry Tour,CUT,Visit Knoxville Open,Korn Ferry Tour,T44,UNC Health Championship,Korn Ferry Tour,T17,BMW Charity Pro-Am Presented by TD SYNNEX,Korn Ferry Tour,T68,OccuNet Classic presented by Amarillo National Bank,Korn Ferry Tour,-0.92,0.03
SIMONSEN,MARTIN,Nordic Golf League,3,ECCO Tour Sand Valley Masters,Nordic Golf League,T6,Sand Valley Spring Series Championship,Nordic Golf League,,Big Green Egg Blekinge Open,Nordic Golf League,T6,Danish Golf Challenge,Challenge Tour,CUT,Interwetten Open,Challenge Tour,-0.93,0.69
STONE,BRANDON,DP World Tour,T38,Turkish Airlines Open,DP World Tour,CUT,Estrella Damm Catalunya Championship,DP World Tour,CUT,Soudal Open,DP World Tour,T47,Austrian Alpine Open presented by Kitzbühel Tirol,DP World Tour,T48,KLM Open,DP World Tour,-0.93,-0.2
PARRY,JOHN,PGA Tour,T31,ONEflight Myrtle Beach Classic,PGA Tour,T70,PGA Championship,Major,T47,THE CJ CUP Byron Nelson,PGA Tour,CUT,Charles Schwab Challenge,PGA Tour,CUT,RBC Canadian Open,PGA Tour,-0.93,-1.27
SCHWARTZEL,CHARL,LIV Golf,54,Masters Tournament,Major,T39,Mexico City,LIV Golf,T26,Virginia,LIV Golf,T34,Korea,LIV Golf,T31,Andalucia,LIV Golf,-0.93,-0.55
ROZO,MARCELO,PGA Tour,CUT,Zurich Classic of New Orleans,PGA Tour,T53,ONEflight Myrtle Beach Classic,PGA Tour,CUT,THE CJ CUP Byron Nelson,PGA Tour,CUT,Charles Schwab Challenge,PGA Tour,CUT,RBC Canadian Open,PGA Tour,-0.93,0.15
HIRATA,KENSEI,PGA Tour,CUT,Zurich Classic of New Orleans,PGA Tour,T65,ONEflight Myrtle Beach Classic,PGA Tour,T19,THE CJ CUP Byron Nelson,PGA Tour,CUT,Charles Schwab Challenge,PGA Tour,T71,RBC Canadian Open,PGA Tour,-0.94,0.03
GAGNE,LUIS,PGA Tour Americas,T10,94 Abierto del Centro Zurich presentado por Personal,PGA Tour Americas,T33,Diners Club Peru Open,PGA Tour Americas,T32,KIA Open de Ecuador presentado por Diners Club,PGA Tour Americas,T32,Mexico Championship presented by Scotia Wealth Management,PGA Tour Americas,T20,Inter Rapidisimo Golf Championship,PGA Tour Americas,-0.94,0.35
HARRINGTON,PADRAIG,PGA Tour Champions,T8,Senior PGA Championship,PGA Tour Champions,T11,Regions Tradition,PGA Tour Champions,T27,Insperity Invitational,PGA Tour Champions,T18,PGA Championship,Major,CUT,RBC Canadian Open,PGA Tour,-0.94,0.48
TANKERSLEY,CAMERON,Amateur,T18,Mason Rudolph Championship,Amateur,T7,Mossy Oak Collegiate,Amateur,T24,2026 SEC Men's Golf Championship Stroke Play,Amateur,2,NCAA Winston-Salem Regional,Amateur,T42,NCAA DI Men's National Championship- Stroke Play,Amateur,-0.95,0.45
LENG,JAY,Amateur,T3,The Goodwin,Amateur,T7,79th Western Intercollegiate,Amateur,7,2026 ACC Men's Golf Championship - Stroke Play,Amateur,T11,NCAA Columbus Regional,Amateur,T49,NCAA DI Men's National Championship- Stroke Play,Amateur,-0.95,0.77
O'DONOVAN,DECLAN,PGA Tour of Australasia,T27,105th New Zealand Open presented by Millbrook Resort,ANZ,T35,ISPS HANDA Japan-Australasia Championship,ANZ,T3,Heritage Classic,PGA Tour of Australasia,T4,The National Tournament,PGA Tour of Australasia,CUT,RBC Canadian Open,PGA Tour,-0.95,0.59
LEWTON,STEVE,Asian Tour,T19,The 45th GS Caltex Maekyung Open,ASA,T22,Taiwan Glass Taifong Open,ASA,T55,Kolon The 68th KOREA Open,ASA,T11,am green IGPL Bharath Classic,Asian Tour,T19,International Series Morocco presented by Visit Morocco,Asian Tour,-0.95,0.75
SUMMERHAYS,PRESTON,Korn Ferry Tour,T33,Tulum Championship at PGA Riviera Maya,Korn Ferry Tour,CUT,Colonial Life Charity Classic,Korn Ferry Tour,CUT,UNC Health Championship,Korn Ferry Tour,T7,BMW Charity Pro-Am Presented by TD SYNNEX,Korn Ferry Tour,CUT,OccuNet Classic presented by Amarillo National Bank,Korn Ferry Tour,-0.96,0.91
SMYTH,TRAV,LIV Golf,CUT,Singapore Open presented by The Business Times,Asian Tour,CUT,PGA Championship,Major,T8,Korea,LIV Golf,T45,Andalucia,LIV Golf,T19,International Series Morocco presented by Visit Morocco,Asian Tour,-0.96,-0.3
MRUZEK,FILIP,Challenge Tour,T63,Italian Challenge Open,Challenge Tour,T21,Challenge de Catalunya,Challenge Tour,T10,Challenge de España,Challenge Tour,T36,Swiss Challenge,Challenge Tour,,Interwetten Open,Challenge Tour,-0.96,1.09
BYRD,MARCUS,PGA Tour Americas,CUT,94 Abierto del Centro Zurich presentado por Personal,PGA Tour Americas,CUT,Diners Club Peru Open,PGA Tour Americas,T25,KIA Open de Ecuador presentado por Diners Club,PGA Tour Americas,T29,Mexico Championship presented by Scotia Wealth Management,PGA Tour Americas,T20,Inter Rapidisimo Golf Championship,PGA Tour Americas,-0.96,0.41
BOOTH,GRANT,PGA Tour Americas,CUT,94 Abierto del Centro Zurich presentado por Personal,PGA Tour Americas,CUT,Diners Club Peru Open,PGA Tour Americas,T5,KIA Open de Ecuador presentado por Diners Club,PGA Tour Americas,T32,Mexico Championship presented by Scotia Wealth Management,PGA Tour Americas,T26,Inter Rapidisimo Golf Championship,PGA Tour Americas,-0.96,0.52
WINTHER,JEFF,DP World Tour,T38,Turkish Airlines Open,DP World Tour,T43,Estrella Damm Catalunya Championship,DP World Tour,T17,Soudal Open,DP World Tour,WD,Austrian Alpine Open presented by Kitzbühel Tirol,DP World Tour,CUT,KLM Open,DP World Tour,-0.96,-0.15
TEATER,JOSH,Korn Ferry Tour,CUT,Tulum Championship at PGA Riviera Maya,Korn Ferry Tour,T4,Colonial Life Charity Classic,Korn Ferry Tour,CUT,Visit Knoxville Open,Korn Ferry Tour,CUT,BMW Charity Pro-Am Presented by TD SYNNEX,Korn Ferry Tour,T59,OccuNet Classic presented by Amarillo National Bank,Korn Ferry Tour,-0.97,0.74
IWATA,HIROSHI,Japan Golf Tour,T24,The Crowns,Japan Golf Tour,T17,Kansai Open Golf Championship,Japan Golf Tour,T17,Japan PGA Championship Senko Group Cup,Japan Golf Tour,CUT,Gate Way To The Open Mizuno Open,Japan Golf Tour,,BMW Japan Golf Tour Championship Mori Building Cup,Japan Golf Tour,-0.97,0.46
STERNE,RICHARD,DP World Tour,CUT,Turkish Airlines Open,DP World Tour,CUT,Estrella Damm Catalunya Championship,DP World Tour,,Soudal Open,DP World Tour,T47,Austrian Alpine Open presented by Kitzbühel Tirol,DP World Tour,T11,KLM Open,DP World Tour,-0.97,-0.45
MENDELL,JAY,Amateur,T19,Augusta Haskins Award Invitational,Amateur,T15,Ford Collegiate,Amateur,T31,2026 SEC Men's Golf Championship Stroke Play,Amateur,T6,NCAA Marana Regional,Amateur,T46,NCAA DI Men's National Championship- Stroke Play,Amateur,-0.97,0.63
LEE,JUNGHWAN,ASA,T56,Woori Financial Group Championship,KPGA Korean Tour,T14,The 45th GS Caltex Maekyung Open,ASA,CUT,Estrella Damm Catalunya Championship,DP World Tour,T10,Kolon The 68th KOREA Open,ASA,CUT,Austrian Alpine Open presented by Kitzbühel Tirol,DP World Tour,-0.99,0.11
LEE,CHIEH-PO,ASA,T19,The 45th GS Caltex Maekyung Open,ASA,T11,Taiwan Glass Taifong Open,ASA,T26,Kolon The 68th KOREA Open,ASA,CUT,am green IGPL Bharath Classic,Asian Tour,T22,International Series Morocco presented by Visit Morocco,Asian Tour,-0.99,0.7
LEACH,GREYSON,PGA Tour Americas,T3,71st ECP Brazil Open,PGA Tour Americas,T31,94 Abierto del Centro Zurich presentado por Personal,PGA Tour Americas,CUT,Diners Club Peru Open,PGA Tour Americas,T9,KIA Open de Ecuador presentado por Diners Club,PGA Tour Americas,T35,Inter Rapidisimo Golf Championship,PGA Tour Americas,-0.99,0.19
SCHMIDT,BEN,DP World Tour,CUT,Volvo China Open,DP World Tour,CUT,Estrella Damm Catalunya Championship,DP World Tour,T8,Soudal Open,DP World Tour,CUT,Austrian Alpine Open presented by Kitzbühel Tirol,DP World Tour,CUT,KLM Open,DP World Tour,-1,-0.34
BERGSTROM,ALBIN,DP World Tour,CUT,Turkish Airlines Open,DP World Tour,T43,Estrella Damm Catalunya Championship,DP World Tour,T13,Soudal Open,DP World Tour,56,Austrian Alpine Open presented by Kitzbühel Tirol,DP World Tour,CUT,KLM Open,DP World Tour,-1,0.48
KOKRAK,JASON,LIV Golf,T22,South Africa,LIV Golf,T49,Mexico City,LIV Golf,T46,Virginia,LIV Golf,T20,Korea,LIV Golf,T37,Andalucia,LIV Golf,-1,-0.48
BLAND,RICHARD,LIV Golf,T12,South Africa,LIV Golf,45,Mexico City,LIV Golf,T26,Virginia,LIV Golf,T23,Korea,LIV Golf,53,Andalucia,LIV Golf,-1,-0.27
PARATORE,RENATO,DP World Tour,T70,Turkish Airlines Open,DP World Tour,CUT,Estrella Damm Catalunya Championship,DP World Tour,T30,Soudal Open,DP World Tour,T47,Austrian Alpine Open presented by Kitzbühel Tirol,DP World Tour,T60,KLM Open,DP World Tour,-1.01,0.37
VEERMAN,JOHANNES,DP World Tour,CUT,Volvo China Open,DP World Tour,CUT,Turkish Airlines Open,DP World Tour,CUT,Estrella Damm Catalunya Championship,DP World Tour,CUT,Austrian Alpine Open presented by Kitzbühel Tirol,DP World Tour,CUT,KLM Open,DP World Tour,-1.02,0.02
MARZILIO,VICENTE,Korn Ferry Tour,T23,Colonial Life Charity Classic,Korn Ferry Tour,CUT,Visit Knoxville Open,Korn Ferry Tour,T60,UNC Health Championship,Korn Ferry Tour,T26,BMW Charity Pro-Am Presented by TD SYNNEX,Korn Ferry Tour,CUT,OccuNet Classic presented by Amarillo National Bank,Korn Ferry Tour,-1.02,0.86
KNOX,RUSSELL,Korn Ferry Tour,CUT,Zurich Classic of New Orleans,PGA Tour,T69,Colonial Life Charity Classic,Korn Ferry Tour,T39,Visit Knoxville Open,Korn Ferry Tour,T38,UNC Health Championship,Korn Ferry Tour,CUT,OccuNet Classic presented by Amarillo National Bank,Korn Ferry Tour,-1.03,0.03
SCRIVENER,JASON,DP World Tour,CUT,Turkish Airlines Open,DP World Tour,T37,Estrella Damm Catalunya Championship,DP World Tour,T30,Soudal Open,DP World Tour,CUT,Austrian Alpine Open presented by Kitzbühel Tirol,DP World Tour,T58,KLM Open,DP World Tour,-1.03,-0.3
KNOWLES,PHILIP,Korn Ferry Tour,CUT,Colonial Life Charity Classic,Korn Ferry Tour,CUT,Visit Knoxville Open,Korn Ferry Tour,T25,UNC Health Championship,Korn Ferry Tour,CUT,BMW Charity Pro-Am Presented by TD SYNNEX,Korn Ferry Tour,T47,OccuNet Classic presented by Amarillo National Bank,Korn Ferry Tour,-1.04,0.55
DANTORP,JENS,DP World Tour,T18,Turkish Airlines Open,DP World Tour,CUT,Estrella Damm Catalunya Championship,DP World Tour,T30,Soudal Open,DP World Tour,CUT,Austrian Alpine Open presented by Kitzbühel Tirol,DP World Tour,T38,KLM Open,DP World Tour,-1.04,0.02
GARCIA,JORGE,Korn Ferry Tour,T51,Colonial Life Charity Classic,Korn Ferry Tour,CUT,Visit Knoxville Open,Korn Ferry Tour,T25,UNC Health Championship,Korn Ferry Tour,CUT,BMW Charity Pro-Am Presented by TD SYNNEX,Korn Ferry Tour,CUT,OccuNet Classic presented by Amarillo National Bank,Korn Ferry Tour,-1.04,0.62
HITCHNER,DEREK,Korn Ferry Tour,T36,Colonial Life Charity Classic,Korn Ferry Tour,CUT,Visit Knoxville Open,Korn Ferry Tour,CUT,UNC Health Championship,Korn Ferry Tour,CUT,BMW Charity Pro-Am Presented by TD SYNNEX,Korn Ferry Tour,CUT,OccuNet Classic presented by Amarillo National Bank,Korn Ferry Tour,-1.05,-0.07
PETTIT,TURK,Korn Ferry Tour,T4,Colonial Life Charity Classic,Korn Ferry Tour,CUT,Visit Knoxville Open,Korn Ferry Tour,T5,UNC Health Championship,Korn Ferry Tour,CUT,BMW Charity Pro-Am Presented by TD SYNNEX,Korn Ferry Tour,T68,OccuNet Classic presented by Amarillo National Bank,Korn Ferry Tour,-1.06,0.12
SILVERMAN,BEN,PGA Tour,CUT,Tulum Championship at PGA Riviera Maya,Korn Ferry Tour,CUT,Zurich Classic of New Orleans,PGA Tour,CUT,ONEflight Myrtle Beach Classic,PGA Tour,17,THE CJ CUP Byron Nelson,PGA Tour,T54,RBC Canadian Open,PGA Tour,-1.06,-0.52
MERONK,ADRIAN,LIV Golf,38,Mexico City,LIV Golf,T21,Virginia,LIV Golf,CUT,Soudal Open,DP World Tour,T29,Korea,LIV Golf,52,Andalucia,LIV Golf,-1.07,-0.27
BALDWIN,MATTHEW,DP World Tour,T29,Turkish Airlines Open,DP World Tour,T54,Estrella Damm Catalunya Championship,DP World Tour,T47,Soudal Open,DP World Tour,CUT,Austrian Alpine Open presented by Kitzbühel Tirol,DP World Tour,T66,KLM Open,DP World Tour,-1.07,0.56
YOUNG,DANIEL,DP World Tour,T73,Turkish Airlines Open,DP World Tour,CUT,Estrella Damm Catalunya Championship,DP World Tour,CUT,Soudal Open,DP World Tour,CUT,Austrian Alpine Open presented by Kitzbühel Tirol,DP World Tour,CUT,KLM Open,DP World Tour,-1.08,-0.16
KOCHER,DAVID,Korn Ferry Tour,T27,Colonial Life Charity Classic,Korn Ferry Tour,CUT,Visit Knoxville Open,Korn Ferry Tour,T19,UNC Health Championship,Korn Ferry Tour,CUT,BMW Charity Pro-Am Presented by TD SYNNEX,Korn Ferry Tour,CUT,OccuNet Classic presented by Amarillo National Bank,Korn Ferry Tour,-1.08,0.35
CHATFIELD,DAVIS,PGA Tour,T17,Zurich Classic of New Orleans,PGA Tour,CUT,ONEflight Myrtle Beach Classic,PGA Tour,CUT,THE CJ CUP Byron Nelson,PGA Tour,CUT,Charles Schwab Challenge,PGA Tour,CUT,RBC Canadian Open,PGA Tour,-1.08,-0.38
LANGASQUE,ROMAIN,DP World Tour,T52,Volvo China Open,DP World Tour,T53,Turkish Airlines Open,DP World Tour,T70,Estrella Damm Catalunya Championship,DP World Tour,T53,Soudal Open,DP World Tour,T54,Austrian Alpine Open presented by Kitzbühel Tirol,DP World Tour,-1.09,-0.37
VILLEGAS,CAMILO,PGA Tour,CUT,Zurich Classic of New Orleans,PGA Tour,T45,ONEflight Myrtle Beach Classic,PGA Tour,T40,THE CJ CUP Byron Nelson,PGA Tour,CUT,Charles Schwab Challenge,PGA Tour,CUT,RBC Canadian Open,PGA Tour,-1.09,-0.1
FISHER,ROSS,DP World Tour,CUT,Turkish Airlines Open,DP World Tour,T51,Estrella Damm Catalunya Championship,DP World Tour,73,Soudal Open,DP World Tour,T57,Austrian Alpine Open presented by Kitzbühel Tirol,DP World Tour,T21,KLM Open,DP World Tour,-1.1,0.27
CHAMP,CAMERON,Korn Ferry Tour,T9,LECOM Suncoast Classic,Korn Ferry Tour,CUT,Tulum Championship at PGA Riviera Maya,Korn Ferry Tour,CUT,Zurich Classic of New Orleans,PGA Tour,T69,Colonial Life Charity Classic,Korn Ferry Tour,WD,THE CJ CUP Byron Nelson,PGA Tour,-1.1,-0.52
WESTMORELAND,KYLE,Korn Ferry Tour,3,Colonial Life Charity Classic,Korn Ferry Tour,T39,Visit Knoxville Open,Korn Ferry Tour,CUT,UNC Health Championship,Korn Ferry Tour,T54,BMW Charity Pro-Am Presented by TD SYNNEX,Korn Ferry Tour,WD,OccuNet Classic presented by Amarillo National Bank,Korn Ferry Tour,-1.11,0.23
LEE,DANNY,LIV Golf,T36,The 45th GS Caltex Maekyung Open,ASA,WD,Virginia,LIV Golf,CUT,Kolon The 68th KOREA Open,ASA,T29,Korea,LIV Golf,T31,Andalucia,LIV Golf,-1.12,0.57
LEDESMA,NELSON,Korn Ferry Tour,T17,94 Abierto del Centro Zurich presentado por Personal,PGA Tour Americas,T48,Diners Club Peru Open,PGA Tour Americas,WD,Visit Knoxville Open,Korn Ferry Tour,CUT,BMW Charity Pro-Am Presented by TD SYNNEX,Korn Ferry Tour,T47,OccuNet Classic presented by Amarillo National Bank,Korn Ferry Tour,-1.14,0.44
BJERREGAARD,LUCAS,DP World Tour,T61,Turkish Airlines Open,DP World Tour,T17,Estrella Damm Catalunya Championship,DP World Tour,CUT,Soudal Open,DP World Tour,T59,Austrian Alpine Open presented by Kitzbühel Tirol,DP World Tour,T58,International Series Morocco presented by Visit Morocco,Asian Tour,-1.17,0.09
FORREST,GRANT,DP World Tour,T43,Turkish Airlines Open,DP World Tour,CUT,Estrella Damm Catalunya Championship,DP World Tour,CUT,Soudal Open,DP World Tour,T12,Austrian Alpine Open presented by Kitzbühel Tirol,DP World Tour,CUT,KLM Open,DP World Tour,-1.18,-1.01
BOTHA,BAREND,Korn Ferry Tour,CUT,Colonial Life Charity Classic,Korn Ferry Tour,CUT,Visit Knoxville Open,Korn Ferry Tour,CUT,UNC Health Championship,Korn Ferry Tour,T33,BMW Charity Pro-Am Presented by TD SYNNEX,Korn Ferry Tour,T21,OccuNet Classic presented by Amarillo National Bank,Korn Ferry Tour,-1.18,-0.54
HRUBY,PETR,Korn Ferry Tour,CUT,Diners Club Peru Open,PGA Tour Americas,CUT,Visit Knoxville Open,Korn Ferry Tour,CUT,UNC Health Championship,Korn Ferry Tour,T48,BMW Charity Pro-Am Presented by TD SYNNEX,Korn Ferry Tour,T47,OccuNet Classic presented by Amarillo National Bank,Korn Ferry Tour,-1.18,-0.21
XIONG,NORMAN,Korn Ferry Tour,T61,Club Car Championship at The Landings Golf & Athletic Club,Korn Ferry Tour,CUT,LECOM Suncoast Classic,Korn Ferry Tour,CUT,Visit Knoxville Open,Korn Ferry Tour,CUT,UNC Health Championship,Korn Ferry Tour,CUT,OccuNet Classic presented by Amarillo National Bank,Korn Ferry Tour,-1.19,0.45
LACROIX,FREDERIC,DP World Tour,T41,Hero Indian Open,DP World Tour,CUT,Volvo China Open,DP World Tour,T53,Turkish Airlines Open,DP World Tour,CUT,Soudal Open,DP World Tour,70,KLM Open,DP World Tour,-1.2,-0.5
WESTWOOD,LEE,LIV Golf,50,South Africa,LIV Golf,T35,Mexico City,LIV Golf,T30,Virginia,LIV Golf,T37,Korea,LIV Golf,T45,Andalucia,LIV Golf,-1.2,-0.58
KORTE,CHRIS,Korn Ferry Tour,T52,Astara Chile Classic presented by Scotiabank,Korn Ferry Tour,WD,Club Car Championship at The Landings Golf & Athletic Club,Korn Ferry Tour,T55,UNC Health Championship,Korn Ferry Tour,CUT,BMW Charity Pro-Am Presented by TD SYNNEX,Korn Ferry Tour,T40,OccuNet Classic presented by Amarillo National Bank,Korn Ferry Tour,-1.2,-0.15
NA,KEVIN,DP World Tour,T19,105th New Zealand Open presented by Millbrook Resort,ANZ,CUT,ISPS HANDA Japan-Australasia Championship,ANZ,T60,Volvo China Open,DP World Tour,T40,Austrian Alpine Open presented by Kitzbühel Tirol,DP World Tour,CUT,KLM Open,DP World Tour,-1.21,0.63
SHARMA,SHUBHANKAR,DP World Tour,,Boulders Classic,undefined,CUT,Volvo China Open,DP World Tour,T65,Turkish Airlines Open,DP World Tour,CUT,Estrella Damm Catalunya Championship,DP World Tour,CUT,Soudal Open,DP World Tour,-1.22,0.43
MASAVEU,LUIS,LIV Golf,T51,Virginia,LIV Golf,T21,Challenge de Catalunya,Challenge Tour,T37,Korea,LIV Golf,T16,Andalucia,LIV Golf,CUT,International Series Morocco presented by Visit Morocco,Asian Tour,-1.22,0.12
HOLLICK,MICHAEL,DP World Tour,CUT,Turkish Airlines Open,DP World Tour,T70,Estrella Damm Catalunya Championship,DP World Tour,CUT,Soudal Open,DP World Tour,CUT,Austrian Alpine Open presented by Kitzbühel Tirol,DP World Tour,T28,KLM Open,DP World Tour,-1.23,-0.04
KAEWKANJANA,SADOM,DP World Tour,T76,Estrella Damm Catalunya Championship,DP World Tour,T63,Soudal Open,DP World Tour,CUT,Austrian Alpine Open presented by Kitzbühel Tirol,DP World Tour,T48,KLM Open,DP World Tour,T28,International Series Morocco presented by Visit Morocco,Asian Tour,-1.24,-0.48
REPETTO TAYLOR,ROCCO PAOLO,DP World Tour,T43,Turkish Airlines Open,DP World Tour,T54,Estrella Damm Catalunya Championship,DP World Tour,T47,Soudal Open,DP World Tour,CUT,Austrian Alpine Open presented by Kitzbühel Tirol,DP World Tour,CUT,KLM Open,DP World Tour,-1.24,0
LEACH,TYLER,Korn Ferry Tour,CUT,Colonial Life Charity Classic,Korn Ferry Tour,65,Visit Knoxville Open,Korn Ferry Tour,T34,UNC Health Championship,Korn Ferry Tour,T48,BMW Charity Pro-Am Presented by TD SYNNEX,Korn Ferry Tour,T21,OccuNet Classic presented by Amarillo National Bank,Korn Ferry Tour,-1.24,0.29
TOWNSEND,HUGO,DP World Tour,T53,Turkish Airlines Open,DP World Tour,T43,Estrella Damm Catalunya Championship,DP World Tour,CUT,Soudal Open,DP World Tour,T47,Austrian Alpine Open presented by Kitzbühel Tirol,DP World Tour,CUT,KLM Open,DP World Tour,-1.25,-0.26
SCHENK,ADAM,PGA Tour,CUT,ONEflight Myrtle Beach Classic,PGA Tour,CUT,PGA Championship,Major,CUT,THE CJ CUP Byron Nelson,PGA Tour,T74,Charles Schwab Challenge,PGA Tour,CUT,RBC Canadian Open,PGA Tour,-1.25,-0.22
CAMPBELL,BRIAN,PGA Tour,T52,Truist Championship,PGA Tour,82,PGA Championship,Major,CUT,Charles Schwab Challenge,PGA Tour,CUT,the Memorial Tournament presented by Workday,PGA Tour,CUT,RBC Canadian Open,PGA Tour,-1.26,-0.22
HOLT,IAN,Korn Ferry Tour,CUT,PGA Championship,Major,T46,Visit Knoxville Open,Korn Ferry Tour,T44,UNC Health Championship,Korn Ferry Tour,CUT,BMW Charity Pro-Am Presented by TD SYNNEX,Korn Ferry Tour,CUT,OccuNet Classic presented by Amarillo National Bank,Korn Ferry Tour,-1.26,-1.01
LOMBARD,ZANDER,DP World Tour,CUT,Turkish Airlines Open,DP World Tour,75,Estrella Damm Catalunya Championship,DP World Tour,T8,Soudal Open,DP World Tour,CUT,Austrian Alpine Open presented by Kitzbühel Tirol,DP World Tour,CUT,KLM Open,DP World Tour,-1.26,-0.26
NORGAARD,NIKLAS,DP World Tour,CUT,Volvo China Open,DP World Tour,T43,Turkish Airlines Open,DP World Tour,T51,Estrella Damm Catalunya Championship,DP World Tour,CUT,Soudal Open,DP World Tour,T21,KLM Open,DP World Tour,-1.27,-0.5
GOODWIN,NOAH,Korn Ferry Tour,CUT,Colonial Life Charity Classic,Korn Ferry Tour,CUT,THE CJ CUP Byron Nelson,PGA Tour,T38,UNC Health Championship,Korn Ferry Tour,T54,BMW Charity Pro-Am Presented by TD SYNNEX,Korn Ferry Tour,CUT,OccuNet Classic presented by Amarillo National Bank,Korn Ferry Tour,-1.27,-0.64
LEE,RICHARD,LIV Golf,T30,Virginia,LIV Golf,CUT,Kolon The 68th KOREA Open,ASA,T41,Korea,LIV Golf,T27,Andalucia,LIV Golf,T70,International Series Morocco presented by Visit Morocco,Asian Tour,-1.28,-0.93
LAMPRECHT,CHRISTO,PGA Tour,CUT,Zurich Classic of New Orleans,PGA Tour,T60,ONEflight Myrtle Beach Classic,PGA Tour,CUT,THE CJ CUP Byron Nelson,PGA Tour,CUT,Charles Schwab Challenge,PGA Tour,CUT,RBC Canadian Open,PGA Tour,-1.3,-0.51
LUITEN,JOOST,DP World Tour,CUT,Hero Indian Open,DP World Tour,CUT,Estrella Damm Catalunya Championship,DP World Tour,T74,Soudal Open,DP World Tour,T7,Austrian Alpine Open presented by Kitzbühel Tirol,DP World Tour,T60,KLM Open,DP World Tour,-1.32,-0.97
LA SASSO,MICHAEL,LIV Golf,55,Mexico City,LIV Golf,T46,Virginia,LIV Golf,T50,Korea,LIV Golf,T31,Andalucia,LIV Golf,CUT,International Series Morocco presented by Visit Morocco,Asian Tour,-1.32,0.6
UIHLEIN,PETER,LIV Golf,T32,Mexico City,LIV Golf,T17,Singapore Open presented by The Business Times,Asian Tour,54,Virginia,LIV Golf,T52,Korea,LIV Golf,T31,Andalucia,LIV Golf,-1.32,-0.69
HARKINS,BRANDON,Korn Ferry Tour,CUT,Colonial Life Charity Classic,Korn Ferry Tour,CUT,Visit Knoxville Open,Korn Ferry Tour,T30,UNC Health Championship,Korn Ferry Tour,CUT,BMW Charity Pro-Am Presented by TD SYNNEX,Korn Ferry Tour,CUT,OccuNet Classic presented by Amarillo National Bank,Korn Ferry Tour,-1.32,0.6
NORLANDER,HENRIK,Korn Ferry Tour,CUT,ONEflight Myrtle Beach Classic,PGA Tour,T36,Colonial Life Charity Classic,Korn Ferry Tour,CUT,THE CJ CUP Byron Nelson,PGA Tour,CUT,UNC Health Championship,Korn Ferry Tour,T40,BMW Charity Pro-Am Presented by TD SYNNEX,Korn Ferry Tour,-1.33,-0.26
RAMSAY,RICHIE,DP World Tour,T18,Turkish Airlines Open,DP World Tour,T17,Estrella Damm Catalunya Championship,DP World Tour,CUT,Soudal Open,DP World Tour,CUT,Austrian Alpine Open presented by Kitzbühel Tirol,DP World Tour,CUT,KLM Open,DP World Tour,-1.33,-0.37
VIDAL,QUIM,DP World Tour,T65,Turkish Airlines Open,DP World Tour,T59,Estrella Damm Catalunya Championship,DP World Tour,CUT,Soudal Open,DP World Tour,CUT,Austrian Alpine Open presented by Kitzbühel Tirol,DP World Tour,CUT,KLM Open,DP World Tour,-1.33,0.66
SHELTON,ROBBY,Korn Ferry Tour,CUT,Colonial Life Charity Classic,Korn Ferry Tour,T29,Visit Knoxville Open,Korn Ferry Tour,T13,UNC Health Championship,Korn Ferry Tour,CUT,BMW Charity Pro-Am Presented by TD SYNNEX,Korn Ferry Tour,WD,OccuNet Classic presented by Amarillo National Bank,Korn Ferry Tour,-1.34,-0.24
DOUGHERTY,KEVIN,Korn Ferry Tour,CUT,LECOM Suncoast Classic,Korn Ferry Tour,CUT,Colonial Life Charity Classic,Korn Ferry Tour,T15,Visit Knoxville Open,Korn Ferry Tour,CUT,BMW Charity Pro-Am Presented by TD SYNNEX,Korn Ferry Tour,T14,OccuNet Classic presented by Amarillo National Bank,Korn Ferry Tour,-1.34,-0.44
CREEL,JOSHUA,Korn Ferry Tour,T60,Colonial Life Charity Classic,Korn Ferry Tour,CUT,Visit Knoxville Open,Korn Ferry Tour,CUT,UNC Health Championship,Korn Ferry Tour,CUT,BMW Charity Pro-Am Presented by TD SYNNEX,Korn Ferry Tour,T10,OccuNet Classic presented by Amarillo National Bank,Korn Ferry Tour,-1.35,0.44
SARGENT,GORDON,PGA Tour,CUT,Texas Children's Houston Open,PGA Tour,T54,Valero Texas Open,PGA Tour,T17,Zurich Classic of New Orleans,PGA Tour,CUT,ONEflight Myrtle Beach Classic,PGA Tour,CUT,THE CJ CUP Byron Nelson,PGA Tour,-1.35,-0.16
JONSSON,TOBIAS,DP World Tour,T18,Turkish Airlines Open,DP World Tour,T70,Estrella Damm Catalunya Championship,DP World Tour,CUT,Soudal Open,DP World Tour,T47,Austrian Alpine Open presented by Kitzbühel Tirol,DP World Tour,CUT,KLM Open,DP World Tour,-1.35,-0.22
SURI,JULIAN,Korn Ferry Tour,CUT,Tulum Championship at PGA Riviera Maya,Korn Ferry Tour,CUT,Visit Knoxville Open,Korn Ferry Tour,CUT,UNC Health Championship,Korn Ferry Tour,T40,BMW Charity Pro-Am Presented by TD SYNNEX,Korn Ferry Tour,T10,OccuNet Classic presented by Amarillo National Bank,Korn Ferry Tour,-1.35,-0.5
LIST,LUKE,Korn Ferry Tour,T57,Tulum Championship at PGA Riviera Maya,Korn Ferry Tour,CUT,Zurich Classic of New Orleans,PGA Tour,CUT,Estrella Damm Catalunya Championship,DP World Tour,T40,THE CJ CUP Byron Nelson,PGA Tour,T38,UNC Health Championship,Korn Ferry Tour,-1.36,-0.1
BAIRSTOW,SAM,DP World Tour,T29,Turkish Airlines Open,DP World Tour,T43,Estrella Damm Catalunya Championship,DP World Tour,CUT,Soudal Open,DP World Tour,CUT,Austrian Alpine Open presented by Kitzbühel Tirol,DP World Tour,CUT,KLM Open,DP World Tour,-1.36,-0.29
DAHMEN,JOEL,PGA Tour,T62,Cadillac Championship,PGA Tour,CUT,ONEflight Myrtle Beach Classic,PGA Tour,CUT,THE CJ CUP Byron Nelson,PGA Tour,T42,Charles Schwab Challenge,PGA Tour,CUT,RBC Canadian Open,PGA Tour,-1.37,-1.05
NESMITH,MATT,Korn Ferry Tour,T80,Colonial Life Charity Classic,Korn Ferry Tour,T52,Visit Knoxville Open,Korn Ferry Tour,CUT,UNC Health Championship,Korn Ferry Tour,T12,BMW Charity Pro-Am Presented by TD SYNNEX,Korn Ferry Tour,T40,OccuNet Classic presented by Amarillo National Bank,Korn Ferry Tour,-1.38,0.15
FRANCOEUR,CHRIS,Korn Ferry Tour,CUT,Colonial Life Charity Classic,Korn Ferry Tour,T29,Visit Knoxville Open,Korn Ferry Tour,T55,UNC Health Championship,Korn Ferry Tour,T48,BMW Charity Pro-Am Presented by TD SYNNEX,Korn Ferry Tour,T55,OccuNet Classic presented by Amarillo National Bank,Korn Ferry Tour,-1.39,-0.39
DICKSON,TAYLOR,Korn Ferry Tour,CUT,Colonial Life Charity Classic,Korn Ferry Tour,T46,Visit Knoxville Open,Korn Ferry Tour,CUT,UNC Health Championship,Korn Ferry Tour,T3,BMW Charity Pro-Am Presented by TD SYNNEX,Korn Ferry Tour,T55,OccuNet Classic presented by Amarillo National Bank,Korn Ferry Tour,-1.39,0.1
KUEST,PETER,Korn Ferry Tour,T13,LECOM Suncoast Classic,Korn Ferry Tour,CUT,Tulum Championship at PGA Riviera Maya,Korn Ferry Tour,CUT,Colonial Life Charity Classic,Korn Ferry Tour,CUT,Visit Knoxville Open,Korn Ferry Tour,T60,UNC Health Championship,Korn Ferry Tour,-1.41,-0.46
CELLI,FILIPPO,DP World Tour,CUT,Turkish Airlines Open,DP World Tour,T51,Estrella Damm Catalunya Championship,DP World Tour,CUT,Soudal Open,DP World Tour,T17,Austrian Alpine Open presented by Kitzbühel Tirol,DP World Tour,WD,KLM Open,DP World Tour,-1.42,0.08
DUNCAN,TYLER,Korn Ferry Tour,CUT,Colonial Life Charity Classic,Korn Ferry Tour,T40,THE CJ CUP Byron Nelson,PGA Tour,CUT,UNC Health Championship,Korn Ferry Tour,CUT,BMW Charity Pro-Am Presented by TD SYNNEX,Korn Ferry Tour,T28,OccuNet Classic presented by Amarillo National Bank,Korn Ferry Tour,-1.42,-0.38
LAIRD,MARTIN,Korn Ferry Tour,WD,LECOM Suncoast Classic,Korn Ferry Tour,T65,ONEflight Myrtle Beach Classic,PGA Tour,T47,Colonial Life Charity Classic,Korn Ferry Tour,CUT,THE CJ CUP Byron Nelson,PGA Tour,T48,UNC Health Championship,Korn Ferry Tour,-1.42,-0.41
LEMKE,NIKLAS,DP World Tour,CUT,Qatar Masters,DP World Tour,T34,Magical Kenya Open presented by absa,DP World Tour,WD,Hainan Classic presented by MAEXTRO,DP World Tour,CUT,Austrian Alpine Open presented by Kitzbühel Tirol,DP World Tour,CUT,KLM Open,DP World Tour,-1.43,-0.36
REILLY,LOGAN,Amateur,T11,Mason Rudolph Championship,Amateur,T15,Ford Collegiate,Amateur,T24,2026 SEC Men's Golf Championship Stroke Play,Amateur,T39,NCAA Athens Regional,Amateur,T19,NCAA DI Men's National Championship- Stroke Play,Amateur,-1.43,0.69
PEAKE,RYAN,DP World Tour,CUT,Estrella Damm Catalunya Championship,DP World Tour,CUT,Soudal Open,DP World Tour,CUT,Austrian Alpine Open presented by Kitzbühel Tirol,DP World Tour,T32,KLM Open,DP World Tour,CUT,International Series Morocco presented by Visit Morocco,Asian Tour,-1.43,0.55
ANDERSON,MATTHEW,Korn Ferry Tour,CUT,Colonial Life Charity Classic,Korn Ferry Tour,CUT,Visit Knoxville Open,Korn Ferry Tour,CUT,UNC Health Championship,Korn Ferry Tour,CUT,BMW Charity Pro-Am Presented by TD SYNNEX,Korn Ferry Tour,T11,RBC Canadian Open,PGA Tour,-1.44,-0.02
LEE,ERIC,Amateur,T23,Augusta Haskins Award Invitational,Amateur,T39,Mountaineer Invitational at Pete Dye,Amateur,T19,Big 12 Men's Golf Championship,Amateur,T1,NCAA Marana Regional,Amateur,T49,NCAA DI Men's National Championship- Stroke Play,Amateur,-1.44,0.04
BIONDI,FRED,DP World Tour,T38,Turkish Airlines Open,DP World Tour,CUT,Estrella Damm Catalunya Championship,DP World Tour,CUT,Soudal Open,DP World Tour,CUT,Austrian Alpine Open presented by Kitzbühel Tirol,DP World Tour,CUT,KLM Open,DP World Tour,-1.45,-0.09
CROCKER,SEAN,DP World Tour,CUT,Turkish Airlines Open,DP World Tour,CUT,Estrella Damm Catalunya Championship,DP World Tour,T41,Soudal Open,DP World Tour,T63,Austrian Alpine Open presented by Kitzbühel Tirol,DP World Tour,CUT,KLM Open,DP World Tour,-1.45,-0.25
WALKER,DANNY,PGA Tour,CUT,Zurich Classic of New Orleans,PGA Tour,T38,ONEflight Myrtle Beach Classic,PGA Tour,CUT,THE CJ CUP Byron Nelson,PGA Tour,CUT,Charles Schwab Challenge,PGA Tour,CUT,RBC Canadian Open,PGA Tour,-1.46,-0.37
CANTERO GUTIERREZ,IVAN,DP World Tour,CUT,Turkish Airlines Open,DP World Tour,T17,Estrella Damm Catalunya Championship,DP World Tour,T53,Soudal Open,DP World Tour,T26,Austrian Alpine Open presented by Kitzbühel Tirol,DP World Tour,CUT,KLM Open,DP World Tour,-1.47,-0.06
PAUL,JEREMY,Korn Ferry Tour,79,Colonial Life Charity Classic,Korn Ferry Tour,CUT,THE CJ CUP Byron Nelson,PGA Tour,T3,UNC Health Championship,Korn Ferry Tour,T48,BMW Charity Pro-Am Presented by TD SYNNEX,Korn Ferry Tour,74,RBC Canadian Open,PGA Tour,-1.47,-0.4
NAIDOO,DYLAN,DP World Tour,CUT,Turkish Airlines Open,DP World Tour,T64,Estrella Damm Catalunya Championship,DP World Tour,CUT,Soudal Open,DP World Tour,CUT,Austrian Alpine Open presented by Kitzbühel Tirol,DP World Tour,CUT,KLM Open,DP World Tour,-1.47,0.63
GUTSCHEWSKI,LUKE,Korn Ferry Tour,T60,Colonial Life Charity Classic,Korn Ferry Tour,CUT,Visit Knoxville Open,Korn Ferry Tour,T30,UNC Health Championship,Korn Ferry Tour,T54,BMW Charity Pro-Am Presented by TD SYNNEX,Korn Ferry Tour,CUT,OccuNet Classic presented by Amarillo National Bank,Korn Ferry Tour,-1.48,-0.42
MAZZOLI,STEFANO,DP World Tour,CUT,Turkish Airlines Open,DP World Tour,T13,Estrella Damm Catalunya Championship,DP World Tour,CUT,Soudal Open,DP World Tour,CUT,Austrian Alpine Open presented by Kitzbühel Tirol,DP World Tour,T48,KLM Open,DP World Tour,-1.48,-0.34
GIBSON,RHEIN,Korn Ferry Tour,CUT,Colonial Life Charity Classic,Korn Ferry Tour,CUT,Visit Knoxville Open,Korn Ferry Tour,CUT,UNC Health Championship,Korn Ferry Tour,CUT,BMW Charity Pro-Am Presented by TD SYNNEX,Korn Ferry Tour,CUT,OccuNet Classic presented by Amarillo National Bank,Korn Ferry Tour,-1.48,-0.05
FEAGLES,MICHAEL,Korn Ferry Tour,T84,Colonial Life Charity Classic,Korn Ferry Tour,CUT,Visit Knoxville Open,Korn Ferry Tour,CUT,UNC Health Championship,Korn Ferry Tour,CUT,BMW Charity Pro-Am Presented by TD SYNNEX,Korn Ferry Tour,T40,OccuNet Classic presented by Amarillo National Bank,Korn Ferry Tour,-1.48,-0.19
COCKERILL,AARON,DP World Tour,WD,Hero Indian Open,DP World Tour,T45,Volvo China Open,DP World Tour,CUT,Turkish Airlines Open,DP World Tour,T64,Estrella Damm Catalunya Championship,DP World Tour,CUT,Soudal Open,DP World Tour,-1.5,-0.47
WHITNEY,TOM,Korn Ferry Tour,CUT,Tulum Championship at PGA Riviera Maya,Korn Ferry Tour,T73,Colonial Life Charity Classic,Korn Ferry Tour,T66,Visit Knoxville Open,Korn Ferry Tour,T26,BMW Charity Pro-Am Presented by TD SYNNEX,Korn Ferry Tour,CUT,OccuNet Classic presented by Amarillo National Bank,Korn Ferry Tour,-1.5,-0.42
LOWER,JUSTIN,PGA Tour,CUT,Valero Texas Open,PGA Tour,T32,Zurich Classic of New Orleans,PGA Tour,T45,ONEflight Myrtle Beach Classic,PGA Tour,T47,THE CJ CUP Byron Nelson,PGA Tour,CUT,RBC Canadian Open,PGA Tour,-1.52,-0.5
BURNETT,RYAN,Korn Ferry Tour,T47,Colonial Life Charity Classic,Korn Ferry Tour,T50,Visit Knoxville Open,Korn Ferry Tour,T30,UNC Health Championship,Korn Ferry Tour,CUT,BMW Charity Pro-Am Presented by TD SYNNEX,Korn Ferry Tour,CUT,OccuNet Classic presented by Amarillo National Bank,Korn Ferry Tour,-1.54,-0.13
GUMBERG,JORDAN,DP World Tour,78,Turkish Airlines Open,DP World Tour,CUT,PGA Championship,Major,CUT,Soudal Open,DP World Tour,CUT,Austrian Alpine Open presented by Kitzbühel Tirol,DP World Tour,T21,KLM Open,DP World Tour,-1.54,0.04
DUNCAN,AUSTIN,Korn Ferry Tour,CUT,Diners Club Peru Open,PGA Tour Americas,68,Visit Knoxville Open,Korn Ferry Tour,CUT,UNC Health Championship,Korn Ferry Tour,T26,BMW Charity Pro-Am Presented by TD SYNNEX,Korn Ferry Tour,CUT,OccuNet Classic presented by Amarillo National Bank,Korn Ferry Tour,-1.54,0.22
ARNAUS,ADRI,DP World Tour,CUT,Turkish Airlines Open,DP World Tour,T54,Estrella Damm Catalunya Championship,DP World Tour,CUT,Soudal Open,DP World Tour,CUT,Austrian Alpine Open presented by Kitzbühel Tirol,DP World Tour,T55,KLM Open,DP World Tour,-1.54,-0.05
TARREN,CALLUM,DP World Tour,T70,Estrella Damm Catalunya Championship,DP World Tour,CUT,Challenge de Catalunya,Challenge Tour,CUT,Soudal Open,DP World Tour,CUT,Austrian Alpine Open presented by Kitzbühel Tirol,DP World Tour,T28,KLM Open,DP World Tour,-1.54,0.04
MAICHON,PHICHAKSN,Korn Ferry Tour,T51,Colonial Life Charity Classic,Korn Ferry Tour,CUT,Visit Knoxville Open,Korn Ferry Tour,CUT,UNC Health Championship,Korn Ferry Tour,CUT,BMW Charity Pro-Am Presented by TD SYNNEX,Korn Ferry Tour,CUT,OccuNet Classic presented by Amarillo National Bank,Korn Ferry Tour,-1.56,-0.07
WILKES,TYLER,Korn Ferry Tour,CUT,94 Abierto del Centro Zurich presentado por Personal,PGA Tour Americas,59,Diners Club Peru Open,PGA Tour Americas,T23,Visit Knoxville Open,Korn Ferry Tour,T3,UNC Health Championship,Korn Ferry Tour,CUT,BMW Charity Pro-Am Presented by TD SYNNEX,Korn Ferry Tour,-1.57,0.05
WU,BRANDON,Korn Ferry Tour,CUT,Tulum Championship at PGA Riviera Maya,Korn Ferry Tour,T36,Colonial Life Charity Classic,Korn Ferry Tour,CUT,Visit Knoxville Open,Korn Ferry Tour,T19,UNC Health Championship,Korn Ferry Tour,T48,BMW Charity Pro-Am Presented by TD SYNNEX,Korn Ferry Tour,-1.57,0.13
RILEY,DAVIS,PGA Tour,T45,ONEflight Myrtle Beach Classic,PGA Tour,CUT,PGA Championship,Major,CUT,THE CJ CUP Byron Nelson,PGA Tour,T71,Charles Schwab Challenge,PGA Tour,CUT,RBC Canadian Open,PGA Tour,-1.57,-0.32
VANDERLAAN,JOHN,PGA Tour,CUT,Zurich Classic of New Orleans,PGA Tour,T60,ONEflight Myrtle Beach Classic,PGA Tour,T67,THE CJ CUP Byron Nelson,PGA Tour,CUT,Charles Schwab Challenge,PGA Tour,CUT,RBC Canadian Open,PGA Tour,-1.57,-1.02
KOZAN,ANDREW,Korn Ferry Tour,T50,Tulum Championship at PGA Riviera Maya,Korn Ferry Tour,CUT,Visit Knoxville Open,Korn Ferry Tour,T60,UNC Health Championship,Korn Ferry Tour,CUT,BMW Charity Pro-Am Presented by TD SYNNEX,Korn Ferry Tour,T6,OccuNet Classic presented by Amarillo National Bank,Korn Ferry Tour,-1.57,-0.16
TABUENA,MIGUEL,LIV Golf,T49,Mexico City,LIV Golf,25,Virginia,LIV Golf,T50,Korea,LIV Golf,T42,Andalucia,LIV Golf,CUT,International Series Morocco presented by Visit Morocco,Asian Tour,-1.58,-0.31
GABRELCIK,NICK,Korn Ferry Tour,CUT,Colonial Life Charity Classic,Korn Ferry Tour,CUT,Visit Knoxville Open,Korn Ferry Tour,CUT,UNC Health Championship,Korn Ferry Tour,CUT,BMW Charity Pro-Am Presented by TD SYNNEX,Korn Ferry Tour,CUT,OccuNet Classic presented by Amarillo National Bank,Korn Ferry Tour,-1.61,-0.54
PEACOCK,JAKE,Korn Ferry Tour,CUT,94 Abierto del Centro Zurich presentado por Personal,PGA Tour Americas,T24,Diners Club Peru Open,PGA Tour Americas,T29,Visit Knoxville Open,Korn Ferry Tour,T40,BMW Charity Pro-Am Presented by TD SYNNEX,Korn Ferry Tour,CUT,OccuNet Classic presented by Amarillo National Bank,Korn Ferry Tour,-1.61,0.13
CONE,TREVOR,Korn Ferry Tour,CUT,Colonial Life Charity Classic,Korn Ferry Tour,CUT,Visit Knoxville Open,Korn Ferry Tour,CUT,UNC Health Championship,Korn Ferry Tour,CUT,BMW Charity Pro-Am Presented by TD SYNNEX,Korn Ferry Tour,CUT,OccuNet Classic presented by Amarillo National Bank,Korn Ferry Tour,-1.62,-1.23
HOFFMAN,CHARLEY,PGA Tour,CUT,Valero Texas Open,PGA Tour,CUT,Zurich Classic of New Orleans,PGA Tour,T54,THE CJ CUP Byron Nelson,PGA Tour,CUT,Charles Schwab Challenge,PGA Tour,CUT,RBC Canadian Open,PGA Tour,-1.62,0.28
GIRRBACH,JOEL,DP World Tour,CUT,Turkish Airlines Open,DP World Tour,CUT,Estrella Damm Catalunya Championship,DP World Tour,CUT,Soudal Open,DP World Tour,11,Austrian Alpine Open presented by Kitzbühel Tirol,DP World Tour,WD,KLM Open,DP World Tour,-1.62,-0.8
ONISHI,KAITO,Japan Golf Tour,T32,MAEZAWA CUP,Japan Golf Tour,T53,The Crowns,Japan Golf Tour,CUT,Kansai Open Golf Championship,Japan Golf Tour,CUT,Gate Way To The Open Mizuno Open,Japan Golf Tour,T10,BMW Japan Golf Tour Championship Mori Building Cup,Japan Golf Tour,-1.66,0.4
LAGERGREN,JOAKIM,DP World Tour,T18,Turkish Airlines Open,DP World Tour,T17,Estrella Damm Catalunya Championship,DP World Tour,CUT,Soudal Open,DP World Tour,CUT,Austrian Alpine Open presented by Kitzbühel Tirol,DP World Tour,CUT,KLM Open,DP World Tour,-1.66,-1.03
ZANOTTI,FABRIZIO,DP World Tour,CUT,Estrella Damm Catalunya Championship,DP World Tour,T51,Challenge de Catalunya,Challenge Tour,T17,Soudal Open,DP World Tour,CUT,Austrian Alpine Open presented by Kitzbühel Tirol,DP World Tour,CUT,KLM Open,DP World Tour,-1.67,-0.04
BYRD,JONATHAN,Korn Ferry Tour,CUT,Puerto Rico Open,PGA Tour,CUT,LECOM Suncoast Classic,Korn Ferry Tour,CUT,Zurich Classic of New Orleans,PGA Tour,CUT,Colonial Life Charity Classic,Korn Ferry Tour,T59,THE CJ CUP Byron Nelson,PGA Tour,-1.69,-0.96
MORY,FELIX,DP World Tour,CUT,Turkish Airlines Open,DP World Tour,CUT,Estrella Damm Catalunya Championship,DP World Tour,CUT,Soudal Open,DP World Tour,T26,Austrian Alpine Open presented by Kitzbühel Tirol,DP World Tour,CUT,KLM Open,DP World Tour,-1.7,0.03
DEL SOLAR,CRISTOBAL,Korn Ferry Tour,CUT,Colonial Life Charity Classic,Korn Ferry Tour,CUT,Visit Knoxville Open,Korn Ferry Tour,CUT,UNC Health Championship,Korn Ferry Tour,T7,BMW Charity Pro-Am Presented by TD SYNNEX,Korn Ferry Tour,CUT,OccuNet Classic presented by Amarillo National Bank,Korn Ferry Tour,-1.75,-0.25
FERNANDEZ VALDES,JORGE,Korn Ferry Tour,T69,Colonial Life Charity Classic,Korn Ferry Tour,T23,Visit Knoxville Open,Korn Ferry Tour,65,UNC Health Championship,Korn Ferry Tour,CUT,BMW Charity Pro-Am Presented by TD SYNNEX,Korn Ferry Tour,T65,OccuNet Classic presented by Amarillo National Bank,Korn Ferry Tour,-1.76,-1.1
THORNBERRY,BRADEN,Korn Ferry Tour,CUT,Tulum Championship at PGA Riviera Maya,Korn Ferry Tour,T51,Colonial Life Charity Classic,Korn Ferry Tour,CUT,Visit Knoxville Open,Korn Ferry Tour,T66,UNC Health Championship,Korn Ferry Tour,39,BMW Charity Pro-Am Presented by TD SYNNEX,Korn Ferry Tour,-1.76,-0.13
LEWIS,BRYCE,Korn Ferry Tour,T60,Colonial Life Charity Classic,Korn Ferry Tour,T3,Visit Knoxville Open,Korn Ferry Tour,CUT,UNC Health Championship,Korn Ferry Tour,CUT,BMW Charity Pro-Am Presented by TD SYNNEX,Korn Ferry Tour,CUT,OccuNet Classic presented by Amarillo National Bank,Korn Ferry Tour,-1.76,-0.39
GARCIA RODRIGUEZ,SEBASTIAN,DP World Tour,T52,Volvo China Open,DP World Tour,CUT,Estrella Damm Catalunya Championship,DP World Tour,CUT,Soudal Open,DP World Tour,66,Austrian Alpine Open presented by Kitzbühel Tirol,DP World Tour,T60,KLM Open,DP World Tour,-1.77,-0.42
PAUL,YANNIK,DP World Tour,T43,Estrella Damm Catalunya Championship,DP World Tour,CUT,Challenge de Catalunya,Challenge Tour,CUT,Soudal Open,DP World Tour,CUT,Austrian Alpine Open presented by Kitzbühel Tirol,DP World Tour,CUT,KLM Open,DP World Tour,-1.77,0.15
CREIGHTON,MYLES,Korn Ferry Tour,CUT,Club Car Championship at The Landings Golf & Athletic Club,Korn Ferry Tour,T62,LECOM Suncoast Classic,Korn Ferry Tour,CUT,Colonial Life Charity Classic,Korn Ferry Tour,CUT,Visit Knoxville Open,Korn Ferry Tour,CUT,UNC Health Championship,Korn Ferry Tour,-1.78,-0.3
STEGMAIER,BRETT,Korn Ferry Tour,CUT,Tulum Championship at PGA Riviera Maya,Korn Ferry Tour,CUT,Colonial Life Charity Classic,Korn Ferry Tour,CUT,Visit Knoxville Open,Korn Ferry Tour,T55,UNC Health Championship,Korn Ferry Tour,CUT,BMW Charity Pro-Am Presented by TD SYNNEX,Korn Ferry Tour,-1.78,-0.16
INFANTI,NICK,Korn Ferry Tour,CUT,Colonial Life Charity Classic,Korn Ferry Tour,CUT,Visit Knoxville Open,Korn Ferry Tour,CUT,UNC Health Championship,Korn Ferry Tour,T33,BMW Charity Pro-Am Presented by TD SYNNEX,Korn Ferry Tour,CUT,OccuNet Classic presented by Amarillo National Bank,Korn Ferry Tour,-1.78,0.35
MONTGOMERY,TAYLOR,Korn Ferry Tour,CUT,ONEflight Myrtle Beach Classic,PGA Tour,T51,Colonial Life Charity Classic,Korn Ferry Tour,CUT,THE CJ CUP Byron Nelson,PGA Tour,CUT,UNC Health Championship,Korn Ferry Tour,CUT,OccuNet Classic presented by Amarillo National Bank,Korn Ferry Tour,-1.79,-1.46
NESBITT,DREW,Korn Ferry Tour,CUT,Tulum Championship at PGA Riviera Maya,Korn Ferry Tour,CUT,Colonial Life Charity Classic,Korn Ferry Tour,T50,Visit Knoxville Open,Korn Ferry Tour,CUT,UNC Health Championship,Korn Ferry Tour,CUT,RBC Canadian Open,PGA Tour,-1.79,-0.24
VAN HORNE,ASHTON,Korn Ferry Tour,CUT,LECOM Suncoast Classic,Korn Ferry Tour,CUT,Visit Knoxville Open,Korn Ferry Tour,T19,UNC Health Championship,Korn Ferry Tour,T40,BMW Charity Pro-Am Presented by TD SYNNEX,Korn Ferry Tour,CUT,Inter Rapidisimo Golf Championship,PGA Tour Americas,-1.79,-0.51
NIMMER,BRYSON,Korn Ferry Tour,CUT,Colonial Life Charity Classic,Korn Ferry Tour,CUT,Visit Knoxville Open,Korn Ferry Tour,CUT,UNC Health Championship,Korn Ferry Tour,CUT,BMW Charity Pro-Am Presented by TD SYNNEX,Korn Ferry Tour,T28,OccuNet Classic presented by Amarillo National Bank,Korn Ferry Tour,-1.8,0.04
SIEM,MARCEL,DP World Tour,T18,Joburg Open,DP World Tour,WD,Volvo China Open,DP World Tour,T53,Soudal Open,DP World Tour,CUT,Austrian Alpine Open presented by Kitzbühel Tirol,DP World Tour,T32,KLM Open,DP World Tour,-1.8,-0.23
WILLIAMS,ROBIN,DP World Tour,T15,Challenge de Catalunya,Challenge Tour,CUT,Soudal Open,DP World Tour,CUT,Austrian Alpine Open presented by Kitzbühel Tirol,DP World Tour,T45,KLM Open,DP World Tour,T28,Interwetten Open,Challenge Tour,-1.81,-0.14
LEE,K.H.,Korn Ferry Tour,CUT,Valero Texas Open,PGA Tour,CUT,Tulum Championship at PGA Riviera Maya,Korn Ferry Tour,CUT,THE CJ CUP Byron Nelson,PGA Tour,CUT,UNC Health Championship,Korn Ferry Tour,CUT,BMW Charity Pro-Am Presented by TD SYNNEX,Korn Ferry Tour,-1.81,0.42
HIGHSMITH,JOE,PGA Tour,T67,ONEflight Myrtle Beach Classic,PGA Tour,CUT,PGA Championship,Major,CUT,THE CJ CUP Byron Nelson,PGA Tour,CUT,Charles Schwab Challenge,PGA Tour,70,RBC Canadian Open,PGA Tour,-1.81,-0.42
GORDON,WILL,Korn Ferry Tour,T23,Colonial Life Charity Classic,Korn Ferry Tour,CUT,THE CJ CUP Byron Nelson,PGA Tour,CUT,UNC Health Championship,Korn Ferry Tour,CUT,BMW Charity Pro-Am Presented by TD SYNNEX,Korn Ferry Tour,CUT,OccuNet Classic presented by Amarillo National Bank,Korn Ferry Tour,-1.83,-0.6
NUNEZ,AUGUSTO,Korn Ferry Tour,CUT,Colonial Life Charity Classic,Korn Ferry Tour,T52,Visit Knoxville Open,Korn Ferry Tour,CUT,UNC Health Championship,Korn Ferry Tour,CUT,BMW Charity Pro-Am Presented by TD SYNNEX,Korn Ferry Tour,CUT,OccuNet Classic presented by Amarillo National Bank,Korn Ferry Tour,-1.85,0.13
MCDOWELL,GRAEME,LIV Golf,T53,South Africa,LIV Golf,T52,Mexico City,LIV Golf,T18,Virginia,LIV Golf,T45,Korea,LIV Golf,51,Andalucia,LIV Golf,-1.85,-0.85
FANG,ETHAN,Amateur,CUT,Masters Tournament,Major,T47,Mountaineer Invitational at Pete Dye,Amateur,8,Big 12 Men's Golf Championship,Amateur,T25,NCAA Marana Regional,Amateur,T42,NCAA DI Men's National Championship- Stroke Play,Amateur,-1.86,-0.21
MERRITT,TROY,PGA Tour,CUT,Zurich Classic of New Orleans,PGA Tour,T75,ONEflight Myrtle Beach Classic,PGA Tour,T54,THE CJ CUP Byron Nelson,PGA Tour,T48,UNC Health Championship,Korn Ferry Tour,CUT,BMW Charity Pro-Am Presented by TD SYNNEX,Korn Ferry Tour,-1.86,-0.52
MAGUIRE,JACK,Korn Ferry Tour,CUT,Tulum Championship at PGA Riviera Maya,Korn Ferry Tour,CUT,Colonial Life Charity Classic,Korn Ferry Tour,T52,Visit Knoxville Open,Korn Ferry Tour,CUT,UNC Health Championship,Korn Ferry Tour,CUT,OccuNet Classic presented by Amarillo National Bank,Korn Ferry Tour,-1.86,-0.04
OPPENHEIM,ROB,Korn Ferry Tour,83,Colonial Life Charity Classic,Korn Ferry Tour,CUT,Visit Knoxville Open,Korn Ferry Tour,69,UNC Health Championship,Korn Ferry Tour,CUT,BMW Charity Pro-Am Presented by TD SYNNEX,Korn Ferry Tour,CUT,OccuNet Classic presented by Amarillo National Bank,Korn Ferry Tour,-1.87,-0.07
CAMPBELL,BEN,LIV Golf,56,Mexico City,LIV Golf,53,Virginia,LIV Golf,T12,Korea,LIV Golf,T31,Andalucia,LIV Golf,CUT,International Series Morocco presented by Visit Morocco,Asian Tour,-1.87,-0.5
HELLGREN,BJORN,LIV Golf,T9,Singapore Open presented by The Business Times,Asian Tour,T35,Virginia,LIV Golf,56,Korea,LIV Golf,54,Andalucia,LIV Golf,T37,International Series Morocco presented by Visit Morocco,Asian Tour,-1.9,-0.42
SARGENT,BILLY TOM,Korn Ferry Tour,CUT,Colonial Life Charity Classic,Korn Ferry Tour,CUT,Visit Knoxville Open,Korn Ferry Tour,CUT,UNC Health Championship,Korn Ferry Tour,CUT,BMW Charity Pro-Am Presented by TD SYNNEX,Korn Ferry Tour,T14,OccuNet Classic presented by Amarillo National Bank,Korn Ferry Tour,-1.93,-0.6
VAN PARIS,JACKSON,Korn Ferry Tour,64,Tulum Championship at PGA Riviera Maya,Korn Ferry Tour,CUT,Colonial Life Charity Classic,Korn Ferry Tour,CUT,Visit Knoxville Open,Korn Ferry Tour,CUT,UNC Health Championship,Korn Ferry Tour,CUT,BMW Charity Pro-Am Presented by TD SYNNEX,Korn Ferry Tour,-1.94,-0.8
WOLFF,MATTHEW,LIV Golf,T53,South Africa,LIV Golf,T5,Mexico City,LIV Golf,T44,Virginia,LIV Golf,57,Korea,LIV Golf,T37,Andalucia,LIV Golf,-1.95,-0.65
SEWELL,CHAD,Korn Ferry Tour,CUT,Colonial Life Charity Classic,Korn Ferry Tour,T60,Visit Knoxville Open,Korn Ferry Tour,CUT,UNC Health Championship,Korn Ferry Tour,CUT,BMW Charity Pro-Am Presented by TD SYNNEX,Korn Ferry Tour,CUT,OccuNet Classic presented by Amarillo National Bank,Korn Ferry Tour,-1.97,-0.46
SENIOR,JACK,DP World Tour,T70,Turkish Airlines Open,DP World Tour,T37,Estrella Damm Catalunya Championship,DP World Tour,CUT,Soudal Open,DP World Tour,CUT,Austrian Alpine Open presented by Kitzbühel Tirol,DP World Tour,WD,KLM Open,DP World Tour,-1.99,-0.72
CHARMASSON,CLEMENT,DP World Tour,CUT,Turkish Airlines Open,DP World Tour,CUT,Estrella Damm Catalunya Championship,DP World Tour,T47,Soudal Open,DP World Tour,CUT,Austrian Alpine Open presented by Kitzbühel Tirol,DP World Tour,CUT,KLM Open,DP World Tour,-2.01,-0.36
SANDHU,YUVRAJ SINGH,DP World Tour,T43,Turkish Airlines Open,DP World Tour,T31,Estrella Damm Catalunya Championship,DP World Tour,T63,Soudal Open,DP World Tour,CUT,Austrian Alpine Open presented by Kitzbühel Tirol,DP World Tour,CUT,KLM Open,DP World Tour,-2.03,-0.39
HORSFIELD,SAM,LIV Golf,T44,South Africa,LIV Golf,T32,Mexico City,LIV Golf,55,Virginia,LIV Golf,55,Korea,LIV Golf,T45,Andalucia,LIV Golf,-2.05,0.06
MARTIN,BEN,PGA Tour,T60,Colonial Life Charity Classic,Korn Ferry Tour,CUT,THE CJ CUP Byron Nelson,PGA Tour,CUT,Charles Schwab Challenge,PGA Tour,CUT,BMW Charity Pro-Am Presented by TD SYNNEX,Korn Ferry Tour,CUT,RBC Canadian Open,PGA Tour,-2.06,-0.94
MACDONALD,STUART,Korn Ferry Tour,CUT,Colonial Life Charity Classic,Korn Ferry Tour,CUT,Visit Knoxville Open,Korn Ferry Tour,CUT,UNC Health Championship,Korn Ferry Tour,CUT,BMW Charity Pro-Am Presented by TD SYNNEX,Korn Ferry Tour,67,OccuNet Classic presented by Amarillo National Bank,Korn Ferry Tour,-2.08,-1.2
SUMMERHAYS,DANIEL,Korn Ferry Tour,T61,Tulum Championship at PGA Riviera Maya,Korn Ferry Tour,T60,Colonial Life Charity Classic,Korn Ferry Tour,CUT,UNC Health Championship,Korn Ferry Tour,T64,BMW Charity Pro-Am Presented by TD SYNNEX,Korn Ferry Tour,CUT,OccuNet Classic presented by Amarillo National Bank,Korn Ferry Tour,-2.09,-0.63
MICHELUZZI,DAVID,DP World Tour,T65,Turkish Airlines Open,DP World Tour,CUT,Estrella Damm Catalunya Championship,DP World Tour,CUT,Soudal Open,DP World Tour,CUT,Austrian Alpine Open presented by Kitzbühel Tirol,DP World Tour,WD,KLM Open,DP World Tour,-2.09,-0.37
BACHA,CARSON,Korn Ferry Tour,T73,Colonial Life Charity Classic,Korn Ferry Tour,T60,Visit Knoxville Open,Korn Ferry Tour,CUT,UNC Health Championship,Korn Ferry Tour,CUT,BMW Charity Pro-Am Presented by TD SYNNEX,Korn Ferry Tour,CUT,OccuNet Classic presented by Amarillo National Bank,Korn Ferry Tour,-2.12,-0.92
MEISEL,MARSHALL,Korn Ferry Tour,CUT,Colonial Life Charity Classic,Korn Ferry Tour,CUT,Visit Knoxville Open,Korn Ferry Tour,CUT,UNC Health Championship,Korn Ferry Tour,CUT,BMW Charity Pro-Am Presented by TD SYNNEX,Korn Ferry Tour,CUT,OccuNet Classic presented by Amarillo National Bank,Korn Ferry Tour,-2.14,-0.62
PULCINI,MATEO,Amateur,CUT,Masters Tournament,Major,T27,94 Abierto del Centro Zurich presentado por Personal,PGA Tour Americas,T2,Terron Amateur 2026,Amateur,,Abierto Ciudad de Rio Cuarto,Amateur,T54,St Andrews Links Trophy,Amateur,-2.16,0.45
KIM,MINKYU,LIV Golf,T6,The 45th GS Caltex Maekyung Open,ASA,56,Virginia,LIV Golf,DQ,Kolon The 68th KOREA Open,ASA,54,Korea,LIV Golf,50,Andalucia,LIV Golf,-2.17,-0.24
BREHM,RYAN,Korn Ferry Tour,CUT,ONEflight Myrtle Beach Classic,PGA Tour,CUT,Colonial Life Charity Classic,Korn Ferry Tour,CUT,THE CJ CUP Byron Nelson,PGA Tour,CUT,UNC Health Championship,Korn Ferry Tour,CUT,BMW Charity Pro-Am Presented by TD SYNNEX,Korn Ferry Tour,-2.18,-0.13
OIWA,RYUICHI,Japan Golf Tour,WD,The Crowns,Japan Golf Tour,T17,Kansai Open Golf Championship,Japan Golf Tour,T31,Japan PGA Championship Senko Group Cup,Japan Golf Tour,CUT,Gate Way To The Open Mizuno Open,Japan Golf Tour,T10,BMW Japan Golf Tour Championship Mori Building Cup,Japan Golf Tour,-2.2,-0.3
LARRAZABAL,PABLO,DP World Tour,CUT,Turkish Airlines Open,DP World Tour,CUT,Estrella Damm Catalunya Championship,DP World Tour,CUT,Soudal Open,DP World Tour,CUT,Austrian Alpine Open presented by Kitzbühel Tirol,DP World Tour,CUT,KLM Open,DP World Tour,-2.21,-0.38
CAMPOS,RAFAEL,PGA Tour,CUT,Valero Texas Open,PGA Tour,CUT,Zurich Classic of New Orleans,PGA Tour,CUT,ONEflight Myrtle Beach Classic,PGA Tour,CUT,THE CJ CUP Byron Nelson,PGA Tour,CUT,RBC Canadian Open,PGA Tour,-2.23,-0.44
GREY,J.J.,Korn Ferry Tour,CUT,LECOM Suncoast Classic,Korn Ferry Tour,T57,Diners Club Peru Open,PGA Tour Americas,CUT,Visit Knoxville Open,Korn Ferry Tour,T40,BMW Charity Pro-Am Presented by TD SYNNEX,Korn Ferry Tour,CUT,OccuNet Classic presented by Amarillo National Bank,Korn Ferry Tour,-2.23,-0.1
BROOMHEAD,JONOTHAN,DP World Tour,T43,Mediclinic Invitational,Sunshine Tour,T37,Estrella Damm Catalunya Championship,DP World Tour,T41,Soudal Open,DP World Tour,CUT,Austrian Alpine Open presented by Kitzbühel Tirol,DP World Tour,CUT,KLM Open,DP World Tour,-2.27,-0.24
VON DELLINGSHAUSEN,NICOLAI,DP World Tour,CUT,Turkish Airlines Open,DP World Tour,CUT,Estrella Damm Catalunya Championship,DP World Tour,T70,Soudal Open,DP World Tour,CUT,Austrian Alpine Open presented by Kitzbühel Tirol,DP World Tour,T66,KLM Open,DP World Tour,-2.28,-1.05
HERRINGTON,JACKSON,Amateur,T14,Pauma Valley Invitational presented by Heads Up,Amateur,CUT,Masters Tournament,Major,T60,2026 SEC Men's Golf Championship Stroke Play,Amateur,T44,NCAA Bryan Regional,Amateur,T46,NCAA DI Men's National Championship- Stroke Play,Amateur,-2.28,0.12
ASAJI,YOSUKE,LIV Golf,T35,Virginia,LIV Golf,T17,Japan PGA Championship Senko Group Cup,Japan Golf Tour,T41,Korea,LIV Golf,56,Andalucia,LIV Golf,CUT,International Series Morocco presented by Visit Morocco,Asian Tour,-2.29,-0.63
JAMIESON,SCOTT,DP World Tour,CUT,Turkish Airlines Open,DP World Tour,T54,Estrella Damm Catalunya Championship,DP World Tour,T63,Soudal Open,DP World Tour,CUT,Austrian Alpine Open presented by Kitzbühel Tirol,DP World Tour,T21,KLM Open,DP World Tour,-2.3,-0.95
ALEXANDER,TYSON,Korn Ferry Tour,CUT,Colonial Life Charity Classic,Korn Ferry Tour,CUT,Visit Knoxville Open,Korn Ferry Tour,CUT,UNC Health Championship,Korn Ferry Tour,CUT,BMW Charity Pro-Am Presented by TD SYNNEX,Korn Ferry Tour,CUT,OccuNet Classic presented by Amarillo National Bank,Korn Ferry Tour,-2.3,-0.15
CAPPELEN,SEBASTIAN,Korn Ferry Tour,CUT,Tulum Championship at PGA Riviera Maya,Korn Ferry Tour,CUT,Colonial Life Charity Classic,Korn Ferry Tour,CUT,Visit Knoxville Open,Korn Ferry Tour,CUT,UNC Health Championship,Korn Ferry Tour,T58,BMW Charity Pro-Am Presented by TD SYNNEX,Korn Ferry Tour,-2.3,-0.47
RIEDEL,MATTHEW,Korn Ferry Tour,T73,Colonial Life Charity Classic,Korn Ferry Tour,T60,Visit Knoxville Open,Korn Ferry Tour,CUT,UNC Health Championship,Korn Ferry Tour,CUT,BMW Charity Pro-Am Presented by TD SYNNEX,Korn Ferry Tour,CUT,OccuNet Classic presented by Amarillo National Bank,Korn Ferry Tour,-2.31,-0.61
ROSENMUELLER,THOMAS,Korn Ferry Tour,CUT,Colonial Life Charity Classic,Korn Ferry Tour,CUT,Visit Knoxville Open,Korn Ferry Tour,CUT,UNC Health Championship,Korn Ferry Tour,66,BMW Charity Pro-Am Presented by TD SYNNEX,Korn Ferry Tour,CUT,OccuNet Classic presented by Amarillo National Bank,Korn Ferry Tour,-2.32,-1.66
BUCHANAN,JACKSON,Korn Ferry Tour,CUT,Colonial Life Charity Classic,Korn Ferry Tour,CUT,THE CJ CUP Byron Nelson,PGA Tour,CUT,UNC Health Championship,Korn Ferry Tour,CUT,BMW Charity Pro-Am Presented by TD SYNNEX,Korn Ferry Tour,T35,OccuNet Classic presented by Amarillo National Bank,Korn Ferry Tour,-2.36,-1.07
FURR,WILSON,Korn Ferry Tour,CUT,Colonial Life Charity Classic,Korn Ferry Tour,T15,Visit Knoxville Open,Korn Ferry Tour,CUT,UNC Health Championship,Korn Ferry Tour,CUT,BMW Charity Pro-Am Presented by TD SYNNEX,Korn Ferry Tour,WD,OccuNet Classic presented by Amarillo National Bank,Korn Ferry Tour,-2.42,-1.29
FOLLET-SMITH,BENJAMIN,DP World Tour,T31,Estrella Damm Catalunya Championship,DP World Tour,CUT,Soudal Open,DP World Tour,CUT,Austrian Alpine Open presented by Kitzbühel Tirol,DP World Tour,CUT,KLM Open,DP World Tour,CUT,Interwetten Open,Challenge Tour,-2.42,-0.54
DAVIS,CAM,PGA Tour,CUT,Zurich Classic of New Orleans,PGA Tour,T67,ONEflight Myrtle Beach Classic,PGA Tour,CUT,THE CJ CUP Byron Nelson,PGA Tour,CUT,Charles Schwab Challenge,PGA Tour,CUT,RBC Canadian Open,PGA Tour,-2.47,-0.85
BARJON,PAUL,Korn Ferry Tour,T61,Tulum Championship at PGA Riviera Maya,Korn Ferry Tour,CUT,Colonial Life Charity Classic,Korn Ferry Tour,CUT,Visit Knoxville Open,Korn Ferry Tour,T17,BMW Charity Pro-Am Presented by TD SYNNEX,Korn Ferry Tour,CUT,OccuNet Classic presented by Amarillo National Bank,Korn Ferry Tour,-2.49,0.44
HASTINGS,JUSTIN,Korn Ferry Tour,CUT,Colonial Life Charity Classic,Korn Ferry Tour,CUT,Visit Knoxville Open,Korn Ferry Tour,CUT,UNC Health Championship,Korn Ferry Tour,CUT,BMW Charity Pro-Am Presented by TD SYNNEX,Korn Ferry Tour,T59,OccuNet Classic presented by Amarillo National Bank,Korn Ferry Tour,-2.49,-1.08
DEBOVE,QUENTIN,DP World Tour,CUT,Turkish Airlines Open,DP World Tour,CUT,Estrella Damm Catalunya Championship,DP World Tour,T68,Soudal Open,DP World Tour,CUT,Austrian Alpine Open presented by Kitzbühel Tirol,DP World Tour,CUT,KLM Open,DP World Tour,-2.49,-0.38
KIZZIRE,PATTON,PGA Tour,CUT,Zurich Classic of New Orleans,PGA Tour,CUT,ONEflight Myrtle Beach Classic,PGA Tour,CUT,THE CJ CUP Byron Nelson,PGA Tour,CUT,Charles Schwab Challenge,PGA Tour,CUT,RBC Canadian Open,PGA Tour,-2.52,-1.49
SULLIVAN,RYAN,Korn Ferry Tour,T36,Colonial Life Charity Classic,Korn Ferry Tour,CUT,Visit Knoxville Open,Korn Ferry Tour,CUT,UNC Health Championship,Korn Ferry Tour,CUT,BMW Charity Pro-Am Presented by TD SYNNEX,Korn Ferry Tour,T47,OccuNet Classic presented by Amarillo National Bank,Korn Ferry Tour,-2.54,-0.07
GALLEGOS,ANDRES,DP World Tour,T59,Estrella Damm Catalunya Championship,DP World Tour,61,Challenge de Catalunya,Challenge Tour,CUT,Soudal Open,DP World Tour,CUT,Austrian Alpine Open presented by Kitzbühel Tirol,DP World Tour,CUT,KLM Open,DP World Tour,-2.54,0.15
ARNI SVEINSSON,GUNNLAUGUR,Amateur,T65,Pauma Valley Invitational presented by Heads Up,Amateur,T14,Augusta Haskins Award Invitational,Amateur,T60,2026 SEC Men's Golf Championship Stroke Play,Amateur,T43,NCAA Marana Regional,Amateur,T32,NCAA DI Men's National Championship- Stroke Play,Amateur,-2.56,-0.71
PUEBLA,GIUSEPPE,Amateur,T54,White Sands Invitational,Amateur,T5,AJGA Simplify Boys Championship at Carlton Woods,Amateur,T15,Junior Invitational,Amateur,T3,Terra Cotta Invitational,Amateur,3,Team TaylorMade Invitational,Amateur,-2.56,0.1
COCHA,TOMMY,Korn Ferry Tour,T17,94 Abierto del Centro Zurich presentado por Personal,PGA Tour Americas,CUT,Diners Club Peru Open,PGA Tour Americas,CUT,Visit Knoxville Open,Korn Ferry Tour,CUT,BMW Charity Pro-Am Presented by TD SYNNEX,Korn Ferry Tour,CUT,OccuNet Classic presented by Amarillo National Bank,Korn Ferry Tour,-2.56,0.44
MOLINARI,EDOARDO,DP World Tour,CUT,Hero Indian Open,DP World Tour,T53,Turkish Airlines Open,DP World Tour,CUT,Estrella Damm Catalunya Championship,DP World Tour,CUT,Soudal Open,DP World Tour,T63,Austrian Alpine Open presented by Kitzbühel Tirol,DP World Tour,-2.57,-0.64
OVERTON,JEFF,Korn Ferry Tour,CUT,Tulum Championship at PGA Riviera Maya,Korn Ferry Tour,CUT,Colonial Life Charity Classic,Korn Ferry Tour,CUT,Visit Knoxville Open,Korn Ferry Tour,WD,UNC Health Championship,Korn Ferry Tour,T60,BMW Charity Pro-Am Presented by TD SYNNEX,Korn Ferry Tour,-2.66,-0.65
PALMER,RYAN,PGA Tour,CUT,Valero Texas Open,PGA Tour,CUT,Zurich Classic of New Orleans,PGA Tour,CUT,THE CJ CUP Byron Nelson,PGA Tour,CUT,Charles Schwab Challenge,PGA Tour,CUT,OccuNet Classic presented by Amarillo National Bank,Korn Ferry Tour,-2.67,0
BUCHANAN,JACK,DP World Tour,CUT,Estrella Damm Catalunya Championship,DP World Tour,CUT,Challenge de Catalunya,Challenge Tour,T24,Soudal Open,DP World Tour,CUT,Austrian Alpine Open presented by Kitzbühel Tirol,DP World Tour,CUT,KLM Open,DP World Tour,-2.75,-0.85
KYES,CHASE,Amateur,T5,Mason Rudolph Championship,Amateur,T37,Lewis Chitengwa Memorial,Amateur,T45,2026 SEC Men's Golf Championship Stroke Play,Amateur,T39,NCAA Bryan Regional,Amateur,T49,NCAA DI Men's National Championship- Stroke Play,Amateur,-2.76,0.09
VOGELSONG,ALEX,Korn Ferry Tour,CUT,Colonial Life Charity Classic,Korn Ferry Tour,CUT,Visit Knoxville Open,Korn Ferry Tour,CUT,UNC Health Championship,Korn Ferry Tour,CUT,BMW Charity Pro-Am Presented by TD SYNNEX,Korn Ferry Tour,CUT,OccuNet Classic presented by Amarillo National Bank,Korn Ferry Tour,-2.8,-0.16
SYME,CONNOR,DP World Tour,WD,Volvo China Open,DP World Tour,CUT,Turkish Airlines Open,DP World Tour,T74,Soudal Open,DP World Tour,CUT,Austrian Alpine Open presented by Kitzbühel Tirol,DP World Tour,T71,KLM Open,DP World Tour,-2.8,-1.24
WEILER,JOE,Korn Ferry Tour,CUT,Colonial Life Charity Classic,Korn Ferry Tour,T6,Visit Knoxville Open,Korn Ferry Tour,CUT,UNC Health Championship,Korn Ferry Tour,CUT,BMW Charity Pro-Am Presented by TD SYNNEX,Korn Ferry Tour,CUT,OccuNet Classic presented by Amarillo National Bank,Korn Ferry Tour,-2.82,-1.21
WHITE,BRETT,Korn Ferry Tour,T60,Colonial Life Charity Classic,Korn Ferry Tour,CUT,Visit Knoxville Open,Korn Ferry Tour,CUT,UNC Health Championship,Korn Ferry Tour,CUT,BMW Charity Pro-Am Presented by TD SYNNEX,Korn Ferry Tour,CUT,OccuNet Classic presented by Amarillo National Bank,Korn Ferry Tour,-2.85,-1.37
BERRY,BRANDON,Korn Ferry Tour,T27,Colonial Life Charity Classic,Korn Ferry Tour,T29,Visit Knoxville Open,Korn Ferry Tour,CUT,UNC Health Championship,Korn Ferry Tour,CUT,BMW Charity Pro-Am Presented by TD SYNNEX,Korn Ferry Tour,CUT,OccuNet Classic presented by Amarillo National Bank,Korn Ferry Tour,-2.86,-0.93
JOHNSTON,RYGGS,DP World Tour,CUT,Turkish Airlines Open,DP World Tour,CUT,Estrella Damm Catalunya Championship,DP World Tour,CUT,Soudal Open,DP World Tour,T59,Austrian Alpine Open presented by Kitzbühel Tirol,DP World Tour,CUT,KLM Open,DP World Tour,-2.93,-0.73
LEVIN,SPENCER,Korn Ferry Tour,CUT,Tulum Championship at PGA Riviera Maya,Korn Ferry Tour,CUT,Colonial Life Charity Classic,Korn Ferry Tour,CUT,Visit Knoxville Open,Korn Ferry Tour,CUT,BMW Charity Pro-Am Presented by TD SYNNEX,Korn Ferry Tour,CUT,OccuNet Classic presented by Amarillo National Bank,Korn Ferry Tour,-2.93,-0.92
TOOROP,MIKE,DP World Tour,T70,Turkish Airlines Open,DP World Tour,CUT,Estrella Damm Catalunya Championship,DP World Tour,CUT,Soudal Open,DP World Tour,CUT,Austrian Alpine Open presented by Kitzbühel Tirol,DP World Tour,CUT,KLM Open,DP World Tour,-3.01,-0.35
LEE,BRYAN,Amateur,9,Calusa Cup,Amateur,T6,Lewis Chitengwa Memorial,Amateur,T30,2026 ACC Men's Golf Championship - Stroke Play,Amateur,T14,NCAA Winston-Salem Regional,Amateur,T28,NCAA DI Men's National Championship- Stroke Play,Amateur,-3.01,-0.41
MCKINNEY,CONNOR,DP World Tour,CUT,Turkish Airlines Open,DP World Tour,CUT,Estrella Damm Catalunya Championship,DP World Tour,CUT,Soudal Open,DP World Tour,CUT,Austrian Alpine Open presented by Kitzbühel Tirol,DP World Tour,CUT,KLM Open,DP World Tour,-3.03,-0.89
WINSTEAD,TREY,Korn Ferry Tour,CUT,Tulum Championship at PGA Riviera Maya,Korn Ferry Tour,CUT,Visit Knoxville Open,Korn Ferry Tour,T34,UNC Health Championship,Korn Ferry Tour,T62,BMW Charity Pro-Am Presented by TD SYNNEX,Korn Ferry Tour,CUT,OccuNet Classic presented by Amarillo National Bank,Korn Ferry Tour,-3.12,-1.16
KO,JEONG WEON,DP World Tour,T61,Turkish Airlines Open,DP World Tour,CUT,Estrella Damm Catalunya Championship,DP World Tour,CUT,Soudal Open,DP World Tour,CUT,Austrian Alpine Open presented by Kitzbühel Tirol,DP World Tour,CUT,KLM Open,DP World Tour,-3.2,-0.72
SONG,JAMES,Korn Ferry Tour,T84,Colonial Life Charity Classic,Korn Ferry Tour,CUT,Visit Knoxville Open,Korn Ferry Tour,CUT,UNC Health Championship,Korn Ferry Tour,CUT,BMW Charity Pro-Am Presented by TD SYNNEX,Korn Ferry Tour,T62,OccuNet Classic presented by Amarillo National Bank,Korn Ferry Tour,-3.29,0.38
HIGGINS,ROBBIE,Korn Ferry Tour,82,Colonial Life Charity Classic,Korn Ferry Tour,T29,Visit Knoxville Open,Korn Ferry Tour,CUT,UNC Health Championship,Korn Ferry Tour,CUT,BMW Charity Pro-Am Presented by TD SYNNEX,Korn Ferry Tour,CUT,OccuNet Classic presented by Amarillo National Bank,Korn Ferry Tour,-3.3,-0.83
YULE,JACK,DP World Tour,CUT,Turkish Airlines Open,DP World Tour,T64,Estrella Damm Catalunya Championship,DP World Tour,CUT,Soudal Open,DP World Tour,CUT,Austrian Alpine Open presented by Kitzbühel Tirol,DP World Tour,CUT,KLM Open,DP World Tour,-3.41,-0.65
LOGAN,HUNTER,DP World Tour,CUT,Challenge de Catalunya,Challenge Tour,CUT,Soudal Open,DP World Tour,CUT,Austrian Alpine Open presented by Kitzbühel Tirol,DP World Tour,T38,KLM Open,DP World Tour,CUT,Interwetten Open,Challenge Tour,-3.55,-0.91
ORMOND,JACKSON,Amateur,T2,AJGA Simplify Boys Championship at Carlton Woods,Amateur,T7,Dustin Johnson World Junior,Amateur,T53,Terra Cotta Invitational,Amateur,T23,Team TaylorMade Invitational,Amateur,CUT,BMW Charity Pro-Am Presented by TD SYNNEX,Korn Ferry Tour,-3.59,-0.08
BERRY,JOSHUA,DP World Tour,T49,Volvo China Open,DP World Tour,CUT,Turkish Airlines Open,DP World Tour,CUT,Estrella Damm Catalunya Championship,DP World Tour,CUT,Soudal Open,DP World Tour,CUT,Austrian Alpine Open presented by Kitzbühel Tirol,DP World Tour,-3.61,-1.43
FLEMING,MAREK,Amateur,T55,The Hayt,Amateur,T7,Hootie Intercollegiate,Amateur,T44,Ford Collegiate,Amateur,T45,2026 SEC Men's Golf Championship Stroke Play,Amateur,T51,NCAA Columbus Regional,Amateur,-3.7,-0.21
STEWART,DILLON,Korn Ferry Tour,CUT,Tulum Championship at PGA Riviera Maya,Korn Ferry Tour,CUT,Colonial Life Charity Classic,Korn Ferry Tour,CUT,Visit Knoxville Open,Korn Ferry Tour,CUT,BMW Charity Pro-Am Presented by TD SYNNEX,Korn Ferry Tour,CUT,OccuNet Classic presented by Amarillo National Bank,Korn Ferry Tour,-3.83,-1.81
HARBER,VAUGHN,Amateur,T33,Colleton River Collegiate,Amateur,T23,Linger Longer Invitational,Amateur,T9,Robert Kepler Invitational,Amateur,T28,Hoosier Collegiate Invitational,Amateur,T55,Big Ten Men's Golf Championships,Amateur,-3.95,-0.42
SCHOENBERGER,JACK,Amateur,T45,Linger Longer Invitational,Amateur,T32,Mason Rudolph Championship,Amateur,4,Bluegrass Collegiate Invitational,Amateur,T70,2026 SEC Men's Golf Championship Stroke Play,Amateur,70,NCAA Winston-Salem Regional,Amateur,-4.02,-0.32
MATTHEWS,BRANDON,Korn Ferry Tour,77,Astara Chile Classic presented by Scotiabank,Korn Ferry Tour,CUT,Club Car Championship at The Landings Golf & Athletic Club,Korn Ferry Tour,CUT,LECOM Suncoast Classic,Korn Ferry Tour,WD,Tulum Championship at PGA Riviera Maya,Korn Ferry Tour,CUT,BMW Charity Pro-Am Presented by TD SYNNEX,Korn Ferry Tour,-4.5,-0.1
MOKOENA,KARABO,DP World Tour,CUT,Mediclinic Invitational,Sunshine Tour,CUT,Betway Big Easy Blu Label Unlimited Invitational 2,undefined,CUT,Kit Kat Cash & Carry Pro-Am,Sunshine Tour,WD,SunBet Challenge hosted by Sun Boardwalk,Sunshine Tour,CUT,BETWAY Big Easy Tour 2,undefined,-5.95,-1.82
