Last Name,First Name,main-tour-inner,main-tour-hover,L5 Tournament-Type 1,L5 Tournament-Type 1,L5 Place-Type 1,L5 Tournament-Type 2,L5 Tournament-Type 2,L5 Place-Type 2,L5 Tournament-Type 3,L5 Tournament-Type 3,L5 Place-Type 3,L5 Tournament-Type 4,L5 Tournament-Type 4,L5 Place-Type 4,L5 Tournament-Type 5,L5 Tournament-Type 5,L5 Place-Type 5,SG-PUTT,SG-ARG
CLARK,WYNDHAM,PGA,PGA Tour,THE CJ CUP Byron Nelson,PGA Tour,1,the Memorial Tournament presented by Workday,PGA Tour,3,RBC Canadian Open,PGA Tour,T11,U.S. Open,Major,1,Travelers Championship,PGA Tour,T5,3.53,2.28
SCHEFFLER,SCOTTIE,PGA,PGA Tour,PGA Championship,Major,T14,THE CJ CUP Byron Nelson,PGA Tour,3,the Memorial Tournament presented by Workday,PGA Tour,T12,U.S. Open,Major,T4,Travelers Championship,PGA Tour,2,2.92,-0.27
BURNS,SAM,PGA,PGA Tour,PGA Championship,Major,T26,the Memorial Tournament presented by Workday,PGA Tour,T4,RBC Canadian Open,PGA Tour,T20,U.S. Open,Major,2,Travelers Championship,PGA Tour,T12,2.56,0.94
MCILROY,RORY,PGA,PGA Tour,Masters Tournament,Major,1,Truist Championship,PGA Tour,T19,PGA Championship,Major,T7,the Memorial Tournament presented by Workday,PGA Tour,T12,U.S. Open,Major,T32,2.43,0.25
THOMAS,JUSTIN,PGA,PGA Tour,PGA Championship,Major,T4,Charles Schwab Challenge,PGA Tour,T13,the Memorial Tournament presented by Workday,PGA Tour,T19,U.S. Open,Major,T17,Travelers Championship,PGA Tour,T14,2.19,1.08
FLEETWOOD,TOMMY,PGA,PGA Tour,PGA Championship,Major,CUT,the Memorial Tournament presented by Workday,PGA Tour,T4,RBC Canadian Open,PGA Tour,T11,U.S. Open,Major,T11,Travelers Championship,PGA Tour,T14,2.15,0.14
FITZPATRICK,MATT,PGA,PGA Tour,PGA Championship,Major,T14,the Memorial Tournament presented by Workday,PGA Tour,T36,RBC Canadian Open,PGA Tour,2,U.S. Open,Major,22,Travelers Championship,PGA Tour,4,2.11,0.05
RAHM,JON,LIV,LIV Golf,Virginia,LIV Golf,2,PGA Championship,Major,T8,Korea,LIV Golf,T2,Andalucia,LIV Golf,CUT,U.S. Open,Major,T16,1.96,-0.18
HATTON,TYRRELL,LIV,LIV Golf,Mexico City,LIV Golf,T7,Virginia,LIV Golf,T5,PGA Championship,Major,17,Andalucia,LIV Golf,1,U.S. Open,Major,CUT,1.93,1.04
SPAUN,J.J.,PGA,PGA Tour,PGA Championship,Major,CUT,Charles Schwab Challenge,PGA Tour,T6,the Memorial Tournament presented by Workday,PGA Tour,T12,U.S. Open,Major,CUT,Travelers Championship,PGA Tour,T7,1.93,0.48
RAI,AARON,PGA,PGA Tour,PGA Championship,Major,1,the Memorial Tournament presented by Workday,PGA Tour,T19,RBC Canadian Open,PGA Tour,CUT,U.S. Open,Major,T11,Travelers Championship,PGA Tour,T30,1.84,0.9
CAULEY,BUD,PGA,PGA Tour,PGA Championship,Major,T26,the Memorial Tournament presented by Workday,PGA Tour,T22,RBC Canadian Open,PGA Tour,1,U.S. Open,Major,T56,Travelers Championship,PGA Tour,T14,1.81,1.14
CHACARRA,EUGENIO,DPT,DP World Tour,Estrella Damm Catalunya Championship,DP World Tour,1,Soudal Open,DP World Tour,T10,Austrian Alpine Open presented by Kitzbühel Tirol,DP World Tour,T22,KLM Open,DP World Tour,1,DS Automobiles 83° Open d’Italia,DP World Tour,T12,1.78,1.61
NIEMANN,JOAQUIN,LIV,LIV Golf,PGA Championship,Major,3,Korea,LIV Golf,T18,Andalucia,LIV Golf,T24,U.S. Open,Major,1,DS Automobiles 83° Open d’Italia,DP World Tour,T7,1.77,1.11
COLE,ERIC,PGA,PGA Tour,THE CJ CUP Byron Nelson,PGA Tour,CUT,Charles Schwab Challenge,PGA Tour,T31,the Memorial Tournament presented by Workday,PGA Tour,2,RBC Canadian Open,PGA Tour,T38,Travelers Championship,PGA Tour,8,1.76,1.17
FITZPATRICK,ALEX,PGA,PGA Tour,PGA Championship,Major,T75,the Memorial Tournament presented by Workday,PGA Tour,T6,RBC Canadian Open,PGA Tour,T20,U.S. Open,Major,T23,Travelers Championship,PGA Tour,T7,1.76,1.24
GRIFFIN,BEN,PGA,PGA Tour,PGA Championship,Major,T17,Charles Schwab Challenge,PGA Tour,T14,the Memorial Tournament presented by Workday,PGA Tour,T3,U.S. Open,Major,T10,Travelers Championship,PGA Tour,CUT,1.62,0.21
CANTLAY,PATRICK,PGA,PGA Tour,Truist Championship,PGA Tour,T10,PGA Championship,Major,T35,the Memorial Tournament presented by Workday,PGA Tour,T17,U.S. Open,Major,CUT,Travelers Championship,PGA Tour,T14,1.58,0.05
GOTTERUP,CHRIS,PGA,PGA Tour,Truist Championship,PGA Tour,T43,PGA Championship,Major,T14,the Memorial Tournament presented by Workday,PGA Tour,T10,U.S. Open,Major,T30,Travelers Championship,PGA Tour,T27,1.56,0.11
KIM,SI WOO,PGA,PGA Tour,PGA Championship,Major,T35,THE CJ CUP Byron Nelson,PGA Tour,2,the Memorial Tournament presented by Workday,PGA Tour,T10,U.S. Open,Major,CUT,Travelers Championship,PGA Tour,T44,1.56,0.11
REITAN,KRISTOFFER,PGA,PGA Tour,PGA Championship,Major,T44,the Memorial Tournament presented by Workday,PGA Tour,T6,RBC Canadian Open,PGA Tour,T60,U.S. Open,Major,CUT,Travelers Championship,PGA Tour,T22,1.54,0.64
ROSE,JUSTIN,PGA,PGA Tour,PGA Championship,Major,T10,the Memorial Tournament presented by Workday,PGA Tour,T12,RBC Canadian Open,PGA Tour,CUT,U.S. Open,Major,T11,Travelers Championship,PGA Tour,T25,1.52,-0.03
HOVLAND,VIKTOR,PGA,PGA Tour,Truist Championship,PGA Tour,T31,PGA Championship,Major,CUT,RBC Canadian Open,PGA Tour,3,U.S. Open,Major,CUT,Travelers Championship,PGA Tour,1,1.51,0.11
KITAYAMA,KURT,PGA,PGA Tour,Truist Championship,PGA Tour,T19,PGA Championship,Major,T10,the Memorial Tournament presented by Workday,PGA Tour,T22,U.S. Open,Major,T53,Travelers Championship,PGA Tour,T25,1.51,0.28
LOWRY,SHANE,PGA,PGA Tour,PGA Championship,Major,T44,the Memorial Tournament presented by Workday,PGA Tour,T22,RBC Canadian Open,PGA Tour,T29,U.S. Open,Major,CUT,Travelers Championship,PGA Tour,T22,1.47,0.32
MITCHELL,KEITH,PGA,PGA Tour,THE CJ CUP Byron Nelson,PGA Tour,T4,Charles Schwab Challenge,PGA Tour,5,RBC Canadian Open,PGA Tour,CUT,U.S. Open,Major,T22,Travelers Championship,PGA Tour,T29,1.46,0.81
POSTON,J.T.,PGA,PGA Tour,PGA Championship,Major,T4,Charles Schwab Challenge,PGA Tour,CUT,the Memorial Tournament presented by Workday,PGA Tour,T35,U.S. Open,Major,69,Travelers Championship,PGA Tour,1,1.39,0.71
KOIVUN,JACKSON,AM,Amateur,Ford Collegiate,Amateur,1,2026 SEC Men's Golf Championship Stroke Play,Amateur,T10,NCAA Athens Regional,Amateur,T10,NCAA DI Men's National Championship- Stroke Play,Amateur,1,U.S. Open,Major,T23,1.38,0.09
MORIKAWA,COLLIN,PGA,PGA Tour,Cadillac Championship,PGA Tour,T62,PGA Championship,Major,T55,RBC Canadian Open,PGA Tour,T29,U.S. Open,Major,T17,Travelers Championship,PGA Tour,3,1.37,-0.1
ABERG,LUDVIG,PGA,PGA Tour,PGA Championship,Major,T4,Charles Schwab Challenge,PGA Tour,T17,the Memorial Tournament presented by Workday,PGA Tour,39,U.S. Open,Major,T17,Travelers Championship,PGA Tour,T55,1.34,-0.46
GERARD,RYAN,PGA,PGA Tour,PGA Championship,Major,T70,Charles Schwab Challenge,PGA Tour,T10,the Memorial Tournament presented by Workday,PGA Tour,2,U.S. Open,Major,CUT,Travelers Championship,PGA Tour,T44,1.33,0.44
VINCENT,SCOTT,LIV,LIV Golf,Mexico City,LIV Golf,15,Virginia,LIV Golf,4,Korea,LIV Golf,T8,Andalucia,LIV Golf,T10,International Series Morocco presented by Visit Morocco,Asian Tour,5,1.33,1.04
ENGLISH,HARRIS,PGA,PGA Tour,Truist Championship,PGA Tour,T24,PGA Championship,Major,T18,the Memorial Tournament presented by Workday,PGA Tour,T17,U.S. Open,Major,CUT,Travelers Championship,PGA Tour,T38,1.32,-0.02
JOHNSON,DUSTIN,LIV,LIV Golf,Virginia,LIV Golf,T5,PGA Championship,Major,T18,Korea,LIV Golf,T44,Andalucia,LIV Golf,T32,U.S. Open,Major,4,1.31,0.86
MCNEALY,MAVERICK,PGA,PGA Tour,Truist Championship,PGA Tour,T37,PGA Championship,Major,T18,the Memorial Tournament presented by Workday,PGA Tour,T10,U.S. Open,Major,T32,Travelers Championship,PGA Tour,T55,1.31,-0.1
POTGIETER,ALDRICH,PGA,PGA Tour,RBC Heritage,PGA Tour,T35,Cadillac Championship,PGA Tour,T25,Truist Championship,PGA Tour,T14,PGA Championship,Major,T8,RBC Canadian Open,PGA Tour,T48,1.29,1.22
KIM,TOM,PGA,PGA Tour,ONEflight Myrtle Beach Classic,PGA Tour,T15,THE CJ CUP Byron Nelson,PGA Tour,T6,Charles Schwab Challenge,PGA Tour,T54,RBC Canadian Open,PGA Tour,3,U.S. Open,Major,T54,1.27,0.99
SUBER,JACKSON,PGA,PGA Tour,THE CJ CUP Byron Nelson,PGA Tour,CUT,Charles Schwab Challenge,PGA Tour,4,RBC Canadian Open,PGA Tour,T67,U.S. Open,Major,T30,Travelers Championship,PGA Tour,T4,1.25,1.22
HENLEY,RUSSELL,PGA,PGA Tour,PGA Championship,Major,CUT,Charles Schwab Challenge,PGA Tour,1,the Memorial Tournament presented by Workday,PGA Tour,T22,U.S. Open,Major,T65,Travelers Championship,PGA Tour,T12,1.21,-0.55
SCHAUFFELE,XANDER,PGA,PGA Tour,Truist Championship,PGA Tour,T60,PGA Championship,Major,T7,the Memorial Tournament presented by Workday,PGA Tour,T29,U.S. Open,Major,T11,Travelers Championship,PGA Tour,T51,1.21,-0.69
REED,PATRICK,PGA,PGA Tour,Joburg Open,DP World Tour,CUT,Masters Tournament,Major,T10,PGA Championship,Major,T12,U.S. Open,Major,T45,DS Automobiles 83° Open d’Italia,DP World Tour,T10,1.18,0.35
SHERWOOD,COLE,KFT,Korn Ferry Tour,Colonial Life Charity Classic,Korn Ferry Tour,2,Visit Knoxville Open,Korn Ferry Tour,T15,BMW Charity Pro-Am Presented by TD SYNNEX,Korn Ferry Tour,T7,OccuNet Classic presented by Amarillo National Bank,Korn Ferry Tour,1,Memorial Health Championship presented by LRS,Korn Ferry Tour,T14,1.16,1.38
BRADLEY,KEEGAN,PGA,PGA Tour,PGA Championship,Major,T32,Charles Schwab Challenge,PGA Tour,CUT,the Memorial Tournament presented by Workday,PGA Tour,T35,U.S. Open,Major,T14,Travelers Championship,PGA Tour,T19,1.14,0.22
BAUCHOU,ZACH,PGA,PGA Tour,Zurich Classic of New Orleans,PGA Tour,T22,ONEflight Myrtle Beach Classic,PGA Tour,T13,THE CJ CUP Byron Nelson,PGA Tour,T24,Charles Schwab Challenge,PGA Tour,CUT,RBC Canadian Open,PGA Tour,T6,1.13,0.95
BHATIA,AKSHAY,PGA,PGA Tour,PGA Championship,Major,CUT,Charles Schwab Challenge,PGA Tour,T28,the Memorial Tournament presented by Workday,PGA Tour,CUT,U.S. Open,Major,T17,Travelers Championship,PGA Tour,T5,1.12,-0.15
HARMAN,BRIAN,PGA,PGA Tour,PGA Championship,Major,T60,Charles Schwab Challenge,PGA Tour,T22,the Memorial Tournament presented by Workday,PGA Tour,CUT,U.S. Open,Major,T32,Travelers Championship,PGA Tour,T25,1.07,0.42
FOX,RYAN,PGA,PGA Tour,PGA Championship,Major,T35,the Memorial Tournament presented by Workday,PGA Tour,T27,RBC Canadian Open,PGA Tour,T8,U.S. Open,Major,T23,Travelers Championship,PGA Tour,T66,1.01,0.57
MACINTYRE,ROBERT,PGA,PGA Tour,Charles Schwab Challenge,PGA Tour,T42,the Memorial Tournament presented by Workday,PGA Tour,CUT,RBC Canadian Open,PGA Tour,T15,U.S. Open,Major,T39,Travelers Championship,PGA Tour,T10,0.97,-0.44
KANEKO,KOTA,DPT,DP World Tour,Estrella Damm Catalunya Championship,DP World Tour,T11,PGA Championship,Major,CUT,Soudal Open,DP World Tour,CUT,Austrian Alpine Open presented by Kitzbühel Tirol,DP World Tour,1,DS Automobiles 83° Open d’Italia,DP World Tour,T2,0.96,1.08
YOUNG,CAMERON,PGA,PGA Tour,Truist Championship,PGA Tour,T10,PGA Championship,Major,T26,the Memorial Tournament presented by Workday,PGA Tour,T46,U.S. Open,Major,T43,Travelers Championship,PGA Tour,T47,0.96,-1.08
BURMESTER,DEAN,LIV,LIV Golf,South Africa,LIV Golf,T23,Mexico City,LIV Golf,T6,Virginia,LIV Golf,T15,Korea,LIV Golf,T27,Andalucia,LIV Golf,4,0.95,0.7
MATSUYAMA,HIDEKI,PGA,PGA Tour,PGA Championship,Major,T26,Charles Schwab Challenge,PGA Tour,T13,the Memorial Tournament presented by Workday,PGA Tour,T43,U.S. Open,Major,T65,Travelers Championship,PGA Tour,T14,0.94,-0.31
LINDELL,OLIVER,DPT,DP World Tour,Estrella Damm Catalunya Championship,DP World Tour,2,Soudal Open,DP World Tour,T10,Austrian Alpine Open presented by Kitzbühel Tirol,DP World Tour,T30,KLM Open,DP World Tour,T6,DS Automobiles 83° Open d’Italia,DP World Tour,T47,0.93,0.31
HOJGAARD,NICOLAI,PGA,PGA Tour,PGA Championship,Major,T44,the Memorial Tournament presented by Workday,PGA Tour,CUT,RBC Canadian Open,PGA Tour,CUT,U.S. Open,Major,CUT,Travelers Championship,PGA Tour,T14,0.91,-0.18
SMALLEY,ALEX,PGA,PGA Tour,PGA Championship,Major,T2,Charles Schwab Challenge,PGA Tour,T3,the Memorial Tournament presented by Workday,PGA Tour,CUT,U.S. Open,Major,CUT,Travelers Championship,PGA Tour,T47,0.91,0.28
SNEDEKER,BRANDT,PGA,PGA Tour,ONEflight Myrtle Beach Classic,PGA Tour,1,PGA Championship,Major,CUT,Charles Schwab Challenge,PGA Tour,T28,the Memorial Tournament presented by Workday,PGA Tour,T36,Travelers Championship,PGA Tour,T38,0.86,0.85
HOWELL III,CHARLES,LIV,LIV Golf,South Africa,LIV Golf,T8,Mexico City,LIV Golf,T9,Virginia,LIV Golf,T20,Korea,LIV Golf,T19,Andalucia,LIV Golf,T14,0.85,0.48
EICHHORN,HUNTER,KFT,Korn Ferry Tour,Visit Knoxville Open,Korn Ferry Tour,5,UNC Health Championship,Korn Ferry Tour,2,BMW Charity Pro-Am Presented by TD SYNNEX,Korn Ferry Tour,T48,OccuNet Classic presented by Amarillo National Bank,Korn Ferry Tour,T7,Memorial Health Championship presented by LRS,Korn Ferry Tour,T17,0.85,0.82
GHIM,DOUG,PGA,PGA Tour,Zurich Classic of New Orleans,PGA Tour,T28,ONEflight Myrtle Beach Classic,PGA Tour,T6,THE CJ CUP Byron Nelson,PGA Tour,T19,Charles Schwab Challenge,PGA Tour,T15,RBC Canadian Open,PGA Tour,T31,0.82,0.44
WALLACE,MATT,PGA,PGA Tour,Cadillac Championship,PGA Tour,CUT,Truist Championship,PGA Tour,T23,PGA Championship,Major,T37,RBC Canadian Open,PGA Tour,2,DS Automobiles 83° Open d’Italia,DP World Tour,T44,0.81,0.37
PEREZ,VICTOR,LIV,LIV Golf,Mexico City,LIV Golf,T23,Virginia,LIV Golf,T17,Soudal Open,DP World Tour,T2,Korea,LIV Golf,T16,Andalucia,LIV Golf,11,0.81,0.66
LEISHMAN,MARC,LIV,LIV Golf,South Africa,LIV Golf,T8,Mexico City,LIV Golf,T31,Virginia,LIV Golf,T10,Korea,LIV Golf,T11,Andalucia,LIV Golf,T14,0.8,0.51
KIM,MICHAEL,PGA,PGA Tour,PGA Championship,Major,T43,Charles Schwab Challenge,PGA Tour,T44,the Memorial Tournament presented by Workday,PGA Tour,T17,U.S. Open,Major,T30,Travelers Championship,PGA Tour,T49,0.79,0.24
BEZUIDENHOUT,CHRISTIAAN,PGA,PGA Tour,ONEflight Myrtle Beach Classic,PGA Tour,T32,PGA Championship,Major,T6,THE CJ CUP Byron Nelson,PGA Tour,T35,Charles Schwab Challenge,PGA Tour,T54,RBC Canadian Open,PGA Tour,CUT,0.79,0.09
DECHAMBEAU,BRYSON,LIV,LIV Golf,Virginia,LIV Golf,T11,PGA Championship,Major,3,Korea,LIV Golf,CUT,Andalucia,LIV Golf,CUT,U.S. Open,Major,3,0.78,-0.36
KOHLES,BEN,PGA,PGA Tour,Charles Schwab Challenge,PGA Tour,T23,BMW Charity Pro-Am Presented by TD SYNNEX,Korn Ferry Tour,CUT,RBC Canadian Open,PGA Tour,1,U.S. Open,Major,T19,Memorial Health Championship presented by LRS,Korn Ferry Tour,T29,0.78,0.75
NOVAK,ANDREW,PGA,PGA Tour,PGA Championship,Major,CUT,Charles Schwab Challenge,PGA Tour,T26,the Memorial Tournament presented by Workday,PGA Tour,T54,U.S. Open,Major,T30,Travelers Championship,PGA Tour,CUT,0.76,0.46
SMITH,CAMERON,LIV,LIV Golf,Virginia,LIV Golf,T5,PGA Championship,Major,T26,Korea,LIV Golf,T7,Andalucia,LIV Golf,CUT,U.S. Open,Major,T16,0.76,0.55
PUIG,DAVID,LIV,LIV Golf,PGA Championship,Major,CUT,Korea,LIV Golf,T18,Andalucia,LIV Golf,T16,U.S. Open,Major,T48,DS Automobiles 83° Open d’Italia,DP World Tour,T5,0.75,0
THEEGALA,SAHITH,PGA,PGA Tour,Charles Schwab Challenge,PGA Tour,T60,the Memorial Tournament presented by Workday,PGA Tour,T32,RBC Canadian Open,PGA Tour,T45,U.S. Open,Major,T11,Travelers Championship,PGA Tour,T51,0.75,0.14
SCOTT,ADAM,PGA,PGA Tour,Truist Championship,PGA Tour,T24,PGA Championship,Major,CUT,the Memorial Tournament presented by Workday,PGA Tour,T12,U.S. Open,Major,CUT,Travelers Championship,PGA Tour,65,0.74,-0.19
WOODLAND,GARY,PGA,PGA Tour,PGA Championship,Major,CUT,Charles Schwab Challenge,PGA Tour,T6,the Memorial Tournament presented by Workday,PGA Tour,T36,U.S. Open,Major,T7,Travelers Championship,PGA Tour,71,0.74,0.1
HILL,CALUM,DPT,DP World Tour,Hero Indian Open,DP World Tour,T19,Soudal Open,DP World Tour,T6,Austrian Alpine Open presented by Kitzbühel Tirol,DP World Tour,T59,KLM Open,DP World Tour,T14,DS Automobiles 83° Open d’Italia,DP World Tour,T17,0.72,0.75
NOREN,ALEX,PGA,PGA Tour,PGA Championship,Major,T26,the Memorial Tournament presented by Workday,PGA Tour,9,RBC Canadian Open,PGA Tour,CUT,U.S. Open,Major,CUT,Travelers Championship,PGA Tour,T55,0.71,-0.5
FINAU,TONY,PGA,PGA Tour,THE CJ CUP Byron Nelson,PGA Tour,T40,Charles Schwab Challenge,PGA Tour,T6,the Memorial Tournament presented by Workday,PGA Tour,CUT,RBC Canadian Open,PGA Tour,T55,Travelers Championship,PGA Tour,T29,0.7,0.69
KNAPP,JAKE,PGA,PGA Tour,Texas Children's Houston Open,PGA Tour,T6,Masters Tournament,Major,11,RBC Heritage,PGA Tour,T74,U.S. Open,Major,CUT,Travelers Championship,PGA Tour,T55,0.7,-0.82
RYDER,SAM,PGA,PGA Tour,Zurich Classic of New Orleans,PGA Tour,CUT,ONEflight Myrtle Beach Classic,PGA Tour,T17,THE CJ CUP Byron Nelson,PGA Tour,T31,Charles Schwab Challenge,PGA Tour,CUT,RBC Canadian Open,PGA Tour,T45,0.69,0.84
KOEPKA,BROOKS,PGA,PGA Tour,ONEflight Myrtle Beach Classic,PGA Tour,T11,PGA Championship,Major,T55,THE CJ CUP Byron Nelson,PGA Tour,T14,RBC Canadian Open,PGA Tour,WD,U.S. Open,Major,CUT,0.68,0.45
COODY,PIERCESON,PGA,PGA Tour,PGA Championship,Major,CUT,THE CJ CUP Byron Nelson,PGA Tour,CUT,Charles Schwab Challenge,PGA Tour,T19,the Memorial Tournament presented by Workday,PGA Tour,T23,U.S. Open,Major,T22,0.67,0.24
MCCARTHY,DENNY,PGA,PGA Tour,Truist Championship,PGA Tour,T60,PGA Championship,Major,T48,the Memorial Tournament presented by Workday,PGA Tour,T44,RBC Canadian Open,PGA Tour,T14,Travelers Championship,PGA Tour,T34,0.67,0.16
LEE,MIN WOO,PGA,PGA Tour,Truist Championship,PGA Tour,T14,PGA Championship,Major,T18,the Memorial Tournament presented by Workday,PGA Tour,CUT,U.S. Open,Major,CUT,Travelers Championship,PGA Tour,T62,0.67,-0.42
GOUVEIA,RICARDO,DPT,DP World Tour,Estrella Damm Catalunya Championship,DP World Tour,T38,Soudal Open,DP World Tour,T13,Austrian Alpine Open presented by Kitzbühel Tirol,DP World Tour,T24,KLM Open,DP World Tour,CUT,DS Automobiles 83° Open d’Italia,DP World Tour,T2,0.66,1.5
MEISSNER,MAC,PGA,PGA Tour,THE CJ CUP Byron Nelson,PGA Tour,CUT,Charles Schwab Challenge,PGA Tour,T31,the Memorial Tournament presented by Workday,PGA Tour,T3,RBC Canadian Open,PGA Tour,T44,Travelers Championship,PGA Tour,T46,0.66,-0.06
JENNINGS,WILLIAM,AM,Amateur,Mossy Oak Collegiate,Amateur,2,2026 SEC Men's Golf Championship Stroke Play,Amateur,T23,NCAA Marana Regional,Amateur,T3,NCAA DI Men's National Championship- Stroke Play,Amateur,T12,BMW Charity Pro-Am Presented by TD SYNNEX,Korn Ferry Tour,T1,0.65,1.1
KEEFER,JOHNNY,PGA,PGA Tour,PGA Championship,Major,T51,THE CJ CUP Byron Nelson,PGA Tour,79,Charles Schwab Challenge,PGA Tour,T9,RBC Canadian Open,PGA Tour,T39,U.S. Open,Major,T35,0.62,0.5
NORRIS,SHAUN,JPN,Japan Golf Tour,The Crowns,Japan Golf Tour,CUT,Estrella Damm Catalunya Championship,DP World Tour,T6,Japan PGA Championship Senko Group Cup,Japan Golf Tour,2,Gate Way To The Open Mizuno Open,Japan Golf Tour,1,BMW Japan Golf Tour Championship Mori Building Cup,Japan Golf Tour,CUT,0.61,1.62
TAYLOR,NICK,PGA,PGA Tour,PGA Championship,Major,T26,the Memorial Tournament presented by Workday,PGA Tour,T43,RBC Canadian Open,PGA Tour,T65,U.S. Open,Major,CUT,Travelers Championship,PGA Tour,T25,0.59,-0.23
ECHAVARRIA,NICO,PGA,PGA Tour,PGA Championship,Major,CUT,Charles Schwab Challenge,PGA Tour,T6,the Memorial Tournament presented by Workday,PGA Tour,T40,U.S. Open,Major,T56,Travelers Championship,PGA Tour,T30,0.59,0.23
IM,SUNGJAE,PGA,PGA Tour,THE CJ CUP Byron Nelson,PGA Tour,T43,Charles Schwab Challenge,PGA Tour,T9,the Memorial Tournament presented by Workday,PGA Tour,CUT,U.S. Open,Major,T30,Travelers Championship,PGA Tour,T32,0.58,0.37
AYORA,ANGEL,DPT,DP World Tour,Turkish Airlines Open,DP World Tour,T3,Estrella Damm Catalunya Championship,DP World Tour,T18,PGA Championship,Major,CUT,KLM Open,DP World Tour,5,DS Automobiles 83° Open d’Italia,DP World Tour,CUT,0.57,-0.15
SNYMAN,IAN,ASA,Asian Tour,The 45th GS Caltex Maekyung Open,ASA,T15,Taiwan Glass Taifong Open,ASA,T3,Kolon The 68th KOREA Open,ASA,1,am green IGPL Bharath Classic,Asian Tour,T5,International Series Morocco presented by Visit Morocco,Asian Tour,T10,0.55,1.27
GREYSERMAN,MAX,PGA,PGA Tour,PGA Championship,Major,CUT,THE CJ CUP Byron Nelson,PGA Tour,T14,Charles Schwab Challenge,PGA Tour,T9,RBC Canadian Open,PGA Tour,T43,U.S. Open,Major,CUT,0.55,0.22
SCOTT,SANDY,KFT,Korn Ferry Tour,Tulum Championship at PGA Riviera Maya,Korn Ferry Tour,T44,Colonial Life Charity Classic,Korn Ferry Tour,3,Visit Knoxville Open,Korn Ferry Tour,T36,UNC Health Championship,Korn Ferry Tour,WD,BMW Charity Pro-Am Presented by TD SYNNEX,Korn Ferry Tour,T23,0.55,0.85
JAMES,BEN,PGA,PGA Tour,NCAA Winston-Salem Regional,Amateur,1,NCAA DI Men's National Championship- Stroke Play,Amateur,T16,RBC Canadian Open,PGA Tour,T54,U.S. Open,Major,T23,Travelers Championship,PGA Tour,T62,0.55,0.23
MOORE,TAYLOR,PGA,PGA Tour,Zurich Classic of New Orleans,PGA Tour,T60,ONEflight Myrtle Beach Classic,PGA Tour,T20,THE CJ CUP Byron Nelson,PGA Tour,T17,Charles Schwab Challenge,PGA Tour,T40,RBC Canadian Open,PGA Tour,T14,0.52,0.54
MORRISON,TOMMY,AM,Amateur,2026 SEC Men's Golf Championship Stroke Play,Amateur,T10,NCAA Bryan Regional,Amateur,T17,NCAA DI Men's National Championship- Stroke Play,Amateur,T5,OccuNet Classic presented by Amarillo National Bank,Korn Ferry Tour,T5,Memorial Health Championship presented by LRS,Korn Ferry Tour,T10,0.52,1.01
EWART,A.J.,PGA,PGA Tour,Zurich Classic of New Orleans,PGA Tour,T17,ONEflight Myrtle Beach Classic,PGA Tour,T20,THE CJ CUP Byron Nelson,PGA Tour,CUT,Charles Schwab Challenge,PGA Tour,T29,RBC Canadian Open,PGA Tour,T19,0.5,0.68
FISK,STEVEN,PGA,PGA Tour,ONEflight Myrtle Beach Classic,PGA Tour,T10,PGA Championship,Major,T38,THE CJ CUP Byron Nelson,PGA Tour,CUT,Charles Schwab Challenge,PGA Tour,CUT,RBC Canadian Open,PGA Tour,T19,0.5,0.47
VAN ROOYEN,ERIK,PGA,PGA Tour,Zurich Classic of New Orleans,PGA Tour,70,ONEflight Myrtle Beach Classic,PGA Tour,T17,THE CJ CUP Byron Nelson,PGA Tour,T38,Charles Schwab Challenge,PGA Tour,T20,RBC Canadian Open,PGA Tour,T19,0.48,1.05
BRIDGEMAN,JACOB,PGA,PGA Tour,PGA Championship,Major,T39,the Memorial Tournament presented by Workday,PGA Tour,CUT,RBC Canadian Open,PGA Tour,T34,U.S. Open,Major,T47,Travelers Championship,PGA Tour,T11,0.45,-0.52
GRILLO,EMILIANO,PGA,PGA Tour,PGA Championship,Major,T20,THE CJ CUP Byron Nelson,PGA Tour,CUT,Charles Schwab Challenge,PGA Tour,T38,RBC Canadian Open,PGA Tour,T23,U.S. Open,Major,T42,0.43,0.39
FERGUSON,EWEN,DPT,DP World Tour,Estrella Damm Catalunya Championship,DP World Tour,T19,Soudal Open,DP World Tour,T25,Austrian Alpine Open presented by Kitzbühel Tirol,DP World Tour,CUT,KLM Open,DP World Tour,1,DS Automobiles 83° Open d’Italia,DP World Tour,T17,0.42,0.47
BERGER,DANIEL,PGA,PGA Tour,Truist Championship,PGA Tour,CUT,PGA Championship,Major,T45,the Memorial Tournament presented by Workday,PGA Tour,T35,U.S. Open,Major,T25,Travelers Championship,PGA Tour,CUT,0.42,0
CARR,BEN,KFT,Korn Ferry Tour,Visit Knoxville Open,Korn Ferry Tour,2,UNC Health Championship,Korn Ferry Tour,T39,BMW Charity Pro-Am Presented by TD SYNNEX,Korn Ferry Tour,T7,OccuNet Classic presented by Amarillo National Bank,Korn Ferry Tour,T19,Memorial Health Championship presented by LRS,Korn Ferry Tour,CUT,0.41,1.23
AKINA,KIHEI,AM,Amateur,79th Western Intercollegiate,Amateur,T8,Big 12 Men's Golf Championship,Amateur,5,NCAA Athens Regional,Amateur,2,NCAA DI Men's National Championship- Stroke Play,Amateur,T5,The Amateur Championship,Amateur,T14,0.41,1.29
SIDES,WILLIAM,AM,Amateur,2026 ACC Men's Golf Championship - Stroke Play,Amateur,T14,NCAA Bryan Regional,Amateur,4,THE CJ CUP Byron Nelson,PGA Tour,16,OccuNet Classic presented by Amarillo National Bank,Korn Ferry Tour,T10,Memorial Health Championship presented by LRS,Korn Ferry Tour,CUT,0.41,0.75
KIM,CHAN,KFT,Korn Ferry Tour,THE CJ CUP Byron Nelson,PGA Tour,T35,UNC Health Championship,Korn Ferry Tour,T38,BMW Charity Pro-Am Presented by TD SYNNEX,Korn Ferry Tour,T13,OccuNet Classic presented by Amarillo National Bank,Korn Ferry Tour,T33,Memorial Health Championship presented by LRS,Korn Ferry Tour,T3,0.4,0.85
BROWN,BLADES,KFT,Korn Ferry Tour,Colonial Life Charity Classic,Korn Ferry Tour,T17,THE CJ CUP Byron Nelson,PGA Tour,T16,UNC Health Championship,Korn Ferry Tour,T14,BMW Charity Pro-Am Presented by TD SYNNEX,Korn Ferry Tour,T55,Memorial Health Championship presented by LRS,Korn Ferry Tour,T13,0.38,0.43
YELLAMARAJU,SUDARSHAN,PGA,PGA Tour,PGA Championship,Major,T8,Charles Schwab Challenge,PGA Tour,CUT,the Memorial Tournament presented by Workday,PGA Tour,CUT,RBC Canadian Open,PGA Tour,CUT,U.S. Open,Major,T40,0.38,0.19
PONDER,THOMAS,PTA,PGA Tour Americas,Diners Club Peru Open,PGA Tour Americas,T9,KIA Open de Ecuador presentado por Diners Club,PGA Tour Americas,T10,Mexico Championship presented by Scotia Wealth Management,PGA Tour Americas,3,Inter Rapidisimo Golf Championship,PGA Tour Americas,T17,Blue Cross and Blue Shield of Kansas Wichita Open presented by Syndeo,PGA Tour Americas,4,0.37,0.95
ANCER,ABRAHAM,LIV,LIV Golf,Virginia,LIV Golf,3,Kolon The 68th KOREA Open,ASA,43,Korea,LIV Golf,T29,Andalucia,LIV Golf,T22,International Series Morocco presented by Visit Morocco,Asian Tour,T5,0.36,-0.13
NEERGAARD-PETERSEN,RASMUS,PGA,PGA Tour,ONEflight Myrtle Beach Classic,PGA Tour,T42,PGA Championship,Major,CUT,THE CJ CUP Byron Nelson,PGA Tour,T75,Charles Schwab Challenge,PGA Tour,39,RBC Canadian Open,PGA Tour,T19,0.35,-0.02
YU,KEVIN,PGA,PGA Tour,Zurich Classic of New Orleans,PGA Tour,T35,ONEflight Myrtle Beach Classic,PGA Tour,CUT,THE CJ CUP Byron Nelson,PGA Tour,T53,Charles Schwab Challenge,PGA Tour,T29,RBC Canadian Open,PGA Tour,CUT,0.34,0.28
THOMPSON,DAVIS,PGA,PGA Tour,ONEflight Myrtle Beach Classic,PGA Tour,T45,THE CJ CUP Byron Nelson,PGA Tour,T13,Charles Schwab Challenge,PGA Tour,CUT,RBC Canadian Open,PGA Tour,CUT,U.S. Open,Major,T35,0.34,-0.05
PENDRITH,TAYLOR,PGA,PGA Tour,PGA Championship,Major,T29,THE CJ CUP Byron Nelson,PGA Tour,T44,the Memorial Tournament presented by Workday,PGA Tour,T47,RBC Canadian Open,PGA Tour,61,Travelers Championship,PGA Tour,T43,0.33,-0.03
KOBORI,KAZUMA,DPT,DP World Tour,Estrella Damm Catalunya Championship,DP World Tour,T28,Soudal Open,DP World Tour,T6,Austrian Alpine Open presented by Kitzbühel Tirol,DP World Tour,CUT,KLM Open,DP World Tour,T19,DS Automobiles 83° Open d’Italia,DP World Tour,CUT,0.33,0.7
CONNERS,COREY,PGA,PGA Tour,PGA Championship,Major,T55,the Memorial Tournament presented by Workday,PGA Tour,53,RBC Canadian Open,PGA Tour,CUT,U.S. Open,Major,T23,Travelers Championship,PGA Tour,T7,0.32,-0.31
HOEY,RICO,PGA,PGA Tour,ONEflight Myrtle Beach Classic,PGA Tour,T17,PGA Championship,Major,T53,THE CJ CUP Byron Nelson,PGA Tour,T60,Charles Schwab Challenge,PGA Tour,CUT,RBC Canadian Open,PGA Tour,T19,0.31,-0.03
STEINLECHNER,MAXIMILIAN,DPT,DP World Tour,Estrella Damm Catalunya Championship,DP World Tour,T3,Soudal Open,DP World Tour,CUT,Austrian Alpine Open presented by Kitzbühel Tirol,DP World Tour,T59,KLM Open,DP World Tour,T25,DS Automobiles 83° Open d’Italia,DP World Tour,T7,0.3,1.16
WIESBERGER,BERND,DPT,DP World Tour,Estrella Damm Catalunya Championship,DP World Tour,CUT,PGA Championship,Major,T13,Austrian Alpine Open presented by Kitzbühel Tirol,DP World Tour,CUT,KLM Open,DP World Tour,T21,DS Automobiles 83° Open d’Italia,DP World Tour,T4,0.29,0.79
PUTNAM,ANDREW,PGA,PGA Tour,Truist Championship,PGA Tour,CUT,PGA Championship,Major,T37,Charles Schwab Challenge,PGA Tour,T55,RBC Canadian Open,PGA Tour,T65,U.S. Open,Major,T17,0.29,0.01
WATSON,BUBBA,LIV,LIV Golf,Virginia,LIV Golf,9,Kolon The 68th KOREA Open,ASA,T35,Korea,LIV Golf,CUT,Andalucia,LIV Golf,2,International Series Morocco presented by Visit Morocco,Asian Tour,T29,0.26,0.35
FOWLER,RICKIE,PGA,PGA Tour,PGA Championship,Major,CUT,Charles Schwab Challenge,PGA Tour,T60,the Memorial Tournament presented by Workday,PGA Tour,CUT,U.S. Open,Major,T38,Travelers Championship,PGA Tour,CUT,0.26,-0.92
GRIFFIN,LANTO,PGA,PGA Tour,Zurich Classic of New Orleans,PGA Tour,T32,ONEflight Myrtle Beach Classic,PGA Tour,T13,THE CJ CUP Byron Nelson,PGA Tour,T13,Charles Schwab Challenge,PGA Tour,T60,RBC Canadian Open,PGA Tour,T67,0.25,0.38
VALIMAKI,SAMI,PGA,PGA Tour,Masters Tournament,Major,CUT,RBC Heritage,PGA Tour,T55,ONEflight Myrtle Beach Classic,PGA Tour,CUT,PGA Championship,Major,T60,KLM Open,DP World Tour,10,0.24,-0.14
BRYANT,DAVIS,DPT,DP World Tour,Estrella Damm Catalunya Championship,DP World Tour,T38,Soudal Open,DP World Tour,T31,Austrian Alpine Open presented by Kitzbühel Tirol,DP World Tour,T30,KLM Open,DP World Tour,T48,DS Automobiles 83° Open d’Italia,DP World Tour,T2,0.23,0.9
ISHIKAWA,RYO,KFT,Korn Ferry Tour,Visit Knoxville Open,Korn Ferry Tour,T3,UNC Health Championship,Korn Ferry Tour,T15,BMW Charity Pro-Am Presented by TD SYNNEX,Korn Ferry Tour,CUT,OccuNet Classic presented by Amarillo National Bank,Korn Ferry Tour,T33,Memorial Health Championship presented by LRS,Korn Ferry Tour,T12,0.23,0.81
REDMAN,DOC,KFT,Korn Ferry Tour,Visit Knoxville Open,Korn Ferry Tour,CUT,UNC Health Championship,Korn Ferry Tour,1,BMW Charity Pro-Am Presented by TD SYNNEX,Korn Ferry Tour,T48,OccuNet Classic presented by Amarillo National Bank,Korn Ferry Tour,T13,Memorial Health Championship presented by LRS,Korn Ferry Tour,CUT,0.23,0.6
PEREIRA,COREY,PTA,PGA Tour Americas,Diners Club Peru Open,PGA Tour Americas,T5,KIA Open de Ecuador presentado por Diners Club,PGA Tour Americas,T24,Mexico Championship presented by Scotia Wealth Management,PGA Tour Americas,CUT,Inter Rapidisimo Golf Championship,PGA Tour Americas,T2,Blue Cross and Blue Shield of Kansas Wichita Open presented by Syndeo,PGA Tour Americas,1,0.23,0.15
GARCIA,SERGIO,LIV,LIV Golf,Mexico City,LIV Golf,2,Virginia,LIV Golf,T39,Korea,LIV Golf,T29,Andalucia,LIV Golf,CUT,International Series Morocco presented by Visit Morocco,Asian Tour,4,0.22,0.17
GRACE,BRANDEN,LIV,LIV Golf,Virginia,LIV Golf,T14,Korea,LIV Golf,T21,Andalucia,LIV Golf,T12,International Series Morocco presented by Visit Morocco,Asian Tour,WD,DS Automobiles 83° Open d’Italia,DP World Tour,T11,0.22,-0.52
STOUT,PRESTON,AM,Amateur,Big 12 Men's Golf Championship,Amateur,1,NCAA Marana Regional,Amateur,T18,THE CJ CUP Byron Nelson,PGA Tour,CUT,NCAA DI Men's National Championship- Stroke Play,Amateur,1,U.S. Open,Major,CUT,0.21,0.33
HOSSLER,BEAU,PGA,PGA Tour,Zurich Classic of New Orleans,PGA Tour,CUT,ONEflight Myrtle Beach Classic,PGA Tour,CUT,THE CJ CUP Byron Nelson,PGA Tour,T3,Charles Schwab Challenge,PGA Tour,T45,RBC Canadian Open,PGA Tour,CUT,0.2,0.09
JAKUBCIK,FILIP,AM,Amateur,Big 12 Men's Golf Championship,Amateur,T28,NCAA Marana Regional,Amateur,6,NCAA DI Men's National Championship- Stroke Play,Amateur,T1,OccuNet Classic presented by Amarillo National Bank,Korn Ferry Tour,T33,Memorial Health Championship presented by LRS,Korn Ferry Tour,T4,0.2,0.91
SPIETH,JORDAN,PGA,PGA Tour,PGA Championship,Major,T56,THE CJ CUP Byron Nelson,PGA Tour,T18,the Memorial Tournament presented by Workday,PGA Tour,T19,U.S. Open,Major,T66,Travelers Championship,PGA Tour,CUT,0.2,-0.58
HOGE,TOM,PGA,PGA Tour,THE CJ CUP Byron Nelson,PGA Tour,CUT,Charles Schwab Challenge,PGA Tour,T6,the Memorial Tournament presented by Workday,PGA Tour,T71,RBC Canadian Open,PGA Tour,T38,Travelers Championship,PGA Tour,51,0.18,0.78
LINDBERG,MIKAEL,DPT,DP World Tour,PGA Championship,Major,T60,Soudal Open,DP World Tour,T55,Austrian Alpine Open presented by Kitzbühel Tirol,DP World Tour,T17,KLM Open,DP World Tour,CUT,DS Automobiles 83° Open d’Italia,DP World Tour,CUT,0.17,0.07
SMITH,JORDAN,PGA,PGA Tour,Cadillac Championship,PGA Tour,T55,PGA Championship,Major,CUT,THE CJ CUP Byron Nelson,PGA Tour,T59,Charles Schwab Challenge,PGA Tour,T13,RBC Canadian Open,PGA Tour,CUT,0.17,-0.31
YOUNG,CARSON,KFT,Korn Ferry Tour,THE CJ CUP Byron Nelson,PGA Tour,T8,UNC Health Championship,Korn Ferry Tour,CUT,BMW Charity Pro-Am Presented by TD SYNNEX,Korn Ferry Tour,CUT,OccuNet Classic presented by Amarillo National Bank,Korn Ferry Tour,T13,Memorial Health Championship presented by LRS,Korn Ferry Tour,T17,0.17,0.53
DOSSEY,COOPER,KFT,Korn Ferry Tour,Visit Knoxville Open,Korn Ferry Tour,CUT,UNC Health Championship,Korn Ferry Tour,T3,BMW Charity Pro-Am Presented by TD SYNNEX,Korn Ferry Tour,T7,U.S. Open,Major,T19,Memorial Health Championship presented by LRS,Korn Ferry Tour,CUT,0.17,0.19
KIMSEY,NATHAN,DPT,DP World Tour,Estrella Damm Catalunya Championship,DP World Tour,CUT,Soudal Open,DP World Tour,CUT,Austrian Alpine Open presented by Kitzbühel Tirol,DP World Tour,T8,KLM Open,DP World Tour,1,U.S. Open,Major,T17,0.16,0.54
DETRY,THOMAS,LIV,LIV Golf,PGA Championship,Major,T5,Soudal Open,DP World Tour,CUT,Korea,LIV Golf,T53,Andalucia,LIV Golf,CUT,DS Automobiles 83° Open d’Italia,DP World Tour,T41,0.15,-0.32
HERBERT,LUCAS,LIV,LIV Golf,Singapore Open presented by The Business Times,Asian Tour,T24,Virginia,LIV Golf,CUT,Korea,LIV Golf,T8,Andalucia,LIV Golf,CUT,U.S. Open,Major,1,0.15,0.16
HOMA,MAX,PGA,PGA Tour,Cadillac Championship,PGA Tour,T22,Truist Championship,PGA Tour,T38,PGA Championship,Major,T52,Charles Schwab Challenge,PGA Tour,T20,RBC Canadian Open,PGA Tour,CUT,0.14,-0.35
RITCHIE,JC,DPT,DP World Tour,Estrella Damm Catalunya Championship,DP World Tour,T48,Soudal Open,DP World Tour,T3,Austrian Alpine Open presented by Kitzbühel Tirol,DP World Tour,CUT,KLM Open,DP World Tour,1,DS Automobiles 83° Open d’Italia,DP World Tour,T17,0.13,0.26
THORBJORNSEN,MICHAEL,PGA,PGA Tour,Cadillac Championship,PGA Tour,16,PGA Championship,Major,T53,THE CJ CUP Byron Nelson,PGA Tour,CUT,Charles Schwab Challenge,PGA Tour,T54,RBC Canadian Open,PGA Tour,CUT,0.12,-0.59
COUSSAUD,UGO,DPT,DP World Tour,Estrella Damm Catalunya Championship,DP World Tour,CUT,Soudal Open,DP World Tour,T25,Austrian Alpine Open presented by Kitzbühel Tirol,DP World Tour,CUT,U.S. Open,Major,CUT,DS Automobiles 83° Open d’Italia,DP World Tour,T17,0.12,0.3
HALL,HARRY,PGA,PGA Tour,Charles Schwab Challenge,PGA Tour,CUT,the Memorial Tournament presented by Workday,PGA Tour,T29,RBC Canadian Open,PGA Tour,T40,U.S. Open,Major,CUT,Travelers Championship,PGA Tour,T51,0.11,-0.87
SKINNS,DAVID,PGA,PGA Tour,Zurich Classic of New Orleans,PGA Tour,CUT,ONEflight Myrtle Beach Classic,PGA Tour,CUT,THE CJ CUP Byron Nelson,PGA Tour,T24,Charles Schwab Challenge,PGA Tour,T20,RBC Canadian Open,PGA Tour,CUT,0.1,0.45
JOHNSON,MICHAEL,KFT,Korn Ferry Tour,Visit Knoxville Open,Korn Ferry Tour,T35,UNC Health Championship,Korn Ferry Tour,T12,BMW Charity Pro-Am Presented by TD SYNNEX,Korn Ferry Tour,CUT,OccuNet Classic presented by Amarillo National Bank,Korn Ferry Tour,T7,Memorial Health Championship presented by LRS,Korn Ferry Tour,CUT,0.09,0.24
FISHBURN,PATRICK,PGA,PGA Tour,Zurich Classic of New Orleans,PGA Tour,T54,ONEflight Myrtle Beach Classic,PGA Tour,CUT,THE CJ CUP Byron Nelson,PGA Tour,T19,Charles Schwab Challenge,PGA Tour,T29,RBC Canadian Open,PGA Tour,T47,0.08,0.16
MCCARTY,MATT,PGA,PGA Tour,PGA Championship,Major,CUT,Charles Schwab Challenge,PGA Tour,T60,the Memorial Tournament presented by Workday,PGA Tour,CUT,U.S. Open,Major,CUT,Travelers Championship,PGA Tour,T30,0.08,-0.65
DE LEO,GREGORIO,DPT,DP World Tour,Estrella Damm Catalunya Championship,DP World Tour,CUT,Soudal Open,DP World Tour,T70,Austrian Alpine Open presented by Kitzbühel Tirol,DP World Tour,T8,KLM Open,DP World Tour,CUT,DS Automobiles 83° Open d’Italia,DP World Tour,T4,0.08,0.68
OLESEN,JACOB SKOV,DPT,DP World Tour,Estrella Damm Catalunya Championship,DP World Tour,T41,Soudal Open,DP World Tour,CUT,Austrian Alpine Open presented by Kitzbühel Tirol,DP World Tour,T2,KLM Open,DP World Tour,1,DS Automobiles 83° Open d’Italia,DP World Tour,T26,0.08,0.14
STEVENS,SAM,PGA,PGA Tour,PGA Championship,Major,T65,Charles Schwab Challenge,PGA Tour,T42,the Memorial Tournament presented by Workday,PGA Tour,CUT,U.S. Open,Major,T7,Travelers Championship,PGA Tour,T62,0.07,-0.4
HUBBARD,MARK,PGA,PGA Tour,ONEflight Myrtle Beach Classic,PGA Tour,CUT,THE CJ CUP Byron Nelson,PGA Tour,2,Charles Schwab Challenge,PGA Tour,T31,the Memorial Tournament presented by Workday,PGA Tour,70,Travelers Championship,PGA Tour,T60,0.07,0.3
SMOTHERMAN,AUSTIN,PGA,PGA Tour,Cadillac Championship,PGA Tour,T42,Truist Championship,PGA Tour,T60,PGA Championship,Major,T19,Charles Schwab Challenge,PGA Tour,CUT,RBC Canadian Open,PGA Tour,CUT,0.06,0.05
MAAS,CHRISTIAAN,AM,Amateur,2026 SEC Men's Golf Championship Stroke Play,Amateur,CUT,NCAA Bryan Regional,Amateur,T3,NCAA DI Men's National Championship- Stroke Play,Amateur,T5,OccuNet Classic presented by Amarillo National Bank,Korn Ferry Tour,T19,Memorial Health Championship presented by LRS,Korn Ferry Tour,T19,0.05,0.09
KUCHAR,MATT,PGA,PGA Tour,Zurich Classic of New Orleans,PGA Tour,T22,ONEflight Myrtle Beach Classic,PGA Tour,CUT,THE CJ CUP Byron Nelson,PGA Tour,T24,Charles Schwab Challenge,PGA Tour,T22,the Memorial Tournament presented by Workday,PGA Tour,CUT,0.05,-0.14
ORTIZ,ALVARO,KFT,Korn Ferry Tour,Visit Knoxville Open,Korn Ferry Tour,T10,UNC Health Championship,Korn Ferry Tour,T46,BMW Charity Pro-Am Presented by TD SYNNEX,Korn Ferry Tour,1,OccuNet Classic presented by Amarillo National Bank,Korn Ferry Tour,CUT,Memorial Health Championship presented by LRS,Korn Ferry Tour,T40,0.05,0.77
MIGLIOZZI,GUIDO,DPT,DP World Tour,Turkish Airlines Open,DP World Tour,T28,Estrella Damm Catalunya Championship,DP World Tour,T2,Austrian Alpine Open presented by Kitzbühel Tirol,DP World Tour,CUT,KLM Open,DP World Tour,T35,DS Automobiles 83° Open d’Italia,DP World Tour,CUT,0.04,0.79
GARNETT,BRICE,PGA,PGA Tour,Zurich Classic of New Orleans,PGA Tour,T22,ONEflight Myrtle Beach Classic,PGA Tour,T24,THE CJ CUP Byron Nelson,PGA Tour,T19,Charles Schwab Challenge,PGA Tour,T4,RBC Canadian Open,PGA Tour,CUT,0.03,0.67
MOUW,WILLIAM,PGA,PGA Tour,PGA Championship,Major,T20,THE CJ CUP Byron Nelson,PGA Tour,T70,Charles Schwab Challenge,PGA Tour,CUT,RBC Canadian Open,PGA Tour,T65,U.S. Open,Major,CUT,0.01,-0.33
PEPPERELL,EDDIE,DPT,DP World Tour,Estrella Damm Catalunya Championship,DP World Tour,T11,Soudal Open,DP World Tour,T17,Austrian Alpine Open presented by Kitzbühel Tirol,DP World Tour,T24,KLM Open,DP World Tour,1,DS Automobiles 83° Open d’Italia,DP World Tour,CUT,0.01,0.35
TAYLOR,BEN,KFT,Korn Ferry Tour,Visit Knoxville Open,Korn Ferry Tour,T28,UNC Health Championship,Korn Ferry Tour,CUT,BMW Charity Pro-Am Presented by TD SYNNEX,Korn Ferry Tour,T7,OccuNet Classic presented by Amarillo National Bank,Korn Ferry Tour,T27,Memorial Health Championship presented by LRS,Korn Ferry Tour,CUT,0,0.49
GOOCH,TALOR,LIV,LIV Golf,South Africa,LIV Golf,2,Mexico City,LIV Golf,T24,Virginia,LIV Golf,T43,Korea,LIV Golf,T16,Andalucia,LIV Golf,T39,0,-0.16
JOHNSON,ZACH,CHAMP,PGA Tour Champions,Masters Tournament,Major,T5,Senior PGA Championship,PGA Tour Champions,CUT,Mitsubishi Electric Classic,PGA Tour Champions,T8,Insperity Invitational,PGA Tour Champions,1,Principal Charity Classic,PGA Tour Champions,3,-0.01,0.13
CASTILLO,RICKY,PGA,PGA Tour,Cadillac Championship,PGA Tour,T55,Truist Championship,PGA Tour,T60,PGA Championship,Major,CUT,Charles Schwab Challenge,PGA Tour,T42,RBC Canadian Open,PGA Tour,T45,-0.01,-0.27
DAY,JASON,PGA,PGA Tour,Cadillac Championship,PGA Tour,T38,Truist Championship,PGA Tour,68,PGA Championship,Major,T65,the Memorial Tournament presented by Workday,PGA Tour,CUT,Travelers Championship,PGA Tour,T55,-0.02,-0.63
MCGREEVY,MAX,PGA,PGA Tour,PGA Championship,Major,T51,THE CJ CUP Byron Nelson,PGA Tour,CUT,Charles Schwab Challenge,PGA Tour,CUT,RBC Canadian Open,PGA Tour,T32,U.S. Open,Major,T35,-0.03,-0.38
HILLIER,DANIEL,DPT,DP World Tour,PGA Championship,Major,CUT,Soudal Open,DP World Tour,T26,Austrian Alpine Open presented by Kitzbühel Tirol,DP World Tour,CUT,KLM Open,DP World Tour,T14,DS Automobiles 83° Open d’Italia,DP World Tour,T7,-0.04,-0.58
HISATSUNE,RYO,PGA,PGA Tour,THE CJ CUP Byron Nelson,PGA Tour,T43,Charles Schwab Challenge,PGA Tour,T19,the Memorial Tournament presented by Workday,PGA Tour,66,U.S. Open,Major,T38,Travelers Championship,PGA Tour,52,-0.04,-0.16
KIM,S.H.,KOR,KPGA Korean Tour,KPGA Gyeongbuk Open,KPGA Korean Tour,T10,Kolon The 68th KOREA Open,ASA,T6,The 69th KPGA Championship with A-ONE CC,KPGA Korean Tour,T8,Hana Bank Invitational,KPGA Korean Tour,2,KPGA Gunsan CC Open,KPGA Korean Tour,CUT,-0.04,0.14
BRENNAN,MICHAEL,PGA,PGA Tour,PGA Championship,Major,CUT,THE CJ CUP Byron Nelson,PGA Tour,81,Charles Schwab Challenge,PGA Tour,CUT,RBC Canadian Open,PGA Tour,T43,U.S. Open,Major,T6,-0.05,-0.44
BLAIR,ZAC,PGA,PGA Tour,THE CJ CUP Byron Nelson,PGA Tour,T32,Charles Schwab Challenge,PGA Tour,69,BMW Charity Pro-Am Presented by TD SYNNEX,Korn Ferry Tour,CUT,U.S. Open,Major,T27,Memorial Health Championship presented by LRS,Korn Ferry Tour,T40,-0.05,-0.04
STEELMAN,ROSS,KFT,Korn Ferry Tour,Visit Knoxville Open,Korn Ferry Tour,CUT,UNC Health Championship,Korn Ferry Tour,T10,BMW Charity Pro-Am Presented by TD SYNNEX,Korn Ferry Tour,2,OccuNet Classic presented by Amarillo National Bank,Korn Ferry Tour,T10,Memorial Health Championship presented by LRS,Korn Ferry Tour,T33,-0.05,0.76
NAKAJIMA,KEITA,PGA,PGA Tour,Zurich Classic of New Orleans,PGA Tour,T28,ONEflight Myrtle Beach Classic,PGA Tour,CUT,THE CJ CUP Byron Nelson,PGA Tour,T13,Charles Schwab Challenge,PGA Tour,T20,RBC Canadian Open,PGA Tour,CUT,-0.05,0.09
WARING,PAUL,DPT,DP World Tour,Valero Texas Open,PGA Tour,T30,Turkish Airlines Open,DP World Tour,T30,Estrella Damm Catalunya Championship,DP World Tour,CUT,Soudal Open,DP World Tour,T48,KLM Open,DP World Tour,T13,-0.06,0.6
OLESEN,THORBJORN,PGA,PGA Tour,Texas Children's Houston Open,PGA Tour,T67,Valero Texas Open,PGA Tour,T14,THE CJ CUP Byron Nelson,PGA Tour,T49,Charles Schwab Challenge,PGA Tour,CUT,RBC Canadian Open,PGA Tour,T62,-0.06,-0.44
PAVON,MATTHIEU,PGA,PGA Tour,Zurich Classic of New Orleans,PGA Tour,CUT,ONEflight Myrtle Beach Classic,PGA Tour,T20,THE CJ CUP Byron Nelson,PGA Tour,CUT,Charles Schwab Challenge,PGA Tour,T20,RBC Canadian Open,PGA Tour,T40,-0.06,0.18
DOU,ZECHENG,PGA,PGA Tour,Zurich Classic of New Orleans,PGA Tour,CUT,ONEflight Myrtle Beach Classic,PGA Tour,CUT,THE CJ CUP Byron Nelson,PGA Tour,T13,Charles Schwab Challenge,PGA Tour,CUT,RBC Canadian Open,PGA Tour,CUT,-0.07,-0.12
MENANTE,DYLAN,KFT,Korn Ferry Tour,Visit Knoxville Open,Korn Ferry Tour,CUT,UNC Health Championship,Korn Ferry Tour,T12,BMW Charity Pro-Am Presented by TD SYNNEX,Korn Ferry Tour,T38,OccuNet Classic presented by Amarillo National Bank,Korn Ferry Tour,T48,Memorial Health Championship presented by LRS,Korn Ferry Tour,CUT,-0.08,0.56
LUNDIN,JACK,PTA,PGA Tour Americas,Diners Club Peru Open,PGA Tour Americas,T20,KIA Open de Ecuador presentado por Diners Club,PGA Tour Americas,T33,Mexico Championship presented by Scotia Wealth Management,PGA Tour Americas,2,Inter Rapidisimo Golf Championship,PGA Tour Americas,4,Blue Cross and Blue Shield of Kansas Wichita Open presented by Syndeo,PGA Tour Americas,T15,-0.08,1.01
ERENO PEREZ,PABLO,CHA,Challenge Tour,Danish Golf Challenge,Challenge Tour,T41,Challenge de España,Challenge Tour,T20,KLM Open,DP World Tour,T7,English Open supported by HotelPlanner,Challenge Tour,3,Blot Play9,Challenge Tour,T14,-0.08,0.75
DEAN,JOE,DPT,DP World Tour,Estrella Damm Catalunya Championship,DP World Tour,T3,Soudal Open,DP World Tour,T64,Austrian Alpine Open presented by Kitzbühel Tirol,DP World Tour,T47,KLM Open,DP World Tour,CUT,DS Automobiles 83° Open d’Italia,DP World Tour,T12,-0.09,0.84
STEELE,BRENDAN,LIV,LIV Golf,South Africa,LIV Golf,T6,Mexico City,LIV Golf,T24,Virginia,LIV Golf,T25,Korea,LIV Golf,T31,Andalucia,LIV Golf,T39,-0.1,0.53
VARNER III,HAROLD,LIV,LIV Golf,South Africa,LIV Golf,T6,Mexico City,LIV Golf,T38,Virginia,LIV Golf,T12,Korea,LIV Golf,T19,Andalucia,LIV Golf,T51,-0.1,0.28
HORSCHEL,BILLY,PGA,PGA Tour,THE CJ CUP Byron Nelson,PGA Tour,CUT,Charles Schwab Challenge,PGA Tour,T42,the Memorial Tournament presented by Workday,PGA Tour,CUT,RBC Canadian Open,PGA Tour,T15,U.S. Open,Major,CUT,-0.1,0.04
REAVIE,CHEZ,KFT,Korn Ferry Tour,Visit Knoxville Open,Korn Ferry Tour,T28,UNC Health Championship,Korn Ferry Tour,CUT,BMW Charity Pro-Am Presented by TD SYNNEX,Korn Ferry Tour,T13,OccuNet Classic presented by Amarillo National Bank,Korn Ferry Tour,CUT,Memorial Health Championship presented by LRS,Korn Ferry Tour,T33,-0.11,0.79
SHORE,DAVIS,KFT,Korn Ferry Tour,Visit Knoxville Open,Korn Ferry Tour,T21,UNC Health Championship,Korn Ferry Tour,T8,BMW Charity Pro-Am Presented by TD SYNNEX,Korn Ferry Tour,T34,OccuNet Classic presented by Amarillo National Bank,Korn Ferry Tour,CUT,Memorial Health Championship presented by LRS,Korn Ferry Tour,CUT,-0.11,0.39
HIGGO,GARRICK,PGA,PGA Tour,ONEflight Myrtle Beach Classic,PGA Tour,T32,PGA Championship,Major,T67,THE CJ CUP Byron Nelson,PGA Tour,CUT,Charles Schwab Challenge,PGA Tour,CUT,RBC Canadian Open,PGA Tour,T19,-0.11,-0.18
NOH,S.Y.,KFT,Korn Ferry Tour,THE CJ CUP Byron Nelson,PGA Tour,T28,UNC Health Championship,Korn Ferry Tour,18,BMW Charity Pro-Am Presented by TD SYNNEX,Korn Ferry Tour,T19,OccuNet Classic presented by Amarillo National Bank,Korn Ferry Tour,CUT,Memorial Health Championship presented by LRS,Korn Ferry Tour,T33,-0.12,0.26
RAVETTO,DAVID,DPT,DP World Tour,Estrella Damm Catalunya Championship,DP World Tour,T14,Soudal Open,DP World Tour,T43,Austrian Alpine Open presented by Kitzbühel Tirol,DP World Tour,T30,KLM Open,DP World Tour,T60,DS Automobiles 83° Open d’Italia,DP World Tour,T35,-0.12,0.7
HUGHES,MACKENZIE,PGA,PGA Tour,Zurich Classic of New Orleans,PGA Tour,T10,Truist Championship,PGA Tour,CUT,THE CJ CUP Byron Nelson,PGA Tour,T52,Charles Schwab Challenge,PGA Tour,CUT,RBC Canadian Open,PGA Tour,66,-0.12,-0.09
ARMITAGE,MARCUS,DPT,DP World Tour,Estrella Damm Catalunya Championship,DP World Tour,T66,Soudal Open,DP World Tour,CUT,Austrian Alpine Open presented by Kitzbühel Tirol,DP World Tour,T2,KLM Open,DP World Tour,T14,DS Automobiles 83° Open d’Italia,DP World Tour,T26,-0.12,-0.06
GUERRIER,JULIEN,DPT,DP World Tour,Turkish Airlines Open,DP World Tour,1,Estrella Damm Catalunya Championship,DP World Tour,T53,Soudal Open,DP World Tour,CUT,Austrian Alpine Open presented by Kitzbühel Tirol,DP World Tour,T7,KLM Open,DP World Tour,T47,-0.12,-0.04
ROZNER,ANTOINE,DPT,DP World Tour,Turkish Airlines Open,DP World Tour,T60,Estrella Damm Catalunya Championship,DP World Tour,T29,Austrian Alpine Open presented by Kitzbühel Tirol,DP World Tour,T17,KLM Open,DP World Tour,1,DS Automobiles 83° Open d’Italia,DP World Tour,T26,-0.15,0.04
NORGAARD,NIKLAS,DPT,DP World Tour,Estrella Damm Catalunya Championship,DP World Tour,T43,Soudal Open,DP World Tour,T51,KLM Open,DP World Tour,CUT,U.S. Open,Major,T45,DS Automobiles 83° Open d’Italia,DP World Tour,T21,-0.16,0.61
CROWE,TRACE,PGA,PGA Tour,Zurich Classic of New Orleans,PGA Tour,CUT,ONEflight Myrtle Beach Classic,PGA Tour,T4,THE CJ CUP Byron Nelson,PGA Tour,T67,Charles Schwab Challenge,PGA Tour,CUT,RBC Canadian Open,PGA Tour,CUT,-0.17,0.23
AN,BYEONG HUN,LIV,LIV Golf,Mexico City,LIV Golf,T11,Virginia,LIV Golf,T25,Korea,LIV Golf,T37,Andalucia,LIV Golf,T22,International Series Morocco presented by Visit Morocco,Asian Tour,T35,-0.17,0.1
SONG,YOUNGHAN,LIV,LIV Golf,Kansai Open Golf Championship,Japan Golf Tour,T42,Japan PGA Championship Senko Group Cup,Japan Golf Tour,T36,Korea,LIV Golf,T2,Andalucia,LIV Golf,T10,International Series Morocco presented by Visit Morocco,Asian Tour,T12,-0.18,0.5
DAFFUE,MJ,CHA,Challenge Tour,Challenge de Catalunya,Challenge Tour,T7,Soudal Open,DP World Tour,T3,Austrian Alpine Open presented by Kitzbühel Tirol,DP World Tour,T8,English Open supported by HotelPlanner,Challenge Tour,CUT,Blot Play9,Challenge Tour,T35,-0.18,0.93
PAK,JOHN,KFT,Korn Ferry Tour,Colonial Life Charity Classic,Korn Ferry Tour,T7,Visit Knoxville Open,Korn Ferry Tour,T69,UNC Health Championship,Korn Ferry Tour,T46,BMW Charity Pro-Am Presented by TD SYNNEX,Korn Ferry Tour,CUT,Memorial Health Championship presented by LRS,Korn Ferry Tour,T7,-0.18,0.32
HITT,AUSTIN,KFT,Korn Ferry Tour,Visit Knoxville Open,Korn Ferry Tour,T21,UNC Health Championship,Korn Ferry Tour,T23,BMW Charity Pro-Am Presented by TD SYNNEX,Korn Ferry Tour,CUT,OccuNet Classic presented by Amarillo National Bank,Korn Ferry Tour,T19,Memorial Health Championship presented by LRS,Korn Ferry Tour,CUT,-0.19,0.54
ECKROAT,AUSTIN,PGA,PGA Tour,Zurich Classic of New Orleans,PGA Tour,T67,ONEflight Myrtle Beach Classic,PGA Tour,T6,THE CJ CUP Byron Nelson,PGA Tour,T19,Charles Schwab Challenge,PGA Tour,73,RBC Canadian Open,PGA Tour,T40,-0.2,-0.26
HARRIS,FRANKIE,AM,Amateur,Ford Collegiate,Amateur,T59,2026 SEC Men's Golf Championship Stroke Play,Amateur,T3,NCAA Columbus Regional,Amateur,T7,OccuNet Classic presented by Amarillo National Bank,Korn Ferry Tour,T13,Memorial Health Championship presented by LRS,Korn Ferry Tour,T17,-0.21,0.77
POWER,SEAMUS,PGA,PGA Tour,Zurich Classic of New Orleans,PGA Tour,T54,ONEflight Myrtle Beach Classic,PGA Tour,T10,THE CJ CUP Byron Nelson,PGA Tour,T60,Charles Schwab Challenge,PGA Tour,CUT,RBC Canadian Open,PGA Tour,T19,-0.21,-0.23
MCKIBBIN,TOM,LIV,LIV Golf,Virginia,LIV Golf,T21,PGA Championship,Major,T21,Korea,LIV Golf,CUT,Andalucia,LIV Golf,T25,DS Automobiles 83° Open d’Italia,DP World Tour,T23,-0.21,-0.6
COUVRA,MARTIN,DPT,DP World Tour,Estrella Damm Catalunya Championship,DP World Tour,T55,Soudal Open,DP World Tour,T10,Austrian Alpine Open presented by Kitzbühel Tirol,DP World Tour,T24,KLM Open,DP World Tour,1,DS Automobiles 83° Open d’Italia,DP World Tour,T35,-0.22,0.15
COWAN,RYDER,AM,Amateur,Ford Collegiate,Amateur,T28,2026 SEC Men's Golf Championship Stroke Play,Amateur,T24,NCAA Corvallis Regional,Amateur,T17,NCAA DI Men's National Championship- Stroke Play,Amateur,T23,U.S. Open,Major,4,-0.23,0.68
JANG,YUBIN,KOR,KPGA Korean Tour,KPGA Gyeongbuk Open,KPGA Korean Tour,1,Kolon The 68th KOREA Open,ASA,T18,The 69th KPGA Championship with A-ONE CC,KPGA Korean Tour,T23,Hana Bank Invitational,KPGA Korean Tour,T14,KPGA Gunsan CC Open,KPGA Korean Tour,T23,-0.24,0.77
WHALEY,VINCE,PGA,PGA Tour,Zurich Classic of New Orleans,PGA Tour,CUT,ONEflight Myrtle Beach Classic,PGA Tour,CUT,THE CJ CUP Byron Nelson,PGA Tour,CUT,Charles Schwab Challenge,PGA Tour,T65,RBC Canadian Open,PGA Tour,CUT,-0.24,-0.38
CLANTON,LUKE,PGA,PGA Tour,Zurich Classic of New Orleans,PGA Tour,T54,ONEflight Myrtle Beach Classic,PGA Tour,T26,THE CJ CUP Byron Nelson,PGA Tour,T60,Charles Schwab Challenge,PGA Tour,T54,RBC Canadian Open,PGA Tour,T31,-0.24,0.55
PARRY,JOHN,PGA,PGA Tour,PGA Championship,Major,T70,THE CJ CUP Byron Nelson,PGA Tour,T47,Charles Schwab Challenge,PGA Tour,CUT,RBC Canadian Open,PGA Tour,CUT,U.S. Open,Major,T11,-0.25,-0.63
VAILLANT,TOM,DPT,DP World Tour,Estrella Damm Catalunya Championship,DP World Tour,CUT,Soudal Open,DP World Tour,T31,Austrian Alpine Open presented by Kitzbühel Tirol,DP World Tour,T13,KLM Open,DP World Tour,T55,DS Automobiles 83° Open d’Italia,DP World Tour,T26,-0.25,0.01
MCALLISTER,LOGAN,KFT,Korn Ferry Tour,Visit Knoxville Open,Korn Ferry Tour,T21,UNC Health Championship,Korn Ferry Tour,CUT,BMW Charity Pro-Am Presented by TD SYNNEX,Korn Ferry Tour,T5,OccuNet Classic presented by Amarillo National Bank,Korn Ferry Tour,CUT,Memorial Health Championship presented by LRS,Korn Ferry Tour,2,-0.26,0.69
SUMMY,JASE,AM,Amateur,2026 SEC Men's Golf Championship Stroke Play,Amateur,T3,NCAA Corvallis Regional,Amateur,2,NCAA DI Men's National Championship- Stroke Play,Amateur,T2,OccuNet Classic presented by Amarillo National Bank,Korn Ferry Tour,CUT,Memorial Health Championship presented by LRS,Korn Ferry Tour,T70,-0.26,0.55
KAYMER,MARTIN,LIV,LIV Golf,Mexico City,LIV Golf,T45,Virginia,LIV Golf,T25,PGA Championship,Major,T39,Korea,LIV Golf,T24,Andalucia,LIV Golf,T35,-0.27,0.45
CANTER,LAURIE,LIV,LIV Golf,Mexico City,LIV Golf,T37,Virginia,LIV Golf,T25,Korea,LIV Golf,T46,Andalucia,LIV Golf,T43,U.S. Open,Major,T12,-0.27,0.12
KANAYA,TAKUMI,PGA,PGA Tour,Zurich Classic of New Orleans,PGA Tour,T54,ONEflight Myrtle Beach Classic,PGA Tour,T26,THE CJ CUP Byron Nelson,PGA Tour,T38,Charles Schwab Challenge,PGA Tour,T29,RBC Canadian Open,PGA Tour,CUT,-0.27,-0.32
DOCHERTY,ALISTAIR,KFT,Korn Ferry Tour,Colonial Life Charity Classic,Korn Ferry Tour,T17,Visit Knoxville Open,Korn Ferry Tour,T16,UNC Health Championship,Korn Ferry Tour,T56,BMW Charity Pro-Am Presented by TD SYNNEX,Korn Ferry Tour,T40,Memorial Health Championship presented by LRS,Korn Ferry Tour,CUT,-0.28,0.33
JARVIS,CASEY,DPT,DP World Tour,PGA Championship,Major,CUT,Soudal Open,DP World Tour,T65,Austrian Alpine Open presented by Kitzbühel Tirol,DP World Tour,T22,KLM Open,DP World Tour,1,DS Automobiles 83° Open d’Italia,DP World Tour,CUT,-0.29,-0.32
SCHMID,MATTI,PGA,PGA Tour,ONEflight Myrtle Beach Classic,PGA Tour,CUT,PGA Championship,Major,CUT,THE CJ CUP Byron Nelson,PGA Tour,T4,RBC Canadian Open,PGA Tour,CUT,U.S. Open,Major,CUT,-0.29,-0.35
HADWIN,ADAM,KFT,Korn Ferry Tour,Colonial Life Charity Classic,Korn Ferry Tour,T40,THE CJ CUP Byron Nelson,PGA Tour,T13,BMW Charity Pro-Am Presented by TD SYNNEX,Korn Ferry Tour,CUT,RBC Canadian Open,PGA Tour,CUT,Memorial Health Championship presented by LRS,Korn Ferry Tour,T7,-0.29,0.34
POULTER,IAN,LIV,LIV Golf,South Africa,LIV Golf,T16,Mexico City,LIV Golf,T48,Virginia,LIV Golf,T25,Korea,LIV Golf,T27,Andalucia,LIV Golf,T18,-0.3,0.59
KIRK,CHRIS,PGA,PGA Tour,PGA Championship,Major,T44,THE CJ CUP Byron Nelson,PGA Tour,T31,Charles Schwab Challenge,PGA Tour,CUT,RBC Canadian Open,PGA Tour,CUT,U.S. Open,Major,CUT,-0.3,-0.59
VAN DRIEL,DARIUS,DPT,DP World Tour,Estrella Damm Catalunya Championship,DP World Tour,CUT,Soudal Open,DP World Tour,CUT,Austrian Alpine Open presented by Kitzbühel Tirol,DP World Tour,T13,KLM Open,DP World Tour,T66,DS Automobiles 83° Open d’Italia,DP World Tour,T40,-0.31,0.43
BUCKLEY,HAYDEN,KFT,Korn Ferry Tour,Visit Knoxville Open,Korn Ferry Tour,T8,UNC Health Championship,Korn Ferry Tour,T29,BMW Charity Pro-Am Presented by TD SYNNEX,Korn Ferry Tour,T38,OccuNet Classic presented by Amarillo National Bank,Korn Ferry Tour,T33,Memorial Health Championship presented by LRS,Korn Ferry Tour,CUT,-0.31,0.36
WANG,JEUNGHUN,KOR,KPGA Korean Tour,Kolon The 68th KOREA Open,ASA,T15,The 69th KPGA Championship with A-ONE CC,KPGA Korean Tour,T3,International Series Morocco presented by Visit Morocco,Asian Tour,T5,Hana Bank Invitational,KPGA Korean Tour,T32,KPGA Gunsan CC Open,KPGA Korean Tour,T37,-0.31,0.63
DUMONT DE CHASSART,ADRIEN,PGA,PGA Tour,ONEflight Myrtle Beach Classic,PGA Tour,CUT,THE CJ CUP Byron Nelson,PGA Tour,T31,Charles Schwab Challenge,PGA Tour,CUT,RBC Canadian Open,PGA Tour,T53,U.S. Open,Major,CUT,-0.33,-0.45
WINTHER,JEFF,DPT,DP World Tour,Estrella Damm Catalunya Championship,DP World Tour,CUT,Soudal Open,DP World Tour,T43,Austrian Alpine Open presented by Kitzbühel Tirol,DP World Tour,T17,KLM Open,DP World Tour,T6,DS Automobiles 83° Open d’Italia,DP World Tour,WD,-0.33,0.39
POTTER,LUKE,AM,Amateur,2026 SEC Men's Golf Championship Stroke Play,Amateur,CUT,NCAA Bryan Regional,Amateur,T41,NCAA DI Men's National Championship- Stroke Play,Amateur,1,OccuNet Classic presented by Amarillo National Bank,Korn Ferry Tour,CUT,Memorial Health Championship presented by LRS,Korn Ferry Tour,T23,-0.34,0.79
GUILLAMOUNDEGUY,OIHAN,DPT,DP World Tour,Estrella Damm Catalunya Championship,DP World Tour,CUT,Soudal Open,DP World Tour,T3,Austrian Alpine Open presented by Kitzbühel Tirol,DP World Tour,CUT,KLM Open,DP World Tour,T25,DS Automobiles 83° Open d’Italia,DP World Tour,T35,-0.34,0.21
SUH,JUSTIN,KFT,Korn Ferry Tour,Visit Knoxville Open,Korn Ferry Tour,T14,UNC Health Championship,Korn Ferry Tour,T23,BMW Charity Pro-Am Presented by TD SYNNEX,Korn Ferry Tour,T38,OccuNet Classic presented by Amarillo National Bank,Korn Ferry Tour,T33,Memorial Health Championship presented by LRS,Korn Ferry Tour,CUT,-0.34,0.64
SVENSSON,JESPER,PGA,PGA Tour,Zurich Classic of New Orleans,PGA Tour,CUT,Turkish Airlines Open,DP World Tour,T65,ONEflight Myrtle Beach Classic,PGA Tour,CUT,THE CJ CUP Byron Nelson,PGA Tour,T9,RBC Canadian Open,PGA Tour,T4,-0.34,-0.14
PETERSON,PAUL,PGA,PGA Tour,ONEflight Myrtle Beach Classic,PGA Tour,CUT,Colonial Life Charity Classic,Korn Ferry Tour,T11,THE CJ CUP Byron Nelson,PGA Tour,T7,Charles Schwab Challenge,PGA Tour,T67,RBC Canadian Open,PGA Tour,CUT,-0.35,0.07
DEL REY,ALEJANDRO,DPT,DP World Tour,Turkish Airlines Open,DP World Tour,CUT,Estrella Damm Catalunya Championship,DP World Tour,T29,Austrian Alpine Open presented by Kitzbühel Tirol,DP World Tour,T3,KLM Open,DP World Tour,CUT,DS Automobiles 83° Open d’Italia,DP World Tour,CUT,-0.35,0.12
STANGER,JIMMY,PGA,PGA Tour,ONEflight Myrtle Beach Classic,PGA Tour,T4,THE CJ CUP Byron Nelson,PGA Tour,T38,Charles Schwab Challenge,PGA Tour,CUT,RBC Canadian Open,PGA Tour,CUT,U.S. Open,Major,CUT,-0.35,0.08
OOSTHUIZEN,LOUIS,LIV,LIV Golf,South Africa,LIV Golf,T37,Mexico City,LIV Golf,T17,Virginia,LIV Golf,T12,Korea,LIV Golf,WD,Andalucia,LIV Golf,42,-0.35,-0.25
DUNLAP,NICK,PGA,PGA Tour,Zurich Classic of New Orleans,PGA Tour,T60,ONEflight Myrtle Beach Classic,PGA Tour,T17,THE CJ CUP Byron Nelson,PGA Tour,T24,Charles Schwab Challenge,PGA Tour,CUT,RBC Canadian Open,PGA Tour,CUT,-0.35,0.47
LI,HAOTONG,PGA,PGA Tour,ONEflight Myrtle Beach Classic,PGA Tour,CUT,PGA Championship,Major,CUT,THE CJ CUP Byron Nelson,PGA Tour,T35,Charles Schwab Challenge,PGA Tour,T60,RBC Canadian Open,PGA Tour,CUT,-0.35,-0.49
PREMLALL,YURAV,DPT,DP World Tour,Estrella Damm Catalunya Championship,DP World Tour,CUT,Soudal Open,DP World Tour,1,Austrian Alpine Open presented by Kitzbühel Tirol,DP World Tour,T30,KLM Open,DP World Tour,T74,DS Automobiles 83° Open d’Italia,DP World Tour,T40,-0.35,1.26
NAGANO,RYUTARO,JPN,Japan Golf Tour,The Crowns,Japan Golf Tour,T2,Kansai Open Golf Championship,Japan Golf Tour,T8,Japan PGA Championship Senko Group Cup,Japan Golf Tour,T14,Gate Way To The Open Mizuno Open,Japan Golf Tour,T42,BMW Japan Golf Tour Championship Mori Building Cup,Japan Golf Tour,T15,-0.36,0.58
STREELMAN,KEVIN,PGA,PGA Tour,Valero Texas Open,PGA Tour,CUT,Zurich Classic of New Orleans,PGA Tour,T39,ONEflight Myrtle Beach Classic,PGA Tour,CUT,THE CJ CUP Byron Nelson,PGA Tour,T42,Charles Schwab Challenge,PGA Tour,CUT,-0.36,0.53
CAMPILLO,JORGE,DPT,DP World Tour,Turkish Airlines Open,DP World Tour,T19,Estrella Damm Catalunya Championship,DP World Tour,CUT,Soudal Open,DP World Tour,T25,KLM Open,DP World Tour,1,DS Automobiles 83° Open d’Italia,DP World Tour,T2,-0.36,-0.26
APHIBARNRAT,KIRADECH,DPT,DP World Tour,Estrella Damm Catalunya Championship,DP World Tour,T38,Soudal Open,DP World Tour,T6,Austrian Alpine Open presented by Kitzbühel Tirol,DP World Tour,CUT,KLM Open,DP World Tour,CUT,DS Automobiles 83° Open d’Italia,DP World Tour,CUT,-0.36,0.54
VILIPS,KARL,PGA,PGA Tour,Zurich Classic of New Orleans,PGA Tour,CUT,ONEflight Myrtle Beach Classic,PGA Tour,T13,THE CJ CUP Byron Nelson,PGA Tour,T24,Charles Schwab Challenge,PGA Tour,CUT,RBC Canadian Open,PGA Tour,CUT,-0.37,0.09
ZHOU,YANHAN,DPT,DP World Tour,Estrella Damm Catalunya Championship,DP World Tour,9,Soudal Open,DP World Tour,CUT,Austrian Alpine Open presented by Kitzbühel Tirol,DP World Tour,T41,KLM Open,DP World Tour,CUT,DS Automobiles 83° Open d’Italia,DP World Tour,T12,-0.37,0.09
SCHAPER,JAYDEN,DPT,DP World Tour,Estrella Damm Catalunya Championship,DP World Tour,CUT,PGA Championship,Major,T25,Soudal Open,DP World Tour,CUT,KLM Open,DP World Tour,T11,U.S. Open,Major,T24,-0.37,-1.03
FIORONI,CADEN,PTA,PGA Tour Americas,Colonial Life Charity Classic,Korn Ferry Tour,T15,KIA Open de Ecuador presentado por Diners Club,PGA Tour Americas,T51,Mexico Championship presented by Scotia Wealth Management,PGA Tour Americas,T5,Inter Rapidisimo Golf Championship,PGA Tour Americas,T17,Blue Cross and Blue Shield of Kansas Wichita Open presented by Syndeo,PGA Tour Americas,T18,-0.37,0.76
GILLIGAN,IAN,KFT,Korn Ferry Tour,Visit Knoxville Open,Korn Ferry Tour,CUT,UNC Health Championship,Korn Ferry Tour,CUT,BMW Charity Pro-Am Presented by TD SYNNEX,Korn Ferry Tour,CUT,OccuNet Classic presented by Amarillo National Bank,Korn Ferry Tour,CUT,Memorial Health Championship presented by LRS,Korn Ferry Tour,CUT,-0.39,0.14
SVENSSON,ADAM,PGA,PGA Tour,Zurich Classic of New Orleans,PGA Tour,CUT,ONEflight Myrtle Beach Classic,PGA Tour,T26,THE CJ CUP Byron Nelson,PGA Tour,T45,Charles Schwab Challenge,PGA Tour,T60,RBC Canadian Open,PGA Tour,T54,-0.39,0.07
VAN DER MERWE,GRAHAM,AFR,Sunshine Tour,FBC ZIM Open,Sunshine Tour,T7,Kit Kat Cash & Carry Pro-Am,Sunshine Tour,T16,SunBet Challenge hosted by Sun Boardwalk,Sunshine Tour,2,The Mopani Zambia Open,Sunshine Tour,6,KCM Golf Challenge,Sunshine Tour,T18,-0.4,1.22
SIMPSON,WEBB,PGA,PGA Tour,Cognizant Classic in The Palm Beaches,PGA Tour,T48,Valspar Championship,PGA Tour,CUT,Valero Texas Open,PGA Tour,T18,Truist Championship,PGA Tour,CUT,Charles Schwab Challenge,PGA Tour,WD,-0.4,-0.23
GOMEZ,FABIAN,KFT,Korn Ferry Tour,Colonial Life Charity Classic,Korn Ferry Tour,T3,THE CJ CUP Byron Nelson,PGA Tour,CUT,UNC Health Championship,Korn Ferry Tour,T47,BMW Charity Pro-Am Presented by TD SYNNEX,Korn Ferry Tour,T21,OccuNet Classic presented by Amarillo National Bank,Korn Ferry Tour,CUT,-0.4,0.4
BUTLER,JOHN MARSHALL,KFT,Korn Ferry Tour,Visit Knoxville Open,Korn Ferry Tour,CUT,UNC Health Championship,Korn Ferry Tour,T3,BMW Charity Pro-Am Presented by TD SYNNEX,Korn Ferry Tour,T13,OccuNet Classic presented by Amarillo National Bank,Korn Ferry Tour,CUT,Memorial Health Championship presented by LRS,Korn Ferry Tour,CUT,-0.4,0.87
MUNOZ,SEBASTIAN,LIV,LIV Golf,South Africa,LIV Golf,T23,Mexico City,LIV Golf,37,Virginia,LIV Golf,T30,Korea,LIV Golf,T27,Andalucia,LIV Golf,T25,-0.4,-0.71
YONEZAWA,REN,JPN,Japan Golf Tour,The Crowns,Japan Golf Tour,T2,Kansai Open Golf Championship,Japan Golf Tour,T24,Japan PGA Championship Senko Group Cup,Japan Golf Tour,CUT,Gate Way To The Open Mizuno Open,Japan Golf Tour,T8,BMW Japan Golf Tour Championship Mori Building Cup,Japan Golf Tour,T27,-0.4,0.27
VANARRAGON,CALEB,KFT,Korn Ferry Tour,Visit Knoxville Open,Korn Ferry Tour,T47,UNC Health Championship,Korn Ferry Tour,T23,BMW Charity Pro-Am Presented by TD SYNNEX,Korn Ferry Tour,CUT,OccuNet Classic presented by Amarillo National Bank,Korn Ferry Tour,T27,Memorial Health Championship presented by LRS,Korn Ferry Tour,T26,-0.41,-0.18
FIGUEIREDO,PEDRO,CHA,Challenge Tour,Challenge de Catalunya,Challenge Tour,T18,Danish Golf Challenge,Challenge Tour,CUT,Challenge de España,Challenge Tour,T16,English Open supported by HotelPlanner,Challenge Tour,T14,Blot Play9,Challenge Tour,4,-0.42,0.88
BRADBURY,DAN,DPT,DP World Tour,Hero Indian Open,DP World Tour,T41,Turkish Airlines Open,DP World Tour,T59,Estrella Damm Catalunya Championship,DP World Tour,CUT,KLM Open,DP World Tour,1,DS Automobiles 83° Open d’Italia,DP World Tour,T6,-0.42,-0.3
JORDAN,MATTHEW,DPT,DP World Tour,Turkish Airlines Open,DP World Tour,CUT,Soudal Open,DP World Tour,T43,Austrian Alpine Open presented by Kitzbühel Tirol,DP World Tour,CUT,KLM Open,DP World Tour,CUT,U.S. Open,Major,T40,-0.43,0.03
SMYLIE,ELVIS,LIV,LIV Golf,PGA Championship,Major,T5,Korea,LIV Golf,T75,Andalucia,LIV Golf,T45,International Series Morocco presented by Visit Morocco,Asian Tour,T41,DS Automobiles 83° Open d’Italia,DP World Tour,41,-0.43,-0.32
WILLIAMS,MASON,PTA,PGA Tour Americas,Diners Club Peru Open,PGA Tour Americas,T15,KIA Open de Ecuador presentado por Diners Club,PGA Tour Americas,T39,Mexico Championship presented by Scotia Wealth Management,PGA Tour Americas,T13,Inter Rapidisimo Golf Championship,PGA Tour Americas,T36,Blue Cross and Blue Shield of Kansas Wichita Open presented by Syndeo,PGA Tour Americas,3,-0.43,0.47
BARRON,HAYDN,CHA,Challenge Tour,Challenge de España,Challenge Tour,T23,Swiss Challenge,Challenge Tour,T21,Interwetten Open,Challenge Tour,T9,English Open supported by HotelPlanner,Challenge Tour,CUT,Blot Play9,Challenge Tour,WD,-0.44,0.43
KANG,JEFFREY,PGA,PGA Tour,Valero Texas Open,PGA Tour,T54,Zurich Classic of New Orleans,PGA Tour,T65,ONEflight Myrtle Beach Classic,PGA Tour,T6,THE CJ CUP Byron Nelson,PGA Tour,T42,Charles Schwab Challenge,PGA Tour,CUT,-0.45,0.38
KATSUMATA,RYO,JPN,Japan Golf Tour,The Crowns,Japan Golf Tour,T11,Kansai Open Golf Championship,Japan Golf Tour,T12,Japan PGA Championship Senko Group Cup,Japan Golf Tour,CUT,Gate Way To The Open Mizuno Open,Japan Golf Tour,T6,BMW Japan Golf Tour Championship Mori Building Cup,Japan Golf Tour,6,-0.45,0.61
LIPSKY,DAVID,PGA,PGA Tour,Cadillac Championship,PGA Tour,CUT,Truist Championship,PGA Tour,71,PGA Championship,Major,T24,Charles Schwab Challenge,PGA Tour,CUT,RBC Canadian Open,PGA Tour,CUT,-0.46,-0.52
VEGAS,JHONATTAN,PGA,PGA Tour,PGA Championship,Major,CUT,THE CJ CUP Byron Nelson,PGA Tour,T44,the Memorial Tournament presented by Workday,PGA Tour,CUT,RBC Canadian Open,PGA Tour,T51,Travelers Championship,PGA Tour,CUT,-0.46,-0.01
KHO,TAICHI,JPN,Japan Golf Tour,Taiwan Glass Taifong Open,ASA,T2,Kolon The 68th KOREA Open,ASA,T42,Gate Way To The Open Mizuno Open,Japan Golf Tour,T13,BMW Japan Golf Tour Championship Mori Building Cup,Japan Golf Tour,1,International Series Morocco presented by Visit Morocco,Asian Tour,CUT,-0.47,0.68
MEISSNER,MITCHELL,KFT,Korn Ferry Tour,Visit Knoxville Open,Korn Ferry Tour,CUT,UNC Health Championship,Korn Ferry Tour,T10,BMW Charity Pro-Am Presented by TD SYNNEX,Korn Ferry Tour,CUT,OccuNet Classic presented by Amarillo National Bank,Korn Ferry Tour,CUT,Memorial Health Championship presented by LRS,Korn Ferry Tour,CUT,-0.47,0.34
HODGES,LEE,PGA,PGA Tour,Zurich Classic of New Orleans,PGA Tour,T35,ONEflight Myrtle Beach Classic,PGA Tour,T24,THE CJ CUP Byron Nelson,PGA Tour,T67,Charles Schwab Challenge,PGA Tour,CUT,RBC Canadian Open,PGA Tour,CUT,-0.47,-0.41
MOLINARI,FRANCESCO,DPT,DP World Tour,Hero Indian Open,DP World Tour,T32,Turkish Airlines Open,DP World Tour,T6,Estrella Damm Catalunya Championship,DP World Tour,CUT,KLM Open,DP World Tour,CUT,DS Automobiles 83° Open d’Italia,DP World Tour,CUT,-0.47,-0.11
RUSSELL,MILES,KFT,Korn Ferry Tour,LECOM Suncoast Classic,Korn Ferry Tour,CUT,Terra Cotta Invitational,Amateur,T62,Team TaylorMade Invitational,Amateur,T12,UNC Health Championship,Korn Ferry Tour,T39,U.S. Open,Major,T4,-0.48,-0.17
JUNG,CHANMIN,KOR,KPGA Korean Tour,KPGA Founders Cup,KPGA Korean Tour,T16,KPGA Gyeongbuk Open,KPGA Korean Tour,2,Kolon The 68th KOREA Open,ASA,T6,The 69th KPGA Championship with A-ONE CC,KPGA Korean Tour,CUT,KPGA Gunsan CC Open,KPGA Korean Tour,T17,-0.48,1.12
EGE,MATS,PTA,PGA Tour Americas,Diners Club Peru Open,PGA Tour Americas,T9,KIA Open de Ecuador presentado por Diners Club,PGA Tour Americas,T39,Mexico Championship presented by Scotia Wealth Management,PGA Tour Americas,T29,Inter Rapidisimo Golf Championship,PGA Tour Americas,T7,Blue Cross and Blue Shield of Kansas Wichita Open presented by Syndeo,PGA Tour Americas,T8,-0.48,1
VAN TONDER,DANIEL,DPT,DP World Tour,Volvo China Open,DP World Tour,T2,Turkish Airlines Open,DP World Tour,CUT,Estrella Damm Catalunya Championship,DP World Tour,CUT,SunBet Challenge hosted by Sun Boardwalk,Sunshine Tour,T25,DS Automobiles 83° Open d’Italia,DP World Tour,CUT,-0.48,0.53
FRITTELLI,DYLAN,DPT,DP World Tour,Turkish Airlines Open,DP World Tour,T48,Estrella Damm Catalunya Championship,DP World Tour,CUT,Austrian Alpine Open presented by Kitzbühel Tirol,DP World Tour,CUT,KLM Open,DP World Tour,T11,DS Automobiles 83° Open d’Italia,DP World Tour,CUT,-0.49,0.43
CABRERA BELLO,RAFA,DPT,DP World Tour,Estrella Damm Catalunya Championship,DP World Tour,T66,Soudal Open,DP World Tour,T6,Austrian Alpine Open presented by Kitzbühel Tirol,DP World Tour,CUT,KLM Open,DP World Tour,CUT,DS Automobiles 83° Open d’Italia,DP World Tour,T4,-0.5,-0.11
NYHOLM,PONTUS,PGA,PGA Tour,Zurich Classic of New Orleans,PGA Tour,CUT,ONEflight Myrtle Beach Classic,PGA Tour,CUT,THE CJ CUP Byron Nelson,PGA Tour,T31,Charles Schwab Challenge,PGA Tour,CUT,RBC Canadian Open,PGA Tour,CUT,-0.51,0.16
RODGERS,PATRICK,PGA,PGA Tour,PGA Championship,Major,T49,THE CJ CUP Byron Nelson,PGA Tour,CUT,Charles Schwab Challenge,PGA Tour,T47,the Memorial Tournament presented by Workday,PGA Tour,71,U.S. Open,Major,T60,-0.51,-0.61
HOSONO,YUSAKU,JPN,Japan Golf Tour,Kansai Open Golf Championship,Japan Golf Tour,T26,Japan PGA Championship Senko Group Cup,Japan Golf Tour,T14,Gate Way To The Open Mizuno Open,Japan Golf Tour,1,BMW Japan Golf Tour Championship Mori Building Cup,Japan Golf Tour,T18,Hana Bank Invitational,KPGA Korean Tour,CUT,-0.51,0.33
PHILLIPS,CHANDLER,PGA,PGA Tour,ONEflight Myrtle Beach Classic,PGA Tour,T15,THE CJ CUP Byron Nelson,PGA Tour,CUT,Charles Schwab Challenge,PGA Tour,CUT,RBC Canadian Open,PGA Tour,CUT,U.S. Open,Major,CUT,-0.51,-0.07
DA COSTA RODRIGUES,DANIEL,DPT,DP World Tour,Estrella Damm Catalunya Championship,DP World Tour,CUT,Soudal Open,DP World Tour,T43,Austrian Alpine Open presented by Kitzbühel Tirol,DP World Tour,CUT,KLM Open,DP World Tour,T6,DS Automobiles 83° Open d’Italia,DP World Tour,CUT,-0.51,0.12
BOLTON,BEN,AM,Amateur,Spanish Amateur Copa S M El Rey,Amateur,T33,European Nations Cup - Copa Sotogrande,Amateur,T9,Lytham Trophy,Amateur,3,The Amateur Championship,Amateur,T13,European Amateur Championship,Amateur,T3,-0.52,0.41
HIDALGO PORTILLO,ANGEL,DPT,DP World Tour,Soudal Open,DP World Tour,T53,Austrian Alpine Open presented by Kitzbühel Tirol,DP World Tour,CUT,KLM Open,DP World Tour,CUT,U.S. Open,Major,T19,DS Automobiles 83° Open d’Italia,DP World Tour,T21,-0.52,0.71
SHEILS DONEGAN,NIALL,AM,Amateur,Tar Heel Intercollegiate,Amateur,T33,2026 ACC Men's Golf Championship - Stroke Play,Amateur,1,NCAA DI Men's National Championship- Stroke Play,Amateur,T10,The Amateur Championship,Amateur,T33,European Amateur Championship,Amateur,T42,-0.52,0.76
RAMEY,CHAD,PGA,PGA Tour,Zurich Classic of New Orleans,PGA Tour,CUT,ONEflight Myrtle Beach Classic,PGA Tour,T32,THE CJ CUP Byron Nelson,PGA Tour,CUT,Charles Schwab Challenge,PGA Tour,CUT,RBC Canadian Open,PGA Tour,T59,-0.52,-0.58
WU,ASHUN,DPT,DP World Tour,Volvo China Open,DP World Tour,T48,Turkish Airlines Open,DP World Tour,T8,Austrian Alpine Open presented by Kitzbühel Tirol,DP World Tour,T29,KLM Open,DP World Tour,T66,DS Automobiles 83° Open d’Italia,DP World Tour,CUT,-0.52,0.42
LEVY,ALEXANDER,DPT,DP World Tour,Turkish Airlines Open,DP World Tour,T17,Estrella Damm Catalunya Championship,DP World Tour,CUT,Soudal Open,DP World Tour,T31,Austrian Alpine Open presented by Kitzbühel Tirol,DP World Tour,T48,KLM Open,DP World Tour,T24,-0.53,0.33
CHANG,PAUL,AM,Amateur,Lewis Chitengwa Memorial,Amateur,T61,2026 ACC Men's Golf Championship - Stroke Play,Amateur,T1,NCAA Winston-Salem Regional,Amateur,T20,NCAA DI Men's National Championship- Stroke Play,Amateur,T17,Blue Cross and Blue Shield of Kansas Wichita Open presented by Syndeo,PGA Tour Americas,T5,-0.53,0.61
JUNG,HANMIL,KOR,KPGA Korean Tour,KPGA Gyeongbuk Open,KPGA Korean Tour,T31,Kolon The 68th KOREA Open,ASA,T23,The 69th KPGA Championship with A-ONE CC,KPGA Korean Tour,T17,Hana Bank Invitational,KPGA Korean Tour,1,KPGA Gunsan CC Open,KPGA Korean Tour,T49,-0.54,1.43
FUJIMOTO,YOSHINORI,JPN,Japan Golf Tour,JAPAN PLAYERS CHAMPIONSHIP CHALLENGE in FUKUI,undefined,T34,Kansai Open Golf Championship,Japan Golf Tour,T11,Japan PGA Championship Senko Group Cup,Japan Golf Tour,1,Gate Way To The Open Mizuno Open,Japan Golf Tour,T42,BMW Japan Golf Tour Championship Mori Building Cup,Japan Golf Tour,T7,-0.54,0.88
KINHULT,MARCUS,DPT,DP World Tour,Estrella Damm Catalunya Championship,DP World Tour,T71,Soudal Open,DP World Tour,T54,Austrian Alpine Open presented by Kitzbühel Tirol,DP World Tour,T2,KLM Open,DP World Tour,T48,DS Automobiles 83° Open d’Italia,DP World Tour,CUT,-0.54,0.43
PRINSLOO,JACO,AFR,Sunshine Tour,FBC ZIM Open,Sunshine Tour,T17,Kit Kat Cash & Carry Pro-Am,Sunshine Tour,T5,SunBet Challenge hosted by Sun Boardwalk,Sunshine Tour,4,The Mopani Zambia Open,Sunshine Tour,T9,KCM Golf Challenge,Sunshine Tour,T11,-0.55,0.39
BERGSTROM,ALBIN,DPT,DP World Tour,Estrella Damm Catalunya Championship,DP World Tour,CUT,Soudal Open,DP World Tour,T43,Austrian Alpine Open presented by Kitzbühel Tirol,DP World Tour,T13,KLM Open,DP World Tour,T11,DS Automobiles 83° Open d’Italia,DP World Tour,56,-0.55,0.75
BLANCHET,CHANDLER,PGA,PGA Tour,Truist Championship,PGA Tour,T42,PGA Championship,Major,T52,THE CJ CUP Byron Nelson,PGA Tour,T44,Charles Schwab Challenge,PGA Tour,T67,RBC Canadian Open,PGA Tour,CUT,-0.55,-0.72
SPRINGER,HAYDEN,PGA,PGA Tour,Zurich Classic of New Orleans,PGA Tour,CUT,ONEflight Myrtle Beach Classic,PGA Tour,T2,THE CJ CUP Byron Nelson,PGA Tour,T24,Charles Schwab Challenge,PGA Tour,CUT,RBC Canadian Open,PGA Tour,CUT,-0.55,-0.22
IDERIHA,TAICHIRO,JPN,Japan Golf Tour,The Crowns,Japan Golf Tour,T11,Kansai Open Golf Championship,Japan Golf Tour,T30,Japan PGA Championship Senko Group Cup,Japan Golf Tour,T36,Gate Way To The Open Mizuno Open,Japan Golf Tour,T6,BMW Japan Golf Tour Championship Mori Building Cup,Japan Golf Tour,T10,-0.56,1.14
SHIPLEY,NEAL,PGA,PGA Tour,ONEflight Myrtle Beach Classic,PGA Tour,T51,THE CJ CUP Byron Nelson,PGA Tour,T38,Charles Schwab Challenge,PGA Tour,T40,RBC Canadian Open,PGA Tour,T65,U.S. Open,Major,CUT,-0.57,-0.31
SATO,TAIHEI,JPN,Japan Golf Tour,Kansai Open Golf Championship,Japan Golf Tour,5,Japan PGA Championship Senko Group Cup,Japan Golf Tour,T6,Gate Way To The Open Mizuno Open,Japan Golf Tour,T38,BMW Japan Golf Tour Championship Mori Building Cup,Japan Golf Tour,CUT,U.S. Open,Major,T14,-0.57,0.44
HACK,JHARED,CHA,Challenge Tour,Challenge de España,Challenge Tour,T5,Swiss Challenge,Challenge Tour,T16,Interwetten Open,Challenge Tour,T21,English Open supported by HotelPlanner,Challenge Tour,T14,Blot Play9,Challenge Tour,T17,-0.57,0.21
YUAN,CARL,KFT,Korn Ferry Tour,Visit Knoxville Open,Korn Ferry Tour,CUT,UNC Health Championship,Korn Ferry Tour,T15,BMW Charity Pro-Am Presented by TD SYNNEX,Korn Ferry Tour,CUT,U.S. Open,Major,T48,Memorial Health Championship presented by LRS,Korn Ferry Tour,T12,-0.57,0.44
PENGE,MARCO,PGA,PGA Tour,Valero Texas Open,PGA Tour,T30,Masters Tournament,Major,T21,RBC Heritage,PGA Tour,T49,Zurich Classic of New Orleans,PGA Tour,CUT,PGA Championship,Major,T77,-0.58,-1.07
MANASSERO,MATTEO,DPT,DP World Tour,Estrella Damm Catalunya Championship,DP World Tour,T32,Soudal Open,DP World Tour,CUT,Austrian Alpine Open presented by Kitzbühel Tirol,DP World Tour,T53,KLM Open,DP World Tour,CUT,DS Automobiles 83° Open d’Italia,DP World Tour,CUT,-0.58,0.14
PENG,BO,CHN,China Tour,Volvo China Open,DP World Tour,1,Straits Cup Xiamen Open,China Tour,T13,HONGYUNLANG·Nanjing Open,China Tour,T52,Shanghai Open,China Tour,T18,Bangkok Classic,undefined,T2,-0.6,1.51
SADDIER,ADRIEN,PGA,PGA Tour,PGA Championship,Major,CUT,THE CJ CUP Byron Nelson,PGA Tour,CUT,Charles Schwab Challenge,PGA Tour,T40,U.S. Open,Major,CUT,DS Automobiles 83° Open d’Italia,DP World Tour,T42,-0.6,-0.45
HALVORSEN,ANDREAS,DPT,DP World Tour,Estrella Damm Catalunya Championship,DP World Tour,T32,Soudal Open,DP World Tour,T31,Austrian Alpine Open presented by Kitzbühel Tirol,DP World Tour,T41,KLM Open,DP World Tour,WD,DS Automobiles 83° Open d’Italia,DP World Tour,T59,-0.61,0.04
ATKINS,MATT,KFT,Korn Ferry Tour,Visit Knoxville Open,Korn Ferry Tour,T62,UNC Health Championship,Korn Ferry Tour,T15,BMW Charity Pro-Am Presented by TD SYNNEX,Korn Ferry Tour,T7,OccuNet Classic presented by Amarillo National Bank,Korn Ferry Tour,T27,Memorial Health Championship presented by LRS,Korn Ferry Tour,CUT,-0.61,0.27
BROWN,DAN,PGA,PGA Tour,ONEflight Myrtle Beach Classic,PGA Tour,CUT,PGA Championship,Major,CUT,THE CJ CUP Byron Nelson,PGA Tour,T75,Charles Schwab Challenge,PGA Tour,CUT,RBC Canadian Open,PGA Tour,T47,-0.61,-0.8
ELVIRA MIJARES,IGNACIO,DPT,DP World Tour,Estrella Damm Catalunya Championship,DP World Tour,T11,Soudal Open,DP World Tour,T25,Austrian Alpine Open presented by Kitzbühel Tirol,DP World Tour,CUT,KLM Open,DP World Tour,T25,DS Automobiles 83° Open d’Italia,DP World Tour,CUT,-0.61,0.06
LAHIRI,ANIRBAN,LIV,LIV Golf,Mexico City,LIV Golf,10,Virginia,LIV Golf,T46,Korea,LIV Golf,T44,Andalucia,LIV Golf,CUT,International Series Morocco presented by Visit Morocco,Asian Tour,T41,-0.62,0.03
SAVOIE,JOEY,PTA,PGA Tour Americas,94 Abierto del Centro Zurich presentado por Personal,PGA Tour Americas,T67,Diners Club Peru Open,PGA Tour Americas,T27,KIA Open de Ecuador presentado por Diners Club,PGA Tour Americas,T33,RBC Canadian Open,PGA Tour,CUT,Blue Cross and Blue Shield of Kansas Wichita Open presented by Syndeo,PGA Tour Americas,1,-0.62,1.2
VRZICH,JOEY,PTA,PGA Tour Americas,94 Abierto del Centro Zurich presentado por Personal,PGA Tour Americas,T7,Diners Club Peru Open,PGA Tour Americas,T27,Mexico Championship presented by Scotia Wealth Management,PGA Tour Americas,T48,Inter Rapidisimo Golf Championship,PGA Tour Americas,T7,Blue Cross and Blue Shield of Kansas Wichita Open presented by Syndeo,PGA Tour Americas,T29,-0.62,0.67
THOMAS,RAYHAN,KFT,Korn Ferry Tour,Visit Knoxville Open,Korn Ferry Tour,CUT,UNC Health Championship,Korn Ferry Tour,T39,BMW Charity Pro-Am Presented by TD SYNNEX,Korn Ferry Tour,T60,OccuNet Classic presented by Amarillo National Bank,Korn Ferry Tour,CUT,Memorial Health Championship presented by LRS,Korn Ferry Tour,T3,-0.63,0.61
WILLETT,DANNY,PGA,PGA Tour,ONEflight Myrtle Beach Classic,PGA Tour,CUT,THE CJ CUP Byron Nelson,PGA Tour,T45,KLM Open,DP World Tour,70,RBC Canadian Open,PGA Tour,CUT,DS Automobiles 83° Open d’Italia,DP World Tour,T7,-0.64,0.61
TRUSLOW,AUSTEN,ASA,Asian Tour,International Series Japan,Asian Tour,T13,Singapore Open presented by The Business Times,Asian Tour,4,The 45th GS Caltex Maekyung Open,ASA,T43,Kolon The 68th KOREA Open,ASA,T27,am green IGPL Bharath Classic,Asian Tour,T49,-0.64,0.06
LANGASQUE,ROMAIN,DPT,DP World Tour,Turkish Airlines Open,DP World Tour,T54,Estrella Damm Catalunya Championship,DP World Tour,T53,Soudal Open,DP World Tour,T70,Austrian Alpine Open presented by Kitzbühel Tirol,DP World Tour,T11,DS Automobiles 83° Open d’Italia,DP World Tour,T53,-0.65,0.03
SOLOMON,JACOB,KFT,Korn Ferry Tour,Visit Knoxville Open,Korn Ferry Tour,T35,UNC Health Championship,Korn Ferry Tour,T58,BMW Charity Pro-Am Presented by TD SYNNEX,Korn Ferry Tour,T25,OccuNet Classic presented by Amarillo National Bank,Korn Ferry Tour,CUT,Memorial Health Championship presented by LRS,Korn Ferry Tour,CUT,-0.66,0.89
HIGGS,HARRY,KFT,Korn Ferry Tour,THE CJ CUP Byron Nelson,PGA Tour,T14,UNC Health Championship,Korn Ferry Tour,CUT,BMW Charity Pro-Am Presented by TD SYNNEX,Korn Ferry Tour,CUT,OccuNet Classic presented by Amarillo National Bank,Korn Ferry Tour,T43,U.S. Open,Major,T58,-0.66,0.2
WIEDEMEYER,TIM,AM,Amateur,Mountaineer Invitational at Pete Dye,Amateur,T65,Big 12 Men's Golf Championship,Amateur,T15,NCAA Corvallis Regional,Amateur,7,The Amateur Championship,Amateur,1,European Amateur Championship,Amateur,T5,-0.66,0.34
LAGERGREN,JOAKIM,DPT,DP World Tour,Estrella Damm Catalunya Championship,DP World Tour,CUT,Soudal Open,DP World Tour,T17,Austrian Alpine Open presented by Kitzbühel Tirol,DP World Tour,CUT,KLM Open,DP World Tour,4,DS Automobiles 83° Open d’Italia,DP World Tour,CUT,-0.66,-0.21
BAE,YONGJUN,KOR,KPGA Korean Tour,KPGA Gyeongbuk Open,KPGA Korean Tour,T3,THE CJ CUP Byron Nelson,PGA Tour,T18,The 69th KPGA Championship with A-ONE CC,KPGA Korean Tour,T62,Hana Bank Invitational,KPGA Korean Tour,T39,KPGA Gunsan CC Open,KPGA Korean Tour,T16,-0.67,0.36
LEBIODA,HANK,PGA,PGA Tour,Zurich Classic of New Orleans,PGA Tour,CUT,ONEflight Myrtle Beach Classic,PGA Tour,T6,THE CJ CUP Byron Nelson,PGA Tour,74,Charles Schwab Challenge,PGA Tour,CUT,RBC Canadian Open,PGA Tour,T62,-0.68,-0.21
TETAK,TADEÁŠ,CHA,Challenge Tour,Challenge de Catalunya,Challenge Tour,T7,Challenge de España,Challenge Tour,T51,Swiss Challenge,Challenge Tour,T31,Interwetten Open,Challenge Tour,T7,English Open supported by HotelPlanner,Challenge Tour,T2,-0.69,1.33
JOHANNESSEN,KRISTIAN K.,CHA,Challenge Tour,Italian Challenge Open,Challenge Tour,CUT,Danish Golf Challenge,Challenge Tour,T30,Swiss Challenge,Challenge Tour,T28,Interwetten Open,Challenge Tour,2,English Open supported by HotelPlanner,Challenge Tour,T21,-0.69,0.2
SILVERMAN,BEN,PGA,PGA Tour,Zurich Classic of New Orleans,PGA Tour,T54,ONEflight Myrtle Beach Classic,PGA Tour,CUT,THE CJ CUP Byron Nelson,PGA Tour,CUT,RBC Canadian Open,PGA Tour,CUT,U.S. Open,Major,17,-0.69,-0.1
KINOSHITA,RYOSUKE,JPN,Japan Golf Tour,The Crowns,Japan Golf Tour,T4,Kansai Open Golf Championship,Japan Golf Tour,T20,Japan PGA Championship Senko Group Cup,Japan Golf Tour,WD,Gate Way To The Open Mizuno Open,Japan Golf Tour,CUT,BMW Japan Golf Tour Championship Mori Building Cup,Japan Golf Tour,T2,-0.7,-0.05
KIM,ANTHONY,LIV,LIV Golf,South Africa,LIV Golf,T20,Mexico City,LIV Golf,56,Virginia,LIV Golf,T43,Korea,LIV Golf,T21,Andalucia,LIV Golf,T6,-0.7,0.15
VENTURA,KRIS,PGA,PGA Tour,Zurich Classic of New Orleans,PGA Tour,CUT,ONEflight Myrtle Beach Classic,PGA Tour,T2,THE CJ CUP Byron Nelson,PGA Tour,CUT,Charles Schwab Challenge,PGA Tour,CUT,RBC Canadian Open,PGA Tour,CUT,-0.7,-0.77
WESTMORELAND,KYLE,KFT,Korn Ferry Tour,Visit Knoxville Open,Korn Ferry Tour,WD,UNC Health Championship,Korn Ferry Tour,T39,BMW Charity Pro-Am Presented by TD SYNNEX,Korn Ferry Tour,CUT,OccuNet Classic presented by Amarillo National Bank,Korn Ferry Tour,CUT,Memorial Health Championship presented by LRS,Korn Ferry Tour,T54,-0.71,0.71
ORTIZ,CARLOS,LIV,LIV Golf,Mexico City,LIV Golf,T21,Virginia,LIV Golf,T17,Korea,LIV Golf,T52,Andalucia,LIV Golf,CUT,U.S. Open,Major,T30,-0.71,-0.65
MAZZOLI,STEFANO,DPT,DP World Tour,Estrella Damm Catalunya Championship,DP World Tour,T48,Soudal Open,DP World Tour,T13,Austrian Alpine Open presented by Kitzbühel Tirol,DP World Tour,CUT,KLM Open,DP World Tour,T19,DS Automobiles 83° Open d’Italia,DP World Tour,CUT,-0.71,0.39
FLAVIN,PATRICK,PTA,PGA Tour Americas,Diners Club Peru Open,PGA Tour Americas,T48,KIA Open de Ecuador presentado por Diners Club,PGA Tour Americas,2,Mexico Championship presented by Scotia Wealth Management,PGA Tour Americas,T54,Inter Rapidisimo Golf Championship,PGA Tour Americas,CUT,Blue Cross and Blue Shield of Kansas Wichita Open presented by Syndeo,PGA Tour Americas,T8,-0.71,0.68
CANNON,WILL,KFT,Korn Ferry Tour,Visit Knoxville Open,Korn Ferry Tour,CUT,UNC Health Championship,Korn Ferry Tour,T29,BMW Charity Pro-Am Presented by TD SYNNEX,Korn Ferry Tour,T66,OccuNet Classic presented by Amarillo National Bank,Korn Ferry Tour,T3,Memorial Health Championship presented by LRS,Korn Ferry Tour,T33,-0.71,0.13
DOUGHERTY,KEVIN,KFT,Korn Ferry Tour,Colonial Life Charity Classic,Korn Ferry Tour,T14,Visit Knoxville Open,Korn Ferry Tour,CUT,BMW Charity Pro-Am Presented by TD SYNNEX,Korn Ferry Tour,T15,OccuNet Classic presented by Amarillo National Bank,Korn Ferry Tour,T10,Memorial Health Championship presented by LRS,Korn Ferry Tour,CUT,-0.72,0.13
FRANCOEUR,CHRIS,KFT,Korn Ferry Tour,Visit Knoxville Open,Korn Ferry Tour,T55,UNC Health Championship,Korn Ferry Tour,T29,BMW Charity Pro-Am Presented by TD SYNNEX,Korn Ferry Tour,T55,OccuNet Classic presented by Amarillo National Bank,Korn Ferry Tour,T33,Memorial Health Championship presented by LRS,Korn Ferry Tour,T48,-0.72,0.21
SCRIVENER,JASON,DPT,DP World Tour,Estrella Damm Catalunya Championship,DP World Tour,T58,Soudal Open,DP World Tour,T37,Austrian Alpine Open presented by Kitzbühel Tirol,DP World Tour,T30,KLM Open,DP World Tour,CUT,DS Automobiles 83° Open d’Italia,DP World Tour,CUT,-0.73,0.03
HARRINGTON,PADRAIG,CHAMP,PGA Tour Champions,Insperity Invitational,PGA Tour Champions,CUT,PGA Championship,Major,T27,RBC Canadian Open,PGA Tour,T18,U.S. Open,Major,2,DICK'S Open,PGA Tour Champions,CUT,-0.73,0.62
GOODMAN,DREW,PTA,PGA Tour Americas,Diners Club Peru Open,PGA Tour Americas,T20,KIA Open de Ecuador presentado por Diners Club,PGA Tour Americas,CUT,Mexico Championship presented by Scotia Wealth Management,PGA Tour Americas,T9,Inter Rapidisimo Golf Championship,PGA Tour Americas,T17,Blue Cross and Blue Shield of Kansas Wichita Open presented by Syndeo,PGA Tour Americas,T32,-0.73,0.54
EASTERBROOK,SAM,AM,Amateur,Big Ten Men's Golf Championships,Amateur,T5,NCAA Corvallis Regional,Amateur,T9,NCAA DI Men's National Championship- Stroke Play,Amateur,T9,The Amateur Championship,Amateur,T20,European Amateur Championship,Amateur,T16,-0.73,1.34
NABETANI,TAICHI,JPN,Japan Golf Tour,The Crowns,Japan Golf Tour,T16,Kansai Open Golf Championship,Japan Golf Tour,T10,Gate Way To The Open Mizuno Open,Japan Golf Tour,T12,BMW Japan Golf Tour Championship Mori Building Cup,Japan Golf Tour,T13,Hana Bank Invitational,KPGA Korean Tour,T48,-0.73,1
BALLESTER,JOSE LUIS,LIV,LIV Golf,Virginia,LIV Golf,55,Soudal Open,DP World Tour,5,Korea,LIV Golf,T34,Andalucia,LIV Golf,CUT,DS Automobiles 83° Open d’Italia,DP World Tour,CUT,-0.73,-0.83
LEE,SANG-HEE,KOR,KPGA Korean Tour,Kolon The 68th KOREA Open,ASA,T3,Gate Way To The Open Mizuno Open,Japan Golf Tour,T26,The 69th KPGA Championship with A-ONE CC,KPGA Korean Tour,T58,Hana Bank Invitational,KPGA Korean Tour,T5,KPGA Gunsan CC Open,KPGA Korean Tour,T14,-0.73,0.78
WOLCOTT,HUNTER,KFT,Korn Ferry Tour,Diners Club Peru Open,PGA Tour Americas,T30,Visit Knoxville Open,Korn Ferry Tour,T20,UNC Health Championship,Korn Ferry Tour,T8,Inter Rapidisimo Golf Championship,PGA Tour Americas,66,Memorial Health Championship presented by LRS,Korn Ferry Tour,CUT,-0.74,1.13
TRACE,TRAVIS,KFT,Korn Ferry Tour,Visit Knoxville Open,Korn Ferry Tour,T40,UNC Health Championship,Korn Ferry Tour,T15,BMW Charity Pro-Am Presented by TD SYNNEX,Korn Ferry Tour,T34,OccuNet Classic presented by Amarillo National Bank,Korn Ferry Tour,CUT,Memorial Health Championship presented by LRS,Korn Ferry Tour,CUT,-0.74,0.13
ELVIRA,MANUEL,DPT,DP World Tour,Turkish Airlines Open,DP World Tour,T7,Estrella Damm Catalunya Championship,DP World Tour,CUT,Soudal Open,DP World Tour,CUT,Austrian Alpine Open presented by Kitzbühel Tirol,DP World Tour,T55,DS Automobiles 83° Open d’Italia,DP World Tour,T30,-0.75,-0.11
ADAM,CAMERON,DPT,DP World Tour,Estrella Damm Catalunya Championship,DP World Tour,T38,Soudal Open,DP World Tour,CUT,Austrian Alpine Open presented by Kitzbühel Tirol,DP World Tour,T41,KLM Open,DP World Tour,T60,DS Automobiles 83° Open d’Italia,DP World Tour,T47,-0.75,0.43
BROWN,HAMISH,CHA,Challenge Tour,Italian Challenge Open,Challenge Tour,T2,Challenge de Catalunya,Challenge Tour,T16,Danish Golf Challenge,Challenge Tour,2,Swiss Challenge,Challenge Tour,T13,Interwetten Open,Challenge Tour,T66,-0.75,0.41
HUMPHREY,THEO,KFT,Korn Ferry Tour,Visit Knoxville Open,Korn Ferry Tour,T65,UNC Health Championship,Korn Ferry Tour,T6,BMW Charity Pro-Am Presented by TD SYNNEX,Korn Ferry Tour,T55,OccuNet Classic presented by Amarillo National Bank,Korn Ferry Tour,T45,Memorial Health Championship presented by LRS,Korn Ferry Tour,T54,-0.75,0.6
GALLETTI,NICOLO,KFT,Korn Ferry Tour,Visit Knoxville Open,Korn Ferry Tour,T6,UNC Health Championship,Korn Ferry Tour,CUT,BMW Charity Pro-Am Presented by TD SYNNEX,Korn Ferry Tour,CUT,OccuNet Classic presented by Amarillo National Bank,Korn Ferry Tour,T45,Memorial Health Championship presented by LRS,Korn Ferry Tour,CUT,-0.75,-0.38
SCHOTT,FREDDY,DPT,DP World Tour,Turkish Airlines Open,DP World Tour,CUT,Estrella Damm Catalunya Championship,DP World Tour,CUT,Soudal Open,DP World Tour,CUT,Austrian Alpine Open presented by Kitzbühel Tirol,DP World Tour,CUT,DS Automobiles 83° Open d’Italia,DP World Tour,CUT,-0.76,0.23
ANDERSEN,MASON,KFT,Korn Ferry Tour,Colonial Life Charity Classic,Korn Ferry Tour,CUT,Visit Knoxville Open,Korn Ferry Tour,T47,UNC Health Championship,Korn Ferry Tour,CUT,BMW Charity Pro-Am Presented by TD SYNNEX,Korn Ferry Tour,T13,Memorial Health Championship presented by LRS,Korn Ferry Tour,CUT,-0.76,-0.07
TANKERSLEY,CAMERON,AM,Amateur,Mossy Oak Collegiate,Amateur,T42,2026 SEC Men's Golf Championship Stroke Play,Amateur,T7,NCAA Winston-Salem Regional,Amateur,T24,NCAA DI Men's National Championship- Stroke Play,Amateur,T31,Blue Cross and Blue Shield of Kansas Wichita Open presented by Syndeo,PGA Tour Americas,2,-0.76,0.55
KATSURAGAWA,YUTO,DPT,DP World Tour,Estrella Damm Catalunya Championship,DP World Tour,T32,Soudal Open,DP World Tour,T37,Austrian Alpine Open presented by Kitzbühel Tirol,DP World Tour,T59,KLM Open,DP World Tour,CUT,DS Automobiles 83° Open d’Italia,DP World Tour,T26,-0.76,0.31
MOLDOVAN,MAXWELL,KFT,Korn Ferry Tour,Visit Knoxville Open,Korn Ferry Tour,T53,UNC Health Championship,Korn Ferry Tour,T52,BMW Charity Pro-Am Presented by TD SYNNEX,Korn Ferry Tour,CUT,OccuNet Classic presented by Amarillo National Bank,Korn Ferry Tour,T55,Memorial Health Championship presented by LRS,Korn Ferry Tour,T17,-0.76,0.48
LAMB,RICK,KFT,Korn Ferry Tour,Colonial Life Charity Classic,Korn Ferry Tour,CUT,Visit Knoxville Open,Korn Ferry Tour,T51,UNC Health Championship,Korn Ferry Tour,T29,OccuNet Classic presented by Amarillo National Bank,Korn Ferry Tour,T53,Memorial Health Championship presented by LRS,Korn Ferry Tour,T19,-0.76,0.14
ALBERTSE,LOUIS,CHA,Challenge Tour,SunBet Challenge hosted by Sun Boardwalk,Sunshine Tour,T41,Swiss Challenge,Challenge Tour,T7,Interwetten Open,Challenge Tour,13,English Open supported by HotelPlanner,Challenge Tour,T57,Blot Play9,Challenge Tour,2,-0.77,0.83
JAEGER,STEPHAN,PGA,PGA Tour,ONEflight Myrtle Beach Classic,PGA Tour,WD,PGA Championship,Major,CUT,THE CJ CUP Byron Nelson,PGA Tour,T18,Charles Schwab Challenge,PGA Tour,CUT,RBC Canadian Open,PGA Tour,T9,-0.77,-0.61
RAMSAY,RICHIE,DPT,DP World Tour,Estrella Damm Catalunya Championship,DP World Tour,CUT,Soudal Open,DP World Tour,T17,Austrian Alpine Open presented by Kitzbühel Tirol,DP World Tour,CUT,KLM Open,DP World Tour,T6,DS Automobiles 83° Open d’Italia,DP World Tour,CUT,-0.77,0.07
KOZUMA,JINICHIRO,JPN,Japan Golf Tour,Kansai Open Golf Championship,Japan Golf Tour,WD,Japan PGA Championship Senko Group Cup,Japan Golf Tour,T27,Gate Way To The Open Mizuno Open,Japan Golf Tour,T15,BMW Japan Golf Tour Championship Mori Building Cup,Japan Golf Tour,T14,International Series Morocco presented by Visit Morocco,Asian Tour,T14,-0.77,0.43
CATLIN,JOHN,CHA,Challenge Tour,Austrian Alpine Open presented by Kitzbühel Tirol,DP World Tour,1,Swiss Challenge,Challenge Tour,CUT,International Series Morocco presented by Visit Morocco,Asian Tour,CUT,English Open supported by HotelPlanner,Challenge Tour,T14,Blot Play9,Challenge Tour,T31,-0.77,0.5
TRINGALE,CAMERON,LIV,LIV Golf,Mexico City,LIV Golf,T45,Virginia,LIV Golf,T10,Korea,LIV Golf,T46,Andalucia,LIV Golf,30,International Series Morocco presented by Visit Morocco,Asian Tour,T34,-0.77,-0.34
DING,WENYI,DPT,DP World Tour,Estrella Damm Catalunya Championship,DP World Tour,CUT,Soudal Open,DP World Tour,T59,Austrian Alpine Open presented by Kitzbühel Tirol,DP World Tour,T17,KLM Open,DP World Tour,T35,DS Automobiles 83° Open d’Italia,DP World Tour,T57,-0.77,-0.5
MALNATI,PETER,PGA,PGA Tour,Valero Texas Open,PGA Tour,T19,Zurich Classic of New Orleans,PGA Tour,T63,ONEflight Myrtle Beach Classic,PGA Tour,CUT,THE CJ CUP Byron Nelson,PGA Tour,CUT,RBC Canadian Open,PGA Tour,T53,-0.78,-0.13
ROBINSON THOMPSON,BRANDON,DPT,DP World Tour,Estrella Damm Catalunya Championship,DP World Tour,T21,Soudal Open,DP World Tour,CUT,Austrian Alpine Open presented by Kitzbühel Tirol,DP World Tour,CUT,KLM Open,DP World Tour,CUT,DS Automobiles 83° Open d’Italia,DP World Tour,T40,-0.78,-0.27
DOYLE,DREW,PTA,PGA Tour Americas,Diners Club Peru Open,PGA Tour Americas,1,KIA Open de Ecuador presentado por Diners Club,PGA Tour Americas,T48,Mexico Championship presented by Scotia Wealth Management,PGA Tour Americas,T29,Inter Rapidisimo Golf Championship,PGA Tour Americas,T27,Blue Cross and Blue Shield of Kansas Wichita Open presented by Syndeo,PGA Tour Americas,T49,-0.78,1.12
LEE,HYUNGJOON,KOR,KPGA Korean Tour,KPGA Gyeongbuk Open,KPGA Korean Tour,T3,Kolon The 68th KOREA Open,ASA,T23,The 69th KPGA Championship with A-ONE CC,KPGA Korean Tour,T26,Hana Bank Invitational,KPGA Korean Tour,T42,KPGA Gunsan CC Open,KPGA Korean Tour,T23,-0.79,1.18
ROY,KEVIN,PGA,PGA Tour,ONEflight Myrtle Beach Classic,PGA Tour,T71,THE CJ CUP Byron Nelson,PGA Tour,T3,Charles Schwab Challenge,PGA Tour,CUT,RBC Canadian Open,PGA Tour,CUT,U.S. Open,Major,T74,-0.79,-0.78
CRISTONI,MATTEO,CHA,Challenge Tour,Challenge de Catalunya,Challenge Tour,T46,Danish Golf Challenge,Challenge Tour,T43,Challenge de España,Challenge Tour,T20,Interwetten Open,Challenge Tour,T11,DS Automobiles 83° Open d’Italia,DP World Tour,T7,-0.79,1.05
GOOSEN,RETIEF,CHAMP,PGA Tour Champions,Mitsubishi Electric Classic,PGA Tour Champions,T2,Regions Tradition,PGA Tour Champions,1,Insperity Invitational,PGA Tour Champions,19,Principal Charity Classic,PGA Tour Champions,T18,DICK'S Open,PGA Tour Champions,T8,-0.79,0.63
SIMPSON,SAMUEL,AFR,Sunshine Tour,FBC ZIM Open,Sunshine Tour,T5,Kit Kat Cash & Carry Pro-Am,Sunshine Tour,T5,SunBet Challenge hosted by Sun Boardwalk,Sunshine Tour,T14,The Mopani Zambia Open,Sunshine Tour,1,KCM Golf Challenge,Sunshine Tour,T36,-0.8,0.82
DU PLESSIS,HENNIE,DPT,DP World Tour,Estrella Damm Catalunya Championship,DP World Tour,CUT,Soudal Open,DP World Tour,CUT,Austrian Alpine Open presented by Kitzbühel Tirol,DP World Tour,T63,KLM Open,DP World Tour,1,U.S. Open,Major,T40,-0.8,-0.96
LEDESMA,NELSON,PTA,PGA Tour Americas,Diners Club Peru Open,PGA Tour Americas,T47,Visit Knoxville Open,Korn Ferry Tour,T48,BMW Charity Pro-Am Presented by TD SYNNEX,Korn Ferry Tour,WD,OccuNet Classic presented by Amarillo National Bank,Korn Ferry Tour,T17,Blue Cross and Blue Shield of Kansas Wichita Open presented by Syndeo,PGA Tour Americas,CUT,-0.8,0.61
CHOI,SAM,KFT,Korn Ferry Tour,Visit Knoxville Open,Korn Ferry Tour,T47,UNC Health Championship,Korn Ferry Tour,CUT,BMW Charity Pro-Am Presented by TD SYNNEX,Korn Ferry Tour,T19,OccuNet Classic presented by Amarillo National Bank,Korn Ferry Tour,CUT,Memorial Health Championship presented by LRS,Korn Ferry Tour,T60,-0.81,0.75
NICHOLAS,JAMES,KFT,Korn Ferry Tour,UNC Health Championship,Korn Ferry Tour,T65,BMW Charity Pro-Am Presented by TD SYNNEX,Korn Ferry Tour,CUT,OccuNet Classic presented by Amarillo National Bank,Korn Ferry Tour,CUT,U.S. Open,Major,CUT,Memorial Health Championship presented by LRS,Korn Ferry Tour,T28,-0.82,0.03
NEWCOMB,PATRICK,PTA,PGA Tour Americas,Diners Club Peru Open,PGA Tour Americas,T2,KIA Open de Ecuador presentado por Diners Club,PGA Tour Americas,T33,Mexico Championship presented by Scotia Wealth Management,PGA Tour Americas,CUT,Inter Rapidisimo Golf Championship,PGA Tour Americas,T45,Blue Cross and Blue Shield of Kansas Wichita Open presented by Syndeo,PGA Tour Americas,T49,-0.82,0.03
DANTORP,JENS,DPT,DP World Tour,Estrella Damm Catalunya Championship,DP World Tour,T38,Soudal Open,DP World Tour,CUT,Austrian Alpine Open presented by Kitzbühel Tirol,DP World Tour,T30,KLM Open,DP World Tour,T55,DS Automobiles 83° Open d’Italia,DP World Tour,CUT,-0.83,0.25
PHILLIPS,TRENT,KFT,Korn Ferry Tour,Visit Knoxville Open,Korn Ferry Tour,CUT,UNC Health Championship,Korn Ferry Tour,T56,BMW Charity Pro-Am Presented by TD SYNNEX,Korn Ferry Tour,T48,OccuNet Classic presented by Amarillo National Bank,Korn Ferry Tour,CUT,Memorial Health Championship presented by LRS,Korn Ferry Tour,T26,-0.83,-0.48
BRAMLETT,JOSEPH,KFT,Korn Ferry Tour,Visit Knoxville Open,Korn Ferry Tour,T40,UNC Health Championship,Korn Ferry Tour,T39,BMW Charity Pro-Am Presented by TD SYNNEX,Korn Ferry Tour,T48,OccuNet Classic presented by Amarillo National Bank,Korn Ferry Tour,CUT,Memorial Health Championship presented by LRS,Korn Ferry Tour,CUT,-0.84,-0.16
BROWN,BARCLAY,CHA,Challenge Tour,Danish Golf Challenge,Challenge Tour,T28,Challenge de España,Challenge Tour,T60,Swiss Challenge,Challenge Tour,T10,Interwetten Open,Challenge Tour,T3,English Open supported by HotelPlanner,Challenge Tour,T14,-0.85,1.21
GOFF,ALEX,CHA,Challenge Tour,Danish Golf Challenge,Challenge Tour,T13,Challenge de España,Challenge Tour,T28,Swiss Challenge,Challenge Tour,T16,Interwetten Open,Challenge Tour,T41,English Open supported by HotelPlanner,Challenge Tour,T9,-0.85,0.41
WALLIN,ADAM,CHA,Challenge Tour,Challenge de Catalunya,Challenge Tour,6,Danish Golf Challenge,Challenge Tour,T6,Swiss Challenge,Challenge Tour,T3,Interwetten Open,Challenge Tour,CUT,Blot Play9,Challenge Tour,T46,-0.86,0.28
IKEMURA,TOMOYO,JPN,Japan Golf Tour,Kansai Open Golf Championship,Japan Golf Tour,T24,Japan PGA Championship Senko Group Cup,Japan Golf Tour,T6,Gate Way To The Open Mizuno Open,Japan Golf Tour,T13,BMW Japan Golf Tour Championship Mori Building Cup,Japan Golf Tour,CUT,International Series Morocco presented by Visit Morocco,Asian Tour,T16,-0.86,0.32
GIBOUDOT,MAXENCE,CHA,Challenge Tour,Danish Golf Challenge,Challenge Tour,CUT,Challenge de España,Challenge Tour,2,Interwetten Open,Challenge Tour,T50,English Open supported by HotelPlanner,Challenge Tour,T4,Blot Play9,Challenge Tour,T24,-0.87,0.87
SUGIURA,YUTA,KFT,Korn Ferry Tour,Visit Knoxville Open,Korn Ferry Tour,T21,UNC Health Championship,Korn Ferry Tour,T39,BMW Charity Pro-Am Presented by TD SYNNEX,Korn Ferry Tour,T44,OccuNet Classic presented by Amarillo National Bank,Korn Ferry Tour,T60,Memorial Health Championship presented by LRS,Korn Ferry Tour,T62,-0.87,0.07
SOUTHGATE,MATTHEW,CHA,Challenge Tour,Challenge de Catalunya,Challenge Tour,CUT,Danish Golf Challenge,Challenge Tour,T21,Swiss Challenge,Challenge Tour,CUT,Interwetten Open,Challenge Tour,1,English Open supported by HotelPlanner,Challenge Tour,CUT,-0.88,1.09
SHEEHAN,PATRICK,PTA,PGA Tour Americas,Diners Club Peru Open,PGA Tour Americas,T20,KIA Open de Ecuador presentado por Diners Club,PGA Tour Americas,CUT,Mexico Championship presented by Scotia Wealth Management,PGA Tour Americas,T18,Inter Rapidisimo Golf Championship,PGA Tour Americas,T5,Blue Cross and Blue Shield of Kansas Wichita Open presented by Syndeo,PGA Tour Americas,T59,-0.88,0.68
SODERBERG,SEBASTIAN,DPT,DP World Tour,Turkish Airlines Open,DP World Tour,T3,Estrella Damm Catalunya Championship,DP World Tour,60,Austrian Alpine Open presented by Kitzbühel Tirol,DP World Tour,CUT,KLM Open,DP World Tour,CUT,DS Automobiles 83° Open d’Italia,DP World Tour,CUT,-0.89,0.17
LEWIS,RILEY,PTA,PGA Tour Americas,Diners Club Peru Open,PGA Tour Americas,DQ,KIA Open de Ecuador presentado por Diners Club,PGA Tour Americas,T24,Mexico Championship presented by Scotia Wealth Management,PGA Tour Americas,T16,Inter Rapidisimo Golf Championship,PGA Tour Americas,CUT,Blue Cross and Blue Shield of Kansas Wichita Open presented by Syndeo,PGA Tour Americas,2,-0.89,0.01
COTTAM,KYLE,PTA,PGA Tour Americas,Diners Club Peru Open,PGA Tour Americas,CUT,KIA Open de Ecuador presentado por Diners Club,PGA Tour Americas,CUT,BMW Charity Pro-Am Presented by TD SYNNEX,Korn Ferry Tour,T29,OccuNet Classic presented by Amarillo National Bank,Korn Ferry Tour,T40,Blue Cross and Blue Shield of Kansas Wichita Open presented by Syndeo,PGA Tour Americas,T17,-0.89,0.06
SIMONSEN,MARTIN,NGL,Nordic Golf League,ECCO Tour Sand Valley Masters,Nordic Golf League,T6,Sand Valley Spring Series Championship,Nordic Golf League,3,Big Green Egg Blekinge Open,Nordic Golf League,T6,Danish Golf Challenge,Challenge Tour,CUT,Interwetten Open,Challenge Tour,1,-0.89,0.77
SLOAN,ROGER,KFT,Korn Ferry Tour,Visit Knoxville Open,Korn Ferry Tour,CUT,UNC Health Championship,Korn Ferry Tour,T58,BMW Charity Pro-Am Presented by TD SYNNEX,Korn Ferry Tour,T25,RBC Canadian Open,PGA Tour,CUT,Memorial Health Championship presented by LRS,Korn Ferry Tour,CUT,-0.89,-0.1
CLEMENTS,TODD,DPT,DP World Tour,Estrella Damm Catalunya Championship,DP World Tour,CUT,Soudal Open,DP World Tour,CUT,Austrian Alpine Open presented by Kitzbühel Tirol,DP World Tour,CUT,KLM Open,DP World Tour,T11,DS Automobiles 83° Open d’Italia,DP World Tour,CUT,-0.89,-0.52
ENNIS,WHEATON,AM,Amateur,Tar Heel Intercollegiate,Amateur,T98,2026 SEC Men's Golf Championship Stroke Play,Amateur,T14,NCAA Bryan Regional,Amateur,12,NCAA DI Men's National Championship- Stroke Play,Amateur,T29,Sunnehanna Amateur,Amateur,2,-0.9,0.68
MUN,DOYEOB,KOR,KPGA Korean Tour,Korea,LIV Golf,T15,Andalucia,LIV Golf,T23,International Series Morocco presented by Visit Morocco,Asian Tour,T42,Hana Bank Invitational,KPGA Korean Tour,T32,KPGA Gunsan CC Open,KPGA Korean Tour,T31,-0.9,-0.07
SURRATT,CALEB,LIV,LIV Golf,Virginia,LIV Golf,49,Soudal Open,DP World Tour,T12,Korea,LIV Golf,T70,Andalucia,LIV Golf,T63,U.S. Open,Major,T45,-0.91,-0.62
STONE,BRANDON,DPT,DP World Tour,Estrella Damm Catalunya Championship,DP World Tour,T48,Soudal Open,DP World Tour,CUT,Austrian Alpine Open presented by Kitzbühel Tirol,DP World Tour,CUT,KLM Open,DP World Tour,CUT,DS Automobiles 83° Open d’Italia,DP World Tour,T47,-0.91,-0.15
LEE,SOOMIN,KOR,KPGA Korean Tour,KPGA Gyeongbuk Open,KPGA Korean Tour,CUT,Kolon The 68th KOREA Open,ASA,T23,The 69th KPGA Championship with A-ONE CC,KPGA Korean Tour,7,Hana Bank Invitational,KPGA Korean Tour,CUT,KPGA Gunsan CC Open,KPGA Korean Tour,T16,-0.91,0.72
FISCHER,ZACK,KFT,Korn Ferry Tour,Colonial Life Charity Classic,Korn Ferry Tour,1,Visit Knoxville Open,Korn Ferry Tour,T73,UNC Health Championship,Korn Ferry Tour,CUT,OccuNet Classic presented by Amarillo National Bank,Korn Ferry Tour,CUT,Memorial Health Championship presented by LRS,Korn Ferry Tour,T7,-0.93,0.36
STRAKA,SEPP,PGA,PGA Tour,PGA Championship,Major,CUT,Austrian Alpine Open presented by Kitzbühel Tirol,DP World Tour,T12,the Memorial Tournament presented by Workday,PGA Tour,T40,U.S. Open,Major,CUT,Travelers Championship,PGA Tour,72,-0.93,-1.49
ELS,ERNIE,CHAMP,PGA Tour Champions,Mitsubishi Electric Classic,PGA Tour Champions,T4,Regions Tradition,PGA Tour Champions,T10,Insperity Invitational,PGA Tour Champions,T8,Trophy Hassan II,PGA Tour Champions,T12,Principal Charity Classic,PGA Tour Champions,2,-0.93,0.11
CARD III,JAY,KFT,Korn Ferry Tour,Visit Knoxville Open,Korn Ferry Tour,T68,UNC Health Championship,Korn Ferry Tour,CUT,BMW Charity Pro-Am Presented by TD SYNNEX,Korn Ferry Tour,T44,OccuNet Classic presented by Amarillo National Bank,Korn Ferry Tour,T48,Memorial Health Championship presented by LRS,Korn Ferry Tour,T17,-0.94,0.02
PETTIT,TURK,KFT,Korn Ferry Tour,Visit Knoxville Open,Korn Ferry Tour,T68,UNC Health Championship,Korn Ferry Tour,CUT,BMW Charity Pro-Am Presented by TD SYNNEX,Korn Ferry Tour,T5,OccuNet Classic presented by Amarillo National Bank,Korn Ferry Tour,CUT,Memorial Health Championship presented by LRS,Korn Ferry Tour,CUT,-0.94,0.35
LAMB,DAVIS,KFT,Korn Ferry Tour,Visit Knoxville Open,Korn Ferry Tour,T53,UNC Health Championship,Korn Ferry Tour,CUT,BMW Charity Pro-Am Presented by TD SYNNEX,Korn Ferry Tour,T25,OccuNet Classic presented by Amarillo National Bank,Korn Ferry Tour,CUT,Memorial Health Championship presented by LRS,Korn Ferry Tour,CUT,-0.94,-0.36
SCHNEIDER,MARCEL,DPT,DP World Tour,Estrella Damm Catalunya Championship,DP World Tour,73,Soudal Open,DP World Tour,T37,Austrian Alpine Open presented by Kitzbühel Tirol,DP World Tour,T30,KLM Open,DP World Tour,CUT,DS Automobiles 83° Open d’Italia,DP World Tour,T17,-0.94,-0.23
GLOVER,LUCAS,PGA,PGA Tour,PGA Championship,Major,CUT,Charles Schwab Challenge,PGA Tour,CUT,the Memorial Tournament presented by Workday,PGA Tour,T71,RBC Canadian Open,PGA Tour,T66,Travelers Championship,PGA Tour,T46,-0.94,-0.7
HEND,SCOTT,CHAMP,PGA Tour Champions,Regions Tradition,PGA Tour Champions,T22,Taiwan Glass Taifong Open,ASA,2,Trophy Hassan II,PGA Tour Champions,CUT,Principal Charity Classic,PGA Tour Champions,T45,DICK'S Open,PGA Tour Champions,1,-0.94,0.74
CELIA,RICARDO,KFT,Korn Ferry Tour,Visit Knoxville Open,Korn Ferry Tour,T55,UNC Health Championship,Korn Ferry Tour,CUT,BMW Charity Pro-Am Presented by TD SYNNEX,Korn Ferry Tour,T55,OccuNet Classic presented by Amarillo National Bank,Korn Ferry Tour,CUT,Memorial Health Championship presented by LRS,Korn Ferry Tour,T26,-0.94,0.61
ROMANO,ANDREA,ALP,Alps Tour Golf,Gösser Open,Alps Tour Golf,T7,Lacanau Alps Open,Alps Tour Golf,T2,Open de Roissy PGA France,Alps Tour Golf,T7,Interwetten Open,Challenge Tour,T48,DS Automobiles 83° Open d’Italia,DP World Tour,1,-0.95,0.88
PIETERS,THOMAS,LIV,LIV Golf,South Africa,LIV Golf,T20,Mexico City,LIV Golf,T38,Virginia,LIV Golf,T46,Korea,LIV Golf,40,Andalucia,LIV Golf,T26,-0.95,-1.02
GRINBERG,LEV,AM,Amateur,European Nations Cup - Copa Sotogrande,Amateur,T182,Soudal Open,DP World Tour,T10,St Andrews Links Trophy,Amateur,T74,The Amateur Championship,Amateur,T6,European Amateur Championship,Amateur,1,-0.95,0.75
CAMPBELL,BRIAN,PGA,PGA Tour,PGA Championship,Major,CUT,Charles Schwab Challenge,PGA Tour,82,the Memorial Tournament presented by Workday,PGA Tour,CUT,RBC Canadian Open,PGA Tour,T47,Travelers Championship,PGA Tour,CUT,-0.95,-0.04
LAPORTA,FRANCESCO,DPT,DP World Tour,Turkish Airlines Open,DP World Tour,T40,Estrella Damm Catalunya Championship,DP World Tour,CUT,Soudal Open,DP World Tour,CUT,Austrian Alpine Open presented by Kitzbühel Tirol,DP World Tour,CUT,DS Automobiles 83° Open d’Italia,DP World Tour,T17,-0.96,-0.77
BAKER,ELIOT,AM,Amateur,Lytham Trophy,Amateur,T33,English Men's Open Amateur Stroke Play Championship (Brabazon Trophy),Amateur,T46,St Andrews Links Trophy,Amateur,2,The Amateur Championship,Amateur,T9,European Amateur Championship,Amateur,T27,-0.96,0.24
SEMIKAWA,TAIGA,JPN,Japan Golf Tour,Kansai Open Golf Championship,Japan Golf Tour,T16,Japan PGA Championship Senko Group Cup,Japan Golf Tour,CUT,Gate Way To The Open Mizuno Open,Japan Golf Tour,T13,BMW Japan Golf Tour Championship Mori Building Cup,Japan Golf Tour,T6,Hana Bank Invitational,KPGA Korean Tour,CUT,-0.96,-0.58
TURNER,JACK,AM,Amateur,Calusa Cup,Amateur,T14,2026 SEC Men's Golf Championship Stroke Play,Amateur,T4,NCAA Columbus Regional,Amateur,T7,NCAA DI Men's National Championship- Stroke Play,Amateur,T76,The Amateur Championship,Amateur,10,-0.96,0.1
ENEFER,WILL,CHA,Challenge Tour,Challenge de Catalunya,Challenge Tour,CUT,Challenge de España,Challenge Tour,T9,Swiss Challenge,Challenge Tour,T31,Interwetten Open,Challenge Tour,T18,English Open supported by HotelPlanner,Challenge Tour,T36,-0.97,0.43
FISHER,ROSS,DPT,DP World Tour,Estrella Damm Catalunya Championship,DP World Tour,T21,Soudal Open,DP World Tour,T51,Austrian Alpine Open presented by Kitzbühel Tirol,DP World Tour,73,KLM Open,DP World Tour,69,DS Automobiles 83° Open d’Italia,DP World Tour,T57,-0.97,0.43
HIRATA,KENSEI,PGA,PGA Tour,Zurich Classic of New Orleans,PGA Tour,CUT,ONEflight Myrtle Beach Classic,PGA Tour,CUT,THE CJ CUP Byron Nelson,PGA Tour,T65,Charles Schwab Challenge,PGA Tour,T71,RBC Canadian Open,PGA Tour,T19,-0.97,-0.02
FORREST,GRANT,DPT,DP World Tour,Estrella Damm Catalunya Championship,DP World Tour,CUT,Soudal Open,DP World Tour,CUT,Austrian Alpine Open presented by Kitzbühel Tirol,DP World Tour,CUT,KLM Open,DP World Tour,CUT,DS Automobiles 83° Open d’Italia,DP World Tour,T12,-0.98,-0.75
SCHWARTZEL,CHARL,LIV,LIV Golf,Masters Tournament,Major,T34,Mexico City,LIV Golf,54,Virginia,LIV Golf,T39,Korea,LIV Golf,T31,Andalucia,LIV Golf,T26,-0.98,-0.57
MAEDA,KOSHIRO,JPN,Japan Golf Tour,The Crowns,Japan Golf Tour,T9,Kansai Open Golf Championship,Japan Golf Tour,T24,Japan PGA Championship Senko Group Cup,Japan Golf Tour,T27,Gate Way To The Open Mizuno Open,Japan Golf Tour,CUT,BMW Japan Golf Tour Championship Mori Building Cup,Japan Golf Tour,T10,-0.98,0.64
CHOI,SEUNGBIN,KOR,KPGA Korean Tour,KPGA Founders Cup,KPGA Korean Tour,T22,KPGA Gyeongbuk Open,KPGA Korean Tour,T46,The 69th KPGA Championship with A-ONE CC,KPGA Korean Tour,T3,Hana Bank Invitational,KPGA Korean Tour,T19,KPGA Gunsan CC Open,KPGA Korean Tour,T16,-0.98,0.07
HOSHINO,RIKUYA,DPT,DP World Tour,Estrella Damm Catalunya Championship,DP World Tour,T58,Soudal Open,DP World Tour,T43,Austrian Alpine Open presented by Kitzbühel Tirol,DP World Tour,T53,KLM Open,DP World Tour,CUT,DS Automobiles 83° Open d’Italia,DP World Tour,T26,-0.99,0.04
KOZAN,ANDREW,KFT,Korn Ferry Tour,Visit Knoxville Open,Korn Ferry Tour,T6,UNC Health Championship,Korn Ferry Tour,CUT,BMW Charity Pro-Am Presented by TD SYNNEX,Korn Ferry Tour,T60,OccuNet Classic presented by Amarillo National Bank,Korn Ferry Tour,T48,Memorial Health Championship presented by LRS,Korn Ferry Tour,CUT,-0.99,0.36
GABRELCIK,NICK,KFT,Korn Ferry Tour,Visit Knoxville Open,Korn Ferry Tour,CUT,UNC Health Championship,Korn Ferry Tour,CUT,BMW Charity Pro-Am Presented by TD SYNNEX,Korn Ferry Tour,CUT,OccuNet Classic presented by Amarillo National Bank,Korn Ferry Tour,T13,Memorial Health Championship presented by LRS,Korn Ferry Tour,CUT,-0.99,-0.02
GARCIA,JORGE,KFT,Korn Ferry Tour,Visit Knoxville Open,Korn Ferry Tour,CUT,UNC Health Championship,Korn Ferry Tour,CUT,BMW Charity Pro-Am Presented by TD SYNNEX,Korn Ferry Tour,T25,OccuNet Classic presented by Amarillo National Bank,Korn Ferry Tour,CUT,Memorial Health Championship presented by LRS,Korn Ferry Tour,CUT,-1,0.69
LEWTON,STEVE,ASA,Asian Tour,The 45th GS Caltex Maekyung Open,ASA,T11,Taiwan Glass Taifong Open,ASA,T19,Kolon The 68th KOREA Open,ASA,T22,am green IGPL Bharath Classic,Asian Tour,T19,International Series Morocco presented by Visit Morocco,Asian Tour,T55,-1,0.74
SMYTH,TRAV,LIV,LIV Golf,Singapore Open presented by The Business Times,Asian Tour,T45,PGA Championship,Major,CUT,Korea,LIV Golf,CUT,Andalucia,LIV Golf,T19,International Series Morocco presented by Visit Morocco,Asian Tour,T8,-1,-0.29
DUNCAN,TYLER,KFT,Korn Ferry Tour,THE CJ CUP Byron Nelson,PGA Tour,T28,UNC Health Championship,Korn Ferry Tour,T40,BMW Charity Pro-Am Presented by TD SYNNEX,Korn Ferry Tour,CUT,OccuNet Classic presented by Amarillo National Bank,Korn Ferry Tour,T13,Memorial Health Championship presented by LRS,Korn Ferry Tour,CUT,-1,0.04
STERNE,RICHARD,DPT,DP World Tour,Turkish Airlines Open,DP World Tour,T47,Estrella Damm Catalunya Championship,DP World Tour,CUT,Soudal Open,DP World Tour,CUT,Austrian Alpine Open presented by Kitzbühel Tirol,DP World Tour,1,KLM Open,DP World Tour,T11,-1.01,-0.46
MERRITT,TROY,KFT,Korn Ferry Tour,ONEflight Myrtle Beach Classic,PGA Tour,CUT,THE CJ CUP Byron Nelson,PGA Tour,T75,UNC Health Championship,Korn Ferry Tour,T54,BMW Charity Pro-Am Presented by TD SYNNEX,Korn Ferry Tour,T5,Memorial Health Championship presented by LRS,Korn Ferry Tour,T48,-1.01,0.21
LACROIX,FREDERIC,DPT,DP World Tour,Volvo China Open,DP World Tour,70,Turkish Airlines Open,DP World Tour,CUT,Soudal Open,DP World Tour,T53,KLM Open,DP World Tour,T11,DS Automobiles 83° Open d’Italia,DP World Tour,CUT,-1.01,-0.39
HALE JR,BLAINE,KFT,Korn Ferry Tour,Visit Knoxville Open,Korn Ferry Tour,CUT,UNC Health Championship,Korn Ferry Tour,T39,BMW Charity Pro-Am Presented by TD SYNNEX,Korn Ferry Tour,CUT,OccuNet Classic presented by Amarillo National Bank,Korn Ferry Tour,CUT,Memorial Health Championship presented by LRS,Korn Ferry Tour,CUT,-1.02,0.57
WILKES,TYLER,KFT,Korn Ferry Tour,Diners Club Peru Open,PGA Tour Americas,CUT,Visit Knoxville Open,Korn Ferry Tour,59,UNC Health Championship,Korn Ferry Tour,T23,BMW Charity Pro-Am Presented by TD SYNNEX,Korn Ferry Tour,63,Memorial Health Championship presented by LRS,Korn Ferry Tour,T3,-1.04,0.63
ROZO,MARCELO,PGA,PGA Tour,ONEflight Myrtle Beach Classic,PGA Tour,CUT,THE CJ CUP Byron Nelson,PGA Tour,T53,Charles Schwab Challenge,PGA Tour,CUT,RBC Canadian Open,PGA Tour,CUT,U.S. Open,Major,CUT,-1.04,0.19
NESBITT,DREW,KFT,Korn Ferry Tour,Colonial Life Charity Classic,Korn Ferry Tour,CUT,Visit Knoxville Open,Korn Ferry Tour,CUT,UNC Health Championship,Korn Ferry Tour,T50,RBC Canadian Open,PGA Tour,1,Memorial Health Championship presented by LRS,Korn Ferry Tour,CUT,-1.04,0.27
SCHMIDT,BEN,DPT,DP World Tour,Estrella Damm Catalunya Championship,DP World Tour,CUT,Soudal Open,DP World Tour,CUT,Austrian Alpine Open presented by Kitzbühel Tirol,DP World Tour,T8,KLM Open,DP World Tour,CUT,DS Automobiles 83° Open d’Italia,DP World Tour,CUT,-1.05,-0.35
PEACOCK,JAKE,KFT,Korn Ferry Tour,Visit Knoxville Open,Korn Ferry Tour,CUT,BMW Charity Pro-Am Presented by TD SYNNEX,Korn Ferry Tour,T29,OccuNet Classic presented by Amarillo National Bank,Korn Ferry Tour,T40,U.S. Open,Major,T31,Blue Cross and Blue Shield of Kansas Wichita Open presented by Syndeo,PGA Tour Americas,CUT,-1.05,0.67
BLAND,RICHARD,LIV,LIV Golf,South Africa,LIV Golf,T23,Mexico City,LIV Golf,T12,Virginia,LIV Golf,45,Korea,LIV Golf,53,Andalucia,LIV Golf,T26,-1.05,-0.4
KOKRAK,JASON,LIV,LIV Golf,South Africa,LIV Golf,T20,Mexico City,LIV Golf,T22,Virginia,LIV Golf,T49,Korea,LIV Golf,T37,Andalucia,LIV Golf,T46,-1.05,-0.5
SULLIVAN,ANDY,DPT,DP World Tour,Turkish Airlines Open,DP World Tour,CUT,PGA Championship,Major,79,Soudal Open,DP World Tour,CUT,KLM Open,DP World Tour,T25,DS Automobiles 83° Open d’Italia,DP World Tour,T47,-1.07,-0.83
WALKER,EUAN,DPT,DP World Tour,Estrella Damm Catalunya Championship,DP World Tour,CUT,Soudal Open,DP World Tour,CUT,Austrian Alpine Open presented by Kitzbühel Tirol,DP World Tour,T30,KLM Open,DP World Tour,T45,DS Automobiles 83° Open d’Italia,DP World Tour,CUT,-1.07,0.24
TOSTI,ALEJANDRO,PGA,PGA Tour,ONEflight Myrtle Beach Classic,PGA Tour,T40,THE CJ CUP Byron Nelson,PGA Tour,CUT,Charles Schwab Challenge,PGA Tour,CUT,RBC Canadian Open,PGA Tour,CUT,U.S. Open,Major,CUT,-1.07,0.5
CREEL,JOSHUA,KFT,Korn Ferry Tour,Visit Knoxville Open,Korn Ferry Tour,T10,UNC Health Championship,Korn Ferry Tour,CUT,BMW Charity Pro-Am Presented by TD SYNNEX,Korn Ferry Tour,CUT,OccuNet Classic presented by Amarillo National Bank,Korn Ferry Tour,CUT,Memorial Health Championship presented by LRS,Korn Ferry Tour,CUT,-1.08,0.7
SUMMERHAYS,PRESTON,KFT,Korn Ferry Tour,Colonial Life Charity Classic,Korn Ferry Tour,CUT,UNC Health Championship,Korn Ferry Tour,CUT,BMW Charity Pro-Am Presented by TD SYNNEX,Korn Ferry Tour,CUT,OccuNet Classic presented by Amarillo National Bank,Korn Ferry Tour,CUT,Memorial Health Championship presented by LRS,Korn Ferry Tour,T7,-1.08,0.74
KOCHER,DAVID,KFT,Korn Ferry Tour,Visit Knoxville Open,Korn Ferry Tour,CUT,UNC Health Championship,Korn Ferry Tour,CUT,BMW Charity Pro-Am Presented by TD SYNNEX,Korn Ferry Tour,T19,OccuNet Classic presented by Amarillo National Bank,Korn Ferry Tour,CUT,Memorial Health Championship presented by LRS,Korn Ferry Tour,CUT,-1.09,0.42
HARDY,NICK,PGA,PGA Tour,ONEflight Myrtle Beach Classic,PGA Tour,CUT,Colonial Life Charity Classic,Korn Ferry Tour,CUT,THE CJ CUP Byron Nelson,PGA Tour,T36,Charles Schwab Challenge,PGA Tour,CUT,U.S. Open,Major,CUT,-1.1,-0.08
CANTERO GUTIERREZ,IVAN,DPT,DP World Tour,Estrella Damm Catalunya Championship,DP World Tour,CUT,Soudal Open,DP World Tour,T17,Austrian Alpine Open presented by Kitzbühel Tirol,DP World Tour,T53,KLM Open,DP World Tour,CUT,DS Automobiles 83° Open d’Italia,DP World Tour,T26,-1.11,0.33
QUAYLE,ANTHONY,DPT,DP World Tour,Estrella Damm Catalunya Championship,DP World Tour,CUT,Soudal Open,DP World Tour,CUT,Austrian Alpine Open presented by Kitzbühel Tirol,DP World Tour,CUT,KLM Open,DP World Tour,CUT,DS Automobiles 83° Open d’Italia,DP World Tour,T59,-1.11,-0.02
BLAUM,RYAN,KFT,Korn Ferry Tour,Visit Knoxville Open,Korn Ferry Tour,T14,UNC Health Championship,Korn Ferry Tour,CUT,BMW Charity Pro-Am Presented by TD SYNNEX,Korn Ferry Tour,CUT,OccuNet Classic presented by Amarillo National Bank,Korn Ferry Tour,CUT,Memorial Health Championship presented by LRS,Korn Ferry Tour,T40,-1.11,0.32
MERONK,ADRIAN,LIV,LIV Golf,Mexico City,LIV Golf,T29,Virginia,LIV Golf,38,Soudal Open,DP World Tour,T21,Korea,LIV Golf,52,Andalucia,LIV Golf,CUT,-1.12,-0.29
CHATFIELD,DAVIS,PGA,PGA Tour,Zurich Classic of New Orleans,PGA Tour,CUT,ONEflight Myrtle Beach Classic,PGA Tour,T17,THE CJ CUP Byron Nelson,PGA Tour,CUT,Charles Schwab Challenge,PGA Tour,CUT,RBC Canadian Open,PGA Tour,CUT,-1.12,-0.51
VILLEGAS,CAMILO,PGA,PGA Tour,Zurich Classic of New Orleans,PGA Tour,CUT,ONEflight Myrtle Beach Classic,PGA Tour,CUT,THE CJ CUP Byron Nelson,PGA Tour,T45,Charles Schwab Challenge,PGA Tour,CUT,RBC Canadian Open,PGA Tour,T40,-1.13,-0.1
KNOWLES,PHILIP,KFT,Korn Ferry Tour,Visit Knoxville Open,Korn Ferry Tour,T47,UNC Health Championship,Korn Ferry Tour,CUT,BMW Charity Pro-Am Presented by TD SYNNEX,Korn Ferry Tour,T25,OccuNet Classic presented by Amarillo National Bank,Korn Ferry Tour,CUT,Memorial Health Championship presented by LRS,Korn Ferry Tour,CUT,-1.17,0.52
LEE,DANNY,LIV,LIV Golf,The 45th GS Caltex Maekyung Open,ASA,T29,Virginia,LIV Golf,T36,Kolon The 68th KOREA Open,ASA,WD,Korea,LIV Golf,T31,Andalucia,LIV Golf,CUT,-1.17,0.56
PARATORE,RENATO,DPT,DP World Tour,Estrella Damm Catalunya Championship,DP World Tour,T60,Soudal Open,DP World Tour,CUT,Austrian Alpine Open presented by Kitzbühel Tirol,DP World Tour,T30,KLM Open,DP World Tour,CUT,DS Automobiles 83° Open d’Italia,DP World Tour,T47,-1.17,0.28
DICKSON,TAYLOR,KFT,Korn Ferry Tour,Visit Knoxville Open,Korn Ferry Tour,T55,UNC Health Championship,Korn Ferry Tour,T46,BMW Charity Pro-Am Presented by TD SYNNEX,Korn Ferry Tour,CUT,OccuNet Classic presented by Amarillo National Bank,Korn Ferry Tour,T27,Memorial Health Championship presented by LRS,Korn Ferry Tour,T3,-1.17,0.28
KORTE,CHRIS,KFT,Korn Ferry Tour,Club Car Championship at The Landings Golf & Athletic Club,Korn Ferry Tour,T40,UNC Health Championship,Korn Ferry Tour,WD,BMW Charity Pro-Am Presented by TD SYNNEX,Korn Ferry Tour,T55,OccuNet Classic presented by Amarillo National Bank,Korn Ferry Tour,CUT,Memorial Health Championship presented by LRS,Korn Ferry Tour,CUT,-1.18,-0.07
KRUYSWIJK,JACQUES,DPT,DP World Tour,Joburg Open,DP World Tour,T59,Volvo China Open,DP World Tour,T28,Turkish Airlines Open,DP World Tour,T33,Estrella Damm Catalunya Championship,DP World Tour,T70,DS Automobiles 83° Open d’Italia,DP World Tour,CUT,-1.18,-0.41
WU,BRANDON,KFT,Korn Ferry Tour,Visit Knoxville Open,Korn Ferry Tour,CUT,UNC Health Championship,Korn Ferry Tour,CUT,BMW Charity Pro-Am Presented by TD SYNNEX,Korn Ferry Tour,T19,U.S. Open,Major,CUT,Memorial Health Championship presented by LRS,Korn Ferry Tour,T48,-1.19,0.54
CELLI,FILIPPO,DPT,DP World Tour,Soudal Open,DP World Tour,CUT,Austrian Alpine Open presented by Kitzbühel Tirol,DP World Tour,CUT,KLM Open,DP World Tour,T17,U.S. Open,Major,CUT,DS Automobiles 83° Open d’Italia,DP World Tour,WD,-1.19,0.19
UIHLEIN,PETER,LIV,LIV Golf,Singapore Open presented by The Business Times,Asian Tour,T31,Virginia,LIV Golf,T17,Korea,LIV Golf,54,Andalucia,LIV Golf,T56,U.S. Open,Major,T52,-1.19,-0.57
BALDWIN,MATTHEW,DPT,DP World Tour,Estrella Damm Catalunya Championship,DP World Tour,T66,Soudal Open,DP World Tour,T54,Austrian Alpine Open presented by Kitzbühel Tirol,DP World Tour,T47,KLM Open,DP World Tour,CUT,DS Automobiles 83° Open d’Italia,DP World Tour,CUT,-1.19,0.49
BJERREGAARD,LUCAS,DPT,DP World Tour,Turkish Airlines Open,DP World Tour,T59,Estrella Damm Catalunya Championship,DP World Tour,T61,Soudal Open,DP World Tour,T17,Austrian Alpine Open presented by Kitzbühel Tirol,DP World Tour,T58,International Series Morocco presented by Visit Morocco,Asian Tour,CUT,-1.2,0.09
MORY,FELIX,DPT,DP World Tour,Estrella Damm Catalunya Championship,DP World Tour,CUT,Soudal Open,DP World Tour,CUT,Austrian Alpine Open presented by Kitzbühel Tirol,DP World Tour,CUT,KLM Open,DP World Tour,T35,DS Automobiles 83° Open d’Italia,DP World Tour,T26,-1.2,0.41
HRUBY,PETR,KFT,Korn Ferry Tour,Visit Knoxville Open,Korn Ferry Tour,T47,UNC Health Championship,Korn Ferry Tour,CUT,BMW Charity Pro-Am Presented by TD SYNNEX,Korn Ferry Tour,CUT,OccuNet Classic presented by Amarillo National Bank,Korn Ferry Tour,CUT,Blue Cross and Blue Shield of Kansas Wichita Open presented by Syndeo,PGA Tour Americas,T48,-1.21,-0.25
SHARMA,SHUBHANKAR,DPT,DP World Tour,Boulders Classic,undefined,CUT,Volvo China Open,DP World Tour,1,Turkish Airlines Open,DP World Tour,CUT,Estrella Damm Catalunya Championship,DP World Tour,CUT,Soudal Open,DP World Tour,T65,-1.23,0.44
BLOMME,ADAM,DPT,DP World Tour,Estrella Damm Catalunya Championship,DP World Tour,CUT,Soudal Open,DP World Tour,T17,Austrian Alpine Open presented by Kitzbühel Tirol,DP World Tour,T63,Interwetten Open,Challenge Tour,CUT,English Open supported by HotelPlanner,Challenge Tour,CUT,-1.23,0.64
SHELTON,ROBBY,KFT,Korn Ferry Tour,Visit Knoxville Open,Korn Ferry Tour,WD,UNC Health Championship,Korn Ferry Tour,T29,BMW Charity Pro-Am Presented by TD SYNNEX,Korn Ferry Tour,T13,OccuNet Classic presented by Amarillo National Bank,Korn Ferry Tour,T7,Memorial Health Championship presented by LRS,Korn Ferry Tour,CUT,-1.23,-0.16
HAMMER,COLE,KFT,Korn Ferry Tour,Visit Knoxville Open,Korn Ferry Tour,CUT,UNC Health Championship,Korn Ferry Tour,T66,BMW Charity Pro-Am Presented by TD SYNNEX,Korn Ferry Tour,CUT,U.S. Open,Major,CUT,Memorial Health Championship presented by LRS,Korn Ferry Tour,T26,-1.24,-0.61
OTAEGUI,ADRIAN,DPT,DP World Tour,Estrella Damm Catalunya Championship,DP World Tour,CUT,Soudal Open,DP World Tour,CUT,Austrian Alpine Open presented by Kitzbühel Tirol,DP World Tour,CUT,KLM Open,DP World Tour,CUT,DS Automobiles 83° Open d’Italia,DP World Tour,CUT,-1.24,-0.41
PAUL,JEREMY,KFT,Korn Ferry Tour,THE CJ CUP Byron Nelson,PGA Tour,74,UNC Health Championship,Korn Ferry Tour,CUT,BMW Charity Pro-Am Presented by TD SYNNEX,Korn Ferry Tour,T3,RBC Canadian Open,PGA Tour,T55,Memorial Health Championship presented by LRS,Korn Ferry Tour,T48,-1.24,-0.12
LAWRENCE,THRISTON,DPT,DP World Tour,Turkish Airlines Open,DP World Tour,CUT,ONEflight Myrtle Beach Classic,PGA Tour,T53,Soudal Open,DP World Tour,CUT,Austrian Alpine Open presented by Kitzbühel Tirol,DP World Tour,T74,DS Automobiles 83° Open d’Italia,DP World Tour,CUT,-1.24,-0.92
WESTWOOD,LEE,LIV,LIV Golf,South Africa,LIV Golf,T37,Mexico City,LIV Golf,50,Virginia,LIV Golf,T35,Korea,LIV Golf,T45,Andalucia,LIV Golf,T30,-1.25,-0.6
XIONG,NORMAN,KFT,Korn Ferry Tour,Club Car Championship at The Landings Golf & Athletic Club,Korn Ferry Tour,CUT,LECOM Suncoast Classic,Korn Ferry Tour,T61,Visit Knoxville Open,Korn Ferry Tour,CUT,UNC Health Championship,Korn Ferry Tour,CUT,OccuNet Classic presented by Amarillo National Bank,Korn Ferry Tour,CUT,-1.25,0.44
KNOX,RUSSELL,KFT,Korn Ferry Tour,Colonial Life Charity Classic,Korn Ferry Tour,CUT,Visit Knoxville Open,Korn Ferry Tour,T69,UNC Health Championship,Korn Ferry Tour,T39,OccuNet Classic presented by Amarillo National Bank,Korn Ferry Tour,CUT,Memorial Health Championship presented by LRS,Korn Ferry Tour,T38,-1.25,-0.13
MASAVEU,LUIS,LIV,LIV Golf,Virginia,LIV Golf,T16,Challenge de Catalunya,Challenge Tour,T51,Korea,LIV Golf,T21,Andalucia,LIV Golf,CUT,International Series Morocco presented by Visit Morocco,Asian Tour,T37,-1.26,0
HITCHNER,DEREK,KFT,Korn Ferry Tour,Visit Knoxville Open,Korn Ferry Tour,CUT,UNC Health Championship,Korn Ferry Tour,CUT,BMW Charity Pro-Am Presented by TD SYNNEX,Korn Ferry Tour,CUT,OccuNet Classic presented by Amarillo National Bank,Korn Ferry Tour,T55,Memorial Health Championship presented by LRS,Korn Ferry Tour,CUT,-1.26,-0.26
SCHENK,ADAM,PGA,PGA Tour,ONEflight Myrtle Beach Classic,PGA Tour,T74,PGA Championship,Major,CUT,THE CJ CUP Byron Nelson,PGA Tour,CUT,Charles Schwab Challenge,PGA Tour,CUT,RBC Canadian Open,PGA Tour,CUT,-1.29,-0.14
LEMKE,NIKLAS,DPT,DP World Tour,Magical Kenya Open presented by absa,DP World Tour,CUT,Hainan Classic presented by MAEXTRO,DP World Tour,T34,Austrian Alpine Open presented by Kitzbühel Tirol,DP World Tour,WD,KLM Open,DP World Tour,T60,DS Automobiles 83° Open d’Italia,DP World Tour,CUT,-1.3,-0.22
WILLIAMS,ROBIN,CHA,Challenge Tour,Austrian Alpine Open presented by Kitzbühel Tirol,DP World Tour,CUT,KLM Open,DP World Tour,CUT,Interwetten Open,Challenge Tour,T45,English Open supported by HotelPlanner,Challenge Tour,T28,Blot Play9,Challenge Tour,CUT,-1.31,0.42
LEE,RICHARD,LIV,LIV Golf,Virginia,LIV Golf,T27,Kolon The 68th KOREA Open,ASA,T30,Korea,LIV Golf,CUT,Andalucia,LIV Golf,T70,International Series Morocco presented by Visit Morocco,Asian Tour,T41,-1.32,-0.96
BAIRSTOW,SAM,DPT,DP World Tour,Estrella Damm Catalunya Championship,DP World Tour,CUT,Soudal Open,DP World Tour,T43,Austrian Alpine Open presented by Kitzbühel Tirol,DP World Tour,CUT,KLM Open,DP World Tour,CUT,DS Automobiles 83° Open d’Italia,DP World Tour,CUT,-1.32,-0.22
LAMPRECHT,CHRISTO,PGA,PGA Tour,Zurich Classic of New Orleans,PGA Tour,CUT,ONEflight Myrtle Beach Classic,PGA Tour,CUT,THE CJ CUP Byron Nelson,PGA Tour,T60,Charles Schwab Challenge,PGA Tour,CUT,RBC Canadian Open,PGA Tour,CUT,-1.34,-0.53
HOLLICK,MICHAEL,DPT,DP World Tour,Estrella Damm Catalunya Championship,DP World Tour,T28,Soudal Open,DP World Tour,T70,Austrian Alpine Open presented by Kitzbühel Tirol,DP World Tour,CUT,KLM Open,DP World Tour,CUT,DS Automobiles 83° Open d’Italia,DP World Tour,CUT,-1.34,-0.11
LEACH,TYLER,KFT,Korn Ferry Tour,Visit Knoxville Open,Korn Ferry Tour,T21,UNC Health Championship,Korn Ferry Tour,65,BMW Charity Pro-Am Presented by TD SYNNEX,Korn Ferry Tour,T34,OccuNet Classic presented by Amarillo National Bank,Korn Ferry Tour,CUT,Memorial Health Championship presented by LRS,Korn Ferry Tour,T48,-1.35,0.29
GANDON,JEREMY,KFT,Korn Ferry Tour,Visit Knoxville Open,Korn Ferry Tour,CUT,UNC Health Championship,Korn Ferry Tour,T12,BMW Charity Pro-Am Presented by TD SYNNEX,Korn Ferry Tour,CUT,OccuNet Classic presented by Amarillo National Bank,Korn Ferry Tour,CUT,Memorial Health Championship presented by LRS,Korn Ferry Tour,CUT,-1.35,-0.66
YOUNG,DANIEL,DPT,DP World Tour,Estrella Damm Catalunya Championship,DP World Tour,CUT,Soudal Open,DP World Tour,CUT,Austrian Alpine Open presented by Kitzbühel Tirol,DP World Tour,CUT,KLM Open,DP World Tour,T60,DS Automobiles 83° Open d’Italia,DP World Tour,CUT,-1.36,-0.41
GUTSCHEWSKI,LUKE,KFT,Korn Ferry Tour,Visit Knoxville Open,Korn Ferry Tour,CUT,UNC Health Championship,Korn Ferry Tour,CUT,BMW Charity Pro-Am Presented by TD SYNNEX,Korn Ferry Tour,T30,OccuNet Classic presented by Amarillo National Bank,Korn Ferry Tour,T60,Memorial Health Championship presented by LRS,Korn Ferry Tour,T54,-1.37,-0.46
LA SASSO,MICHAEL,LIV,LIV Golf,Mexico City,LIV Golf,T31,Virginia,LIV Golf,55,Korea,LIV Golf,T46,Andalucia,LIV Golf,CUT,International Series Morocco presented by Visit Morocco,Asian Tour,T50,-1.37,0.64
PAUL,YANNIK,DPT,DP World Tour,Challenge de Catalunya,Challenge Tour,CUT,Soudal Open,DP World Tour,CUT,Austrian Alpine Open presented by Kitzbühel Tirol,DP World Tour,CUT,KLM Open,DP World Tour,T8,Blot Play9,Challenge Tour,CUT,-1.38,0.48
NORLANDER,HENRIK,KFT,Korn Ferry Tour,ONEflight Myrtle Beach Classic,PGA Tour,CUT,Colonial Life Charity Classic,Korn Ferry Tour,CUT,THE CJ CUP Byron Nelson,PGA Tour,T36,UNC Health Championship,Korn Ferry Tour,T40,BMW Charity Pro-Am Presented by TD SYNNEX,Korn Ferry Tour,CUT,-1.38,-0.28
WU,DYLAN,PGA,PGA Tour,ONEflight Myrtle Beach Classic,PGA Tour,T45,THE CJ CUP Byron Nelson,PGA Tour,CUT,Charles Schwab Challenge,PGA Tour,CUT,RBC Canadian Open,PGA Tour,72,U.S. Open,Major,CUT,-1.38,-0.9
HARKINS,BRANDON,KFT,Korn Ferry Tour,Colonial Life Charity Classic,Korn Ferry Tour,CUT,Visit Knoxville Open,Korn Ferry Tour,CUT,UNC Health Championship,Korn Ferry Tour,CUT,BMW Charity Pro-Am Presented by TD SYNNEX,Korn Ferry Tour,CUT,OccuNet Classic presented by Amarillo National Bank,Korn Ferry Tour,T30,-1.39,0.62
SARGENT,GORDON,PGA,PGA Tour,Texas Children's Houston Open,PGA Tour,CUT,Valero Texas Open,PGA Tour,CUT,Zurich Classic of New Orleans,PGA Tour,T54,ONEflight Myrtle Beach Classic,PGA Tour,CUT,THE CJ CUP Byron Nelson,PGA Tour,T17,-1.39,-0.17
MORRISON,JAMES,DPT,DP World Tour,Estrella Damm Catalunya Championship,DP World Tour,T14,Soudal Open,DP World Tour,T76,Austrian Alpine Open presented by Kitzbühel Tirol,DP World Tour,CUT,KLM Open,DP World Tour,T70,DS Automobiles 83° Open d’Italia,DP World Tour,T35,-1.4,0.09
CROCKER,SEAN,DPT,DP World Tour,Estrella Damm Catalunya Championship,DP World Tour,CUT,Soudal Open,DP World Tour,CUT,Austrian Alpine Open presented by Kitzbühel Tirol,DP World Tour,T41,KLM Open,DP World Tour,T35,DS Automobiles 83° Open d’Italia,DP World Tour,T63,-1.4,-0.24
SCHMIDT,THOMAS,AM,Amateur,Wyoming Cowboy Classic,Amateur,1,Arkansas State Spring Invitational,Amateur,T3,Sun Belt Conference Men's Championship,Amateur,T16,NCAA Marana Regional,Amateur,1,NCAA DI Men's National Championship- Stroke Play,Amateur,21,-1.4,0.39
LAW,DAVID,DPT,DP World Tour,Estrella Damm Catalunya Championship,DP World Tour,T45,Soudal Open,DP World Tour,T17,Austrian Alpine Open presented by Kitzbühel Tirol,DP World Tour,CUT,KLM Open,DP World Tour,T48,DS Automobiles 83° Open d’Italia,DP World Tour,CUT,-1.41,-0.5
DAHMEN,JOEL,PGA,PGA Tour,Cadillac Championship,PGA Tour,T42,ONEflight Myrtle Beach Classic,PGA Tour,T62,THE CJ CUP Byron Nelson,PGA Tour,CUT,Charles Schwab Challenge,PGA Tour,CUT,RBC Canadian Open,PGA Tour,CUT,-1.41,-1.06
BOTHA,BAREND,KFT,Korn Ferry Tour,Visit Knoxville Open,Korn Ferry Tour,T21,UNC Health Championship,Korn Ferry Tour,CUT,BMW Charity Pro-Am Presented by TD SYNNEX,Korn Ferry Tour,CUT,OccuNet Classic presented by Amarillo National Bank,Korn Ferry Tour,CUT,Memorial Health Championship presented by LRS,Korn Ferry Tour,T33,-1.41,-0.82
LAIRD,MARTIN,KFT,Korn Ferry Tour,ONEflight Myrtle Beach Classic,PGA Tour,T48,Colonial Life Charity Classic,Korn Ferry Tour,T65,THE CJ CUP Byron Nelson,PGA Tour,T47,UNC Health Championship,Korn Ferry Tour,CUT,Memorial Health Championship presented by LRS,Korn Ferry Tour,CUT,-1.41,-0.36
LIST,LUKE,KFT,Korn Ferry Tour,Tulum Championship at PGA Riviera Maya,Korn Ferry Tour,T40,Zurich Classic of New Orleans,PGA Tour,T57,Estrella Damm Catalunya Championship,DP World Tour,CUT,THE CJ CUP Byron Nelson,PGA Tour,T38,UNC Health Championship,Korn Ferry Tour,CUT,-1.41,-0.12
TEATER,JOSH,KFT,Korn Ferry Tour,Colonial Life Charity Classic,Korn Ferry Tour,T59,Visit Knoxville Open,Korn Ferry Tour,T4,BMW Charity Pro-Am Presented by TD SYNNEX,Korn Ferry Tour,CUT,OccuNet Classic presented by Amarillo National Bank,Korn Ferry Tour,CUT,Memorial Health Championship presented by LRS,Korn Ferry Tour,CUT,-1.42,0.45
LOMBARD,ZANDER,DPT,DP World Tour,Estrella Damm Catalunya Championship,DP World Tour,CUT,Soudal Open,DP World Tour,75,Austrian Alpine Open presented by Kitzbühel Tirol,DP World Tour,T8,KLM Open,DP World Tour,CUT,DS Automobiles 83° Open d’Italia,DP World Tour,CUT,-1.42,-0.31
GOODWIN,NOAH,KFT,Korn Ferry Tour,THE CJ CUP Byron Nelson,PGA Tour,CUT,UNC Health Championship,Korn Ferry Tour,CUT,BMW Charity Pro-Am Presented by TD SYNNEX,Korn Ferry Tour,T38,OccuNet Classic presented by Amarillo National Bank,Korn Ferry Tour,CUT,Memorial Health Championship presented by LRS,Korn Ferry Tour,T54,-1.42,-0.74
LEE,JUNGHWAN,"ASA, KOR",ASA,Estrella Damm Catalunya Championship,DP World Tour,CUT,Kolon The 68th KOREA Open,ASA,CUT,Austrian Alpine Open presented by Kitzbühel Tirol,DP World Tour,T10,Hana Bank Invitational,KPGA Korean Tour,CUT,DS Automobiles 83° Open d’Italia,DP World Tour,T47,-1.43,-0.31
KAEWKANJANA,SADOM,DPT,DP World Tour,Soudal Open,DP World Tour,T28,Austrian Alpine Open presented by Kitzbühel Tirol,DP World Tour,T63,KLM Open,DP World Tour,CUT,International Series Morocco presented by Visit Morocco,Asian Tour,CUT,DS Automobiles 83° Open d’Italia,DP World Tour,T48,-1.44,-0.64
CONE,TREVOR,KFT,Korn Ferry Tour,Visit Knoxville Open,Korn Ferry Tour,CUT,UNC Health Championship,Korn Ferry Tour,CUT,BMW Charity Pro-Am Presented by TD SYNNEX,Korn Ferry Tour,CUT,OccuNet Classic presented by Amarillo National Bank,Korn Ferry Tour,CUT,Memorial Health Championship presented by LRS,Korn Ferry Tour,CUT,-1.44,-0.93
VEERMAN,JOHANNES,DPT,DP World Tour,Turkish Airlines Open,DP World Tour,CUT,Estrella Damm Catalunya Championship,DP World Tour,CUT,Austrian Alpine Open presented by Kitzbühel Tirol,DP World Tour,CUT,KLM Open,DP World Tour,CUT,DS Automobiles 83° Open d’Italia,DP World Tour,CUT,-1.44,-0.3
DEL SOLAR,CRISTOBAL,KFT,Korn Ferry Tour,Visit Knoxville Open,Korn Ferry Tour,CUT,UNC Health Championship,Korn Ferry Tour,CUT,BMW Charity Pro-Am Presented by TD SYNNEX,Korn Ferry Tour,CUT,OccuNet Classic presented by Amarillo National Bank,Korn Ferry Tour,T40,Memorial Health Championship presented by LRS,Korn Ferry Tour,T7,-1.45,0.02
TOWNSEND,HUGO,DPT,DP World Tour,Estrella Damm Catalunya Championship,DP World Tour,CUT,Soudal Open,DP World Tour,T43,Austrian Alpine Open presented by Kitzbühel Tirol,DP World Tour,CUT,KLM Open,DP World Tour,CUT,DS Automobiles 83° Open d’Italia,DP World Tour,T47,-1.46,-0.4
WALKER,DANNY,PGA,PGA Tour,Zurich Classic of New Orleans,PGA Tour,CUT,ONEflight Myrtle Beach Classic,PGA Tour,CUT,THE CJ CUP Byron Nelson,PGA Tour,T38,Charles Schwab Challenge,PGA Tour,CUT,RBC Canadian Open,PGA Tour,CUT,-1.5,-0.37
NAIDOO,DYLAN,DPT,DP World Tour,Estrella Damm Catalunya Championship,DP World Tour,CUT,Soudal Open,DP World Tour,T64,Austrian Alpine Open presented by Kitzbühel Tirol,DP World Tour,CUT,KLM Open,DP World Tour,CUT,DS Automobiles 83° Open d’Italia,DP World Tour,CUT,-1.5,0.63
GORDON,WILL,KFT,Korn Ferry Tour,THE CJ CUP Byron Nelson,PGA Tour,CUT,UNC Health Championship,Korn Ferry Tour,CUT,BMW Charity Pro-Am Presented by TD SYNNEX,Korn Ferry Tour,CUT,OccuNet Classic presented by Amarillo National Bank,Korn Ferry Tour,T64,Memorial Health Championship presented by LRS,Korn Ferry Tour,CUT,-1.51,-0.2
JONSSON,TOBIAS,DPT,DP World Tour,Estrella Damm Catalunya Championship,DP World Tour,CUT,Soudal Open,DP World Tour,T70,Austrian Alpine Open presented by Kitzbühel Tirol,DP World Tour,CUT,KLM Open,DP World Tour,CUT,DS Automobiles 83° Open d’Italia,DP World Tour,T47,-1.51,-0.23
VON DELLINGSHAUSEN,NICOLAI,DPT,DP World Tour,Estrella Damm Catalunya Championship,DP World Tour,T66,Soudal Open,DP World Tour,CUT,Austrian Alpine Open presented by Kitzbühel Tirol,DP World Tour,T70,KLM Open,DP World Tour,10,DS Automobiles 83° Open d’Italia,DP World Tour,CUT,-1.51,-0.38
VOOIS,RYAN,AM,Amateur,Augusta Haskins Award Invitational,Amateur,T28,Hoosier Collegiate Invitational,Amateur,T31,Big Ten Men's Golf Championships,Amateur,T6,NCAA Athens Regional,Amateur,T17,Blue Cross and Blue Shield of Kansas Wichita Open presented by Syndeo,PGA Tour Americas,T3,-1.53,-0.12
CHANDLER,WILL,KFT,Korn Ferry Tour,Visit Knoxville Open,Korn Ferry Tour,CUT,UNC Health Championship,Korn Ferry Tour,CUT,BMW Charity Pro-Am Presented by TD SYNNEX,Korn Ferry Tour,CUT,OccuNet Classic presented by Amarillo National Bank,Korn Ferry Tour,CUT,Memorial Health Championship presented by LRS,Korn Ferry Tour,T48,-1.53,-0.09
LUITEN,JOOST,DPT,DP World Tour,Estrella Damm Catalunya Championship,DP World Tour,T60,Soudal Open,DP World Tour,CUT,Austrian Alpine Open presented by Kitzbühel Tirol,DP World Tour,T74,KLM Open,DP World Tour,CUT,DS Automobiles 83° Open d’Italia,DP World Tour,T7,-1.54,-1.13
GARCIA RODRIGUEZ,SEBASTIAN,DPT,DP World Tour,Estrella Damm Catalunya Championship,DP World Tour,T60,Soudal Open,DP World Tour,CUT,Austrian Alpine Open presented by Kitzbühel Tirol,DP World Tour,CUT,KLM Open,DP World Tour,T25,DS Automobiles 83° Open d’Italia,DP World Tour,66,-1.55,-0.21
LOWER,JUSTIN,PGA,PGA Tour,Valero Texas Open,PGA Tour,T47,Zurich Classic of New Orleans,PGA Tour,CUT,ONEflight Myrtle Beach Classic,PGA Tour,T32,THE CJ CUP Byron Nelson,PGA Tour,CUT,RBC Canadian Open,PGA Tour,T45,-1.55,-0.74
SURI,JULIAN,KFT,Korn Ferry Tour,Visit Knoxville Open,Korn Ferry Tour,T10,UNC Health Championship,Korn Ferry Tour,CUT,BMW Charity Pro-Am Presented by TD SYNNEX,Korn Ferry Tour,CUT,OccuNet Classic presented by Amarillo National Bank,Korn Ferry Tour,CUT,Memorial Health Championship presented by LRS,Korn Ferry Tour,T40,-1.56,-0.67
VAN PARIS,JACKSON,KFT,Korn Ferry Tour,Visit Knoxville Open,Korn Ferry Tour,T61,UNC Health Championship,Korn Ferry Tour,CUT,BMW Charity Pro-Am Presented by TD SYNNEX,Korn Ferry Tour,CUT,U.S. Open,Major,T27,Memorial Health Championship presented by LRS,Korn Ferry Tour,CUT,-1.56,-0.56
ARNAUS,ADRI,DPT,DP World Tour,Estrella Damm Catalunya Championship,DP World Tour,T55,Soudal Open,DP World Tour,T54,Austrian Alpine Open presented by Kitzbühel Tirol,DP World Tour,CUT,KLM Open,DP World Tour,CUT,DS Automobiles 83° Open d’Italia,DP World Tour,CUT,-1.57,-0.08
BURNETT,RYAN,KFT,Korn Ferry Tour,Visit Knoxville Open,Korn Ferry Tour,CUT,UNC Health Championship,Korn Ferry Tour,T50,BMW Charity Pro-Am Presented by TD SYNNEX,Korn Ferry Tour,T30,OccuNet Classic presented by Amarillo National Bank,Korn Ferry Tour,T68,Memorial Health Championship presented by LRS,Korn Ferry Tour,CUT,-1.57,0
DUNCAN,AUSTIN,KFT,Korn Ferry Tour,Diners Club Peru Open,PGA Tour Americas,T26,Visit Knoxville Open,Korn Ferry Tour,CUT,UNC Health Championship,Korn Ferry Tour,68,BMW Charity Pro-Am Presented by TD SYNNEX,Korn Ferry Tour,CUT,OccuNet Classic presented by Amarillo National Bank,Korn Ferry Tour,CUT,-1.58,0.22
WHITNEY,TOM,KFT,Korn Ferry Tour,Colonial Life Charity Classic,Korn Ferry Tour,CUT,Visit Knoxville Open,Korn Ferry Tour,T73,BMW Charity Pro-Am Presented by TD SYNNEX,Korn Ferry Tour,T66,OccuNet Classic presented by Amarillo National Bank,Korn Ferry Tour,CUT,Memorial Health Championship presented by LRS,Korn Ferry Tour,T26,-1.6,-0.43
CHAMP,CAMERON,KFT,Korn Ferry Tour,Tulum Championship at PGA Riviera Maya,Korn Ferry Tour,WD,Zurich Classic of New Orleans,PGA Tour,CUT,Colonial Life Charity Classic,Korn Ferry Tour,CUT,THE CJ CUP Byron Nelson,PGA Tour,CUT,Memorial Health Championship presented by LRS,Korn Ferry Tour,T69,-1.6,-0.83
RILEY,DAVIS,PGA,PGA Tour,ONEflight Myrtle Beach Classic,PGA Tour,T71,PGA Championship,Major,T45,THE CJ CUP Byron Nelson,PGA Tour,CUT,Charles Schwab Challenge,PGA Tour,CUT,RBC Canadian Open,PGA Tour,CUT,-1.61,-0.33
VANDERLAAN,JOHN,PGA,PGA Tour,Zurich Classic of New Orleans,PGA Tour,CUT,ONEflight Myrtle Beach Classic,PGA Tour,CUT,THE CJ CUP Byron Nelson,PGA Tour,T60,Charles Schwab Challenge,PGA Tour,CUT,RBC Canadian Open,PGA Tour,T67,-1.61,-1.06
TABUENA,MIGUEL,LIV,LIV Golf,Mexico City,LIV Golf,T42,Virginia,LIV Golf,T49,Korea,LIV Golf,25,Andalucia,LIV Golf,CUT,International Series Morocco presented by Visit Morocco,Asian Tour,T50,-1.62,-0.31
MARZILIO,VICENTE,KFT,Korn Ferry Tour,Visit Knoxville Open,Korn Ferry Tour,CUT,UNC Health Championship,Korn Ferry Tour,CUT,BMW Charity Pro-Am Presented by TD SYNNEX,Korn Ferry Tour,T60,OccuNet Classic presented by Amarillo National Bank,Korn Ferry Tour,CUT,Memorial Health Championship presented by LRS,Korn Ferry Tour,T26,-1.65,0.31
NESMITH,MATT,KFT,Korn Ferry Tour,Visit Knoxville Open,Korn Ferry Tour,T40,UNC Health Championship,Korn Ferry Tour,T52,BMW Charity Pro-Am Presented by TD SYNNEX,Korn Ferry Tour,CUT,OccuNet Classic presented by Amarillo National Bank,Korn Ferry Tour,CUT,Memorial Health Championship presented by LRS,Korn Ferry Tour,T12,-1.69,-0.03
GUMBERG,JORDAN,DPT,DP World Tour,PGA Championship,Major,T21,Soudal Open,DP World Tour,CUT,Austrian Alpine Open presented by Kitzbühel Tirol,DP World Tour,CUT,KLM Open,DP World Tour,CUT,DS Automobiles 83° Open d’Italia,DP World Tour,CUT,-1.69,-0.08
RIEDEL,MATTHEW,KFT,Korn Ferry Tour,Visit Knoxville Open,Korn Ferry Tour,CUT,UNC Health Championship,Korn Ferry Tour,T60,BMW Charity Pro-Am Presented by TD SYNNEX,Korn Ferry Tour,CUT,OccuNet Classic presented by Amarillo National Bank,Korn Ferry Tour,T3,Memorial Health Championship presented by LRS,Korn Ferry Tour,CUT,-1.7,-0.15
ZANOTTI,FABRIZIO,DPT,DP World Tour,Estrella Damm Catalunya Championship,DP World Tour,CUT,Challenge de Catalunya,Challenge Tour,CUT,Soudal Open,DP World Tour,T51,Austrian Alpine Open presented by Kitzbühel Tirol,DP World Tour,CUT,KLM Open,DP World Tour,T17,-1.7,-0.04
REPETTO TAYLOR,ROCCO PAOLO,DPT,DP World Tour,Soudal Open,DP World Tour,CUT,Austrian Alpine Open presented by Kitzbühel Tirol,DP World Tour,T47,KLM Open,DP World Tour,CUT,U.S. Open,Major,T41,DS Automobiles 83° Open d’Italia,DP World Tour,CUT,-1.7,-0.44
GIBSON,RHEIN,KFT,Korn Ferry Tour,Visit Knoxville Open,Korn Ferry Tour,CUT,UNC Health Championship,Korn Ferry Tour,CUT,BMW Charity Pro-Am Presented by TD SYNNEX,Korn Ferry Tour,CUT,OccuNet Classic presented by Amarillo National Bank,Korn Ferry Tour,CUT,Memorial Health Championship presented by LRS,Korn Ferry Tour,CUT,-1.71,-0.21
HOLT,IAN,KFT,Korn Ferry Tour,Visit Knoxville Open,Korn Ferry Tour,CUT,UNC Health Championship,Korn Ferry Tour,T46,BMW Charity Pro-Am Presented by TD SYNNEX,Korn Ferry Tour,T44,OccuNet Classic presented by Amarillo National Bank,Korn Ferry Tour,CUT,Memorial Health Championship presented by LRS,Korn Ferry Tour,CUT,-1.73,-1.37
BYRD,JONATHAN,KFT,Korn Ferry Tour,Puerto Rico Open,PGA Tour,CUT,LECOM Suncoast Classic,Korn Ferry Tour,CUT,Zurich Classic of New Orleans,PGA Tour,CUT,Colonial Life Charity Classic,Korn Ferry Tour,T59,THE CJ CUP Byron Nelson,PGA Tour,CUT,-1.75,-0.98
GUTHRIE,LUKE,KFT,Korn Ferry Tour,Valspar Championship,PGA Tour,CUT,Visit Knoxville Open,Korn Ferry Tour,CUT,BMW Charity Pro-Am Presented by TD SYNNEX,Korn Ferry Tour,CUT,OccuNet Classic presented by Amarillo National Bank,Korn Ferry Tour,T60,Memorial Health Championship presented by LRS,Korn Ferry Tour,T17,-1.75,-0.29
FEAGLES,MICHAEL,KFT,Korn Ferry Tour,Visit Knoxville Open,Korn Ferry Tour,T40,UNC Health Championship,Korn Ferry Tour,CUT,BMW Charity Pro-Am Presented by TD SYNNEX,Korn Ferry Tour,CUT,OccuNet Classic presented by Amarillo National Bank,Korn Ferry Tour,CUT,Memorial Health Championship presented by LRS,Korn Ferry Tour,CUT,-1.76,-0.32
BIONDI,FRED,DPT,DP World Tour,Estrella Damm Catalunya Championship,DP World Tour,CUT,Soudal Open,DP World Tour,CUT,Austrian Alpine Open presented by Kitzbühel Tirol,DP World Tour,CUT,KLM Open,DP World Tour,CUT,DS Automobiles 83° Open d’Italia,DP World Tour,CUT,-1.77,-0.25
ROSENMUELLER,THOMAS,KFT,Korn Ferry Tour,Visit Knoxville Open,Korn Ferry Tour,CUT,UNC Health Championship,Korn Ferry Tour,CUT,BMW Charity Pro-Am Presented by TD SYNNEX,Korn Ferry Tour,CUT,OccuNet Classic presented by Amarillo National Bank,Korn Ferry Tour,T19,Memorial Health Championship presented by LRS,Korn Ferry Tour,66,-1.78,-1.19
FOOS,DOMINIC,ASA,Asian Tour,The 45th GS Caltex Maekyung Open,ASA,T7,Kolon The 68th KOREA Open,ASA,T58,am green IGPL Bharath Classic,Asian Tour,T13,International Series Morocco presented by Visit Morocco,Asian Tour,T67,English Open supported by HotelPlanner,Challenge Tour,T70,-1.78,-0.09
MAICHON,PHICHAKSN,KFT,Korn Ferry Tour,Visit Knoxville Open,Korn Ferry Tour,CUT,UNC Health Championship,Korn Ferry Tour,CUT,BMW Charity Pro-Am Presented by TD SYNNEX,Korn Ferry Tour,CUT,OccuNet Classic presented by Amarillo National Bank,Korn Ferry Tour,CUT,Memorial Health Championship presented by LRS,Korn Ferry Tour,CUT,-1.79,-0.22
FERNANDEZ VALDES,JORGE,KFT,Korn Ferry Tour,Colonial Life Charity Classic,Korn Ferry Tour,CUT,Visit Knoxville Open,Korn Ferry Tour,T69,UNC Health Championship,Korn Ferry Tour,T23,BMW Charity Pro-Am Presented by TD SYNNEX,Korn Ferry Tour,T65,OccuNet Classic presented by Amarillo National Bank,Korn Ferry Tour,65,-1.81,-1.2
VIDAL,QUIM,DPT,DP World Tour,Estrella Damm Catalunya Championship,DP World Tour,CUT,Soudal Open,DP World Tour,T59,Austrian Alpine Open presented by Kitzbühel Tirol,DP World Tour,CUT,KLM Open,DP World Tour,CUT,DS Automobiles 83° Open d’Italia,DP World Tour,CUT,-1.82,0.21
LEWIS,BRYCE,KFT,Korn Ferry Tour,Visit Knoxville Open,Korn Ferry Tour,CUT,UNC Health Championship,Korn Ferry Tour,T3,BMW Charity Pro-Am Presented by TD SYNNEX,Korn Ferry Tour,CUT,OccuNet Classic presented by Amarillo National Bank,Korn Ferry Tour,CUT,Memorial Health Championship presented by LRS,Korn Ferry Tour,CUT,-1.83,-0.34
MCDOWELL,GRAEME,LIV,LIV Golf,Mexico City,LIV Golf,51,Virginia,LIV Golf,T52,Korea,LIV Golf,T18,Andalucia,LIV Golf,CUT,U.S. Open,Major,T45,-1.83,-0.71
INFANTI,NICK,KFT,Korn Ferry Tour,Colonial Life Charity Classic,Korn Ferry Tour,T33,Visit Knoxville Open,Korn Ferry Tour,CUT,UNC Health Championship,Korn Ferry Tour,CUT,BMW Charity Pro-Am Presented by TD SYNNEX,Korn Ferry Tour,CUT,OccuNet Classic presented by Amarillo National Bank,Korn Ferry Tour,CUT,-1.83,0.29
STEGMAIER,BRETT,KFT,Korn Ferry Tour,Tulum Championship at PGA Riviera Maya,Korn Ferry Tour,T55,Colonial Life Charity Classic,Korn Ferry Tour,CUT,Visit Knoxville Open,Korn Ferry Tour,CUT,UNC Health Championship,Korn Ferry Tour,CUT,BMW Charity Pro-Am Presented by TD SYNNEX,Korn Ferry Tour,CUT,-1.84,-0.16
VAN HORNE,ASHTON,KFT,Korn Ferry Tour,LECOM Suncoast Classic,Korn Ferry Tour,T40,Visit Knoxville Open,Korn Ferry Tour,CUT,UNC Health Championship,Korn Ferry Tour,CUT,BMW Charity Pro-Am Presented by TD SYNNEX,Korn Ferry Tour,CUT,Inter Rapidisimo Golf Championship,PGA Tour Americas,T19,-1.85,-0.51
HIGHSMITH,JOE,PGA,PGA Tour,ONEflight Myrtle Beach Classic,PGA Tour,CUT,PGA Championship,Major,T67,THE CJ CUP Byron Nelson,PGA Tour,CUT,Charles Schwab Challenge,PGA Tour,70,RBC Canadian Open,PGA Tour,CUT,-1.85,-0.36
ANDERSON,MATTHEW,KFT,Korn Ferry Tour,Visit Knoxville Open,Korn Ferry Tour,T11,UNC Health Championship,Korn Ferry Tour,CUT,BMW Charity Pro-Am Presented by TD SYNNEX,Korn Ferry Tour,CUT,RBC Canadian Open,PGA Tour,CUT,Memorial Health Championship presented by LRS,Korn Ferry Tour,CUT,-1.86,-0.34
SARGENT,BILLY TOM,KFT,Korn Ferry Tour,Visit Knoxville Open,Korn Ferry Tour,T14,UNC Health Championship,Korn Ferry Tour,CUT,BMW Charity Pro-Am Presented by TD SYNNEX,Korn Ferry Tour,CUT,OccuNet Classic presented by Amarillo National Bank,Korn Ferry Tour,T40,Memorial Health Championship presented by LRS,Korn Ferry Tour,CUT,-1.86,-0.41
CAPPELEN,SEBASTIAN,KFT,Korn Ferry Tour,Colonial Life Charity Classic,Korn Ferry Tour,T58,Visit Knoxville Open,Korn Ferry Tour,CUT,UNC Health Championship,Korn Ferry Tour,CUT,BMW Charity Pro-Am Presented by TD SYNNEX,Korn Ferry Tour,T40,Memorial Health Championship presented by LRS,Korn Ferry Tour,CUT,-1.87,-0.11
LEE,K.H.,KFT,Korn Ferry Tour,Valero Texas Open,PGA Tour,CUT,Tulum Championship at PGA Riviera Maya,Korn Ferry Tour,CUT,THE CJ CUP Byron Nelson,PGA Tour,CUT,UNC Health Championship,Korn Ferry Tour,CUT,BMW Charity Pro-Am Presented by TD SYNNEX,Korn Ferry Tour,CUT,-1.87,0.42
BUCHANAN,JACK,DPT,DP World Tour,Challenge de Catalunya,Challenge Tour,CUT,Soudal Open,DP World Tour,CUT,Austrian Alpine Open presented by Kitzbühel Tirol,DP World Tour,T24,KLM Open,DP World Tour,T35,DS Automobiles 83° Open d’Italia,DP World Tour,CUT,-1.88,-0.05
GIRRBACH,JOEL,DPT,DP World Tour,Estrella Damm Catalunya Championship,DP World Tour,WD,Soudal Open,DP World Tour,CUT,Austrian Alpine Open presented by Kitzbühel Tirol,DP World Tour,CUT,KLM Open,DP World Tour,CUT,DS Automobiles 83° Open d’Italia,DP World Tour,11,-1.89,-1
OPPENHEIM,ROB,KFT,Korn Ferry Tour,Visit Knoxville Open,Korn Ferry Tour,CUT,UNC Health Championship,Korn Ferry Tour,CUT,BMW Charity Pro-Am Presented by TD SYNNEX,Korn Ferry Tour,69,OccuNet Classic presented by Amarillo National Bank,Korn Ferry Tour,CUT,Memorial Health Championship presented by LRS,Korn Ferry Tour,CUT,-1.9,-0.06
CAMPBELL,BEN,LIV,LIV Golf,Mexico City,LIV Golf,T31,Virginia,LIV Golf,56,Korea,LIV Golf,53,Andalucia,LIV Golf,CUT,International Series Morocco presented by Visit Morocco,Asian Tour,T12,-1.92,-0.51
HELLGREN,BJORN,LIV,LIV Golf,Singapore Open presented by The Business Times,Asian Tour,54,Virginia,LIV Golf,T9,Korea,LIV Golf,T35,Andalucia,LIV Golf,T37,International Series Morocco presented by Visit Morocco,Asian Tour,56,-1.94,-0.41
WHITE,BRETT,KFT,Korn Ferry Tour,Visit Knoxville Open,Korn Ferry Tour,CUT,UNC Health Championship,Korn Ferry Tour,CUT,BMW Charity Pro-Am Presented by TD SYNNEX,Korn Ferry Tour,CUT,OccuNet Classic presented by Amarillo National Bank,Korn Ferry Tour,T19,Memorial Health Championship presented by LRS,Korn Ferry Tour,CUT,-1.96,-0.57
THORNBERRY,BRADEN,KFT,Korn Ferry Tour,Colonial Life Charity Classic,Korn Ferry Tour,39,Visit Knoxville Open,Korn Ferry Tour,T51,UNC Health Championship,Korn Ferry Tour,CUT,BMW Charity Pro-Am Presented by TD SYNNEX,Korn Ferry Tour,CUT,Memorial Health Championship presented by LRS,Korn Ferry Tour,T66,-1.96,-0.23
WOLFF,MATTHEW,LIV,LIV Golf,South Africa,LIV Golf,57,Mexico City,LIV Golf,T53,Virginia,LIV Golf,T5,Korea,LIV Golf,T37,Andalucia,LIV Golf,T44,-2,-0.66
NIMMER,BRYSON,KFT,Korn Ferry Tour,Visit Knoxville Open,Korn Ferry Tour,T28,UNC Health Championship,Korn Ferry Tour,CUT,BMW Charity Pro-Am Presented by TD SYNNEX,Korn Ferry Tour,CUT,OccuNet Classic presented by Amarillo National Bank,Korn Ferry Tour,T40,Memorial Health Championship presented by LRS,Korn Ferry Tour,CUT,-2,-0.23
HOFFMAN,CHARLEY,PGA,PGA Tour,Zurich Classic of New Orleans,PGA Tour,CUT,THE CJ CUP Byron Nelson,PGA Tour,CUT,Charles Schwab Challenge,PGA Tour,T54,RBC Canadian Open,PGA Tour,CUT,DS Automobiles 83° Open d’Italia,DP World Tour,CUT,-2,0.17
BUCHANAN,JACKSON,KFT,Korn Ferry Tour,THE CJ CUP Byron Nelson,PGA Tour,T35,UNC Health Championship,Korn Ferry Tour,CUT,BMW Charity Pro-Am Presented by TD SYNNEX,Korn Ferry Tour,CUT,OccuNet Classic presented by Amarillo National Bank,Korn Ferry Tour,T19,Memorial Health Championship presented by LRS,Korn Ferry Tour,CUT,-2.01,-0.79
SANDHU,YUVRAJ SINGH,DPT,DP World Tour,Estrella Damm Catalunya Championship,DP World Tour,CUT,Soudal Open,DP World Tour,T31,Austrian Alpine Open presented by Kitzbühel Tirol,DP World Tour,T63,KLM Open,DP World Tour,CUT,DS Automobiles 83° Open d’Italia,DP World Tour,CUT,-2.02,-0.33
CHARMASSON,CLEMENT,DPT,DP World Tour,Estrella Damm Catalunya Championship,DP World Tour,CUT,Soudal Open,DP World Tour,CUT,Austrian Alpine Open presented by Kitzbühel Tirol,DP World Tour,T47,KLM Open,DP World Tour,CUT,DS Automobiles 83° Open d’Italia,DP World Tour,CUT,-2.04,-0.39
PEAKE,RYAN,DPT,DP World Tour,Soudal Open,DP World Tour,CUT,Austrian Alpine Open presented by Kitzbühel Tirol,DP World Tour,CUT,KLM Open,DP World Tour,CUT,International Series Morocco presented by Visit Morocco,Asian Tour,CUT,DS Automobiles 83° Open d’Italia,DP World Tour,T32,-2.04,0.03
MONTGOMERY,TAYLOR,KFT,Korn Ferry Tour,Colonial Life Charity Classic,Korn Ferry Tour,CUT,THE CJ CUP Byron Nelson,PGA Tour,T51,UNC Health Championship,Korn Ferry Tour,CUT,OccuNet Classic presented by Amarillo National Bank,Korn Ferry Tour,CUT,U.S. Open,Major,CUT,-2.04,-1.64
STRYDOM,OCKIE,AFR,Sunshine Tour,Mediclinic Invitational,Sunshine Tour,T70,Estrella Damm Catalunya Championship,DP World Tour,30,Kit Kat Cash & Carry Pro-Am,Sunshine Tour,CUT,SunBet Challenge hosted by Sun Boardwalk,Sunshine Tour,CUT,DS Automobiles 83° Open d’Italia,DP World Tour,T7,-2.05,0.5
NUNEZ,AUGUSTO,KFT,Korn Ferry Tour,Visit Knoxville Open,Korn Ferry Tour,CUT,UNC Health Championship,Korn Ferry Tour,T52,BMW Charity Pro-Am Presented by TD SYNNEX,Korn Ferry Tour,CUT,OccuNet Classic presented by Amarillo National Bank,Korn Ferry Tour,T45,Memorial Health Championship presented by LRS,Korn Ferry Tour,CUT,-2.06,-0.21
SENIOR,JACK,DPT,DP World Tour,Estrella Damm Catalunya Championship,DP World Tour,WD,Soudal Open,DP World Tour,T37,Austrian Alpine Open presented by Kitzbühel Tirol,DP World Tour,CUT,KLM Open,DP World Tour,CUT,DS Automobiles 83° Open d’Italia,DP World Tour,CUT,-2.07,-0.78
HORSFIELD,SAM,LIV,LIV Golf,South Africa,LIV Golf,55,Mexico City,LIV Golf,T44,Virginia,LIV Golf,T32,Korea,LIV Golf,T45,Andalucia,LIV Golf,55,-2.1,0.05
MARTIN,BEN,PGA,PGA Tour,Colonial Life Charity Classic,Korn Ferry Tour,CUT,THE CJ CUP Byron Nelson,PGA Tour,T60,Charles Schwab Challenge,PGA Tour,CUT,BMW Charity Pro-Am Presented by TD SYNNEX,Korn Ferry Tour,CUT,RBC Canadian Open,PGA Tour,CUT,-2.11,-0.95
TARREN,CALLUM,DPT,DP World Tour,Soudal Open,DP World Tour,CUT,Austrian Alpine Open presented by Kitzbühel Tirol,DP World Tour,CUT,KLM Open,DP World Tour,CUT,English Open supported by HotelPlanner,Challenge Tour,CUT,Blot Play9,Challenge Tour,T28,-2.15,-0.44
MACDONALD,STUART,KFT,Korn Ferry Tour,Visit Knoxville Open,Korn Ferry Tour,67,UNC Health Championship,Korn Ferry Tour,CUT,BMW Charity Pro-Am Presented by TD SYNNEX,Korn Ferry Tour,CUT,OccuNet Classic presented by Amarillo National Bank,Korn Ferry Tour,CUT,Memorial Health Championship presented by LRS,Korn Ferry Tour,CUT,-2.18,-1.16
LARRAZABAL,PABLO,DPT,DP World Tour,Estrella Damm Catalunya Championship,DP World Tour,CUT,Soudal Open,DP World Tour,CUT,Austrian Alpine Open presented by Kitzbühel Tirol,DP World Tour,CUT,KLM Open,DP World Tour,T55,DS Automobiles 83° Open d’Italia,DP World Tour,CUT,-2.21,-0.42
SEWELL,CHAD,KFT,Korn Ferry Tour,Visit Knoxville Open,Korn Ferry Tour,CUT,UNC Health Championship,Korn Ferry Tour,T60,BMW Charity Pro-Am Presented by TD SYNNEX,Korn Ferry Tour,CUT,OccuNet Classic presented by Amarillo National Bank,Korn Ferry Tour,CUT,Memorial Health Championship presented by LRS,Korn Ferry Tour,CUT,-2.22,-0.64
BARJON,PAUL,KFT,Korn Ferry Tour,Colonial Life Charity Classic,Korn Ferry Tour,CUT,Visit Knoxville Open,Korn Ferry Tour,CUT,BMW Charity Pro-Am Presented by TD SYNNEX,Korn Ferry Tour,CUT,OccuNet Classic presented by Amarillo National Bank,Korn Ferry Tour,T55,Memorial Health Championship presented by LRS,Korn Ferry Tour,T17,-2.22,0.55
MICHELUZZI,DAVID,DPT,DP World Tour,Estrella Damm Catalunya Championship,DP World Tour,WD,Soudal Open,DP World Tour,CUT,Austrian Alpine Open presented by Kitzbühel Tirol,DP World Tour,CUT,KLM Open,DP World Tour,T60,DS Automobiles 83° Open d’Italia,DP World Tour,CUT,-2.22,-0.5
JAMIESON,SCOTT,DPT,DP World Tour,Estrella Damm Catalunya Championship,DP World Tour,T21,Soudal Open,DP World Tour,T54,Austrian Alpine Open presented by Kitzbühel Tirol,DP World Tour,T63,KLM Open,DP World Tour,T70,DS Automobiles 83° Open d’Italia,DP World Tour,CUT,-2.22,-0.83
CAMPOS,RAFAEL,PGA,PGA Tour,Valero Texas Open,PGA Tour,CUT,Zurich Classic of New Orleans,PGA Tour,CUT,ONEflight Myrtle Beach Classic,PGA Tour,CUT,THE CJ CUP Byron Nelson,PGA Tour,CUT,RBC Canadian Open,PGA Tour,CUT,-2.26,-0.44
GREY,J.J.,KFT,Korn Ferry Tour,LECOM Suncoast Classic,Korn Ferry Tour,T40,Diners Club Peru Open,PGA Tour Americas,CUT,Visit Knoxville Open,Korn Ferry Tour,T57,BMW Charity Pro-Am Presented by TD SYNNEX,Korn Ferry Tour,CUT,OccuNet Classic presented by Amarillo National Bank,Korn Ferry Tour,CUT,-2.28,-0.09
MEISEL,MARSHALL,KFT,Korn Ferry Tour,Visit Knoxville Open,Korn Ferry Tour,CUT,UNC Health Championship,Korn Ferry Tour,CUT,BMW Charity Pro-Am Presented by TD SYNNEX,Korn Ferry Tour,CUT,OccuNet Classic presented by Amarillo National Bank,Korn Ferry Tour,CUT,Memorial Health Championship presented by LRS,Korn Ferry Tour,CUT,-2.28,-0.64
SIEM,MARCEL,DPT,DP World Tour,Volvo China Open,DP World Tour,T32,Soudal Open,DP World Tour,WD,Austrian Alpine Open presented by Kitzbühel Tirol,DP World Tour,T53,KLM Open,DP World Tour,CUT,DS Automobiles 83° Open d’Italia,DP World Tour,CUT,-2.31,-0.64
BREHM,RYAN,KFT,Korn Ferry Tour,Colonial Life Charity Classic,Korn Ferry Tour,CUT,THE CJ CUP Byron Nelson,PGA Tour,CUT,UNC Health Championship,Korn Ferry Tour,CUT,BMW Charity Pro-Am Presented by TD SYNNEX,Korn Ferry Tour,CUT,Memorial Health Championship presented by LRS,Korn Ferry Tour,CUT,-2.32,-0.25
KIM,MINKYU,LIV,LIV Golf,Kolon The 68th KOREA Open,ASA,T47,Korea,LIV Golf,DQ,Andalucia,LIV Golf,54,Hana Bank Invitational,KPGA Korean Tour,T14,KPGA Gunsan CC Open,KPGA Korean Tour,50,-2.32,-0.31
ASAJI,YOSUKE,LIV,LIV Golf,Virginia,LIV Golf,56,Japan PGA Championship Senko Group Cup,Japan Golf Tour,T35,Korea,LIV Golf,T17,Andalucia,LIV Golf,CUT,International Series Morocco presented by Visit Morocco,Asian Tour,T41,-2.34,-0.67
MOLINARI,EDOARDO,DPT,DP World Tour,Turkish Airlines Open,DP World Tour,T63,Estrella Damm Catalunya Championship,DP World Tour,T53,Soudal Open,DP World Tour,CUT,Austrian Alpine Open presented by Kitzbühel Tirol,DP World Tour,T48,DS Automobiles 83° Open d’Italia,DP World Tour,CUT,-2.39,-0.46
MAGUIRE,JACK,KFT,Korn Ferry Tour,Colonial Life Charity Classic,Korn Ferry Tour,CUT,Visit Knoxville Open,Korn Ferry Tour,CUT,UNC Health Championship,Korn Ferry Tour,T52,OccuNet Classic presented by Amarillo National Bank,Korn Ferry Tour,CUT,Memorial Health Championship presented by LRS,Korn Ferry Tour,CUT,-2.41,-0.39
KO,JEONG WEON,DPT,DP World Tour,Estrella Damm Catalunya Championship,DP World Tour,CUT,Soudal Open,DP World Tour,CUT,Austrian Alpine Open presented by Kitzbühel Tirol,DP World Tour,CUT,KLM Open,DP World Tour,T25,DS Automobiles 83° Open d’Italia,DP World Tour,CUT,-2.41,-0.06
KIEFFER,MAX,CHA,Challenge Tour,Challenge de Catalunya,Challenge Tour,CUT,Soudal Open,DP World Tour,CUT,Swiss Challenge,Challenge Tour,CUT,Interwetten Open,Challenge Tour,CUT,English Open supported by HotelPlanner,Challenge Tour,T17,-2.41,-0.72
SUMMERHAYS,DANIEL,KFT,Korn Ferry Tour,Colonial Life Charity Classic,Korn Ferry Tour,CUT,UNC Health Championship,Korn Ferry Tour,T60,BMW Charity Pro-Am Presented by TD SYNNEX,Korn Ferry Tour,CUT,OccuNet Classic presented by Amarillo National Bank,Korn Ferry Tour,CUT,Memorial Health Championship presented by LRS,Korn Ferry Tour,T64,-2.42,-0.87
WEILER,JOE,KFT,Korn Ferry Tour,Visit Knoxville Open,Korn Ferry Tour,CUT,UNC Health Championship,Korn Ferry Tour,T6,BMW Charity Pro-Am Presented by TD SYNNEX,Korn Ferry Tour,CUT,OccuNet Classic presented by Amarillo National Bank,Korn Ferry Tour,CUT,Memorial Health Championship presented by LRS,Korn Ferry Tour,CUT,-2.45,-0.8
BROOMHEAD,JONOTHAN,DPT,DP World Tour,Estrella Damm Catalunya Championship,DP World Tour,CUT,Soudal Open,DP World Tour,T37,Austrian Alpine Open presented by Kitzbühel Tirol,DP World Tour,T41,KLM Open,DP World Tour,CUT,DS Automobiles 83° Open d’Italia,DP World Tour,CUT,-2.47,-0.35
OVERTON,JEFF,KFT,Korn Ferry Tour,Colonial Life Charity Classic,Korn Ferry Tour,T60,Visit Knoxville Open,Korn Ferry Tour,CUT,UNC Health Championship,Korn Ferry Tour,CUT,BMW Charity Pro-Am Presented by TD SYNNEX,Korn Ferry Tour,CUT,DS Automobiles 83° Open d’Italia,DP World Tour,WD,-2.5,-0.38
DAVIS,CAM,PGA,PGA Tour,Zurich Classic of New Orleans,PGA Tour,CUT,ONEflight Myrtle Beach Classic,PGA Tour,CUT,THE CJ CUP Byron Nelson,PGA Tour,T67,Charles Schwab Challenge,PGA Tour,CUT,RBC Canadian Open,PGA Tour,CUT,-2.51,-0.77
LOGAN,HUNTER,DPT,DP World Tour,Austrian Alpine Open presented by Kitzbühel Tirol,DP World Tour,T7,KLM Open,DP World Tour,CUT,Interwetten Open,Challenge Tour,T38,English Open supported by HotelPlanner,Challenge Tour,CUT,DS Automobiles 83° Open d’Italia,DP World Tour,CUT,-2.51,-0.06
JOHNSTON,RYGGS,DPT,DP World Tour,Estrella Damm Catalunya Championship,DP World Tour,CUT,Soudal Open,DP World Tour,CUT,Austrian Alpine Open presented by Kitzbühel Tirol,DP World Tour,CUT,KLM Open,DP World Tour,T25,DS Automobiles 83° Open d’Italia,DP World Tour,T59,-2.51,-0.4
ALEXANDER,TYSON,KFT,Korn Ferry Tour,Visit Knoxville Open,Korn Ferry Tour,CUT,UNC Health Championship,Korn Ferry Tour,CUT,BMW Charity Pro-Am Presented by TD SYNNEX,Korn Ferry Tour,CUT,OccuNet Classic presented by Amarillo National Bank,Korn Ferry Tour,CUT,Memorial Health Championship presented by LRS,Korn Ferry Tour,CUT,-2.56,-0.43
KIZZIRE,PATTON,PGA,PGA Tour,Zurich Classic of New Orleans,PGA Tour,CUT,ONEflight Myrtle Beach Classic,PGA Tour,CUT,THE CJ CUP Byron Nelson,PGA Tour,CUT,Charles Schwab Challenge,PGA Tour,CUT,RBC Canadian Open,PGA Tour,CUT,-2.56,-1.5
SYME,CONNOR,DPT,DP World Tour,Turkish Airlines Open,DP World Tour,T71,Soudal Open,DP World Tour,CUT,Austrian Alpine Open presented by Kitzbühel Tirol,DP World Tour,T74,KLM Open,DP World Tour,CUT,DS Automobiles 83° Open d’Italia,DP World Tour,CUT,-2.59,-1.02
SULLIVAN,RYAN,KFT,Korn Ferry Tour,Colonial Life Charity Classic,Korn Ferry Tour,CUT,Visit Knoxville Open,Korn Ferry Tour,T36,UNC Health Championship,Korn Ferry Tour,CUT,BMW Charity Pro-Am Presented by TD SYNNEX,Korn Ferry Tour,T47,OccuNet Classic presented by Amarillo National Bank,Korn Ferry Tour,CUT,-2.61,-0.07
HASTINGS,JUSTIN,KFT,Korn Ferry Tour,Visit Knoxville Open,Korn Ferry Tour,T59,UNC Health Championship,Korn Ferry Tour,CUT,BMW Charity Pro-Am Presented by TD SYNNEX,Korn Ferry Tour,CUT,OccuNet Classic presented by Amarillo National Bank,Korn Ferry Tour,CUT,Memorial Health Championship presented by LRS,Korn Ferry Tour,CUT,-2.62,-1.04
FOLLET-SMITH,BENJAMIN,DPT,DP World Tour,Austrian Alpine Open presented by Kitzbühel Tirol,DP World Tour,57,KLM Open,DP World Tour,CUT,Interwetten Open,Challenge Tour,CUT,English Open supported by HotelPlanner,Challenge Tour,CUT,DS Automobiles 83° Open d’Italia,DP World Tour,CUT,-2.64,-0.74
BACHA,CARSON,KFT,Korn Ferry Tour,Visit Knoxville Open,Korn Ferry Tour,CUT,UNC Health Championship,Korn Ferry Tour,T60,BMW Charity Pro-Am Presented by TD SYNNEX,Korn Ferry Tour,CUT,OccuNet Classic presented by Amarillo National Bank,Korn Ferry Tour,CUT,Memorial Health Championship presented by LRS,Korn Ferry Tour,CUT,-2.65,-1.39
DEBOVE,QUENTIN,DPT,DP World Tour,Estrella Damm Catalunya Championship,DP World Tour,CUT,Soudal Open,DP World Tour,CUT,Austrian Alpine Open presented by Kitzbühel Tirol,DP World Tour,T68,KLM Open,DP World Tour,CUT,DS Automobiles 83° Open d’Italia,DP World Tour,CUT,-2.74,-0.8
FURR,WILSON,KFT,Korn Ferry Tour,Visit Knoxville Open,Korn Ferry Tour,WD,UNC Health Championship,Korn Ferry Tour,T15,BMW Charity Pro-Am Presented by TD SYNNEX,Korn Ferry Tour,CUT,OccuNet Classic presented by Amarillo National Bank,Korn Ferry Tour,T68,Memorial Health Championship presented by LRS,Korn Ferry Tour,CUT,-2.76,-1.5
KOLLE,FINN,AM,Amateur,The Desimone Invitational,Amateur,T9,The Goodwin,Amateur,T65,79th Western Intercollegiate,Amateur,T78,Big Ten Men's Golf Championships,Amateur,T51,NCAA Corvallis Regional,Amateur,2,-2.78,0.03
VOGELSONG,ALEX,KFT,Korn Ferry Tour,Colonial Life Charity Classic,Korn Ferry Tour,CUT,Visit Knoxville Open,Korn Ferry Tour,CUT,UNC Health Championship,Korn Ferry Tour,CUT,BMW Charity Pro-Am Presented by TD SYNNEX,Korn Ferry Tour,CUT,OccuNet Classic presented by Amarillo National Bank,Korn Ferry Tour,CUT,-2.85,-0.18
BERRY,BRANDON,KFT,Korn Ferry Tour,Visit Knoxville Open,Korn Ferry Tour,CUT,UNC Health Championship,Korn Ferry Tour,T29,BMW Charity Pro-Am Presented by TD SYNNEX,Korn Ferry Tour,CUT,OccuNet Classic presented by Amarillo National Bank,Korn Ferry Tour,CUT,Memorial Health Championship presented by LRS,Korn Ferry Tour,CUT,-2.94,-1.03
GALLEGOS,ANDRES,CHA,Challenge Tour,Soudal Open,DP World Tour,T34,Austrian Alpine Open presented by Kitzbühel Tirol,DP World Tour,CUT,KLM Open,DP World Tour,CUT,English Open supported by HotelPlanner,Challenge Tour,CUT,Blot Play9,Challenge Tour,CUT,-2.97,-0.27
LEVIN,SPENCER,KFT,Korn Ferry Tour,Colonial Life Charity Classic,Korn Ferry Tour,CUT,Visit Knoxville Open,Korn Ferry Tour,CUT,BMW Charity Pro-Am Presented by TD SYNNEX,Korn Ferry Tour,CUT,OccuNet Classic presented by Amarillo National Bank,Korn Ferry Tour,WD,Memorial Health Championship presented by LRS,Korn Ferry Tour,CUT,-3.28,-1.05
WINSTEAD,TREY,KFT,Korn Ferry Tour,Visit Knoxville Open,Korn Ferry Tour,CUT,UNC Health Championship,Korn Ferry Tour,CUT,BMW Charity Pro-Am Presented by TD SYNNEX,Korn Ferry Tour,T34,OccuNet Classic presented by Amarillo National Bank,Korn Ferry Tour,CUT,Memorial Health Championship presented by LRS,Korn Ferry Tour,T62,-3.34,-1.33
SONG,JAMES,KFT,Korn Ferry Tour,Colonial Life Charity Classic,Korn Ferry Tour,CUT,Visit Knoxville Open,Korn Ferry Tour,T84,UNC Health Championship,Korn Ferry Tour,CUT,BMW Charity Pro-Am Presented by TD SYNNEX,Korn Ferry Tour,T62,OccuNet Classic presented by Amarillo National Bank,Korn Ferry Tour,CUT,-3.36,0.38
YULE,JACK,DPT,DP World Tour,Estrella Damm Catalunya Championship,DP World Tour,CUT,Soudal Open,DP World Tour,T64,Austrian Alpine Open presented by Kitzbühel Tirol,DP World Tour,CUT,KLM Open,DP World Tour,T50,English Open supported by HotelPlanner,Challenge Tour,CUT,-3.38,-0.64
HIGGINS,ROBBIE,KFT,Korn Ferry Tour,Visit Knoxville Open,Korn Ferry Tour,CUT,UNC Health Championship,Korn Ferry Tour,T29,BMW Charity Pro-Am Presented by TD SYNNEX,Korn Ferry Tour,CUT,OccuNet Classic presented by Amarillo National Bank,Korn Ferry Tour,CUT,U.S. Open,Major,CUT,-3.5,-0.86
MCKINNEY,CONNOR,DPT,DP World Tour,Estrella Damm Catalunya Championship,DP World Tour,CUT,Soudal Open,DP World Tour,CUT,Austrian Alpine Open presented by Kitzbühel Tirol,DP World Tour,CUT,KLM Open,DP World Tour,CUT,DS Automobiles 83° Open d’Italia,DP World Tour,CUT,-3.78,-1.44
TOOROP,MIKE,DPT,DP World Tour,Soudal Open,DP World Tour,T52,Austrian Alpine Open presented by Kitzbühel Tirol,DP World Tour,CUT,KLM Open,DP World Tour,CUT,English Open supported by HotelPlanner,Challenge Tour,CUT,DS Automobiles 83° Open d’Italia,DP World Tour,CUT,-3.8,-1.08
STEWART,DILLON,KFT,Korn Ferry Tour,Colonial Life Charity Classic,Korn Ferry Tour,CUT,Visit Knoxville Open,Korn Ferry Tour,CUT,BMW Charity Pro-Am Presented by TD SYNNEX,Korn Ferry Tour,CUT,OccuNet Classic presented by Amarillo National Bank,Korn Ferry Tour,CUT,Blue Cross and Blue Shield of Kansas Wichita Open presented by Syndeo,PGA Tour Americas,CUT,-4.21,-2.13
BERRY,JOSHUA,DPT,DP World Tour,Turkish Airlines Open,DP World Tour,CUT,Estrella Damm Catalunya Championship,DP World Tour,CUT,Soudal Open,DP World Tour,CUT,Austrian Alpine Open presented by Kitzbühel Tirol,DP World Tour,CUT,DS Automobiles 83° Open d’Italia,DP World Tour,CUT,-4.45,-1.9
MATTHEWS,BRANDON,KFT,Korn Ferry Tour,Astara Chile Classic presented by Scotiabank,Korn Ferry Tour,WD,Club Car Championship at The Landings Golf & Athletic Club,Korn Ferry Tour,77,LECOM Suncoast Classic,Korn Ferry Tour,CUT,Tulum Championship at PGA Riviera Maya,Korn Ferry Tour,CUT,BMW Charity Pro-Am Presented by TD SYNNEX,Korn Ferry Tour,CUT,-4.57,-0.04
